Name	Data File	Type	Acq. Date-Time	IStd Xylose RT	IStd Xylose Resp.	IStd Fructose RT	IStd Fructose Resp.	1,4-Galactonolactone RT	1,4-Galactonolactone Resp.	Galactose Pk1 RT	Galactose Pk1 Resp.	Galactose Pk2 RT	Galactose Pk2 Resp.	Galactitol RT	Galactitol Resp.	1,5-Galactonolactone RT	1,5-Galactonolactone Resp.	Galactonate RT	Galactonate Resp.	Lactose Pk1 RT	Lactose Pk1 Resp.	Lactose Pk2 RT	Lactose Pk2 Resp.	batch	injection_order
QC1a	26022402_QC1a.D	QC	46077.7187984259	24.0370833333333	4844853.71341891	28.660633333333301	5096440.00577889	28.770883333333298	1247360.04923077	29.043233333333301	843953.442624995	29.438800000000001	188092.600719591	30.0224166666667	866552.069262157	30.223433333333301	32085.0221292157	31.092383333333299	426598.329303684	42.797150000000002	2628268.40394399	43.024099999999997	467758.589492692	1	26022402
Std_0_1	26022403_Std_0.D	Std	46077.7713854514	24.0370666666667	5223212.06428901	28.660616666666701	5443892.83984215	28.770849999999999	1361607.43224833	29.043216666666702	911529.902713851	29.438783333333301	206461.399027321	30.022400000000001	953357.65670834	30.223416666666701	33980.4839215795	31.09235	468834.491805557	42.797133333333299	2766527.95248021	43.024083333333301	487530.526333339	1	26022403
Std_1_1	26022404_Std_1.D	Std	46077.823945463002	24.0371666666667	4868511.60904292	28.660716666666701	4979457.46685444	28.770949999999999	2070684.53000082	29.043299999999999	1747319.93113917	29.438866666666701	374394.167700957	30.015999999999998	1071207.0640393	30.223500000000001	45402.7361723675	31.092449999999999	817824.345250009	42.797216666666699	3598311.29955113	43.024183333333298	606383.050656243	1	26022404
Std_2_1	26022405_Std_2.D	Std	46077.876524629602	24.036899999999999	4915686.67261669	28.660450000000001	5106024.34257797	28.770683333333299	2537899.41900005	29.043050000000001	2108788.20377903	29.438600000000001	431440.906917291	30.015733333333301	1230722.2206505	30.22325	48326.2554999997	31.092183333333299	1018495.17674639	42.803449999999998	4188558.91141218	43.0239166666667	689116.007489563	1	26022405
Std_3_1	26022406_Std_3.D	Std	46077.929120046298	24.036933333333302	5239019.71778904	28.6604833333333	5481088.96398517	28.7707333333333	3339399.87536384	29.049566666666699	2728761.46290923	29.438649999999999	533910.054638421	30.022266666666699	1519482.58760351	30.216799999999999	63482.8410432588	31.092233333333301	1372453.30543131	42.803483333333297	6398835.03942326	43.030450000000002	1006553.27404866	1	26022406
Std_4_1	26022407_Std_4.D	Std	46077.981694780101	24.037183333333299	4829479.83719883	28.660733333333301	5018190.78664921	28.777450000000002	4124330.78121912	29.0498166666667	3757034.55346078	29.438883333333301	700923.452249199	30.022500000000001	1674664.47228418	30.2235333333333	75377.1395424249	31.092466666666699	1778627.65915755	42.803733333333298	6914540.89102887	43.0242	1089377.33180716	1	26022407
Std_5_1	26022408_Std_5.D	Std	46078.034282673601	24.0370666666667	5143959.51065262	28.660616666666701	5367718.27856857	28.777333333333299	5774494.1673856	29.049700000000001	5373712.6342235	29.445250000000001	1003464.19200858	30.022383333333298	2120783.32270703	30.223416666666701	96034.6938300832	31.0988333333333	2599086.18175606	42.803616666666699	9904456.8910289	43.030566666666701	1564536.62670937	1	26022408
QC1b	26022409_QC1b.D	QC	46078.086838483803	24.043533333333301	6803228.52640226	28.667066666666699	7415589.31032466	28.7773166666667	2141614.15400004	29.049666666666699	1423415.55657392	29.445233333333299	310032.70618869	30.022366666666699	1391500.60243345	30.229866666666702	52365.4331989752	31.092333333333301	711965.302168271	42.8035833333333	5276179.41486773	43.030549999999998	875157.552782816	1	26022409
Blank1a	26022410_Blank1a.D	Blank	46078.139441631902	24.037016666666698	6841175.21799999	28.6605666666667	7347292.99769224	28.861599999999999	0	29.166366666666701	0	29.166366666666701	0	29.9445333333333	0	30.100166666666698	0	31.098800000000001	0	42.881383333333297	0	42.881383333333297	0	1	26022410
113_2_A_BL	26022411_113_2_A_BL.D	Sample	46078.192043171301	24.043500000000002	6342197.35384905	28.66705	6843916.52861993	28.777283333333301	1781504.73882059	29.043150000000001	129312.291062604	29.458166666666699	9735.93913607417	30.0288166666667	524043.104671856	30.236316666666699	66608.4024555556	31.092300000000002	491253.104012998	42.797066666666701	328608.404824291	43.0110666666667	121489.874713326	1	26022411
113_2_A_3-6	26022412_113_2_A_3-6.D	Sample	46078.244636608797	24.036916666666698	5209991.47019115	28.6604666666667	5422939.49140718	28.770700000000001	2465340.47270332	29.0430666666667	1373576.63790475	29.4386166666667	289553.920262347	30.0222333333333	1573381.4165	30.223266666666699	49918.6459257251	31.092199999999998	896440.657499996	42.796966666666698	4936864.7303718	43.030416666666703	699242.550285724	1	26022412
113_2_A_0-3	26022413_113_2_A_0-3.D	Sample	46078.297255729201	24.030616666666699	4768004.31161817	28.654166666666701	4956334.69999998	28.757916666666699	185374.667611228	29.036766666666701	247291.059999998	29.4323333333333	57320.6036571424	30.01595	76164.6115047617	30.2299333333333	11355.9302882239	31.085916666666702	63041.3470987879	42.797166666666698	143919.0844122	43.024133333333303	29324.1261537404	1	26022413
113_2_A_AH	26022414_113_2_A_AH.D	Sample	46078.3498465741	24.043566666666699	5126458.70031221	28.6736	5414268.74860917	28.783833333333298	3842737.86823261	29.049700000000001	348528.691405184	29.451750000000001	40375.2337317512	30.0353666666667	1202897.27414685	30.2428666666667	125131.780567744	31.092366666666699	1103502.49643286	42.797133333333299	511489.530285377	43.011133333333298	233867.269390934	1	26022414
QC1c	26022415_QC1c.D	QC	46078.402437754601	24.030449999999998	4975603.44928903	28.654	5051034.95977967	28.764233333333301	1224727.94029933	29.0366	860678.515341874	29.438649999999999	195708.770966665	30.0157666666667	875105.183	30.223283333333299	32354.3820408073	31.092216666666701	429438.764665743	42.796999999999997	2219936.10669948	43.023949999999999	396369.447472411	1	26022415
137_3_A_AH	26022416_137_3_A_AH.D	Sample	46078.455027164397	24.056466666666701	4197113.43627064	28.6735333333333	4791993.06213123	28.7967333333333	2011695.65475001	29.04965	592243.508156834	29.4516833333333	37328.9722222404	30.035299999999999	1540659.32104119	30.236333333333299	64033.177831777	31.098783333333301	278567.458326171	42.797066666666701	534505.005337744	43.004583333333301	379183.012076636	1	26022416
137_3_A_BL	26022417_137_3_A_BL.D	Sample	46078.507609004599	24.043466666666699	4867877.83049264	28.667000000000002	5052271.81613211	28.777249999999999	683657.076666661	29.043116666666702	244356.224900044	29.451650000000001	15726.9883487725	30.028783333333301	765131.787633465	30.229800000000001	24336.0692797461	31.092266666666699	125572.859805735	42.790550000000003	315237.855099073	43.011016666666698	188107.809369311	1	26022417
137_3_A_3-6	26022418_137_3_A_3-6.D	Sample	46078.560191794	24.04345	5189538.63201669	28.660516666666702	5332329.49886615	28.783716666666699	5709957.77175027	29.043099999999999	401392.227629214	29.445150000000002	69624.5823559458	30.028766666666701	5714548.29329928	30.229800000000001	85121.9303322686	31.0987333333333	3288333.33734239	42.816483333333302	15711263.4089214	43.030466666666698	3161484.60031314	1	26022418
137_3_A_0-3	26022419_137_3_A_0-3.D	Sample	46078.612781458301	24.030449999999998	4529299.11315069	28.653983333333301	4573698.04821821	28.757750000000001	442599.11804615	29.036583333333301	716402.867187503	29.4386333333333	162406.070823204	30.0157666666667	539873.933008897	30.2103	12554.8047408838	31.085733333333302	173173.799229439	42.790500000000002	1094025.38316117	43.023949999999999	213931.732195027	1	26022419
142_3_A_3-6	26022420_142_3_A_3-6.D	Sample	46078.665347372698	24.030666666666701	4919822.47687923	28.654216666666699	5038855.04899998	28.7579666666667	385558.664760945	29.030333333333299	40695.2075000001	29.451833333333301	5767.04933678902	30.015999999999998	283550.688489613	30.217016666666701	10030.7797110986	31.08595	127887.92982127	42.797216666666699	661546.517977772	43.024183333333298	132440.352510416	1	26022420
QC1d	26022421_QC1d.D	QC	46078.717920416697	24.030633333333299	4968895.6670166	28.6606666666667	5002296.28350008	28.764433333333301	1162784.594	29.0367833333333	828501.201662838	29.438833333333299	186487.310046723	30.015966666666699	854972.963320636	30.223466666666699	30282.8416421766	31.092416666666701	424283.680491657	42.797183333333301	2016470.75891559	43.024149999999999	362199.090139459	1	26022421
142_3_A_AH	26022422_142_3_A_AH.D	Sample	46078.770502326399	24.041233333333299	4131757.9071666	28.666916666666701	4470280.95850266	28.790133333333301	1103300.61408898	29.043033333333302	475921.578303192	29.4515666666667	30757.5105717269	30.028700000000001	1340404.26333155	30.2297166666667	36101.8466458818	31.092166666666699	82418.9911186453	42.796950000000002	479014.380507006	43.004449999999999	295230.945801723	1	26022422
142_3_A_0-3	26022423_142_3_A_0-3.D	Sample	46078.823106608797	24.030550000000002	5062405.62999997	28.6541	5161159.38699999	28.764333333333301	524730.340977305	29.036683333333301	700339.16634256	29.4387333333333	149890.941719867	30.0158666666667	470142.03605051	30.2168833333333	12549.9718926459	31.085833333333301	152251.113096912	42.797083333333298	1565663.68688409	43.017566666666703	302523.419912503	1	26022423
142_3_A_BL	26022424_142_3_A_BL.D	Sample	46078.875695844901	24.030650000000001	4943754.62787916	28.654199999999999	5088934.13175922	28.764433333333301	192846.945420635	29.0367833333333	70304.2762820364	29.451799999999999	5342.12043739859	30.015966666666699	258596.583783537	30.216999999999999	6301.65368957676	31.085933333333301	10836.9376424776	42.797183333333301	85179.7785270847	43.0047	40768.7027895217	1	26022424
107_1_A_3-6	26022425_107_1_A_3-6.D	Sample	46078.928291435201	24.037133333333301	5228129.34067448	28.667166666666699	5413436.99134218	28.7838833333333	7236374.72990933	29.0367833333333	215381.648384785	29.445316666666699	19804.5978961093	30.022449999999999	3453502.74199997	30.223466666666699	75586.1970889105	31.092416666666701	2594356.87307618	42.790700000000001	1350594.94507122	43.024149999999999	380210.282500002	1	26022425
107_1_A_AH	26022426_107_1_A_AH.D	Sample	46078.980891712999	24.04355	4881209.9686988	28.660616666666701	4737838.45957946	28.777333333333299	1291652.67012036	29.043199999999999	166600.119378049	29.445250000000001	14060.9019700487	30.022383333333298	807447.787743181	30.229900000000001	27771.1091642597	31.09235	555379.076895361	42.797116666666703	144165.142876553	43.004633333333302	99663.1344232911	1	26022426
QC1e	26022427_QC1e.D	QC	46079.033477500001	24.0371666666667	5607055.1306087	28.660716666666701	5860268.32647244	28.770949999999999	1427511.84039247	29.043299999999999	1025878.82960564	29.438866666666701	223641.183344525	30.015999999999998	1030715.00716838	30.223516666666701	39522.1610700109	31.092449999999999	519300.052515295	42.797216666666699	2811094.23852138	43.024183333333298	496519.922508464	1	26022427
107_1_A_0-3	26022428_107_1_A_0-3.D	Sample	46079.086067476797	24.0369666666667	4927238.2568831	28.654016666666699	5067519.05755024	28.77075	1594694.558829	29.036616666666699	1081959.01646155	29.432183333333299	226833.20633126	30.015799999999999	1040225.82366666	30.223299999999998	23904.934	31.0857666666667	433962.796716108	42.7970166666667	726281.145952266	43.023983333333298	190208.058374087	1	26022428
107_1_A_BL	26022429_107_1_A_BL.D	Sample	46079.1386549421	24.049983333333302	4852471.54618354	28.6735333333333	4902910.25345919	28.79025	2663982.14374079	29.043150000000001	373119.217381615	29.464666666666702	24991.5619063692	30.035299999999999	1538678.49492858	30.236333333333299	42250.5096840753	31.098783333333301	685628.336713636	42.797066666666701	250828.109465874	42.998100000000001	221838.737107674	1	26022429
112_1_A_BL	26022430_112_1_A_BL.D	Sample	46079.191245544003	24.043433333333301	3751107.00801891	28.666966666666699	3782310.16069535	28.7837	1080785.6126246	29.0430833333333	369280.977577866	29.464583333333302	29965.6754570398	30.028749999999999	1221474.91281792	30.223283333333299	43048.2464726301	31.092233333333301	68071.1305563055	42.796999999999997	980318.032307595	43.023966666666702	339751.754299292	1	26022430
112_1_A_0-3	26022431_112_1_A_0-3.D	Sample	46079.243825717604	24.030583333333301	4540795.59187919	28.654133333333299	4545808.80843035	28.7643666666667	1127692.795	29.043216666666702	3904372.87052079	29.438783333333301	709135.844535617	30.015899999999998	936971.943260323	30.223416666666701	27078.8402778299	31.0858666666667	497407.15292	42.797133333333299	798642.053736443	43.024083333333301	160497.459563292	1	26022431
112_1_A_3-6	26022432_112_1_A_3-6.D	Sample	46079.296409699098	24.030533333333299	4931602.640953	28.654066666666701	5033567.29530004	28.757833333333298	574795.115531926	29.036666666666701	28846.5285	29.4516833333333	3704.00896656035	30.0093666666667	358190.54511111	30.210383333333301	18995.6656199496	31.085816666666702	325052.86564016	42.790583333333302	148737.721423184	43.01755	35610.4624727271	1	26022432
QC1f	26022433_QC1f.D	QC	46079.348989455997	24.030483333333301	4896738.15143767	28.654016666666699	4995228.09593665	28.7642666666667	1185593.51205223	29.036616666666699	837169.099883418	29.438666666666698	187947.450042394	30.015799999999999	854112.86993512	30.229783333333302	30996.663569172	31.09225	424569.638242857	42.7970166666667	2184087.44767071	43.023983333333298	382654.803779758	1	26022433
112_1_A_AH	26022434_112_1_A_AH.D	Sample	46079.401563379601	24.037099999999999	4955970.5349024	28.654150000000001	5185595.616902	28.764399999999998	296832.966833335	29.036750000000001	90232.3489999996	29.4517666666667	5766.62945854337	30.0224166666667	333469.903879761	30.216950000000001	9425.02827303632	31.085899999999999	22686.1686857082	42.790666666666702	200713.939171863	43.017616666666697	77728.6337047719	1	26022434
126_3_A_AH	26022435_126_3_A_AH.D	Sample	46079.454135243097	24.036916666666698	4564433.35451665	28.6604666666667	4815184.99905781	28.770700000000001	948870.022264349	29.036566666666701	156926.924344478	29.458066666666699	15009.0381834006	30.0222333333333	433842.131174732	30.242716666666698	109470.572979408	31.085716666666698	243485.005055554	42.790483333333299	270254.715884766	43.017449999999997	97097.392877477	1	26022435
126_3_A_BL	26022436_126_3_A_BL.D	Sample	46079.506702534702	24.0369666666667	3291848.32767457	28.666983333333299	3189676.40617802	28.777233333333299	1021679.76811006	29.043099999999999	258042.899270104	29.464600000000001	26266.7667260456	30.028766666666701	802641.517803573	30.242750000000001	58460.2612721319	31.09225	208054.984050051	42.7970166666667	643946.675108705	43.017499999999998	209195.16526492	1	26022436
126_3_A_0-3	26022437_126_3_A_0-3.D	Sample	46079.559305381903	24.03715	4858826.50726184	28.654199999999999	4932897.17650235	28.76445	662310.331785714	29.043283333333299	1745736.18607139	29.438849999999999	362644.947907169	30.015983333333299	546334.029699915	30.223483333333299	23645.3531095876	31.0924333333333	176985.461627466	42.797199999999997	3018870.1582144	43.024166666666702	540375.052235382	1	26022437
126_3_A_3-6	26022438_126_3_A_3-6.D	Sample	46079.611880648103	24.0306	4972854.98637918	28.654150000000001	5119802.42249988	28.757899999999999	716029.445220112	29.036733333333299	304394.444693536	29.432300000000001	71227.7201788382	30.015916666666701	473774.906250004	30.223433333333301	22000.9736609647	31.092366666666699	284444.151683384	42.797133333333299	1897597.96807003	43.024099999999997	336828.40041863	1	26022438
QC1g	26022439_QC1g.D	QC	46079.664465092603	24.036899999999999	5260869.89884905	28.660450000000001	5332175.18850233	28.764199999999999	1266374.66289645	29.036549999999998	904314.749921292	29.438600000000001	200552.12808224	30.022216666666701	919779.93191478	30.223233333333301	34946.0241504629	31.092183333333299	456920.187208331	42.796950000000002	2460724.70896249	43.0304	437071.180308061	1	26022439
047_3_A_3-6	26022440_047_3_A_3-6.D	Sample	46079.717054455999	24.030583333333301	4934237.14678896	28.654133333333299	5094508.39849998	28.7578833333333	1150770.03401083	29.036716666666699	90791.8249999999	29.432283333333299	15609.3262285212	30.015899999999998	726639.432679542	30.223416666666701	26420.5118970967	31.0858666666667	397538.526863639	42.803600000000003	7422051.01278257	43.024083333333301	1145177.10443403	1	26022440
047_3_A_BL	26022441_047_3_A_BL.D	Sample	46079.769634560202	24.03715	4417051.16960394	28.667183333333298	4299278.11897318	28.783916666666698	1281695.19023181	29.036816666666699	212201.400500001	29.4583166666667	22074.681678504	30.028966666666701	958227.425254305	30.236466666666701	56459.2984060625	31.0924333333333	311949.635756353	42.797216666666699	350767.676785999	43.004716666666702	192028.518978217	1	26022441
047_3_A_0-3	26022442_047_3_A_0-3.D	Sample	46079.8222309954	24.030516666666699	4762954.13819123	28.654066666666701	4780246.66155906	28.757816666666699	386381.54718903	29.036650000000002	1195749.7848222	29.432216666666701	259220.552049575	30.015833333333301	317959.720758561	30.2168666666667	11615.8720409091	31.085799999999999	111268.665155557	42.790566666666699	1422790.14044501	43.024016666666697	255712.400154005	1	26022442
047_3_A_AH	26022443_047_3_A_AH.D	Sample	46079.8748254167	24.043416666666701	3503911.59844449	28.666966666666699	3692988.65385872	28.7836833333333	2609526.61918047	29.0430666666667	270602.703538466	29.451599999999999	25769.3384693607	30.0287333333333	1236124.19643411	30.236249999999998	108214.263316527	31.092216666666701	551258.271675698	42.790500000000002	316663.390834121	42.9980166666667	240639.219678969	1	26022443
QC1h	26022445_QC1h.D	QC	46079.979995995403	24.0307	4773057.9452744	28.654250000000001	4781355.61638415	28.757999999999999	1103620.76337365	29.036850000000001	791182.824168418	29.4389	178172.52820338	30.016033333333301	807996.115159861	30.2300166666667	30088.2262452828	31.085983333333299	399373.531695243	42.797249999999998	2054141.9762625	43.0242	370922.69138925	1	26022445
Blank1b	26022449_Blank1b.D	Blank	46080.190296041699	24.024183333333301	4886580.00595774	28.6477166666667	4836576.69175882	28.855233333333299	0	29.1535166666667	0	29.1535166666667	0	29.9252	0	29.763083333333299	0	31.183216666666699	0	42.881500000000003	0	43.011200000000002	0	1	26022449
Std_0_2	26022450_Std_0.D	Std	46080.242899039396	24.0304	5068978.73169878	28.660433333333302	5107268.05240916	28.764199999999999	1191125.47411015	29.036549999999998	850222.978478594	29.438600000000001	175302.299155616	30.015733333333301	854360.686531384	30.223233333333301	32866.7924207319	31.092183333333299	419764.84827428	42.796950000000002	2300564.63758304	43.0239166666667	408760.784338478	1	26022450
Std_1_2	26022451_Std_1.D	Std	46080.295463182898	24.030583333333301	4971059.78026178	28.654133333333299	5079457.17113361	28.7643666666667	1891639.3242913	29.036716666666699	1624691.16490164	29.438766666666702	346797.812427031	30.015899999999998	979645.091025029	30.223400000000002	43073.171830709	31.0858666666667	737163.524208979	42.797116666666703	3191569.06182509	43.024083333333301	534257.328053579	1	26022451
Std_2_2	26022452_Std_2.D	Std	46080.348056516203	24.030516666666699	5043815.89226189	28.660550000000001	5117742.62263367	28.770783333333299	2479833.96551294	29.043133333333301	2032684.69511804	29.438700000000001	421958.872021299	30.015833333333301	1206826.96497958	30.223333333333301	51476.076421857	31.092283333333299	936635.270357153	42.797049999999999	3966416.35760925	43.024016666666697	647721.4669284	1	26022452
Std_3_2	26022453_Std_3.D	Std	46080.4006429398	24.030516666666699	5158629.16999261	28.654050000000002	5217957.44638407	28.770783333333299	3187597.77203259	29.043133333333301	2603481.4315	29.438700000000001	524502.931749573	30.015833333333301	1442218.88002694	30.216850000000001	60724.2506666673	31.092283333333299	1164393.13121665	42.797049999999999	5317310.47123488	43.024016666666697	835409.877881841	1	26022453
Std_4_2	26022454_Std_4.D	Std	46080.453251192099	24.030516666666699	4681550.34097413	28.654066666666701	4689680.84280173	28.770783333333299	3708855.30561006	29.043150000000001	3384181.79022669	29.438700000000001	638789.379647047	30.022316666666701	1495300.76068989	30.22335	65064.480357238	31.092283333333299	1442369.33076498	42.797066666666701	5991950.18597892	43.024016666666697	945010.013688474	1	26022454
Std_5_2	26022455_Std_5.D	Std	46080.505854803203	24.030650000000001	4915530.2772617	28.6541833333333	4974454.09845835	28.7709166666667	5180985.24062905	29.0432666666667	5026146.30910977	29.445316666666699	908611.884442699	30.022449999999999	1870245.65716665	30.223466666666699	84959.21235498	31.092416666666701	2206728.40877807	42.8036666666667	8151547.38791334	43.030633333333299	1257871.3232336	1	26022455
QC1i	26022456_QC1i.D	QC	46080.558453414298	24.030416666666699	4910494.80397409	28.653966666666701	4964316.78052356	28.764199999999999	1166439.8587	29.036566666666701	820473.472377072	29.4386166666667	176085.642057156	30.015733333333301	831324.999438862	30.2297333333333	31116.4598498514	31.085699999999999	416013.827019048	42.796966666666698	2158264.72877709	43.0239166666667	377101.103519693	1	26022456
QC2a	26030202_QC2a.D	QC	46083.705026400501	24.030466666666701	4753482.25899684	28.654	4955867.33152793	28.764250000000001	1029859.57850001	29.0366	735651.37329202	29.438649999999999	163965.481113011	30.022266666666699	747947.381017359	30.223283333333299	33363.9239138116	31.092233333333301	396172.766035953	42.796999999999997	2036671.51968405	43.023966666666702	371402.7614727	2	26030202
Std_0_1	26030203_Std_0.D	Std	46083.757610150496	24.030449999999998	4940158.46577055	28.653983333333301	5202538.10463616	28.764233333333301	1094612.4405	29.036583333333301	782242.893206119	29.4386333333333	178340.531827367	30.0157666666667	792159.129175011	30.2167833333333	35943.3996103291	31.085733333333302	421426.116832002	42.796983333333301	2152193.52001754	43.023949999999999	389043.891750419	2	26030203
Std_1_1	26030204_Std_1.D	Std	46083.810204236099	24.0306833333333	4832317.28012195	28.654216666666699	5003062.94430052	28.764466666666699	1918600.17169026	29.043299999999999	1665912.69860682	29.438866666666701	352098.073085777	30.015999999999998	1013282.63541368	30.217016666666701	54184.459070098	31.092449999999999	820383.328204164	42.797216666666699	3302246.73599798	43.024183333333298	565168.082985331	2	26030204
Std_2_1	26030205_Std_2.D	Std	46083.8627839236	24.030449999999998	4724796.91396319	28.653983333333301	4849652.46426364	28.764233333333301	2393249.54463388	29.0430666666667	2028503.50979815	29.4386333333333	424615.858844282	30.0157666666667	1143302.3099269	30.223266666666699	61094.9292192298	31.092216666666701	1011433.44611856	42.796983333333301	3941738.071998	43.023949999999999	648860.486172053	2	26030205
Std_3_1	26030206_Std_3.D	Std	46083.915370324103	24.030666666666701	4766573.82715001	28.654216666666699	4931762.43665548	28.7709333333333	2615570.30999999	29.043299999999999	2292794.83145558	29.438849999999999	451601.592033402	30.015983333333299	1176141.97495009	30.223500000000001	68534.7170569055	31.0924333333333	1217309.5522	42.797216666666699	4475315.19806904	43.024166666666702	725901.578339264	2	26030206
Std_4_1	26030207_Std_4.D	Std	46083.967945335702	24.030666666666701	4738052.46465002	28.654216666666699	4971061.39929993	28.7709333333333	3773893.77286026	29.043299999999999	3582164.51910298	29.438849999999999	673942.999183029	30.015983333333299	1520713.34554722	30.223500000000001	86640.4538333327	31.0924333333333	1753795.3648787	42.803699999999999	6536328.51322215	43.024166666666702	1015072.73417234	2	26030207
Std_5_1	26030208_Std_5.D	Std	46084.020524444401	24.030650000000001	4821694.85312176	28.6541833333333	5086496.08573602	28.7709166666667	5192916.04667253	29.04975	5227360.57512664	29.438833333333299	958782.161269231	30.015966666666699	1814643.59368031	30.2169833333333	118790.761512499	31.092416666666701	2689788.58814428	42.8036666666667	8713099.58285216	43.024149999999999	1382340.90525886	2	26030208
QC2b	26030209_QC2b.D	QC	46084.073101342598	24.030650000000001	4810992.48163415	28.660683333333299	5028740.11563969	28.764433333333301	1058799.15399757	29.0367833333333	762217.642388561	29.438833333333299	165249.388315662	30.015966666666699	758820.950793124	30.2169833333333	35486.5498938018	31.085933333333301	406168.573521813	42.797183333333301	2097338.57030727	43.017666666666699	373854.952895592	2	26030209
Blank2a	26030210_Blank2a.D	Blank	46084.125692870402	24.017483333333299	4810944.38989364	28.6475166666667	5049547.48858052	28.8550166666667	0	29.0430833333333	826.865499999996	29.140350000000002	0	30.0092833333333	1418.66199999999	30.093583333333299	0	31.059799999999999	0	42.796999999999997	1970.4369462437	42.881300000000003	0	2	26030210
010_1_A_BL	26030211_010_1_A_BL.D	Sample	46084.178307407397	24.037116666666702	4702284.63703738	28.667149999999999	4980902.07278094	28.7774	559948.458318919	29.0432666666667	201784.324581937	29.458283333333299	12266.3395201131	30.028933333333299	768772.304675369	30.242916666666702	129225.570587713	31.092416666666701	84930.4027552498	42.790700000000001	341082.469939748	42.998199999999997	292066.442757146	2	26030211
010_1_A_3-6	26030212_010_1_A_3-6.D	Sample	46084.230917233799	24.030433333333299	4638685.49494965	28.653983333333301	4825920.92949999	28.757733333333299	835749.12050001	29.030083333333302	46932.2237149759	29.432133333333301	7584.73566743259	30.009266666666701	559528.702000001	30.2167833333333	32224.3756565656	31.085716666666698	382422.484908478	42.796966666666698	121111.277564627	43.017449999999997	33314.4274095232	2	26030212
010_1_A_AH	26030213_010_1_A_AH.D	Sample	46084.283518275501	24.037016666666698	5216339.84802005	28.66705	5517068.59517945	28.777283333333301	709839.033499994	29.043150000000001	251130.082113383	29.458166666666699	15261.858376437	30.0223333333333	834219.956656439	30.242816666666702	229191.693728573	31.092300000000002	123987.523269667	42.790583333333302	322239.377447625	43.0240333333333	95152.1380333326	2	26030213
010_1_A_0-3	26030214_010_1_A_0-3.D	Sample	46084.336119907399	24.0305	4909409.67276999	28.654050000000002	5224325.0886066	28.7578	601932.149691803	29.043116666666702	5648186.03628285	29.438683333333302	999421.173499991	30.015816666666701	691085.882260648	30.223316666666701	28602.1877361346	31.0857833333333	272704.337249711	42.797033333333303	289254.744416025	43.017516666666701	84285.6622546291	2	26030214
QC2c	26030215_QC2c.D	QC	46084.388714918998	24.030483333333301	4999888.21986417	28.654033333333299	5240379.92644316	28.764283333333299	1083534.727	29.036633333333299	786821.830319701	29.438683333333302	166842.630493742	30.015816666666701	780373.529166714	30.223316666666701	33774.9325090113	31.0857833333333	411459.298223546	42.797033333333303	2085836.37681137	43.024000000000001	359307.522886085	2	26030215
059_2_A_BL	26030216_059_2_A_BL.D	Sample	46084.4413108218	24.049983333333302	5263458.74892455	28.6735333333333	5779835.14663394	28.7837666666667	1172121.67760297	29.043150000000001	388848.694499995	29.458183333333299	31157.7940417044	30.0288166666667	1396107.20334434	30.229849999999999	43852.2765795917	31.092300000000002	179997.888785857	42.797066666666701	708012.92911	43.004583333333301	301200.264900293	2	26030216
059_2_A_3-6	26030217_059_2_A_3-6.D	Sample	46084.493877743102	24.036899999999999	5124015.43919715	28.660450000000001	5316504.14166783	28.770683333333299	1906501.97816112	29.036549999999998	228846.038903682	29.438600000000001	37301.0629614394	30.022216666666701	1726926.94066375	30.22325	46024.3088114734	31.092183333333299	1065948.75356827	42.796950000000002	5558808.26757205	43.0239166666667	924292.437429709	2	26030217
059_2_A_AH	26030218_059_2_A_AH.D	Sample	46084.546477314798	24.037016666666698	4703688.89908572	28.667033333333301	4995802.0781722	28.777283333333301	1226223.39307243	29.036666666666701	284067.944563126	29.458166666666699	23071.4412138218	30.0288166666667	993295.267444455	30.2298333333333	38757.1951278365	31.092300000000002	158453.69026137	42.790583333333302	353263.194297622	43.011049999999997	190012.071674108	2	26030218
059_2_A_0-3	26030219_059_2_A_0-3.D	Sample	46084.599057939799	24.030616666666699	5202087.28940357	28.654150000000001	5403334.12659917	28.757916666666699	211584.434999996	29.036750000000001	1852627.75435712	29.432316666666701	383834.868373073	30.009450000000001	270444.512189352	30.216950000000001	10145.9252062542	31.085899999999999	96344.4867635998	42.790666666666702	606258.704976638	43.017633333333301	114281.521557711	2	26030219
123_2_A_BL	26030220_123_2_A_BL.D	Sample	46084.651624074097	24.030466666666701	5052807.31137436	28.654	5241377.19900001	28.764250000000001	173815.798262051	29.0301166666667	43812.3764999999	29.451616666666698	5215.40395539756	30.0157833333333	194101.407542377	30.223283333333299	8023.67587534707	31.085750000000001	24566.7484483081	42.796999999999997	78212.8346451351	42.9980166666667	30890.1318906085	2	26030220
QC2d	26030221_QC2d.D	QC	46084.704230312498	24.030516666666699	5047903.75486849	28.660550000000001	5275977.30260249	28.764299999999999	1112435.53892845	29.036650000000002	796129.737152799	29.438700000000001	180032.079157884	30.015833333333301	788265.607843809	30.22335	37383.0029056189	31.092283333333299	418968.776709462	42.797049999999999	2218809.75859124	43.024016666666697	383762.07946568	2	26030221
123_2_A_0-3	26030222_123_2_A_0-3.D	Sample	46084.7568159722	24.030650000000001	4999498.03257415	28.654199999999999	5230796.2561992	28.757950000000001	459324.468817207	29.036799999999999	1374345.05657703	29.43235	293532.507624459	30.0094833333333	404973.945323406	30.216999999999999	17476.6244918286	31.085933333333301	196942.829261842	42.797199999999997	567491.958590547	43.024149999999999	109666.780357032	2	26030222
123_2_A_AH	26030223_123_2_A_AH.D	Sample	46084.809409039299	24.0305	5167893.64984383	28.654050000000002	5451575.25331636	28.764283333333299	674249.783499998	29.036633333333299	105241.001000001	29.458133333333301	9420.43438571844	30.022300000000001	411329.679133771	30.2363	38817.8996934986	31.0857833333333	144428.292273685	42.797033333333303	110091.813353176	43.004550000000002	67104.3110596386	2	26030223
123_2_A_3-6	26030224_123_2_A_3-6.D	Sample	46084.8620036227	24.030516666666699	5027174.45359654	28.654066666666701	5289388.99649518	28.757816666666699	715222.844735904	29.030166666666702	69732.1370000002	29.432216666666701	11771.6883964043	30.015833333333301	493866.872992445	30.2168666666667	25158.6098909137	31.085799999999999	334050.077645616	42.790566666666699	824900.866810038	43.024016666666697	158024.546920535	2	26030224
065_3_A_AH	26030225_065_3_A_AH.D	Sample	46084.914571076399	24.04345	4504424.16693554	28.667000000000002	5081032.52914285	28.783733333333299	2764428.57716203	29.043116666666702	436432.917344519	29.451650000000001	33603.797908182	30.028783333333301	1453633.40830668	30.2427666666667	138922.238031278	31.09225	593019.865457208	42.790550000000003	378063.182702755	43.004533333333299	245329.420834529	2	26030225
065_3_A_0-3	26030226_065_3_A_0-3.D	Sample	46084.967190868098	24.030466666666701	4954341.82564047	28.654016666666699	5039896.19974898	28.757766666666701	459827.236499997	29.036616666666699	1301871.38995308	29.438649999999999	275877.269871531	30.0157833333333	490385.771486473	30.223299999999998	18014.9710572075	31.085750000000001	176056.563714289	42.7970166666667	1767582.74866065	43.017483333333303	279711.29841343	2	26030226
QC2e	26030227_QC2e.D	QC	46085.019774432898	24.030416666666699	5033324.59333732	28.653966666666701	5160863.49127701	28.764199999999999	1057182.75692847	29.036549999999998	766051.131843574	29.438600000000001	173980.048482147	30.015733333333301	769038.080807468	30.216750000000001	34124.8597004705	31.085699999999999	400554.388087298	42.796950000000002	2050297.78771065	43.0239166666667	354183.152662359	2	26030227
065_3_A_BL	26030228_065_3_A_BL.D	Sample	46085.072380023099	24.037033333333301	4838843.00048172	28.6605833333333	5208883.51781634	28.7773	1361919.70995795	29.0431666666667	261265.610264662	29.445216666666699	23646.957459462	30.022349999999999	910638.043218855	30.236350000000002	72730.9182252158	31.085833333333301	255035.793824813	42.790599999999998	269155.015054341	42.998116666666697	154088.159060526	2	26030228
065_3_A_3-6	26030229_065_3_A_3-6.D	Sample	46085.124962546302	24.030566666666701	4678760.91086844	28.654116666666699	4806601.10355562	28.76435	987072.766999994	29.036716666666699	100865.176	29.438749999999999	17739.2429995902	30.015883333333299	780366.793300009	30.216916666666702	30618.9356574882	31.085850000000001	392410.736081195	42.797116666666703	4098973.45272718	43.024066666666698	622931.05320468	2	26030229
111_3_B_AH	26030230_111_3_B_AH.D	Sample	46085.177559687501	24.037199999999999	5105763.17169009	28.66075	5557627.83902469	28.770983333333302	929291.118051851	29.036850000000001	157174.710565688	29.4453833333333	9999.555657514	30.0225166666667	560286.038093514	30.236516666666699	25491.1476118872	31.092483333333298	157361.309444393	42.797249999999998	146462.548479144	42.998283333333298	113528.823078573	2	26030230
111_3_B_BL	26030231_111_3_B_BL.D	Sample	46085.230138472201	24.043500000000002	4853389.69323334	28.6735333333333	5230374.23391773	28.79025	1908197.1751997	29.043150000000001	414803.932999999	29.4516833333333	20427.6953475961	30.0288166666667	1527388.20304429	30.229849999999999	48815.7616870806	31.092300000000002	341626.053371088	42.797066666666701	453458.605330964	43.004583333333301	289807.250459886	2	26030231
111_3_B_3-6	26030232_111_3_B_3-6.D	Sample	46085.282700694399	24.0240333333333	5023791.23158395	28.654066666666701	5114684.28249999	28.757816666666699	93167.720222608	29.030183333333301	24300.0499388078	29.4452	1447.24915944437	30.01585	92673.0732347347	30.2168666666667	3569.91571421201	31.092300000000002	11694.0509115829	42.790583333333302	20288.725849402	42.991599999999998	12361.4154555928	2	26030232
QC2f	26030233_QC2f.D	QC	46085.432885463	24.030516666666699	4128107.89636849	28.654066666666701	4117393.53114218	28.764299999999999	846255.36520796	29.043133333333301	602562.639283373	29.438700000000001	134542.866620402	30.015833333333301	613671.668648778	30.22335	27372.2376919044	31.092283333333299	318537.884548811	42.797049999999999	1749693.79903687	43.024016666666697	303902.767966834	2	26030233
111_3_B_0-3	26030234_111_3_B_0-3.D	Sample	46085.485462152799	24.024083333333301	4907784.0642401	28.654116666666699	5167159.67656426	28.7578833333333	79153.1190000002	29.0302333333333	18627.6410443552	29.425799999999999	956.510726580395	30.015899999999998	75753.9970554786	30.210433333333299	2857.32849999998	31.0858666666667	12361.7089917949	42.790633333333297	21912.9915000004	43.011116666666702	11652.7546266632	2	26030234
044_3_A_BL	26030235_044_3_A_BL.D	Sample	46085.538023807901	24.056450000000002	4274244.37896181	28.6864833333333	4802152.69931273	28.8096833333333	3158719.49858306	29.062583333333301	1065101.22423162	29.490566666666702	111327.109620401	30.048249999999999	3813942.4390019	30.249283333333299	186875.207346995	31.124700000000001	1392216.00748566	42.797049999999999	1175752.11603143	43.004550000000002	1268098.90442938	2	26030235
044_3_A_AH	26030236_044_3_A_AH.D	Sample	46085.590612789398	24.049949999999999	4600138.76324829	28.6800833333333	5144541.94296974	28.7968166666667	3443595.10722018	29.0562	771223.009125415	29.477699999999999	63365.7016344272	30.041866666666699	2693004.0113749	30.255849999999999	161864.453849654	31.105333333333299	979977.039128816	42.797150000000002	608935.984917349	43.004649999999998	886748.757850169	2	26030236
044_3_A_3-6	26030237_044_3_A_3-6.D	Sample	46085.6431875579	24.03715	4965931.31511312	28.660683333333299	5284967.52417964	28.783899999999999	6243885.48654861	29.056249999999999	6395374.08374998	29.451816666666701	1492881.94881817	30.028949999999998	5272990.59641118	30.249416666666701	116075.549138169	31.105399999999999	3873907.03437324	42.816650000000003	18221562.7704068	43.030650000000001	4572897.70298852	2	26030237
044_3_A_0-3	26030238_044_3_A_0-3.D	Sample	46085.695777291701	24.043399999999998	4553719.7950456	28.679916666666699	5111327.36453763	28.7966333333333	2322493.84000001	29.068999999999999	9445555.92538418	29.471050000000002	2638008.85011576	30.041699999999999	2701437.78266667	30.229749999999999	124563.87	31.111650000000001	973532.788847219	42.8164333333333	14053906.4693963	43.030416666666703	3744385.4454153	2	26030238
QC2g	26030239_QC2g.D	QC	46085.748362372702	24.030533333333299	5352034.18400382	28.6540833333333	5627606.79402573	28.764316666666701	1204399.7385	29.036683333333301	857017.295101745	29.432233333333301	195120.68027778	30.01585	843570.912001993	30.229849999999999	35094.8117462514	31.085816666666702	445776.108564367	42.797083333333298	2591161.53467173	43.0240333333333	452196.279749196	2	26030239
079_3_B_AH	26030240_079_3_B_AH.D	Sample	46085.800956956002	24.037099999999999	4332668.86777272	28.6671333333333	4589312.89516157	28.777383333333301	2059961.40025415	29.04325	289713.9845	29.4453	23451.9623584117	30.028916666666699	1001144.1027724	30.236416666666699	76588.0876957833	31.092400000000001	511327.802633532	42.797166666666698	404763.407388962	43.024133333333303	101787.634126006	2	26030240
079_3_B_3-6	26030241_079_3_B_3-6.D	Sample	46085.853540185199	24.0306833333333	5075524.82881401	28.654233333333298	5232313.11360501	28.7579833333333	100758.18125	29.030333333333299	24936.1049106487	29.432383333333298	1555.50663860619	30.009516666666698	87668.4115433667	30.210550000000001	4081.88321966478	31.0859666666667	12622.7193820796	42.78425	29777.3854063252	43.017699999999998	8470.11909012905	2	26030241
079_3_B_BL	26030242_079_3_B_BL.D	Sample	46085.906147314803	24.030366666666701	2925934.00361611	28.6539	2684633.32676039	28.770633333333301	952737.751470545	29.0365	194318.929682588	29.438549999999999	13203.298114962	30.022166666666699	611614.052701806	30.229666666666699	30760.9094731582	31.085650000000001	210101.341619021	42.790416666666701	266063.23101404	43.017383333333299	60596.7167590484	2	26030242
079_3_B_0-3	26030243_079_3_B_0-3.D	Sample	46085.958735069398	24.024066666666702	4548484.7508964	28.6476166666667	4596223.83819149	28.751366666666701	107253.286019504	29.030200000000001	24601.8276739095	29.43225	953.687677728719	30.0158666666667	76859.8941205475	30.2104	4311.18179318131	31.085833333333301	17418.2184222222	42.790599999999998	24351.6705765812	43.024050000000003	7091.68667794963	2	26030243
210_3_A_AH	26030244_210_3_A_AH.D	Sample	46086.011304363397	24.036999999999999	5266863.030101	28.660550000000001	5712500.22583329	28.770783333333299	1429262.18390517	29.036666666666701	178335.824614882	29.4452	24930.8684666249	30.0223333333333	541734.703875795	30.236316666666699	115224.313333334	31.085799999999999	477492.881055556	42.790583333333302	161795.478151947	43.004566666666697	178139.832605499	2	26030244
QC2h	26030245_QC2h.D	QC	46086.063895277803	24.030533333333299	4998110.53287443	28.6540833333333	5183651.21256699	28.764316666666701	1038455.65217477	29.036666666666701	770407.554863632	29.432233333333301	170797.217433094	30.01585	750588.349535397	30.229849999999999	33907.189727621	31.085816666666702	397179.040333336	42.790583333333302	2065420.12597335	43.01755	362991.819910374	2	26030245
210_3_A_BL	26030246_210_3_A_BL.D	Sample	46086.116467824097	24.037050000000001	5222321.46688165	28.660599999999999	5420664.3068229	28.7773166666667	1607418.20100126	29.0367	280345.314044856	29.445233333333299	14551.3370681777	30.022366666666699	902316.061679594	30.236366666666701	58259.3524699684	31.092333333333301	1048852.1448699	42.7906166666667	432979.442454542	42.9981333333333	321080.626760486	2	26030246
210_3_A_0-3	26030247_210_3_A_0-3.D	Sample	46086.169041319401	24.024000000000001	4809814.83558397	28.654033333333299	4973845.40908252	28.751300000000001	428754.287619409	29.036616666666699	889847.349458204	29.432183333333299	194036.158514288	30.009316666666699	336889.793195976	30.223316666666701	22802.4855000001	31.0857666666667	275748.575494319	42.7970166666667	1087420.30702946	43.017499999999998	218662.618913391	2	26030247
210_3_A_3-6	26030248_210_3_A_3-6.D	Sample	46086.221620868098	24.023966666666698	4917610.65511106	28.654	5099575.94115657	28.757750000000001	421441.895791096	29.036583333333301	33761.4390820504	29.4256666666667	3681.69289563129	30.0092833333333	295650.168498683	30.216799999999999	24064.0838655141	31.085733333333302	279388.688051729	42.790500000000002	547746.808956169	43.017466666666699	115765.041709806	2	26030248
Blank2b	26030249_Blank2b.D	Blank	46086.589411330999	24.017499999999998	3956112.46950001	28.6475333333333	3859624.28315017	28.855033333333299	0	29.1663	0	29.1663	0	30.314083333333301	0	30.210333333333299	0	30.774483333333301	0	42.874816666666703	0	42.874816666666703	0	2	26030249
Std_0_2	26030250_Std_0.D	Std	46086.6419841319	24.030466666666701	5081815.05401837	28.654016666666699	5296103.5006111	28.7642666666667	1072551.039	29.036616666666699	759051.287503184	29.432183333333299	165643.858318042	30.015799999999999	751770.326442166	30.223299999999998	34124.9256539237	31.09225	395300.118195002	42.7970166666667	1981458.74626748	43.023983333333298	344652.97456931	2	26030250
Std_1_2	26030251_Std_1.D	Std	46086.694549467597	24.030483333333301	4991556.51774902	28.654016666666699	5162115.45473162	28.7642666666667	1645086.59686493	29.036616666666699	1616983.65847746	29.438666666666698	332015.372235138	30.015799999999999	910883.447973604	30.216816666666698	50127.7987708332	31.09225	872683.128766661	42.7970166666667	3082783.75135803	43.023983333333298	496323.871008351	2	26030251
Std_2_2	26030252_Std_2.D	Std	46086.747114490703	24.030583333333301	4901643.18723764	28.660616666666701	5057668.81096333	28.7643666666667	2257655.9528889	29.043199999999999	2126328.51483531	29.438766666666702	413180.900617515	30.015899999999998	1133499.14286196	30.216916666666702	58416.7309166668	31.09235	1126535.88475538	42.803600000000003	4023002.24846591	43.024083333333301	632821.390574607	2	26030252
Std_3_2	26030253_Std_3.D	Std	46086.799723217599	24.030616666666699	4955931.70625001	28.654166666666701	5119306.53734434	28.770883333333298	2826795.62802027	29.043233333333301	2557335.80778064	29.438800000000001	499647.651500001	30.015933333333301	1322501.99283363	30.22345	67826.9198299556	31.092383333333299	1329358.54426659	42.797150000000002	5371483.0011842	43.0241166666667	809704.450583338	2	26030253
Std_4_2	26030254_Std_4.D	Std	46086.852313842603	24.030583333333301	4688092.21871847	28.654133333333299	4757733.16958331	28.770849999999999	3615019.96435232	29.043216666666702	3599991.88880803	29.438766666666702	656811.241164589	30.015899999999998	1473704.31325306	30.216933333333301	80684.9835757568	31.09235	1784526.1452556	42.797133333333299	6378481.76604427	43.024083333333301	950679.634317244	2	26030254
Std_5_2	26030255_Std_5.D	Std	46086.904889895799	24.030566666666701	4856527.95637462	28.6541	4975437.02733705	28.7708333333333	4921890.11913371	29.0431833333333	5088603.90490106	29.438749999999999	904425.821662139	30.015883333333299	1827484.62299011	30.223383333333299	98456.6948858146	31.092333333333301	2425635.07003368	42.8035833333333	8073511.17073764	43.024066666666698	1200461.09975631	2	26030255
QC2i	26030256_QC2i.D	QC	46086.957487580999	24.0306	4946978.75961109	28.654133333333299	5117580.98937068	28.764383333333299	1014895.77839773	29.036733333333299	754189.126312141	29.432300000000001	157487.395398717	30.015916666666701	735642.529125534	30.223416666666701	31296.5508261648	31.0858833333333	386735.974259999	42.790649999999999	1976219.66485813	43.024099999999997	346520.395381038	2	26030256
QC3a	26030301_QC3a.D	QC	46087.010071134297	24.030633333333299	4946069.40826217	28.6541833333333	5146390.92042989	28.764416666666701	1155614.54465073	29.0367833333333	839215.62003046	29.4323333333333	178934.127899112	30.015966666666699	823841.498290651	30.2169833333333	34073.9252708779	31.085916666666702	421554.547368917	42.797183333333301	2424585.12015527	43.024133333333303	409853.265210256	3	26030301
Std_0_1	26030302_Std_0.D	Std	46087.062647580999	24.030449999999998	4941306.28554592	28.654	5054081.26378943	28.764233333333301	1119857.97210471	29.0366	808868.391360275	29.432166666666699	172848.540082507	30.0157833333333	809002.224350002	30.223283333333299	32483.8203014133	31.085733333333302	407141.400519049	42.790516666666697	2263686.13653784	43.023949999999999	388683.493821053	3	26030302
Std_1_1	26030303_Std_1.D	Std	46087.115238784703	24.030616666666699	4865523.73084822	28.654166666666701	4908467.05166413	28.764399999999998	1802887.9121047	29.036766666666701	1641018.4784411	29.438800000000001	341507.79788294	30.015933333333301	945909.042719706	30.22345	44501.7959000004	31.085899999999999	789877.722749998	42.797166666666698	3190961.59699996	43.0241166666667	517128.936048276	3	26030303
Std_2_1	26030304_Std_2.D	Std	46087.167813796303	24.030466666666701	4652691.02876225	28.654016666666699	4636603.65746841	28.7707333333333	2191420.23496637	29.043099999999999	1947781.49515832	29.438649999999999	388014.922421251	30.0157833333333	1057567.71349026	30.223299999999998	49853.5860477231	31.092233333333301	948190.662077518	42.7970166666667	3640424.82159778	43.023966666666702	584128.158945317	3	26030304
Std_3_1	26030305_Std_3.D	Std	46087.220408773203	24.030666666666701	4903404.45360022	28.654216666666699	4985008.09242107	28.7709333333333	2760063.40931116	29.036799999999999	2476962.6907285	29.438849999999999	470374.145999992	30.015983333333299	1283746.62808917	30.223483333333299	60643.0141045241	31.08595	1284446.29182501	42.797199999999997	5062907.35932215	43.024166666666702	778585.391569086	3	26030305
Std_4_1	26030306_Std_4.D	Std	46087.272982326402	24.030466666666701	4777640.67765314	28.654	4901878.79913825	28.7707333333333	3811416.04020541	29.0430833333333	3686038.14266099	29.438649999999999	675586.924013572	30.0157833333333	1491839.5703215	30.223283333333299	74851.32	31.092233333333301	1804929.96550002	42.803483333333297	6602909.94001383	43.023966666666702	978601.596149146	3	26030306
Std_5_1	26030307_Std_5.D	Std	46087.325563819402	24.0304	4703695.8611752	28.653949999999998	4772490.93197457	28.770666666666699	4893187.67185996	29.043033333333302	4951455.79061793	29.438600000000001	882978.615886665	30.015716666666702	1813394.51840165	30.223233333333301	89053.8932443769	31.092166666666699	2362153.82540101	42.803433333333302	8482360.64483324	43.023899999999998	1282337.18022736	3	26030307
QC3b	26030308_QC3b.D	QC	46087.378137719897	24.030483333333301	4921748.10854591	28.654033333333299	5116791.8577106	28.7642666666667	1134922.74109218	29.036616666666699	832876.853153967	29.432183333333299	176956.029926317	30.015799999999999	809220.922266734	30.223316666666701	32398.5815379057	31.0857666666667	421540.03505	42.7970166666667	2350407.73552003	43.023983333333298	400403.417295443	3	26030308
Blank3a	26030309_Blank3a.D	Blank	46087.430708113403	24.017433333333301	4660396.55797839	28.647466666666698	4702154.49465779	28.854966666666702	0	29.030049999999999	6413.52161666663	29.425616666666699	1367.93821437137	30.009233333333299	1793.20691237789	29.769300000000001	0	31.0727166666667	778.455999999999	42.7839666666667	5796.71823452762	43.023899999999998	2051.63016504327	3	26030309
QC3c	26030314_QC3c.D	QC	46087.6936450926	24.030466666666701	4825663.64561478	28.654	4968613.64910113	28.757766666666701	1115172.81383335	29.0366	801625.282444444	29.432166666666699	168514.055665268	30.0157833333333	776862.30305833	30.223283333333299	30240.7711047685	31.085750000000001	400878.284772857	42.796999999999997	2088819.20683471	43.017483333333303	354549.229473834	3	26030314
072_1_A_0-3	26030315_072_1_A_0-3.D	Sample	46087.746226643503	24.030616666666699	4848734.76371972	28.654166666666701	5028902.19107317	28.764399999999998	991671.862809874	29.04325	5251386.58141569	29.4388166666667	893761.814459351	30.009450000000001	1203710.19819311	30.2169666666667	22640.9641043182	31.085899999999999	346808.645483899	42.790683333333298	453803.952125871	43.0241166666667	107243.869561282	3	26030315
072_1_A_BL	26030316_072_1_A_BL.D	Sample	46087.7987970139	24.036999999999999	4774578.6982307	28.660533333333301	4869907.90078702	28.777266666666701	860179.760615385	29.036650000000002	182709.947067022	29.438700000000001	9098.42258378479	30.022316666666701	676753.149941138	30.2363	35258.1749008652	31.092283333333299	172044.104630515	42.797049999999999	313983.199309691	43.011033333333302	141407.317103654	3	26030316
072_1_A_AH	26030317_072_1_A_AH.D	Sample	46087.8513763542	24.0370833333333	5123625.51168909	28.660633333333301	5434925.78346646	28.764383333333299	689184.775497598	29.036733333333299	108492.669619447	29.438783333333301	6729.4549120618	30.022400000000001	398473.351415378	30.2364	37645.28507769	31.0858833333333	139815.300569663	42.790649999999999	120710.151383528	42.998166666666698	70664.4835294315	3	26030317
072_1_A_3-6	26030318_072_1_A_3-6.D	Sample	46087.903936296301	24.030533333333299	4748617.50467525	28.6540833333333	4775892.76477013	28.7708166666667	4623885.71812883	29.036683333333301	493535.754671408	29.43225	101982.913022292	30.0158666666667	3682468.51739726	30.223366666666699	59618.7537346635	31.085833333333301	1950994.30234718	42.790599999999998	466934.470559643	43.017566666666703	133616.683195948	3	26030318
150_3_A_AH	26030319_150_3_A_AH.D	Sample	46087.956513206002	24.037133333333301	2989836.24282291	28.6606666666667	3333267.9966929	28.790366666666699	3083677.35294633	29.0432666666667	577361.396669312	29.451799999999999	29005.7506144858	30.028933333333299	1351289.23701037	30.236433333333299	72153.3147419808	31.092416666666701	500792.461489847	42.797183333333301	629777.664004638	42.998199999999997	512838.837122269	3	26030319
QC3d	26030320_QC3d.D	QC	46088.0090766551	24.030550000000002	5163643.32565393	28.6540833333333	5276073.01340525	28.764333333333301	1168485.20143315	29.036683333333301	850191.293283573	29.43225	178750.832132942	30.0158666666667	832367.194708225	30.223366666666699	32373.9337100991	31.085833333333301	416172.628516176	42.797083333333298	2231834.89372536	43.024050000000003	388571.812353723	3	26030320
150_3_A_0-3	26030321_150_3_A_0-3.D	Sample	46088.061653229197	24.0306833333333	4882088.06258831	28.654233333333298	5026726.89839971	28.764466666666699	466100.743417993	29.036833333333298	920495.6009146	29.432400000000001	200890.652349128	30.009516666666698	338966.417801688	30.217033333333301	12245.7004288694	31.0859666666667	131159.391540767	42.797233333333303	1796536.97931467	43.017699999999998	298441.822610819	3	26030321
150_3_A_3-6	26030323_150_3_A_3-6.D	Sample	46088.166838761601	24.030533333333299	4614239.02206632	28.6540833333333	4639453.42835234	28.764316666666701	800655.025649497	29.030183333333301	89217.9738744771	29.432233333333301	8598.43392224095	30.01585	496379.348059742	30.2168833333333	19286.9642151238	31.085816666666702	234031.913155557	42.797066666666701	2705321.74168559	43.0240333333333	440726.390711419	3	26030323
171_3_A_BL	26030324_171_3_A_BL.D	Sample	46088.219433252299	24.043433333333301	3300314.10375742	28.6604833333333	3454155.59334178	28.790183333333299	7643811.30972198	29.0430833333333	456406.509185862	29.464583333333302	56931.2825499994	30.028749999999999	1348441.59317957	30.249216666666701	703876.679820001	31.0987166666667	2148025.32233333	42.796999999999997	380749.558229899	43.0045	227509.880304384	3	26030324
171_3_A_0-3	26030325_171_3_A_0-3.D	Sample	46088.272016226903	24.036999999999999	4916099.29719238	28.660550000000001	4966579.72918304	28.770783333333299	3204279.99604522	29.043133333333301	2238392.55052844	29.438700000000001	414283.039749999	30.015833333333301	1166072.42965444	30.236316666666699	337966.716734758	31.085799999999999	994195.443226681	42.797049999999999	4120008.65071377	43.024016666666697	600700.696259902	3	26030325
QC3e	26030326_QC3e.D	QC	46088.324605624999	24.030550000000002	5290932.38303028	28.6541	5479773.20179206	28.764333333333301	1210549.54949999	29.036683333333301	901620.956667082	29.4387333333333	189133.508523149	30.0158666666667	863828.862932614	30.223383333333299	35540.2165667169	31.085833333333301	444424.573647633	42.797083333333298	2437081.70383488	43.024050000000003	407544.132295299	3	26030326
171_3_A_AH	26030327_171_3_A_AH.D	Sample	46088.377208136597	24.043566666666699	3001342.4902673	28.667116666666701	3422625.68153252	28.790333333333301	6583359.68369848	29.043233333333301	505540.106162893	29.4517666666667	54095.6313357996	30.0289	1541930.14996742	30.249366666666699	1066076.84658577	31.098849999999999	1749060.77415054	42.797150000000002	362868.186561346	42.998166666666698	226203.687843116	3	26030327
171_3_A_3-6	26030328_171_3_A_3-6.D	Sample	46088.429793773103	24.030449999999998	4961626.36512245	28.647500000000001	5111107.36040809	28.764233333333301	1436910.02379168	29.036583333333301	81706.9670357272	29.445116666666699	10476.4505147842	30.0157666666667	648520.736514087	30.236233333333299	129131.952639084	31.085733333333302	545833.22898001	42.796983333333301	2527196.08649453	43.023949999999999	394540.042787372	3	26030328
180_3_A_AH	26030329_180_3_A_AH.D	Sample	46088.482367673598	24.037016666666698	5068611.18506791	28.6605666666667	5224091.52261196	28.764316666666701	493348.298841995	29.036666666666701	131584.185455273	29.4452	8795.30912052945	30.01585	449390.030000003	30.223366666666699	18423.6964480305	31.085816666666702	59292.0265532343	42.797066666666701	158772.22759524	43.004583333333301	72660.9188621866	3	26030329
180_3_A_0-3	26030330_180_3_A_0-3.D	Sample	46088.534957349497	24.0305	5068893.78517522	28.654050000000002	5234912.37331078	28.7578	407106.451892596	29.036633333333299	664404.577733905	29.432200000000002	147723.14777	30.015816666666701	315225.995514895	30.210349999999998	11929.0796820539	31.0857833333333	143500.658561619	42.797033333333303	1040122.41247667	43.017516666666701	164576.033753511	3	26030330
180_3_A_BL	26030331_180_3_A_BL.D	Sample	46088.587529131903	24.037033333333301	5108437.2896171	28.6605666666667	5270039.75674554	28.7708166666667	456946.481333333	29.036683333333301	137951.885669926	29.451699999999999	8819.25162682624	30.022349999999999	488372.614773549	30.223366666666699	15603.0156112552	31.085833333333301	38768.3010936596	42.790599999999998	216866.540703329	43.0110666666667	82086.7097765263	3	26030331
QC3f	26030332_QC3f.D	QC	46088.640129907399	24.030516666666699	5187888.43230508	28.654066666666701	5335072.78526443	28.764316666666701	1152353.62096427	29.036666666666701	841491.761551286	29.432233333333301	177048.419590715	30.01585	827215.346351436	30.2168666666667	33863.0839129196	31.085816666666702	425269.89279762	42.797066666666701	2384068.80542859	43.0240333333333	397620.716066668	3	26030332
180_3_A_3-6	26030333_180_3_A_3-6.D	Sample	46088.692699988402	24.030566666666701	4941652.75424504	28.654116666666699	5151026.56468278	28.7578666666667	284516.043609204	29.0302333333333	27854.7670441352	29.445250000000001	3113.49681849584	30.009416666666699	187149.647133335	30.210433333333299	9315.91526775027	31.0858666666667	110821.876830303	42.790633333333297	681136.725817503	43.024083333333301	120983.685213672	3	26030333
029_2_A_BL	26030334_029_2_A_BL.D	Sample	46088.745281169002	24.043516666666701	5111390.18987184	28.6735333333333	5639084.2998478	28.796749999999999	1359610.38733876	29.04965	429777.8432995	29.458183333333299	24383.4785568797	30.028833333333299	1216969.58770923	30.236333333333299	40438.3726483238	31.092316666666701	290797.707617877	42.790599999999998	520667.8769004	43.004583333333301	237236.958554317	3	26030334
029_2_A_0-3	26030335_029_2_A_0-3.D	Sample	46088.797871134302	24.024100000000001	4722780.49116335	28.654133333333299	4957908.06543104	28.7578833333333	251249.949537803	29.0302333333333	707872.571811006	29.432283333333299	153721.465603163	30.009416666666699	217525.894186669	30.210450000000002	8358.27982294863	31.0858666666667	94475.1985000011	42.790633333333297	1653274.45230893	43.017600000000002	271409.312368985	3	26030335
029_2_A_3-6	26030336_029_2_A_3-6.D	Sample	46088.850459872701	24.024166666666702	4509718.58443341	28.654199999999999	4594548.39279232	28.757950000000001	477980.028148117	29.0303166666667	82785.9089453057	29.43235	14083.9153369378	30.0094833333333	352844.062999996	30.210516666666699	13085.3558799998	31.085933333333301	202793.333194286	42.790716666666697	1382864.65072763	43.024149999999999	224966.759336931	3	26030336
029_2_A_AH	26030337_029_2_A_AH.D	Sample	46088.903015254597	24.036899999999999	4961812.2451788	28.660450000000001	5312189.57531548	28.770683333333299	760123.744658003	29.036566666666701	163402.08956174	29.458066666666699	13574.7702377968	30.015733333333301	491495.452264571	30.2297333333333	26041.4375692088	31.085699999999999	140067.283085155	42.790466666666703	172674.254349999	43.010950000000001	84838.0849166664	3	26030337
QC3g	26030338_QC3g.D	QC	46088.955613715298	24.0305	4981884.71158943	28.654050000000002	5119948.9726251	28.764283333333299	1112128.91398654	29.036650000000002	804779.316354492	29.432200000000002	169814.77705856	30.015816666666701	786205.804122083	30.223333333333301	30716.4563326245	31.0857833333333	403270.20197235	42.797049999999999	2098337.96761549	43.017516666666701	355880.205934285	3	26030338
172_3_A_0-3	26030339_172_3_A_0-3.D	Sample	46089.008194317103	24.030516666666699	4833176.59372066	28.654066666666701	5036533.88776366	28.757816666666699	636425.011730434	29.036650000000002	280254.954347405	29.438700000000001	54304.4798216845	30.015833333333301	612285.673017987	30.2168666666667	23580.5168076089	31.085799999999999	179508.727804609	42.797049999999999	4704496.89918449	43.017533333333297	704463.807123539	3	26030339
172_3_A_3-6	26030340_172_3_A_3-6.D	Sample	46089.060779942098	24.030449999999998	4755771.51107801	28.654	4958775.75187902	28.757750000000001	510406.490728123	29.023616666666701	29857.5403643495	29.445116666666699	2050.60034911833	30.0092833333333	378685.409099649	30.216799999999999	17283.0113397506	31.085733333333302	193459.547205883	42.796983333333301	2000760.5373116	43.017466666666699	333045.291219579	3	26030340
172_3_A_AH	26030341_172_3_A_AH.D	Sample	46089.113355000001	24.036850000000001	4744666.40985756	28.666866666666699	4946936.99544108	28.7771166666667	1466714.30791911	29.0429833333333	280095.995336551	29.445033333333299	14473.1985767344	30.022166666666699	1015852.92290756	30.236149999999999	49075.9575224866	31.092133333333301	343878.971943585	42.796900000000001	351048.216563549	43.004399999999997	354136.307015113	3	26030341
172_3_A_BL	26030342_172_3_A_BL.D	Sample	46089.165963229199	24.036899999999999	3946331.04365234	28.660450000000001	4092869.38102154	28.777166666666702	1419424.01715607	29.036566666666701	297124.889832415	29.445083333333301	16314.219294484	30.022216666666701	1175608.59738018	30.242699999999999	69887.6559541424	31.092183333333299	237436.083137391	42.790466666666703	432173.798483877	42.997983333333302	435548.848005231	3	26030342
106_1_A_BL	26030343_106_1_A_BL.D	Sample	46089.218541111099	24.0371666666667	4980796.49551901	28.660716666666701	5203625.71720125	28.770949999999999	798696.60700001	29.036816666666699	205620.815576626	29.451833333333301	10885.0565500506	30.022483333333302	702851.422811303	30.2364833333333	37339.5331587317	31.0859666666667	185226.423646031	42.7907333333333	217717.618052886	42.998249999999999	130922.926608487	3	26030343
QC3h	26030344_QC3h.D	QC	46089.271121689802	24.0307	5314079.20013386	28.654233333333298	5495901.53625303	28.764483333333299	1170381.9696037	29.036833333333298	857300.918251955	29.432400000000001	182984.325092291	30.016016666666701	836850.66039116	30.223516666666701	31658.8874341168	31.085983333333299	428516.535010537	42.790750000000003	2390235.91834473	43.017716666666701	402991.524874999	3	26030344
106_1_A_0-3	26030345_106_1_A_0-3.D	Sample	46089.323707858799	24.024149999999999	4664744.82223068	28.654166666666701	4753326.72666093	28.757933333333298	610093.121896959	29.030283333333301	1061966.55277125	29.4323333333333	220899.62632863	30.0094666666667	616994.778277774	30.2169666666667	21650.5943954678	31.079433333333299	354649.544530843	42.803649999999998	222839.296272633	43.024133333333303	61718.0356753848	3	26030345
106_1_A_3-6	26030346_106_1_A_3-6.D	Sample	46089.376290011598	24.030449999999998	4395231.47801066	28.654	4414025.13839868	28.764233333333301	1982686.23129111	29.0301166666667	82144.9827652589	29.4256666666667	9347.34421665145	30.0092833333333	1340675.72365477	30.216799999999999	41300.1872455386	31.085733333333302	1029896.0877376	42.803483333333297	285930.286761243	43.017466666666699	92967.9784012755	3	26030346
106_1_A_AH	26030347_106_1_A_AH.D	Sample	46089.428846180599	24.0304	4698122.19593957	28.660433333333302	4775253.50918389	28.764199999999999	707258.753079667	29.036549999999998	146508.489030118	29.4515666666667	8461.25697604659	30.015733333333301	480688.085621134	30.2297166666667	39225.7718424533	31.085699999999999	176893.539067452	42.790466666666703	133523.600068431	42.997966666666699	93067.8507737587	3	26030347
Blank3b	26030348_Blank3b.D	Blank	46089.481421585602	24.017583333333299	4326659.08571603	28.6476166666667	4349127.75060615	28.855116666666699	0	29.0302166666667	5030.94193076621	29.419283333333301	1079.57307491857	30.0158666666667	1127.65250000002	30.210416666666699	327.222500000003	30.755116666666702	0	42.7906166666667	1085.40470195439	42.8684333333333	0	3	26030348
Std_0_2	26030349_Std_0.D	Std	46089.534020937499	24.0306833333333	5072685.22570468	28.654233333333298	5248842.76866007	28.764466666666699	1157559.46300001	29.036816666666699	807726.858960929	29.432383333333298	174231.367177616	30.015999999999998	792056.774117133	30.217016666666701	31185.8333790646	31.0859666666667	409395.904479172	42.7907333333333	2267681.15541423	43.024183333333298	381460.380233811	3	26030349
Std_1_2	26030350_Std_1.D	Std	46089.586612453699	24.030616666666699	4732236.7627199	28.647683333333301	4738416.85009118	28.764399999999998	1587001.54260441	29.036750000000001	1548589.26791422	29.432316666666701	321485.917134341	30.015933333333301	871660.329692597	30.216950000000001	40189.6257660612	31.085899999999999	807371.551430644	42.790666666666702	3029381.75036928	43.0241166666667	475526.422795989	3	26030350
Std_2_2	26030351_Std_2.D	Std	46089.639210150497	24.030533333333299	4918754.5765884	28.6540833333333	4944023.49767267	28.764316666666701	2155995.2441037	29.036683333333301	2048258.04132783	29.432233333333301	402875.868871033	30.0093666666667	1078276.29147917	30.2168833333333	49131.3341367011	31.085816666666702	1065347.41713571	42.797083333333298	3665225.05133254	43.01755	559421.024103454	3	26030351
Std_3_2	26030352_Std_3.D	Std	46089.691785486102	24.030466666666701	4578699.15463242	28.654016666666699	4535874.60379246	28.764250000000001	2408908.21200001	29.043099999999999	2141752.03841981	29.438666666666698	417631.059953019	30.015799999999999	1125881.53111667	30.223299999999998	50788.2458318683	31.085750000000001	1121131.03162395	42.7970166666667	4343891.72683251	43.017483333333303	648123.238083328	3	26030352
Std_4_2	26030353_Std_4.D	Std	46089.744380590302	24.0306	4575597.48612243	28.654150000000001	4619686.95748925	28.770866666666699	3528814.37211178	29.043216666666702	3432032.98718118	29.438783333333301	625778.603333329	30.015916666666701	1366313.90550944	30.216950000000001	67379.2650998984	31.0858833333333	1660870.81583331	42.803616666666699	6288284.88633105	43.024099999999997	902790.971791666	3	26030353
Std_5_2	26030354_Std_5.D	Std	46089.796995949102	24.030533333333299	4676958.98662257	28.6540833333333	4765439.52083059	28.770800000000001	4794322.84192538	29.043150000000001	4863407.26093865	29.4387166666667	859657.207054241	30.01585	1693094.79012639	30.2168666666667	81876.9870888895	31.085816666666702	2323284.96264676	42.797066666666701	8401540.49639246	43.0240333333333	1208603.55266019	3	26030354
QC3i	26030355_QC3i.D	QC	46089.849585798598	24.0305	4614301.49595896	28.654050000000002	4701844.61885155	28.7578	996003.069291112	29.036650000000002	734030.449608022	29.432200000000002	157497.162081248	30.015816666666701	709239.457610836	30.216850000000001	28339.5504707779	31.0857833333333	370828.981149999	42.797049999999999	2055854.34971771	43.017516666666701	349895.565428541	3	26030355
QC4a	26030902_QC4a.D	QC	46090.729458726899	24.030650000000001	4583016.62585729	28.6477166666667	4638422.19815025	28.764433333333301	985339.287133349	29.036799999999999	714988.893444129	29.43235	154433.312698912	30.015966666666699	696798.353845196	30.223483333333299	30770.5719054001	31.085933333333301	370759.199348459	42.797199999999997	2010599.97681251	43.024149999999999	352548.418223953	4	26030902
Std_0_1	26030903_Std_0.D	Std	46090.7820418634	24.030616666666699	4874662.14272858	28.654150000000001	5044399.93195636	28.757916666666699	1095370.28283518	29.036750000000001	788034.753339556	29.432316666666701	164073.914019694	30.009450000000001	757286.960149997	30.216950000000001	33256.5696753665	31.085899999999999	406021.525819569	42.797150000000002	2203412.14569996	43.0241166666667	387349.513332151	4	26030903
Std_1_1	26030904_Std_1.D	Std	46090.834619189802	24.0305	4440879.53153517	28.654050000000002	4502663.70066002	28.764299999999999	1653428.16670546	29.036650000000002	1521772.37563779	29.432216666666701	306827.314753021	30.015833333333301	854183.079174386	30.216850000000001	43169.3578757578	31.085799999999999	744469.082632564	42.797049999999999	2925448.41592541	43.024016666666697	471819.842231536	4	26030904
Std_2_1	26030905_Std_2.D	Std	46090.887206874999	24.030533333333299	4411458.87912689	28.6540833333333	4460477.92207967	28.764316666666701	2097732.77703095	29.036666666666701	1854907.68075302	29.4387166666667	359900.148922872	30.01585	979879.792204362	30.2168666666667	51910.1324600004	31.085816666666702	937216.719509528	42.797066666666701	3606358.33751191	43.0240333333333	575352.051652052	4	26030905
Std_3_1	26030906_Std_3.D	Std	46090.9398035185	24.030533333333299	4463063.72516764	28.654066666666701	4494144.90095643	28.764316666666701	2423627.9088877	29.036666666666701	2111510.25219395	29.432233333333301	410899.673190914	30.01585	1089392.04542997	30.2168666666667	57091.2318068184	31.092300000000002	1103141.32601136	42.797066666666701	4151909.28850006	43.0240333333333	646354.188620155	4	26030906
Std_4_1	26030907_Std_4.D	Std	46090.992379398202	24.030516666666699	4415694.07382748	28.654066666666701	4478658.92584012	28.770800000000001	3464186.16504584	29.043150000000001	3328325.85792767	29.4387166666667	598619.203811964	30.01585	1335937.23410699	30.2168666666667	73099.5046666667	31.092300000000002	1702540.9411861	42.797066666666701	6129560.91193167	43.024016666666697	918924.386080779	4	26030907
Std_5_1	26030908_Std_5.D	Std	46091.044956203703	24.030550000000002	4506973.98248377	28.6540833333333	4564776.44371021	28.7708166666667	4614105.50434217	29.0431666666667	4704085.37271825	29.4387333333333	820180.95795986	30.0158666666667	1607067.18248407	30.223366666666699	92441.1353571426	31.092316666666701	2329857.0739752	42.803566666666697	7663287.13073422	43.024050000000003	1137044.04149522	4	26030908
QC4b	26030909_QC4b.D	QC	46091.097552696803	24.030183333333301	4528802.47342421	28.6537333333333	4574342.47690532	28.7639666666667	985772.998945855	29.0363166666667	704876.165964795	29.4318833333333	147544.105189606	30.015499999999999	686261.470800004	30.223016666666702	27614.501	31.085466666666701	368141.814435894	42.796716666666697	1889301.60360745	43.023683333333302	323265.635069713	4	26030909
Blank4a	26030910_Blank4a.D	Blank	46091.150133263902	24.017483333333299	3977553.9941287	28.6475166666667	4038200.87149992	28.8550166666667	0	29.023616666666701	1997.02600000002	29.146833333333301	0	30.0092833333333	2771.68890551121	30.0092833333333	0	31.085733333333302	959.663	42.790500000000002	6432.68699709716	43.017466666666699	2246.88666830389	4	26030910
QC4c	26030915_QC4c.D	QC	46091.4174895139	24.030633333333299	4951348.34035547	28.6541833333333	5094363.95205426	28.764433333333301	1093700.37100001	29.0367833333333	787248.211480504	29.438833333333299	162549.405535681	30.015966666666699	755470.973877339	30.223466666666699	31867.4019757527	31.085933333333301	403611.685742977	42.797183333333301	2096624.86325003	43.024149999999999	359166.071531634	4	26030915
120_3_A_3-6	26030916_120_3_A_3-6.D	Sample	46091.470086458299	24.030483333333301	4550575.59128495	28.654033333333299	4659514.46874394	28.77075	3644142.06904262	29.036616666666699	532150.319050494	29.438666666666698	112576.258203237	30.015799999999999	1794468.75177776	30.216816666666698	55135.1081285715	31.0857666666667	1387981.37350331	42.7970166666667	3690395.17194951	43.023983333333298	578592.711467404	4	26030916
120_3_A_0-3	26030917_120_3_A_0-3.D	Sample	46091.522684004602	24.024066666666702	4452327.44184146	28.6476166666667	4572948.21816222	28.757850000000001	431436.771518485	29.0367	1028595.99041421	29.432266666666699	212381.172510022	30.015883333333299	385083.65464269	30.210416666666699	12102.8434516913	31.079350000000002	145518.843884633	42.7906166666667	955345.079035281	43.017583333333299	173782.18339464	4	26030917
120_3_A_AH	26030918_120_3_A_AH.D	Sample	46091.575232800897	24.030466666666701	4765180.16048531	28.660499999999999	4943894.82511002	28.7707333333333	514101.480977708	29.0301166666667	163250.53114006	29.438649999999999	6919.55517496868	30.022266666666699	651367.737225848	30.2038333333333	11163.7089010793	31.085750000000001	30628.1245391977	42.790516666666697	153077.399250001	42.9980166666667	82703.7361565	4	26030918
120_3_A_BL	26030919_120_3_A_BL.D	Sample	46091.627829641198	24.0369833333333	4649868.71515006	28.660516666666702	4862040.79839276	28.777249999999999	745219.470788213	29.036633333333299	233159.115836885	29.451650000000001	10048.2545229607	30.022300000000001	1033366.67365101	30.210349999999998	21275.0661835907	31.0857833333333	47892.0510233128	42.790550000000003	281274.293658441	42.998049999999999	151963.741245875	4	26030919
077_2_A_3-6	26030920_077_2_A_3-6.D	Sample	46091.6804216319	24.037116666666702	5101300.02516486	28.654166666666701	5319006.68474689	28.770900000000001	3198839.32346018	29.04325	455310.510189156	29.4388166666667	73989.2402552163	30.01595	1991362.38890069	30.2169666666667	46875.9487800736	31.092400000000001	1094131.43251864	42.797166666666698	6045318.2740242	43.017650000000003	974772.503242997	4	26030920
QC4d	26030921_QC4d.D	QC	46091.732971226898	24.030650000000001	4736421.94495429	28.654199999999999	4833537.64384795	28.764433333333301	1025083.2429574	29.0367833333333	744509.93985186	29.43235	158385.821493951	30.015966666666699	715326.432658657	30.216999999999999	32694.8451028176	31.085933333333301	384343.994530619	42.790700000000001	1984085.35584503	43.017666666666699	341197.258838119	4	26030921
077_2_A_AH	26030923_077_2_A_AH.D	Sample	46091.838153333301	24.0501	3781533.92591668	28.686616666666701	4501954.01026191	28.796849999999999	2858018.33671429	29.056233333333299	404278.972175086	29.471250000000001	41799.7659120543	30.035416666666698	1878449.36516812	30.242933333333301	47838.2981572002	31.092416666666701	305135.775	42.797183333333301	1402272.66250146	43.0111833333333	602184.522335351	4	26030923
077_2_A_0-3	26030924_077_2_A_0-3.D	Sample	46091.890754838001	24.0306	4701543.43646791	28.654133333333299	4830151.21387041	28.757899999999999	331781.3578	29.030249999999999	1039670.54733332	29.432300000000001	221421.010744442	30.009433333333298	301080.159500003	30.216933333333301	9366.57949999982	31.0794	118821.671385575	42.790649999999999	971097.507217663	43.017616666666697	193267.463295887	4	26030924
099_3_A_3-6	26030925_099_3_A_3-6.D	Sample	46091.943368379601	24.0239333333333	4837087.33006026	28.653966666666701	4957073.27880224	28.7512333333333	559139.046127717	29.030083333333302	31311.8915000002	29.425633333333298	3713.18473642806	30.009250000000002	352850.210771432	30.2167666666667	17891.5145554008	31.085699999999999	278134.322642857	42.790483333333299	1097305.08490576	43.0239166666667	186995.589173822	4	26030925
099_3_A_BL	26030926_099_3_A_BL.D	Sample	46091.995962048597	24.0436333333333	4768670.0471478	28.667183333333298	5037733.88556217	28.777416666666699	1348283.14425668	29.036799999999999	358467.45923635	29.458300000000001	16379.7913580022	30.028949999999998	1361697.34101449	30.229983333333301	46180.0532441502	31.08595	174038.306924998	42.790716666666697	606114.242327575	43.004716666666702	247120.26123419	4	26030926
QC4e	26030927_QC4e.D	QC	46092.048568530103	24.030466666666701	4850260.88363651	28.654016666666699	4905515.35462435	28.757766666666701	1036097.98812474	29.0366	764928.341357518	29.432166666666699	161259.760440033	30.0093	730439.380654786	30.216799999999999	30768.6526859349	31.085750000000001	388449.720155471	42.790516666666697	2029816.3115	43.017483333333303	350783.046578817	4	26030927
099_3_A_AH	26030928_099_3_A_AH.D	Sample	46092.101185185202	24.0369666666667	4837041.72509816	28.660516666666702	4918043.68655548	28.7642666666667	588493.118614152	29.036616666666699	120672.584352359	29.451633333333302	7862.2604721922	30.022283333333299	501006.048360507	30.229783333333302	18232.6402955402	31.0857666666667	83353.5325210106	42.7905333333333	179282.380557073	42.998049999999999	90427.2226999995	4	26030928
099_3_A_0-3	26030929_099_3_A_0-3.D	Sample	46092.153769560202	24.030550000000002	4774550.87525676	28.6476166666667	4769410.03560716	28.757850000000001	924369.949577836	29.0302166666667	612253.703848212	29.43225	130237.42941406	30.0093833333333	736000.72752041	30.216899999999999	20669.0333374075	31.085833333333301	326999.653616621	42.7971	2586429.16544296	43.017566666666703	402354.594551591	4	26030929
159_3_A_BL	26030930_159_3_A_BL.D	Sample	46092.206372743101	24.0370833333333	3967471.55952623	28.667116666666701	4264661.4027585	28.783850000000001	2128411.53631734	29.036750000000001	279709.823999996	29.4452833333333	11340.7563420544	30.0224166666667	931967.619749997	30.2299166666667	62934.0144737076	31.092366666666699	490226.494641987	42.790666666666702	493179.466046828	43.011133333333298	228057.099716697	4	26030930
159_3_A_0-3	26030931_159_3_A_0-3.D	Sample	46092.2589355093	24.030550000000002	4369640.43038062	28.6541	4455990.63628247	28.757850000000001	304553.571318899	29.036683333333301	651073.155368156	29.43225	138020.953795917	30.0093833333333	222789.200319488	30.2168833333333	10633.2984217169	31.085833333333301	64948.4720833328	42.790599999999998	797566.329752203	43.017566666666703	160800.736788103	4	26030931
159_3_A_3-6	26030932_159_3_A_3-6.D	Sample	46092.311527222198	24.030650000000001	4525122.08820838	28.654199999999999	4568568.41940677	28.7579666666667	592788.473771266	29.0303166666667	62675.9530293219	29.432366666666699	6378.97528870461	30.009499999999999	452295.270962667	30.210516666666699	16678.941871908	31.079466666666701	216910.493269389	42.790716666666697	1674520.21899999	43.024166666666702	278049.87814614	4	26030932
QC4f	26030933_QC4f.D	QC	46092.364101250001	24.023949999999999	4710725.88480102	28.653983333333301	4791044.16525555	28.764216666666702	995033.860796169	29.036566666666701	731971.220904305	29.432133333333301	152474.07145526	30.015750000000001	712346.051406915	30.223266666666699	30024.5926752382	31.085716666666698	375062.351874997	42.790483333333299	2039690.19779914	43.017449999999997	341576.560000001	4	26030933
159_3_A_AH	26030934_159_3_A_AH.D	Sample	46092.416694814798	24.043466666666699	4661026.51398262	28.667000000000002	5165164.29193369	28.783733333333299	2539517.91916182	29.043116666666702	278679.28874386	29.458133333333301	13501.0206737544	30.028783333333301	821732.940564172	30.229800000000001	70398.4102974286	31.092266666666699	605471.101751791	42.790550000000003	376046.741839524	42.998049999999999	194213.11121009	4	26030934
225_3_A_3-6	26030935_225_3_A_3-6.D	Sample	46092.469272986098	24.030416666666699	4620626.77360368	28.647483333333302	4570093.39017409	28.757716666666699	685120.317145467	29.036566666666701	89221.8103807058	29.432116666666701	13326.6521834781	30.009250000000002	428531.349360769	30.210283333333301	24032.4165793427	31.079216666666699	228306.382283333	42.803449999999998	11287839.889269	43.0239166666667	1771961.17185859	4	26030935
225_3_A_0-3	26030936_225_3_A_0-3.D	Sample	46092.521863217597	24.030633333333299	4653031.3172674	28.6477	4616133.83019906	28.757933333333298	655265.928836838	29.0367833333333	906482.0345	29.4323333333333	184132.929681084	30.0094666666667	489007.620988088	30.223466666666699	23835.2935713764	31.085916666666702	236670.210210312	42.797183333333301	1550464.97545845	43.017650000000003	289813.927500001	4	26030936
225_3_A_BL	26030937_225_3_A_BL.D	Sample	46092.574445034697	24.030666666666701	4660942.08788773	28.654216666666699	4620641.03820767	28.76445	436641.244831491	29.0303166666667	77340.5260199537	29.432366666666699	4383.31138013019	30.015983333333299	267694.617522908	30.229983333333301	27896.9884216852	31.08595	104774.667040264	42.790716666666697	95960.7760285704	43.004716666666702	46979.7183437303	4	26030937
QC4g	26030938_QC4g.D	QC	46092.627003414404	24.030550000000002	4876086.96226437	28.6541	4946310.67310303	28.757850000000001	1033985.97914179	29.036683333333301	745735.663767318	29.43225	160492.683278756	30.0158666666667	719548.500425538	30.223383333333299	32047.1630826976	31.085833333333301	381711.7398682	42.790599999999998	2017765.25502083	43.017566666666703	342780.525038627	4	26030938
049_1_A_BL	26030943_049_1_A_BL.D	Sample	46092.889967905103	24.030666666666701	2964301.21931302	28.654216666666699	2788353.70813748	28.7709333333333	1490023.16682787	29.043299999999999	300351.608971182	29.451816666666701	17757.2746282069	30.022466666666698	869735.748367044	30.236466666666701	117376.402142656	31.08595	364820.949199369	42.790716666666697	239673.936826447	43.004716666666702	151219.380185746	4	26030943
QC4h	26030944_QC4h.D	QC	46092.942563645804	24.030466666666701	4844675.93026176	28.654	4935104.78142352	28.764250000000001	1042552.54983347	29.0366	756434.599697727	29.432166666666699	163276.928910884	30.0157833333333	719643.519720162	30.216799999999999	31249.9643443815	31.085750000000001	384128.338687013	42.790516666666697	2033448.39849531	43.017483333333303	345691.043689194	4	26030944
049_1_A_AH	26030945_049_1_A_AH.D	Sample	46092.995151631898	24.0370666666667	2621204.6869379	28.660616666666701	2750792.27337214	28.783816666666699	3359853.45581703	29.043199999999999	1034476.51526293	29.445250000000001	111013.779791393	30.028866666666701	1466760.26741658	30.2428666666667	424581.947738277	31.09235	737824.892773495	42.790633333333297	425986.583750002	42.998150000000003	286779.257967913	4	26030945
049_1_A_0-3	26030946_049_1_A_0-3.D	Sample	46093.047714722197	24.0241166666667	4451328.95169373	28.647666666666701	4564679.60053448	28.757899999999999	202318.545899291	29.036733333333299	4849044.84753264	29.432300000000001	794432.438154416	30.009433333333298	215364.439809524	30.223433333333301	16071.9896041832	31.0794	115496.483410715	42.790649999999999	733277.828138986	43.017616666666697	140099.596499999	4	26030946
049_1_A_3-6	26030947_049_1_A_3-6.D	Sample	46093.100292499999	24.024049999999999	4596962.39200004	28.647583333333301	4711763.98583379	28.757833333333298	887076.77206508	29.030183333333301	249566.188999999	29.432233333333301	51576.2658808074	30.0093666666667	690371.390116066	30.210383333333301	42443.2152916671	31.085816666666702	670253.4253135	42.790583333333302	707833.405689064	43.01755	146883.220941837	4	26030947
Blank4b	26030948_Blank4b.D	Blank	46093.152866550903	24.017499999999998	4530783.08735536	28.6475333333333	4631180.15437783	28.744800000000001	1578.69600000004	29.0171666666667	2722.39300000001	29.146850000000001	0	30.015799999999999	2909.10900291346	29.762899999999998	0	31.079283333333301	1038.56899999999	42.784050000000001	2617.86189583341	43.030466666666698	1680.79199999997	4	26030948
Std_0_2	26030949_Std_0.D	Std	46093.205433634299	24.0306	4740074.78187702	28.654133333333299	4814958.9461676	28.757899999999999	1001214.97814106	29.030249999999999	734154.496720317	29.432300000000001	151664.182121773	30.015916666666701	701600.920410452	30.223416666666701	30537.3970991506	31.0858833333333	375580.339602272	42.790649999999999	1946590.36150085	43.017616666666697	326436.329267804	4	26030949
Std_1_2	26030950_Std_1.D	Std	46093.258016134299	24.0306	4382958.54393788	28.654150000000001	4369246.78910123	28.757899999999999	1264372.23094841	29.036733333333299	1294304.41059999	29.432300000000001	267619.460213023	30.009433333333298	708767.190666672	30.210450000000002	36650.9613524676	31.0858833333333	739472.521320254	42.797133333333299	2352147.65014204	43.017616666666697	373567.036442157	4	26030950
Std_2_2	26030951_Std_2.D	Std	46093.3106098727	24.030449999999998	4520316.38014025	28.6475166666667	4624014.85938019	28.764250000000001	1979895.93623762	29.0366	1890480.35590929	29.432166666666699	367114.96188337	30.0157833333333	985965.882694444	30.216799999999999	51358.1436777773	31.085750000000001	1069120.93494703	42.796999999999997	3851978.29969187	43.017483333333303	577576.299465279	4	26030951
Std_3_2	26030952_Std_3.D	Std	46093.363181527799	24.030449999999998	4506672.07184721	28.654	4574345.06829282	28.764233333333301	2159285.98441255	29.036583333333301	2023049.80474693	29.43215	386678.215798609	30.0092833333333	1228141.20139977	30.216799999999999	55717.9779224674	31.085733333333302	1180757.77892903	42.796983333333301	4217653.15896944	43.017466666666699	618502.346990276	4	26030952
Std_4_2	26030953_Std_4.D	Std	46093.415763067103	24.024000000000001	4639836.52635836	28.654033333333299	4749162.57091501	28.77075	3493025.70283187	29.043099999999999	3694512.73057694	29.432183333333299	645229.357738717	30.015799999999999	1407024.07165972	30.216833333333302	75451.1412142866	31.09225	1966815.33233123	42.7970166666667	6644329.24985149	43.023983333333298	946361.358513234	4	26030953
Std_5_2	26030954_Std_5.D	Std	46093.468366990703	24.030650000000001	4608424.78332628	28.654199999999999	4649391.87341907	28.76445	4509814.21682616	29.036799999999999	4755173.90040532	29.438849999999999	809717.14692791	30.015983333333299	1632592.04716628	30.216999999999999	86447.1911186807	31.0924333333333	2376903.15773801	42.797199999999997	7754386.4516474	43.024166666666702	1110793.16366222	4	26030954
QC4i	26030955_QC4i.D	QC	46093.520950138904	24.030616666666699	4817689.60254719	28.654150000000001	4968274.67680963	28.757916666666699	1044282.0499031	29.030266666666702	765750.959822959	29.432316666666701	163624.945833923	30.009450000000001	724285.769000008	30.210466666666701	31185.1441097376	31.085899999999999	397083.808076109	42.790666666666702	2183116.3701719	43.017633333333301	362340.623318341	4	26030955
QC5a	26031001_QC5a.D	QC	46093.573534259303	24.024083333333301	4380511.67815624	28.654116666666699	4339554.77552223	28.7578666666667	910970.288180728	29.0367	667933.106460234	29.432266666666699	144540.151168484	30.009399999999999	652971.19416667	30.216916666666702	27339.4322908946	31.085850000000001	343650.338084108	42.7971	736562.322271981	43.024066666666698	88376.407636337	5	26031001
Std_0_1	26031002_Std_0.D	Std	46093.626123275499	24.030616666666699	4916796.28142412	28.654166666666701	5037059.85919741	28.764399999999998	1061165.6895966	29.030266666666702	789272.03335714	29.432316666666701	163162.168149461	30.015933333333301	748108.041261102	30.2169666666667	30310.2856196084	31.079416666666699	401869.261733329	42.797150000000002	868428.824785877	43.0241166666667	100650.300837037	5	26031002
Std_1_1	26031003_Std_1.D	Std	46093.678728263898	24.030533333333299	4474797.76418067	28.6540833333333	4582449.13455732	28.757833333333298	1506632.23455067	29.036683333333301	1409322.22545379	29.432233333333301	286901.51367455	30.01585	750156.083488763	30.2168833333333	40388.0866761906	31.085816666666702	704769.839808325	42.797083333333298	1291244.93510686	43.0240333333333	133292.247580831	5	26031003
Std_2_1	26031004_Std_2.D	Std	46093.731287731498	24.030550000000002	4572965.47041943	28.6541	4627615.72955165	28.764333333333301	2014647.08168885	29.036683333333301	1799429.97092164	29.43225	351062.496773805	30.0158666666667	945682.774958796	30.216899999999999	47914.9766583339	31.085833333333301	881742.517322221	42.797083333333298	1662528.58650326	43.024050000000003	160567.661804031	5	26031004
Std_3_1	26031005_Std_3.D	Std	46093.783869629602	24.0304	4538026.16946475	28.647466666666698	4553597.23756743	28.764199999999999	2350912.44532754	29.043033333333302	2112814.16835459	29.432116666666701	399694.982133511	30.009250000000002	1013354.10600987	30.216750000000001	52923.9778679657	31.085699999999999	1174577.29810647	42.796950000000002	2121936.357147	43.0239166666667	192678.916389967	5	26031005
Std_4_1	26031006_Std_4.D	Std	46093.836421550899	24.0241166666667	4532435.28992951	28.654150000000001	4570700.65541666	28.764383333333299	3128427.64399997	29.036733333333299	3300014.66282362	29.432300000000001	567632.878154046	30.015916666666701	1231976.69750001	30.216933333333301	71397.5896321422	31.0858833333333	1762679.64091088	42.797133333333299	2901939.49676841	43.024099999999997	246815.120190316	5	26031006
Std_5_1	26031007_Std_5.D	Std	46093.889014467597	24.024233333333299	4366288.31036014	28.647783333333301	4342748.25131645	28.770983333333302	4303030.58902408	29.043333333333301	4506684.56922744	29.4324166666667	769509.893601537	30.016033333333301	1522765.11786804	30.2170666666667	81519.2531666668	31.085999999999999	2180341.92187563	42.803733333333298	3801300.86978219	43.024216666666703	322819.901604536	5	26031007
QC5b	26031008_QC5b.D	QC	46093.941597789402	24.030516666666699	4550991.10118062	28.654066666666701	4631241.36489049	28.757816666666699	977477.454000169	29.036650000000002	718597.864062935	29.432216666666701	155014.198422416	30.009350000000001	687159.873336661	30.2168666666667	30355.6044616156	31.085799999999999	373261.740000003	42.797049999999999	877067.487670682	43.024016666666697	96786.3510412219	5	26031008
Blank5a	26031009_Blank5a.D	Blank	46093.994166400502	24.017633333333301	4229423.33977126	28.647666666666701	4236058.36693165	28.855166666666701	0	29.023783333333299	2656.71299999997	29.153466666666699	0	30.009433333333298	2800.24711858808	29.763016666666701	0	31.0858833333333	1321.8345	42.797150000000002	2522.69349999994	43.024099999999997	505.968499999962	5	26031009
QC5c	26031014_QC5c.D	QC	46094.257090324099	24.030533333333299	4331747.39833431	28.6540833333333	4411534.30253417	28.764316666666701	917217.354936491	29.030183333333301	668965.961220671	29.432233333333301	143578.626579994	30.0093666666667	645738.885911317	30.223366666666699	28409.4929505345	31.085816666666702	347814.062856108	42.797083333333298	711328.1938988	43.0240333333333	83209.2165753952	5	26031014
QC5d	26031020_QC5d.D	QC	46094.572614201403	24.030566666666701	4567031.06397446	28.6541	4633793.76385554	28.76435	969236.661000008	29.0367	719169.618343014	29.432266666666699	152830.424539963	30.015883333333299	688698.39627204	30.223383333333299	28800.6261168659	31.085850000000001	364881.366963637	42.7971	820175.718158662	43.024066666666698	93757.8730624233	5	26031020
130_3_A_BL	26031024_130_3_A_BL.D	Sample	46097.317796516203	24.056483333333301	7654298.72402795	28.680016666666699	8509184.23193603	28.796749999999999	6735107.1382542	29.04965	780482.325529124	29.464666666666702	38120.2611771271	30.028833333333299	1764463.60348695	30.242816666666702	328398.801230666	31.098783333333301	1557843.14233838	42.797083333333298	319376.472166587	43.030516666666699	66250.0126555557	5	26031024
130_3_A_0-3	26031025_130_3_A_0-3.D	Sample	46097.370384421301	24.04345	9316375.98353701	28.667000000000002	10277135.232243	28.777233333333299	3148028.6302857	29.049583333333299	2912851.64850112	29.438666666666698	494469.917666672	30.015799999999999	1258514.29282232	30.229800000000001	103575.153333334	31.09225	850334.507222084	42.8035	4203002.30827238	43.023983333333298	376416.882426807	5	26031025
QC5e	26031026_QC5e.D	QC	46097.422974108798	24.049900000000001	9050599.02664701	28.673449999999999	10149206.5295709	28.7836833333333	3418033.14965275	29.049566666666699	2555632.92027386	29.445116666666699	446765.362815194	30.02225	2040925.76250111	30.229766666666698	86886.7870803957	31.085733333333302	1176487.3269592	42.803483333333297	4736815.09692637	43.023949999999999	438468.475759452	5	26031026
130_3_A_3-6	26031027_130_3_A_3-6.D	Sample	46097.475569409697	24.05	9347948.84189934	28.673549999999999	10646836.8745478	28.7837833333333	4787484.43000006	29.0431666666667	319754.032622759	29.445216666666699	41113.1778932841	30.0158666666667	2182773.29949561	30.223366666666699	116693.427933333	31.092316666666701	1508467.44604851	42.810049999999997	8475695.4780327	43.030533333333302	1243935.0288888	5	26031027
130_3_A_AH	26031028_130_3_A_AH.D	Sample	46097.528153877298	24.052499999999998	5718448.37286821	28.686433333333301	6252586.79750744	28.822600000000001	12919167.1613332	29.062533333333299	1839943.47950105	29.471066666666701	142277.298104285	30.048200000000001	5014468.04535808	30.2622	1093069.2229557	31.102633333333301	4338562.45025646	42.796999999999997	543870.065314245	43.030450000000002	148586.352683935	5	26031028
110_3_A_3-6	26031029_110_3_A_3-6.D	Sample	46097.580752604197	24.0369666666667	9548807.96409622	28.660499999999999	10540680.3571131	28.77075	1483449.89753334	29.036616666666699	75944.2432641792	29.458116666666701	14515.4234268954	30.009316666666699	810916.41285714	30.216816666666698	56061.2460380948	31.0857666666667	666651.052912385	42.7970166666667	779881.847086406	43.023983333333298	97312.1615585569	5	26031029
110_3_A_AH	26031030_110_3_A_AH.D	Sample	46097.6333470139	24.056349999999998	8306712.77059096	28.6863833333333	9000826.40879167	28.803100000000001	3180900.95000945	29.056000000000001	1015072.68491012	29.4645333333333	71151.8624409164	30.0416666666667	2505082.86427844	30.255666666666698	531299.967575674	31.098666666666698	335004.600939477	42.796950000000002	297594.539324981	43.0239166666667	87736.003202222	5	26031030
110_3_A_BL	26031031_110_3_A_BL.D	Sample	46097.685923865698	24.056416666666699	8316966.18670853	28.692933333333301	9209947.69210635	28.809650000000001	2998364.73671127	29.062550000000002	1096682.26133202	29.4775666666667	77529.9035451429	30.041733333333301	2500258.06097728	30.2557166666667	452604.27498015	31.0987333333333	330637.593600004	42.7970166666667	365017.732084252	43.023983333333298	95263.024126314	5	26031031
QC5f	26031032_QC5f.D	QC	46097.738509409697	24.04355	9997469.49293248	28.673583333333301	11040744.307974	28.783816666666699	3645919.272	29.049700000000001	2824055.21783516	29.438766666666702	524478.373984751	30.015899999999998	2220354.74103086	30.229900000000001	92671.4951785593	31.09235	1314705.41955946	42.803600000000003	5168735.7512315	43.024083333333301	485493.098415937	5	26031032
110_3_A_0-3	26031033_110_3_A_0-3.D	Sample	46097.791090613398	24.037099999999999	9468387.92751261	28.660633333333301	10317973.6545	28.764399999999998	1067388.54373334	29.036750000000001	2036027.64049998	29.432316666666701	392896.217913233	30.009450000000001	826696.610947721	30.216950000000001	46710.5802460316	31.085899999999999	445449.813037015	42.790666666666702	1287299.78241698	43.017633333333301	140590.460792779	5	26031033
QC5g	26031038_QC5g.D	QC	46098.053943796302	24.043466666666699	8239660.54416018	28.667016666666701	9047416.97739172	28.770766666666699	2552130.18879433	29.036633333333299	1888397.93498982	29.438683333333302	365331.184591912	30.015816666666701	1598189.79186715	30.223333333333301	64625.5878321887	31.0793	896189.83987411	42.797033333333303	3355059.40294386	43.024000000000001	297271.258981361	5	26031038
136_3_A_AH	26031042_136_3_A_AH.D	Sample	46098.264309097198	24.043516666666701	5398916.69089639	28.667066666666699	5687074.71669049	28.7837833333333	1968392.73483414	29.0431666666667	597549.32932725	29.464666666666702	44479.4587682796	30.022349999999999	1463633.47350001	30.229849999999999	35369.390659452	31.092316666666701	407068.498631217	42.790599999999998	307798.741642991	43.017566666666703	54210.2075631463	5	26031042
QC5h	26031043_QC5h.D	QC	46098.316910011599	24.037116666666702	8168732.20465649	28.6606666666667	8819787.6273385	28.770900000000001	2413391.21740525	29.0432666666667	1753139.71659075	29.4388166666667	350468.326700004	30.01595	1502451.70789564	30.223466666666699	61973.3267609802	31.085916666666702	839703.741531518	42.797183333333301	3107244.32055712	43.017650000000003	281332.05416194	5	26031043
136_3_A_0-3	26031044_136_3_A_0-3.D	Sample	46098.369496458297	24.0370833333333	8830906.67560533	28.660633333333301	9701382.4276031	28.764383333333299	349118.248499998	29.036733333333299	2344828.9683093	29.438783333333301	433941.012999997	30.009433333333298	339453.007314908	30.210450000000002	9589.63652180026	31.0858833333333	70491.2801873227	42.797133333333299	677107.517863829	43.024099999999997	82476.4986895939	5	26031044
136_3_A_3-6	26031045_136_3_A_3-6.D	Sample	46098.422088333296	24.043533333333301	8182741.48950491	28.673566666666702	8914776.95796609	28.783799999999999	3177869.93446182	29.0367	274840.052810724	29.458200000000001	25442.5645541448	30.022366666666699	2178728.54027777	30.229883333333301	65476.6084122959	31.092333333333301	1917508.78345346	42.8035833333333	7350500.820437	43.024066666666698	833241.611226596	5	26031045
136_3_A_BL	26031046_136_3_A_BL.D	Sample	46098.474688518501	24.043416666666701	7812028.55032317	28.666966666666699	8688336.42996588	28.777200000000001	791644.115722034	29.036583333333301	224755.598089663	29.458083333333299	15652.5290620744	30.0157666666667	660266.552176241	30.2167833333333	19686.2248102884	31.085733333333302	95730.7747910958	42.796983333333301	152530.320144666	43.023949999999999	22803.7467850383	5	26031046
Blank5b	26031047_Blank5b.D	Blank	46098.527252187501	24.024100000000001	7651837.32549998	28.654133333333299	8074042.60919806	28.861633333333302	0	29.153449999999999	0	29.5879166666667	0	30.009416666666699	2342.48070749731	29.91215	0	31.163683333333299	0	41.9995166666667	0	42.777666666666697	0	5	26031047
Std_0_2	26031048_Std_0.D	Std	46098.579833379597	24.043500000000002	8144237.28513425	28.6605666666667	8910854.31504057	28.770800000000001	2372857.84818548	29.0431666666667	1723057.13021337	29.4387166666667	311904.033299551	30.01585	1515434.68896012	30.223366666666699	61295.7997117075	31.092300000000002	842338.110760214	42.803566666666697	3088073.63195978	43.0240333333333	274359.525731482	5	26031048
Std_1_2	26031049_Std_1.D	Std	46098.632407893499	24.0369833333333	8016188.95370935	28.660083333333301	8724518.31560295	28.777249999999999	3794922.51486314	29.049600000000002	3944291.06751772	29.438683333333302	732974.31130817	30.015816666666701	1913130.06921232	30.223316666666701	90628.8851226771	31.092266666666699	2137380.31557868	42.803516666666702	4936320.45905621	43.030483333333301	433630.568447166	5	26031049
Std_2_2	26031050_Std_2.D	Std	46098.684985138898	24.0324666666667	7256899.96913437	28.656416666666701	7838948.8316135	28.770900000000001	3984365.39325579	29.0432666666667	4055700.52692334	29.4388166666667	740194.167951675	30.01595	1892967.73541098	30.223466666666699	90211.782371428	31.092400000000001	2292086.8073958	42.8036666666667	4714131.27459409	43.024133333333303	399785.755465458	5	26031050
Std_3_2	26031051_Std_3.D	Std	46098.737590023098	24.033566666666701	7637067.32897569	28.660499999999999	8290837.00347701	28.7772166666667	5004402.76924537	29.0430833333333	4981596.48694976	29.438649999999999	905580.88754466	30.0157833333333	2210245.57001076	30.223283333333299	109269.7155	31.092233333333301	3092764.13998193	42.803483333333297	5914060.3576891	43.023966666666702	554332.982273565	5	26031051
Std_4_2	26031052_Std_4.D	Std	46098.790175023103	24.043466666666699	8179871.09166624	28.660516666666702	8910919.58854841	28.783733333333299	8311625.79126356	29.056083333333302	8083520.52686168	29.445166666666701	1614085.41792857	30.022300000000001	3320183.90626786	30.223316666666701	164371.518538463	31.092266666666699	4570352.47941801	42.81	8044734.3585342	43.030483333333301	1019325.15478471	5	26031052
Std_5_2	26031053_Std_5.D	Std	46098.842746273098	24.0370833333333	7774006.22148499	28.658366666666701	8479665.7882489	28.783833333333298	9742863.57940041	29.050550000000001	9366078.58104561	29.445266666666701	2004261.77145832	30.022400000000001	3664048.39134845	30.223416666666701	181488.438559997	31.092366666666699	5141822.98897433	42.810099999999998	8120381.76666851	43.024099999999997	1066304.37099217	5	26031053
QC5i	26031054_QC5i.D	QC	46098.895331990701	24.043433333333301	8362889.78787937	28.666983333333299	9183459.96552088	28.7707333333333	2610927.19690402	29.0430833333333	1916138.00884499	29.438649999999999	370168.194088795	30.0157833333333	1614923.16849763	30.223299999999998	65031.0072384121	31.092233333333301	910876.822386375	42.803483333333297	3314415.63795508	43.023966666666702	287666.022949936	5	26031054
QC6a	26031601_QC6a.D	QC	46098.947951701397	24.0370833333333	8212578.86900001	28.667100000000001	9030700.8785002	28.777349999999998	2492304.61202774	29.043216666666702	1816760.68999319	29.438783333333301	341313.944430569	30.015916666666701	1552289.55945845	30.223416666666701	60127.6786408343	31.0858833333333	820452.415400003	42.797133333333299	3293500.96198602	43.024099999999997	292417.013401602	6	26031601
Std_0_1	26031602_Std_0.D	Std	46099.000545023096	24.0370666666667	8044377.78303571	28.667100000000001	8854013.42876559	28.770849999999999	2417061.9667412	29.043216666666702	1727426.41169465	29.438766666666702	337499.324700003	30.015899999999998	1484342.86969726	30.223416666666701	55572.6888845013	31.0858666666667	792827.808149988	42.797133333333299	2912378.14431711	43.024083333333301	264549.638974794	6	26031602
Std_1_1	26031603_Std_1.D	Std	46099.053148645799	24.0322	7855086.12896298	28.6671333333333	8548403.60371039	28.777366666666701	4209454.31655314	29.043233333333301	3967131.44859274	29.438800000000001	680127.686009509	30.015933333333301	1958707.91274652	30.223433333333301	82930.142015723	31.092383333333299	1624325.96199999	42.803633333333302	4696395.66321541	43.0241166666667	413519.604057166	6	26031603
Std_2_1	26031604_Std_2.D	Std	46099.105748657399	24.043516666666701	8099806.12221264	28.667066666666699	8898807.67079565	28.7773166666667	5646477.29722585	29.049666666666699	5142505.08621846	29.445233333333299	910495.630902725	30.0158666666667	2477087.52538344	30.223383333333299	106725.161849085	31.092316666666701	2293127.86913508	42.8035833333333	5747644.25398996	43.024050000000003	541840.577765939	6	26031604
Std_3_1	26031605_Std_3.D	Std	46099.158366203701	24.0369666666667	7679504.61249535	28.660499999999999	8294505.66163497	28.777233333333299	5203116.71674113	29.043099999999999	4632526.65245482	29.438666666666698	827955.210997038	30.015799999999999	2211323.59358265	30.223299999999998	94337.5951777871	31.09225	2248763.15765087	42.8035	5559448.12548595	43.023983333333298	504531.252999993	6	26031605
Std_4_1	26031606_Std_4.D	Std	46099.210936377298	24.043433333333301	8530471.78600004	28.666983333333299	9289471.33025434	28.783716666666699	9308594.61056345	29.049583333333299	8570374.73239836	29.445133333333299	1708955.39770807	30.022266666666699	3797344.06800805	30.223299999999998	168528.708061904	31.092233333333301	4192815.51035804	42.8099833333333	8141240.40483361	43.030450000000002	1054453.87106589	6	26031606
Std_5_1	26031607_Std_5.D	Std	46099.263543078698	24.043616666666701	8397925.12118786	28.65915	9175860.27882095	28.790366666666699	11169673.2159093	29.056233333333299	10234917.9650431	29.445316666666699	2285853.45876063	30.022449999999999	4336465.45818687	30.223466666666699	196698.355690237	31.093783333333299	5268503.60217237	42.8036666666667	8754529.9341148	43.030633333333299	1445801.3785813	6	26031607
QC6b	26031608_QC6b.D	QC	46099.3161063773	24.043600000000001	8146845.11831028	28.667149999999999	8853453.38876483	28.770900000000001	2478368.31455283	29.04325	1781059.21452547	29.4388166666667	339713.453434603	30.01595	1516324.2040447	30.22345	56048.4777388058	31.085916666666702	815892.557783326	42.803649999999998	3025142.86927014	43.017650000000003	266595.163500001	6	26031608
Blank6a	26031609_Blank6a.D	Blank	46099.3686971528	24.023983333333302	8001246.362	28.654016666666699	8457688.71341115	28.861516666666699	0	29.023633333333301	3460.20873333336	29.438649999999999	571.463228571421	30.0093	4090.89900000003	29.769366666666699	0	31.085750000000001	1904.95150000002	42.784033333333298	2465.40399999999	42.784033333333298	0	6	26031609
081_2_A_0-3	26031610_081_2_A_0-3.D	Sample	46099.421275995403	24.036933333333302	8210762.17392089	28.6604666666667	8873505.84013744	28.764233333333301	817791.197000004	29.036583333333301	1078650.48443982	29.43215	234918.173548845	30.0157666666667	661206.178450002	30.2167833333333	34104.153127187	31.085733333333302	498365.514693727	42.796983333333301	1314284.55004782	43.023949999999999	140157.109800003	6	26031610
081_2_A_3-6	26031611_081_2_A_3-6.D	Sample	46099.473874027797	24.0368833333333	7566095.37197089	28.653949999999998	8312277.70938438	28.7641833333333	781238.261499987	29.030049999999999	63754.1010490285	29.432099999999998	9914.17560043485	30.009233333333299	489309.700963535	30.216733333333298	33485.3204237571	31.0856833333333	497152.473544586	42.7969333333333	1349485.68560579	43.023899999999998	143073.152433543	6	26031611
081_2_A_AH	26031612_081_2_A_AH.D	Sample	46099.526451967598	24.049966666666698	7756033.62543739	28.68	8419790.43489587	28.790233333333301	991049.885556881	29.049616666666701	377839.796534179	29.4516666666667	39840.820812499	30.061216666666699	1644497.05137978	30.281700000000001	95348.909238094	31.098766666666702	65423.4886817604	42.790566666666699	80600.2021301744	43.024016666666697	28048.4369967999	6	26031612
081_2_A_BL	26031613_081_2_A_BL.D	Sample	46099.579021400503	24.037033333333301	7632625.16829941	28.6605666666667	8180793.99234859	28.7708166666667	160805.89541286	29.036683333333301	504743.03196413	29.4387333333333	120185.791016408	30.0158666666667	291798.459803799	30.236333333333299	12844.8701112149	31.085833333333301	27725.8362905692	42.790599999999998	150857.971333333	43.024050000000003	24528.6579999996	6	26031613
QC6c	26031614_QC6c.D	QC	46099.631615983802	24.036899999999999	7954588.99999989	28.666933333333301	8672288.72961725	28.777166666666702	2425570.90732922	29.043050000000001	1754223.71720186	29.438600000000001	322442.269466117	30.015733333333301	1502979.546813	30.22325	58481.6067651663	31.085699999999999	793092.051517095	42.803449999999998	3097783.09335124	43.0239166666667	273938.777540069	6	26031614
219_3_A_AH	26031615_219_3_A_AH.D	Sample	46099.684189409702	24.037099999999999	4571991.40594941	28.667116666666701	5245089.17690001	28.783850000000001	2932246.76080205	29.036750000000001	435137.416996157	29.4517666666667	25524.0704985073	30.0289	1364229.5259394	30.2364	118119.083281497	31.085899999999999	348847.427134829	42.790666666666702	219404.113599009	43.0241166666667	54195.2083072207	6	26031615
219_3_A_0-3	26031616_219_3_A_0-3.D	Sample	46099.736778564802	24.036950000000001	8368259.32821828	28.660499999999999	9143934.08987787	28.764250000000001	717499.506371298	29.0366	1727076.10831145	29.438649999999999	325215.4955	30.0093	447230.420796195	30.216799999999999	23945.8073659359	31.085750000000001	243901.411790928	42.796999999999997	2298920.55654524	43.023966666666702	211023.941645834	6	26031616
219_3_A_3-6	26031617_219_3_A_3-6.D	Sample	46099.789368634301	24.043500000000002	7808481.95243333	28.6605666666667	8436872.13440009	28.770800000000001	2944891.1688371	29.036666666666701	200211.128981645	29.432233333333301	25519.2532688142	30.01585	1284524.91504641	30.223366666666699	59085.8782079215	31.085816666666702	1026204.70602178	42.803550000000001	6135894.875744	43.0240333333333	609127.079640486	6	26031617
219_3_A_BL	26031618_219_3_A_BL.D	Sample	46099.841942766201	24.0500333333333	8258992.10677705	28.673583333333301	9202469.98336894	28.777333333333299	1372627.12108253	29.043199999999999	284222.288555576	29.458216666666701	15906.2713107983	30.022383333333298	871330.413881121	30.229883333333301	59558.7302329944	31.0858666666667	170095.312551664	42.790633333333297	255450.573363158	43.017600000000002	47266.7957385917	6	26031618
016_2_A_0-3	26031619_016_2_A_0-3.D	Sample	46099.894513125	24.036999999999999	8429486.46073271	28.667033333333301	9108313.84858957	28.764299999999999	457699.875753033	29.036650000000002	946898.58727035	29.438700000000001	173676.493600536	30.015833333333301	370368.994996414	30.2298333333333	18750.8130108496	31.085799999999999	60786.8963578588	42.797049999999999	1185353.32991305	43.024016666666697	133949.490056003	6	26031619
QC6d	26031620_QC6d.D	QC	46099.947129768501	24.037099999999999	8446200.9985987	28.661816666666699	9236532.21977341	28.770883333333298	2622885.77282409	29.043233333333301	1885575.2930558	29.438800000000001	345685.746256885	30.015933333333301	1608021.10717372	30.22345	59300.5627729305	31.085899999999999	850335.943138656	42.803633333333302	3316948.94199991	43.0241166666667	291506.048329766	6	26031620
016_2_A_AH	26031621_016_2_A_AH.D	Sample	46099.999716388898	24.04345	8375530.82985973	28.673483333333301	9277019.88275888	28.783733333333299	1517692.6596049	29.043116666666702	410717.682406052	29.451650000000001	24012.3731983134	30.022300000000001	802777.930385864	30.236283333333301	76991.8986696186	31.0857666666667	156545.271061721	42.790550000000003	219743.485549087	43.017499999999998	41515.7524411178	6	26031621
016_2_A_3-6	26031622_016_2_A_3-6.D	Sample	46100.052281493103	24.04355	9936723.95854437	28.673583333333301	10844882.5947417	28.783816666666699	3938376.35157178	29.043199999999999	1181283.0584193	29.445250000000001	211647.68659191	30.022383333333298	2921886.70821919	30.216916666666702	82622.7019583411	31.0858666666667	1201433.8978969	42.810083333333303	8200988.01666289	43.030566666666701	1077394.6192362	6	26031622
016_2_A_BL	26031623_016_2_A_BL.D	Sample	46100.104866504596	24.049983333333302	7795029.87910323	28.6735333333333	8285794.39703961	28.79025	1462807.56722227	29.043150000000001	525441.432823758	29.464649999999999	25086.9630784957	30.0288166666667	978571.921171131	30.223366666666699	70765.286726693	31.085816666666702	130332.42516638	42.797066666666701	310269.61681293	43.0240333333333	55874.8019999994	6	26031623
178_3_B_3-6	26031624_178_3_B_3-6.D	Sample	46100.157449143502	24.0370833333333	8684909.85894775	28.660616666666701	9327239.29252217	28.770866666666699	280099.966397016	29.036733333333299	108513.166633697	29.432300000000001	8485.92903480218	30.009433333333298	457488.944515835	30.190999999999999	6096.12544055696	31.0858833333333	18097.8498939822	42.790649999999999	76182.3778183376	43.024099999999997	13793.6863481317	6	26031624
178_3_B_0-3	26031625_178_3_B_0-3.D	Sample	46100.210007187503	24.0370666666667	8409125.57752091	28.660616666666701	9151029.04922315	28.7578833333333	110162.247307694	29.030249999999999	39436.1150036923	29.445266666666701	2624.83227764673	30.009416666666699	157742.40992	30.203966666666702	2370.61249999999	31.0858666666667	8375.92927323499	42.784149999999997	20029.486609796	43.024083333333301	4795.9859822845	6	26031625
QC6e	26031626_QC6e.D	QC	46100.2626097338	24.043416666666701	9032010.22296537	28.66695	9776285.01600324	28.777200000000001	2844756.73428499	29.0430666666667	2099834.76787425	29.4386333333333	390551.855837271	30.0157666666667	1745708.89588126	30.223266666666699	63922.6032898703	31.085733333333302	925498.576290921	42.796983333333301	3726746.44960419	43.023949999999999	325795.881983383	6	26031626
178_3_B_BL	26031627_178_3_B_BL.D	Sample	46100.315188217603	24.049966666666698	8242512.16153	28.673500000000001	9331195.17310043	28.783750000000001	1029515.28744793	29.043133333333301	380676.468999997	29.4516666666667	30527.1737067604	30.022316666666701	1264255.99411158	30.203883333333302	24557.8858886884	31.085799999999999	56761.2197965383	42.790566666666699	217426.087710686	43.030500000000004	59664.3275776627	6	26031627
178_3_B_AH	26031628_178_3_B_AH.D	Sample	46100.367763993097	24.056533333333299	5908708.26440055	28.693049999999999	7109596.64131725	28.803283333333301	3576917.26218495	29.056183333333301	1140508.79764241	29.4582333333333	71658.9343742373	30.04185	3352119.95769134	30.229900000000001	91196.1051889176	31.09235	136783.22907411	42.797133333333299	449593.450629594	43.037066666666703	159078.694290457	6	26031628
196_3_A_BL	26031629_196_3_A_BL.D	Sample	46100.420359305601	24.043383333333299	8968354.9910316	28.673400000000001	9885430.24711099	28.777166666666702	853198.135665155	29.036549999999998	141238.40806236	29.445083333333301	14860.9115090423	30.015733333333301	723085.481887579	30.216750000000001	21353.0444999999	31.085699999999999	137521.661377013	42.790466666666703	113631.450701561	43.0239166666667	20726.8256504043	6	26031629
196_3_A_3-6	26031630_196_3_A_3-6.D	Sample	46100.472970335599	24.037016666666698	8619114.27788521	28.66705	9305139.87825427	28.770800000000001	3484321.37850415	29.036683333333301	637973.611200998	29.4387333333333	119083.043298223	30.0158666666667	1747591.14563795	30.2168833333333	69351.6314357143	31.085816666666702	1254889.95990654	42.803566666666697	10152331.5112756	43.030533333333302	1881948.187961	6	26031630
196_3_A_AH	26031631_196_3_A_AH.D	Sample	46100.525553159699	24.049983333333302	6634597.89202059	28.680016666666699	7481593.10497089	28.803233333333299	6170787.4706171	29.04965	838954.088666655	29.464666666666702	63326.8087541011	30.035316666666699	2859879.23864725	30.236333333333299	170484.75275241	31.092300000000002	1392517.13282122	42.790583333333302	383870.465967226	43.0240333333333	63683.7466861338	6	26031631
QC6f	26031632_QC6f.D	QC	46100.578147384302	24.043616666666701	9286494.39710593	28.667166666666699	10060077.4802342	28.7774	2911709.79684439	29.043283333333299	2179012.49542707	29.438833333333299	396420.781306397	30.015966666666699	1800757.78901106	30.223483333333299	66169.707094116	31.085933333333301	963937.136499995	42.797199999999997	3913156.19791605	43.024149999999999	344846.679742691	6	26031632
196_3_A_0-3	26031633_196_3_A_0-3.D	Sample	46100.630732743099	24.043383333333299	8522664.95349989	28.660450000000001	9322750.98825168	28.764199999999999	798516.384369403	29.049516666666701	5928563.30795547	29.438600000000001	971554.626691508	30.015733333333301	693547.607168218	30.223233333333301	18490.4004999999	31.085699999999999	224342.234105184	42.796950000000002	1681144.96808744	43.017433333333301	169028.558054742	6	26031633
161_3_A_AH	26031634_161_3_A_AH.D	Sample	46100.683320995398	24.043600000000001	8035625.5648961	28.673633333333299	8822825.68464713	28.7838833333333	1086484.08886061	29.0432666666667	301298.572500004	29.445316666666699	22980.4516103404	30.022449999999999	1257226.49870292	30.229949999999999	32462.5197530475	31.085916666666702	148263.144479157	42.790700000000001	278650.420736107	43.024133333333303	51743.058627736	6	26031634
161_3_A_BL	26031635_161_3_A_BL.D	Sample	46100.735888993098	24.036916666666698	8452699.5829047	28.66695	9278993.03632848	28.764216666666702	360400.213393494	29.030083333333302	101399.247	29.4386166666667	7241.43191897951	30.015750000000001	389812.488778817	30.223266666666699	8274.74195093056	31.085716666666698	36400.6397321424	42.790483333333299	85674.1704737849	43.023933333333297	14306.214268229	6	26031635
161_3_A_0-3	26031636_161_3_A_0-3.D	Sample	46100.788449942098	24.0370666666667	8667263.91182063	28.660599999999999	9388056.86028179	28.7643666666667	516354.828999999	29.036716666666699	1067654.25468751	29.432283333333299	216809.512562125	30.009416666666699	357393.885105359	30.216916666666702	15908.9275551869	31.0793833333333	167567.432164251	42.790633333333297	1167414.0075076	43.017600000000002	127091.627500001	6	26031636
161_3_A_3-6	26031637_161_3_A_3-6.D	Sample	46100.841027696799	24.037133333333301	8424651.65459009	28.6606666666667	9167990.71648537	28.764433333333301	1438535.088731	29.0303	119413.049500001	29.43235	20288.6537422869	30.0094833333333	659729.864568077	30.223466666666699	33070.6372789003	31.085933333333301	485818.832499993	42.8036666666667	3889957.83133331	43.024149999999999	331026.629500007	6	26031637
QC6g	26031638_QC6g.D	QC	46100.893627523103	24.0436333333333	8913606.82900007	28.667183333333298	9749626.22385773	28.7709333333333	2771661.81281535	29.043283333333299	2063523.4894271	29.438849999999999	383579.181367396	30.015983333333299	1720754.29922156	30.223483333333299	64333.3925452103	31.08595	923128.186506677	42.797199999999997	3558761.47515759	43.024166666666702	307936.353931178	6	26031638
046_1_B_3-6	26031639_046_1_B_3-6.D	Sample	46100.946209803202	24.04345	8820559.83710266	28.667000000000002	9539144.56208426	28.777233333333299	635918.720779463	29.036616666666699	172906.108426424	29.458116666666701	10943.7918951098	30.015799999999999	584142.67583188	30.236283333333301	40148.6435839659	31.0857666666667	51471.8464223896	42.7905333333333	141406.360153216	43.023983333333298	24994.6200658066	6	26031639
046_1_B_BL	26031640_046_1_B_BL.D	Sample	46100.9987778125	24.050149999999999	7963849.38271826	28.6801833333333	8708395.34295029	28.790416666666701	1831083.14240601	29.036833333333298	490873.56805368	29.45185	23107.2676869547	30.028983333333301	1203916.00156451	30.2364833333333	148019.02946633	31.085983333333299	230206.789530097	42.790750000000003	317215.887589564	43.0242	56247.9114866291	6	26031640
046_1_B_0-3	26031641_046_1_B_0-3.D	Sample	46101.0513930093	24.043533333333301	8636562.23961299	28.667083333333299	9554903.80249092	28.7773166666667	605782.229008317	29.036716666666699	143992.184960141	29.445233333333299	6093.23128739726	30.015883333333299	474033.474200001	30.236366666666701	42533.5384999997	31.085850000000001	66766.4124166667	42.7906166666667	117655.298298701	43.017583333333299	21304.3574614603	6	26031641
046_1_B_AH	26031642_046_1_B_AH.D	Sample	46101.103942013899	24.049949999999999	8509764.67734185	28.673500000000001	9403668.08796749	28.783733333333299	1741209.63415384	29.036633333333299	316453.96363375	29.445166666666701	13837.8515887503	30.022300000000001	902096.375607206	30.2427833333333	188523.908465565	31.0857833333333	252048.213915157	42.790550000000003	189258.069000001	43.030483333333301	46046.3864217873	6	26031642
175_3_A_0-3	26031643_175_3_A_0-3.D	Sample	46101.1565398495	24.036950000000001	8596561.65888718	28.666966666666699	9350254.70285137	28.7707333333333	1338944.0956589	29.0430833333333	2755140.07440122	29.438649999999999	472721.632905662	30.0157833333333	922938.878332411	30.223283333333299	34239.4754999999	31.085750000000001	413954.985125	42.796999999999997	2910529.70596878	43.023966666666702	255121.92612238	6	26031643
QC6h	26031644_QC6h.D	QC	46101.209118171297	24.036916666666698	8842971.76335615	28.66695	9635159.37785643	28.770716666666701	2569132.64025074	29.0430666666667	1957413.84141971	29.4386333333333	363428.067330377	30.0157666666667	1636479.53873347	30.2167833333333	60235.159991105	31.085716666666698	865792.636360584	42.796983333333301	3458496.79711847	43.023949999999999	303081.819410719	6	26031644
175_3_A_3-6	26031645_175_3_A_3-6.D	Sample	46101.261719618102	24.0499333333333	7799120.42727157	28.673483333333301	8444203.73448112	28.803166666666701	11401434.1683003	29.056066666666698	2287383.44822573	29.451633333333302	328469.744198512	30.035250000000001	8941270.47599992	30.229800000000001	243454.885934015	31.105216666666699	7905752.51130366	42.8035	9608273.31616606	43.030466666666698	1647156.8001974	6	26031645
175_3_A_AH	26031646_175_3_A_AH.D	Sample	46101.314310578702	24.056483333333301	5821313.16568033	28.699483333333301	5800718.34533338	28.816199999999998	4456246.85075497	29.062616666666699	1111772.11614287	29.471150000000002	49297.9628763744	30.041799999999999	3176631.50057144	30.255783333333301	303257.158499998	31.098800000000001	995945.938765637	42.803566666666697	4332806.88175294	43.0240333333333	524827.460421425	6	26031646
175_3_A_BL	26031647_175_3_A_BL.D	Sample	46101.3668753241	24.049949999999999	5321486.56291081	28.673500000000001	5613038.19822497	28.796700000000001	2058664.07840088	29.043116666666702	538064.588617115	29.4646333333333	29797.4580168679	30.028783333333301	1381648.90855941	30.2363	79033.3208738194	31.092266666666699	235251.908272031	42.803516666666702	3258493.09127074	43.024000000000001	341968.0177331	6	26031647
Blank6b	26031648_Blank6b.D	Blank	46101.419470983798	24.01745	8524032.85863593	28.653966666666701	8709317.14804237	28.855	0	29.030083333333302	814.230500000009	29.140316666666699	0	30.009266666666701	2282.41185751821	29.911999999999999	0	31.176500000000001	0	42.777516666666699	1325.3755	42.777516666666699	0	6	26031648
Std_0_2	26031649_Std_0.D	Std	46101.4720431366	24.036899999999999	8364686.09008323	28.666933333333301	9118923.65791688	28.770700000000001	2565736.09017016	29.043050000000001	1850020.11347747	29.4386166666667	340289.546889057	30.015750000000001	1553409.11931511	30.22325	58807.3015916336	31.085699999999999	842248.58652445	42.796966666666698	3337552.69392742	43.0239166666667	287100.825000001	6	26031649
Std_1_2	26031650_Std_1.D	Std	46101.524604814796	24.0370666666667	8073914.25969038	28.660616666666701	8751796.01567792	28.770849999999999	4009853.36228722	29.043199999999999	4033145.18786484	29.438766666666702	709305.611166671	30.015899999999998	1974545.67656647	30.216933333333301	86168.4990612244	31.0858666666667	1876417.6265405	42.803600000000003	4831787.16870944	43.024083333333301	419577.001456788	6	26031650
Std_2_2	26031651_Std_2.D	Std	46101.577174432903	24.037050000000001	8032267.79490638	28.660599999999999	8752735.99434886	28.777333333333299	5025205.83805597	29.049683333333299	4912814.68412407	29.438766666666702	884267.795595853	30.015899999999998	2280015.31537393	30.223400000000002	96455.7780283139	31.09235	2384531.47778334	42.800449999999998	5633108.1454885	43.024066666666698	516014.813684554	6	26031651
Std_3_2	26031652_Std_3.D	Std	46101.629734652801	24.036999999999999	8003592.35572946	28.660550000000001	8735564.47268169	28.777266666666701	5458335.276516	29.049633333333301	4956486.57502435	29.438700000000001	904093.712424882	30.015833333333301	2383788.15248048	30.2298333333333	100629.963114944	31.092283333333299	2488040.13220196	42.803550000000001	6169422.46221294	43.024016666666697	586527.510000012	6	26031652
Std_4_2	26031653_Std_4.D	Std	46101.6822941551	24.043399999999998	8562229.94015353	28.66695	9241830.71774713	28.783666666666701	9054193.00524401	29.0560166666667	8536213.04081731	29.4451	1696734.20147943	30.0222333333333	3650043.34184237	30.22325	149944.523599964	31.092199999999998	4073706.43787678	42.809933333333298	8195498.71566582	43.030416666666703	1078399.85379411	6	26031653
Std_5_2	26031654_Std_5.D	Std	46101.734871562498	24.037116666666702	7997570.33097956	28.667149999999999	8705503.66131167	28.7838666666667	10125396.9367162	29.0562166666667	9600303.86991997	29.4453	2014652.08364939	30.01595	3886572.17796721	30.223466666666699	162475.59672534	31.098883333333301	4807484.85085264	42.810133333333297	8486978.97883896	43.030616666666702	1176299.28485665	6	26031654
QC6i	26031655_QC6i.D	QC	46101.7874766319	24.037133333333301	7985903.59771826	28.657916666666701	8751266.56861054	28.7709166666667	2374065.18611538	29.043283333333299	1720395.46725326	29.438833333333299	327860.483601236	30.015966666666699	1467538.17640579	30.223483333333299	53108.7660022463	31.085933333333301	785583.88739394	42.797199999999997	3017237.38917327	43.024149999999999	265106.367602703	6	26031655
QC7a	26031801_QC7a.D	QC	46101.840043368102	24.0369666666667	7808754.55883306	28.660516666666702	8505308.3672264	28.77075	2023198.21760389	29.043099999999999	1500013.03655477	29.432183333333299	271732.173148947	30.015799999999999	1268895.71634257	30.223299999999998	50668.2168749487	31.0857666666667	707578.08553205	42.7970166666667	2565487.59315543	43.023983333333298	229192.204905339	7	26031801
Std_0_1	26031802_Std_0.D	Std	46101.8926374074	24.0436333333333	8469750.58561924	28.660699999999999	9324463.07685377	28.7709333333333	2342775.44841861	29.043283333333299	1772629.19051107	29.438849999999999	337938.100662495	30.015983333333299	1479828.57601081	30.229983333333301	58101.523294941	31.08595	826458.435825533	42.797199999999997	3190278.57125192	43.024166666666702	278731.009473208	7	26031802
Std_1_1	26031803_Std_1.D	Std	46101.945236504602	24.037099999999999	8705557.34720143	28.6671333333333	9475586.22107682	28.777366666666701	4823525.87124658	29.049716666666701	4709958.86250208	29.438800000000001	850704.968605778	30.015933333333301	2260355.06482949	30.22345	97807.9035000001	31.092383333333299	2021441.4891238	42.803633333333302	5332533.87398871	43.0306	496620.660540907	7	26031803
Std_2_1	26031804_Std_2.D	Std	46101.997806493098	24.03715	7615117.37421394	28.660683333333299	8240426.84797625	28.777416666666699	4826252.40171721	29.043283333333299	4538563.42180816	29.438849999999999	815479.79875	30.015983333333299	2105058.67627558	30.223483333333299	91745.4521249613	31.0924333333333	2068646.2043875	42.801566666666702	5038142.84975501	43.024166666666702	447349.856596043	7	26031804
Std_3_1	26031805_Std_3.D	Std	46102.050422048596	24.0369666666667	7592496.22013714	28.660499999999999	8229672.28512093	28.777233333333299	4800097.18156092	29.043099999999999	4425069.76507096	29.438666666666698	798254.980971195	30.015799999999999	2017348.79337977	30.223299999999998	89722.2334889235	31.0857666666667	2251904.13350051	42.8035	5424533.34853275	43.023983333333298	495800.396709339	7	26031805
Std_4_1	26031806_Std_4.D	Std	46102.102980833297	24.03715	7651122.22563137	28.660699999999999	8356136.62960458	28.783899999999999	7551590.49968598	29.049783333333298	7347056.55787906	29.438849999999999	1346635.11929082	30.015983333333299	2968278.97423585	30.223500000000001	129789.941090214	31.0924333333333	3551554.81424999	42.805033333333299	7010080.12963611	43.024166666666702	763769.090922636	7	26031806
Std_5_1	26031807_Std_5.D	Std	46102.155560046303	24.037016666666698	7856292.42796264	28.6605666666667	8633805.12603006	28.7837666666667	9865586.39891997	29.0561333333333	9524785.7195009	29.4452	1992188.48711744	30.01585	3701146.11670168	30.223366666666699	177224.695066669	31.098783333333301	4952578.9211808	42.808066666666697	8356797.42028566	43.030516666666699	1162437.76317184	7	26031807
QC7b	26031808_QC7b.D	QC	46102.208140162002	24.0369666666667	8346859.42759178	28.667000000000002	9085394.18646052	28.77075	2300208.25845534	29.043099999999999	1740264.53583671	29.438666666666698	332681.142912422	30.015799999999999	1433718.99404887	30.223316666666701	55559.3098922645	31.0857666666667	811559.12014152	42.8035	2997008.4200718	43.023983333333298	260545.701792537	7	26031808
Blank7a	26031809_Blank7a.D	Blank	46102.2607164699	24.017566666666699	6200606.72550002	28.647600000000001	6566152.6011042	28.855116666666699	0	29.030200000000001	2862.46399999997	29.153400000000001	0	29.996400000000001	3481.49900000001	29.769449999999999	0	31.079350000000002	1472.98000000002	42.797083333333298	1586.15400000006	43.030533333333302	0	7	26031809
064_2_A_0-3	26031810_064_2_A_0-3.D	Sample	46102.313294224499	24.036899999999999	8031855.29331264	28.660450000000001	8885412.29170274	28.764199999999999	805057.718922519	29.036549999999998	575207.457999998	29.432116666666701	106786.099036738	30.015733333333301	390496.032219363	30.2297166666667	91346.3625105544	31.085699999999999	201427.086626168	42.796950000000002	1579121.2371387	43.017433333333301	162682.769783042	7	26031810
064_2_A_BL	26031811_064_2_A_BL.D	Sample	46102.365859155099	24.056466666666701	6196497.93435856	28.68	7400677.44250234	28.7967333333333	6229967.87878579	29.049633333333301	883107.548681772	29.477616666666702	64320.81717436	30.035299999999999	2301527.62789909	30.249283333333299	1069420.42681252	31.092283333333299	1386791.20658075	42.797066666666701	425803.68329014	43.036999999999999	160153.597175828	7	26031811
064_2_A_3-6	26031812_064_2_A_3-6.D	Sample	46102.418445601797	24.043516666666701	7516355.45073706	28.66705	8435329.92779868	28.7837833333333	3554091.76263413	29.036683333333301	336490.358683944	29.445216666666699	31289.5607860619	30.022349999999999	1926577.50670984	30.236333333333299	205094.495653401	31.085833333333301	1085605.16257519	42.810049999999997	7405800.85941174	43.024050000000003	857529.788118856	7	26031812
064_2_A_AH	26031813_064_2_A_AH.D	Sample	46102.4710054514	24.049949999999999	6647686.6604267	28.679983333333301	8129875.09207196	28.796700000000001	7110801.05035123	29.049600000000002	735812.559018394	29.4711	84409.6331517773	30.035266666666701	1990040.70076073	30.249266666666699	1102483.66761402	31.092266666666699	2070044.59314916	42.797033333333303	325003.452880126	43.030483333333301	103039.397839344	7	26031813
QC7c	26031814_QC7c.D	QC	46102.523588286997	24.0436333333333	8565953.70026789	28.660683333333299	9325863.69654545	28.777416666666699	2356239.43865914	29.043283333333299	1768637.1109376	29.438849999999999	332883.349420581	30.015983333333299	1477567.24261111	30.223483333333299	57591.9972524908	31.08595	828522.50212292	42.803683333333304	3039056.07237981	43.017683333333302	270260.335123473	7	26031814
163_3_A_3-6	26031815_163_3_A_3-6.D	Sample	46102.576173831003	24.036950000000001	8180243.86260822	28.660499999999999	8970307.95499993	28.7642666666667	1052954.18100001	29.0301333333333	58560.5658988713	29.445150000000002	6169.70092817225	30.009316666666699	770494.478883086	30.216816666666698	33162.9946500774	31.0857666666667	433529.017800003	42.7970166666667	2496097.36253698	43.023983333333298	229754.067007169	7	26031815
163_3_A_BL	26031816_163_3_A_BL.D	Sample	46102.628744895803	24.056383333333301	6396685.00314468	28.705866666666701	6729415.84910489	28.829083333333301	3078359.38620001	29.081983333333302	1143046.36806035	29.484033333333301	50686.3548062949	30.054683333333301	3735299.24368995	30.262183333333301	207993.375438729	31.105183333333301	384104.663570689	42.796983333333301	806602.02788463	43.023949999999999	128721.885426494	7	26031816
163_3_A_AH	26031817_163_3_A_AH.D	Sample	46102.681347974503	24.043500000000002	7609514.41666728	28.6735166666667	8361504.79986691	28.79025	1445635.65482476	29.043150000000001	354300.868537751	29.471133333333299	29670.348964892	30.0288166666667	1201598.14119316	30.236316666666699	71528.5007177563	31.085816666666702	114206.336303351	42.790583333333302	179252.043023263	43.0240333333333	34399.5548222221	7	26031817
163_3_A_0-3	26031818_163_3_A_0-3.D	Sample	46102.733938946803	24.037116666666702	8191911.26952494	28.6606666666667	8935936.87301032	28.770900000000001	1029467.93070023	29.036766666666701	1068652.93473943	29.4388166666667	207002.689987409	30.01595	937796.652677352	30.22345	29424.6867459492	31.085916666666702	324850.153163194	42.797166666666698	1927271.82120247	43.017650000000003	180741.110500001	7	26031818
193_3_A_3-6	26031819_193_3_A_3-6.D	Sample	46102.786527916702	24.030449999999998	7026268.06127441	28.654	7536339.07884996	28.757750000000001	470147.34273442	29.0301166666667	44770.3142756709	29.4256666666667	8900.29676194004	30.0092833333333	356045.91236923	30.216799999999999	16716.2325790724	31.079249999999998	233371.015749999	42.790516666666697	1257882.91111576	43.023949999999999	129570.402563551	7	26031819
QC7d	26031820_QC7d.D	QC	46102.839087789398	24.037116666666702	7578651.32552128	28.6606666666667	8181694.6984662	28.770900000000001	1894894.00416237	29.036766666666701	1384834.58622535	29.4388166666667	259764.631505374	30.01595	1190073.45316788	30.22345	48650.4874597709	31.085916666666702	668632.228571128	42.797166666666698	2176572.90870311	43.024133333333303	199426.641675975	7	26031820
193_3_A_BL	26031821_193_3_A_BL.D	Sample	46102.891672418998	24.049966666666698	7288534.89320431	28.68	7777849.57401997	28.7967166666667	2670165.11736499	29.043133333333301	607793.387260349	29.477599999999999	45170.7898733684	30.0288	1912123.77889688	30.236316666666699	73911.6765055067	31.092283333333299	507965.636437319	42.797049999999999	281088.286375543	43.017533333333297	54076.6636672701	7	26031821
193_3_A_0-3	26031823_193_3_A_0-3.D	Sample	46102.996812210702	24.037116666666702	9028620.55597772	28.6671333333333	9962216.6419583	28.764416666666701	710396.31503202	29.036766666666701	1069367.42197158	29.4323333333333	218729.451744774	30.0094666666667	549808.779233618	30.2169666666667	26150.0310333359	31.085916666666702	269015.833094297	42.797166666666698	2040257.87457138	43.024133333333303	217599.307207734	7	26031823
086_3_A_AH	26031824_086_3_A_AH.D	Sample	46103.049389432897	24.0500166666667	7016431.16729467	28.673566666666702	7438038.87582089	28.783799999999999	1730416.51978159	29.043199999999999	352367.997858324	29.464700000000001	22959.3890994626	30.022366666666699	1028052.1625	30.242850000000001	72131.2668356981	31.085850000000001	327991.404798853	42.7906166666667	121483.874499999	43.024066666666698	36453.6659581398	7	26031824
086_3_A_0-3	26031825_086_3_A_0-3.D	Sample	46103.101935729203	24.036933333333302	9016363.97000007	28.66695	9907026.94485124	28.770716666666701	1043196.89854414	29.0430666666667	3228005.34276932	29.4386333333333	553570.042302688	30.0092833333333	720366.804490483	30.2167833333333	30900.9196264852	31.079249999999998	320736.669211113	42.796983333333301	1573320.90145181	43.023949999999999	167466.706856951	7	26031825
QC7e	26031826_QC7e.D	QC	46103.154506064799	24.043616666666701	9491392.33200184	28.667149999999999	10388379.4458014	28.7774	2908827.32605634	29.0432666666667	2224267.73265412	29.445316666666699	406262.829117151	30.015966666666699	1803599.50796212	30.223466666666699	73278.3206197543	31.085933333333301	1029010.45804974	42.8036666666667	3790916.72435956	43.024149999999999	340693.472498251	7	26031826
086_3_A_3-6	26031827_086_3_A_3-6.D	Sample	46103.207101921304	24.0370833333333	9356024.89252968	28.667116666666701	10237550.3982409	28.777349999999998	4645118.90562394	29.036733333333299	339568.944569265	29.438783333333301	69015.3905520673	30.015916666666701	2254054.2900803	30.223416666666701	94874.2977273367	31.0858833333333	1996682.64985565	42.803616666666699	3349445.3692327	43.017616666666697	291716.248923185	7	26031827
086_3_A_BL	26031828_086_3_A_BL.D	Sample	46103.259676608803	24.0564	8293064.01164343	28.686433333333301	9259891.93736409	28.803149999999999	2653570.02845302	29.049566666666699	702261.078825346	29.477550000000001	47217.9732726423	30.035233333333299	1814993.9051346	30.242750000000001	128067.085888109	31.0987166666667	375920.204937503	42.796999999999997	305572.21330846	43.030450000000002	71004.3940198671	7	26031828
074_3_A_AH	26031829_074_3_A_AH.D	Sample	46103.312262152802	24.050066666666702	8941034.70651178	28.6736166666667	9728458.68450663	28.783850000000001	2670794.10865639	29.043233333333301	307407.541999999	29.471216666666699	47522.9780826896	30.0289	987327.104875726	30.2364	154951.498895583	31.085899999999999	493173.646496764	42.797150000000002	152152.350999998	43.0241166666667	26317.2599794312	7	26031829
074_3_A_0-3	26031830_074_3_A_0-3.D	Sample	46103.364842627299	24.037099999999999	9441972.97764653	28.66065	10117026.4262081	28.757916666666699	150511.834849686	29.036766666666701	1155305.03412499	29.4323333333333	229948.52531089	30.0094666666667	142917.382922221	30.22345	12515.250232149	31.079416666666699	60671.7181476186	42.790683333333298	786678.80125051	43.017633333333301	92420.4905702618	7	26031830
074_3_A_BL	26031831_074_3_A_BL.D	Sample	46103.417446794003	24.037016666666698	9491438.40263482	28.66705	10342263.1423658	28.770800000000001	521065.570251732	29.036666666666701	67185.1629754621	29.458166666666699	13913.3754774085	30.0093666666667	335361.868584437	30.229849999999999	31682.4723695466	31.085816666666702	146788.776761513	42.790583333333302	57605.5353251324	43.0240333333333	8228.485542316	7	26031831
QC7f	26031832_QC7f.D	QC	46103.470033414298	24.037099999999999	9148841.09323828	28.6671333333333	10035567.2548101	28.777383333333301	2714471.2886833	29.04325	2075630.63592308	29.4388166666667	385123.73544824	30.01595	1697330.64756849	30.22345	66197.8760420365	31.085899999999999	934825.609452302	42.797166666666698	3660428.26404358	43.024133333333303	325812.013844961	7	26031832
074_3_A_3-6	26031833_074_3_A_3-6.D	Sample	46103.522625833299	24.036999999999999	9099880.59113172	28.667033333333301	9958546.77566655	28.764299999999999	1178665.84064485	29.043133333333301	673375.431045196	29.438700000000001	136779.041465929	30.009350000000001	840358.508181468	30.22335	41780.3615574033	31.085799999999999	612416.839204172	42.797049999999999	3026773.59385971	43.024016666666697	264243.309097047	7	26031833
040_2_A_BL	26031834_040_2_A_BL.D	Sample	46103.575217338002	24.049949999999999	8569881.28247567	28.679983333333301	9253106.9449402	28.7967166666667	2085796.39508667	29.043133333333301	543649.296071541	29.4646333333333	22238.7944768928	30.0288	1822147.11963221	30.223333333333301	84229.7129628382	31.092266666666699	326002.908617923	42.797049999999999	305369.87140224	43.024000000000001	59694.2234721471	7	26031834
040_2_A_0-3	26031835_040_2_A_0-3.D	Sample	46103.627826932898	24.043566666666699	9234178.31860553	28.667116666666701	10185692.965544	28.777349999999998	2077395.50909814	29.043216666666702	4845468.65348418	29.438783333333301	836079.538070622	30.015916666666701	1757874.97787138	30.223433333333301	47569.4847328857	31.0858833333333	694351.296922407	42.797133333333299	2770627.23699009	43.024099999999997	251955.90055706	7	26031835
040_2_A_AH	26031836_040_2_A_AH.D	Sample	46103.680414456001	24.043483333333299	7574757.87591653	28.667016666666701	8269497.74721749	28.783750000000001	1790583.92523076	29.036650000000002	262240.656391491	29.471116666666699	26261.3254645613	30.022316666666701	1053202.02224479	30.2298166666667	54850.1987248391	31.085799999999999	297741.440950696	42.790566666666699	109557.090348485	43.024016666666697	27724.1230000003	7	26031836
040_2_A_3-6	26031837_040_2_A_3-6.D	Sample	46103.732984629598	24.036916666666698	9162571.50270057	28.6604666666667	9966959.20736051	28.764216666666702	1901339.80200002	29.030083333333302	107832.448381685	29.432133333333301	19211.0852681301	30.015750000000001	1243966.0789375	30.2167833333333	54861.1767914282	31.085716666666698	1008054.22417621	42.796983333333301	3914817.9676774	43.023933333333297	347606.893642351	7	26031837
QC7g	26031838_QC7g.D	QC	46103.785566550898	24.043466666666699	9479627.12924803	28.667016666666701	10365865.2507857	28.777249999999999	2894114.27249998	29.043116666666702	2220604.51123087	29.438683333333302	408220.100645829	30.015816666666701	1786890.97503805	30.223333333333301	69844.7986339462	31.0857833333333	1013101.911	42.803516666666702	3895057.11659726	43.024000000000001	343234.561646975	7	26031838
008_1_A_0-3	26031839_008_1_A_0-3.D	Sample	46103.838137986102	24.043466666666699	8775232.98213597	28.667016666666701	9606462.08999998	28.770766666666699	1268804.31136113	29.07555	16245642.2688323	29.451650000000001	5481959.54791906	30.015816666666701	1547025.9459739	30.223333333333301	22885.9659949953	31.0857833333333	358257.621947357	42.797033333333303	960317.471396815	43.024000000000001	106922.239373428	7	26031839
008_1_A_3-6	26031840_008_1_A_3-6.D	Sample	46103.890717372698	24.049949999999999	8571609.13663904	28.679983333333301	9385901.60515909	28.81615	16666300.2188076	29.056083333333302	2506913.08310048	29.458133333333301	327638.549501663	30.0482333333333	15307716.9882579	30.236283333333301	280408.923922021	31.111716666666702	9418636.78800001	42.803516666666702	3880229.83651282	43.030483333333301	384699.916859395	7	26031840
008_1_A_BL	26031841_008_1_A_BL.D	Sample	46103.9432813889	24.050049999999999	5761323.25324295	28.693049999999999	5988146.53132875	28.8097833333333	2270964.716418	29.0626833333333	1015636.7202346	29.484183333333299	94098.0437044453	30.04185	2550386.93623589	30.2364	83904.9937656177	31.098849999999999	169304.72761111	42.797133333333299	543137.716959427	43.024099999999997	77779.0229568044	7	26031841
008_1_A_AH	26031842_008_1_A_AH.D	Sample	46103.9958680208	24.0500333333333	6111920.82226526	28.68655	6415166.56128148	28.803266666666701	3410617.79200115	29.056166666666702	1136775.66654546	29.4711833333333	121441.97412825	30.041833333333301	3518738.54830467	30.223416666666701	99906.7450115421	31.09235	228771.490289472	42.797116666666703	569329.845829459	43.030566666666701	85035.8383752117	7	26031842
216_1_B_AH	26031843_216_1_B_AH.D	Sample	46104.048456088	24.06305	7310482.59229815	28.706050000000001	7133764.989779	28.829249999999998	5698626.72399999	29.075666666666699	1441617.90533333	29.484200000000001	101677.016329538	30.048366666666698	4678561.81599995	30.262366666666701	314890.110970309	31.11185	1481230.40621111	42.797166666666698	703913.883833711	43.030616666666702	186777.232987678	7	26031843
QC7h	26031844_QC7h.D	QC	46104.101030416699	24.043616666666701	9205478.84649131	28.667166666666699	10029977.2132324	28.7774	2704418.53650433	29.043283333333299	2043822.54912177	29.438833333333299	377522.907294024	30.015966666666699	1679174.38126617	30.229966666666702	63768.6332837073	31.085933333333301	958442.435072933	42.797199999999997	3708511.73805402	43.024149999999999	317963.016462635	7	26031844
216_1_B_BL	26031845_216_1_B_BL.D	Sample	46104.153617766198	24.06305	8038713.70061586	28.712533333333301	7796232.6003007	28.824533333333299	3156772.08800001	29.069183333333299	1202106.120535	29.490683333333301	97642.5474060663	30.048366666666698	4182172.79359996	30.255883333333301	219753.991629475	31.105366666666701	1080627.5312625	42.797166666666698	914312.037421109	43.024133333333303	180621.633202163	7	26031845
216_1_B_0-3	26031846_216_1_B_0-3.D	Sample	46104.206198784697	24.037033333333301	9074555.36617502	28.667066666666699	9922264.63349995	28.7708166666667	278817.686172479	29.0302166666667	67800.1607550901	29.451716666666702	5059.34468828177	30.0093833333333	319534.991665337	30.223383333333299	14528.0165881679	31.079350000000002	47381.9661010263	42.784133333333301	59843.1134691878	43.011083333333303	11304.8990282154	7	26031846
216_1_B_3-6	26031847_216_1_B_3-6.D	Sample	46104.258805127298	24.0500333333333	8974220.25083381	28.667100000000001	9897396.46489309	28.777333333333299	690588.385866666	29.036716666666699	251398.833582325	29.464700000000001	23377.3560677272	30.022383333333298	984378.827822951	30.2428666666667	35256.0478180527	31.09235	93513.3140385126	42.790633333333297	177240.612609834	43.017600000000002	31242.3786112455	7	26031847
Blank7b	26031848_Blank7b.D	Blank	46104.311411273098	24.0239166666667	9341526.20134666	28.653949999999998	9651202.52099999	28.854983333333301	0	29.153266666666699	0	29.153266666666699	0	30.015733333333301	2275.71681578947	29.924949999999999	0	31.157016666666699	0	41.992849999999997	1228.66750000002	NA	0	7	26031848
Std_0_2	26031849_Std_0.D	Std	46104.363981273098	24.043416666666701	9638250.5119412	28.666966666666699	10577896.9273605	28.777200000000001	2818362.60799998	29.0430666666667	2219532.72722594	29.4386333333333	403022.369013397	30.0157666666667	1798955.07159136	30.223283333333299	70010.3308151176	31.085733333333302	1020921.58337501	42.796983333333301	3857645.97707037	43.023949999999999	336947.81836208	7	26031849
Std_1_2	26031850_Std_1.D	Std	46104.416553425901	24.043416666666701	9031221.31368346	28.666966666666699	9908336.20358236	28.7772166666667	4675735.08263021	29.049566666666699	5134195.55076555	29.438649999999999	937664.79452221	30.0157833333333	2458264.00289	30.223283333333299	107749.477791781	31.092233333333301	2640000.37617375	42.803483333333297	5758111.47671088	43.023949999999999	543630.018561849	7	26031850
Std_2_2	26031851_Std_2.D	Std	46104.469128472199	24.04365	9210759.75949053	28.667200000000001	10032811.976634	28.783916666666698	5827073.91681941	29.049783333333298	6020361.17518354	29.438866666666701	1120427.05005968	30.015999999999998	2871332.47904953	30.223500000000001	124322.003608886	31.092449999999999	3189749.71428673	42.803699999999999	6498546.19375092	43.024183333333298	672223.520773633	7	26031851
Std_3_2	26031852_Std_3.D	Std	46104.5216914005	24.043666666666699	9305098.69482489	28.667200000000001	10162965.2176807	28.783933333333302	6407642.66399997	29.049800000000001	6311176.66201626	29.438883333333301	1190575.08539	30.022500000000001	2931077.76280015	30.223516666666701	130491.683937561	31.092466666666699	3516323.33141281	42.803716666666702	7118082.57722544	43.024183333333298	794704.998345745	7	26031852
Std_4_2	26031853_Std_4.D	Std	46104.574283634298	24.043366666666699	9878012.51804037	28.666916666666701	10713545.801092	28.790116666666702	10374969.073301	29.055983333333302	9970547.1256854	29.445066666666701	2188703.44792596	30.022200000000002	4463038.69464109	30.229700000000001	204104.701214773	31.098649999999999	5329619.66138088	42.808233333333298	8836314.68702484	43.030383333333297	1387038.34083366	7	26031853
Std_5_2	26031854_Std_5.D	Std	46104.626878379597	24.043433333333301	9672281.10164784	28.666983333333299	10491499.281237	28.790183333333299	12847282.7892956	29.062550000000002	11748403.695121	29.445133333333299	2905380.64990522	30.022266666666699	5236702.31258691	30.223299999999998	242570.247969445	31.0987166666667	6437952.02230051	42.803483333333297	9697146.43515368	43.030450000000002	1853934.86784933	7	26031854
QC7i	26031855_QC7i.D	QC	46104.679453275501	24.037050000000001	9420272.03086474	28.667083333333299	10262360.3374843	28.7773166666667	2769092.11600005	29.0431833333333	2166195.510029	29.438749999999999	406117.40638481	30.015883333333299	1731017.3682377	30.223400000000002	70159.1496575267	31.085850000000001	1006011.35313271	42.7971	3659379.44685447	43.024066666666698	313336.384816881	7	26031855
QC8a	26032301_QC8a.D	QC	46104.732054907399	24.043500000000002	9347982.66311061	28.66705	10280399.4068264	28.777283333333301	2825799.83813428	29.043150000000001	2204241.18752887	29.4387166666667	405159.583611989	30.01585	1758444.02792911	30.223366666666699	82384.8420047967	31.085816666666702	1066134.8721	42.797066666666701	3832421.30159221	43.01755	345487.848487568	8	26032301
Std_0_1	26032302_Std_0.D	Std	46104.784626516201	24.04365	9309561.45576067	28.667200000000001	10270855.7530275	28.777433333333299	2831445.26800004	29.043299999999999	2168057.91215834	29.438866666666701	398175.547045766	30.015999999999998	1752600.37634528	30.223516666666701	78686.5780000002	31.0859666666667	1065440.80962643	42.797216666666699	3842896.78911039	43.024183333333298	336138.343999999	8	26032302
Std_1_1	26032303_Std_1.D	Std	46104.837206087999	24.043483333333299	9303573.42497096	28.667033333333301	10213147.2891598	28.777266666666701	5309273.75184121	29.049616666666701	5290695.98136514	29.438700000000001	957518.521681058	30.015833333333301	2489778.5858823	30.223333333333301	136363.983402069	31.092283333333299	2374045.56972236	42.797049999999999	6019846.55085431	43.024016666666697	604784.877841642	8	26032303
Std_2_1	26032304_Std_2.D	Std	46104.889807175903	24.043533333333301	9504841.34237678	28.667066666666699	10334796.9573942	28.783799999999999	6727679.75748901	29.049666666666699	6432840.03306891	29.438749999999999	1191964.41568588	30.015883333333299	3013047.54944797	30.229866666666702	158673.769359317	31.092333333333301	3192604.81941031	42.8035833333333	6738124.6275095	43.024066666666698	740739.617259261	8	26032304
Std_3_1	26032305_Std_3.D	Std	46104.942393275502	24.0369666666667	8631240.81818704	28.660516666666702	9641994.41009451	28.77075	4414808.07333696	29.043116666666702	4441270.3693652	29.438666666666698	785407.49179437	30.015799999999999	1757312.23853589	30.223316666666701	132402.070336365	31.09225	2768826.34079167	42.7970166666667	5388723.26458972	43.023983333333298	517300.768919991	8	26032305
Std_4_1	26032306_Std_4.D	Std	46104.994981342599	24.043516666666701	8678146.8721823	28.667066666666699	9630441.78219924	28.7837833333333	9150797.96286392	29.049883333333302	8906456.97354825	29.445216666666699	1757621.11676471	30.0158666666667	3734527.60189583	30.223366666666699	216654.140000001	31.092316666666701	4706083.42736829	42.810049999999997	8036050.61453796	43.024050000000003	1068664.94475855	8	26032306
Std_5_1	26032307_Std_5.D	Std	46105.047582245403	24.043366666666699	9082084.29317568	28.666916666666701	10032392.46133	28.790133333333301	12008043.1147313	29.054566666666702	11082720.8995233	29.445083333333301	2694699.57547505	30.022216666666701	4913021.83905453	30.2297166666667	294402.662103029	31.098666666666698	6247158.46616998	42.803433333333302	9171249.94959342	43.0304	1677950.3314143	8	26032307
QC8b	26032308_QC8b.D	QC	46105.1001703125	24.0436333333333	9565219.58965095	28.667183333333298	10468492.1391382	28.777416666666699	2955481.80985199	29.043283333333299	2275110.10825668	29.438849999999999	413878.169251467	30.015983333333299	1828094.22861408	30.223500000000001	87945.3249245139	31.08595	1126433.81300001	42.797199999999997	3902935.4014733	43.024166666666702	337099.926130243	8	26032308
Blank8a	26032309_Blank8a.D	Blank	46105.152739768499	24.024183333333301	9109280.64499995	28.654216666666699	9448081.61822359	28.855250000000002	0	29.01735	3401.05700000003	29.1535333333333	0	30.009499999999999	3012.95629348808	29.769583333333301	0	31.092449999999999	1527.346	42.797216666666699	1001.2395	42.797216666666699	0	8	26032309
103_3_A_AH	26032310_103_3_A_AH.D	Sample	46105.205301620401	24.0499333333333	8035073.62487944	28.686450000000001	8130425.30847417	28.796683333333299	2641908.76799998	29.049583333333299	533306.627441451	29.464600000000001	27279.8531316326	30.028766666666701	1324265.49257143	30.242750000000001	90147.5692246301	31.09225	335411.971337561	42.7905333333333	254033.840953883	43.017483333333303	48610.74457968	8	26032310
103_3_A_0-3	26032311_103_3_A_0-3.D	Sample	46105.257876655101	24.0370666666667	9363361.34968521	28.667100000000001	10228341.626355	28.7643666666667	754302.63740178	29.036716666666699	545122.331673989	29.432283333333299	113768.414587034	30.009416666666699	530638.926812498	30.216933333333301	27259.867212527	31.0858666666667	319886.113435684	42.790633333333297	1230424.2738683	43.017600000000002	132487.649999999	8	26032311
103_3_A_BL	26032312_103_3_A_BL.D	Sample	46105.310456597203	24.03715	4115140.62851095	28.667183333333298	4339366.03199506	28.790383333333299	1819215.03447395	29.043283333333299	518048.532797557	29.464783333333301	28794.8645385832	30.035433333333302	1679245.34018291	30.236466666666701	69183.8326964842	31.0924333333333	213174.316789493	42.797199999999997	402386.75003691	43.024166666666702	69163.7481222915	8	26032312
103_3_A_3-6	26032313_103_3_A_3-6.D	Sample	46105.363028530097	24.036916666666698	8723865.35465596	28.6604666666667	9653891.94771603	28.764216666666702	687608.115500002	29.030100000000001	46772.1046124799	29.451599999999999	6347.46726465172	30.009266666666701	435123.595685187	30.2103	29271.621333333	31.079233333333299	323380.059589285	42.796983333333301	2236973.11023414	43.017449999999997	211263.790841244	8	26032313
QC8c	26032314_QC8c.D	QC	46105.4156097222	24.043583333333299	9254339.09301451	28.6671333333333	10015126.5836548	28.777383333333301	2696689.74290627	29.04325	2109145.23825107	29.4388166666667	383092.410490539	30.015933333333301	1703297.08949324	30.22345	80008.0775769164	31.085899999999999	1042064.49439883	42.797166666666698	3703620.53683786	43.017633333333301	320234.071838973	8	26032314
091_1_A_3-6	26032315_091_1_A_3-6.D	Sample	46105.468189120402	24.049966666666698	9279493.6980642	28.667033333333301	10196286.2500355	28.7967166666667	10777420.47054	29.043133333333301	1092835.99991735	29.445183333333301	175743.196712462	30.022316666666701	8070744.44085015	30.223333333333301	213439.805250002	31.098766666666702	5718800.52297615	42.797049999999999	1504974.63676727	43.017533333333297	167647.941683454	8	26032315
091_1_A_0-3	26032316_091_1_A_0-3.D	Sample	46105.5207889468	24.036933333333302	8986489.66280454	28.6604833333333	9779720.88872927	28.764233333333301	1592960.07411151	29.047733333333301	10596291.0707024	29.4386333333333	2322378.98735833	30.0157666666667	1795128.55637755	30.216799999999999	42090.0739999999	31.085733333333302	636278.10222331	42.790500000000002	547806.349424833	43.017466666666699	71588.7546465763	8	26032316
091_1_A_AH	26032317_091_1_A_AH.D	Sample	46105.573368333302	24.0500333333333	5016458.21927781	28.667100000000001	6376342.90832334	28.783816666666699	3279187.36199242	29.036716666666699	495556.866213856	29.464700000000001	38942.4038077685	30.028866666666701	1449331.76175	30.236383333333301	146100.091049961	31.09235	904934.551199784	42.790633333333297	263647.919943136	43.024083333333301	40029.2911059163	8	26032317
091_1_A_BL	26032318_091_1_A_BL.D	Sample	46105.6259743056	24.063033333333301	5912561.97328381	28.6865666666667	6816529.83493887	28.8097833333333	4138568.23042143	29.0626833333333	953632.80414952	29.477699999999999	84120.8986275741	30.041866666666699	2751897.74685715	30.2428833333333	151107.463109076	31.098849999999999	896439.14599999	42.797150000000002	865124.539004533	43.024099999999997	114164.983248363	8	26032318
129_3_A_0-3	26032319_129_3_A_0-3.D	Sample	46105.678583125002	24.043566666666699	9493131.48300398	28.667116666666701	10453604.6386755	28.777349999999998	1094367.8455	29.043216666666702	2804413.64047344	29.438783333333301	490738.988252048	30.015916666666701	715655.12580287	30.223416666666701	33258.3986285482	31.0858833333333	285976.41293379	42.797133333333299	3899402.5751093	43.024099999999997	333204.191128471	8	26032319
QC8d	26032320_QC8d.D	QC	46105.7311632407	24.043566666666699	9081400.75556338	28.667116666666701	9912496.28031959	28.770866666666699	2701465.73	29.043233333333301	2089061.59332626	29.432300000000001	386986.62220853	30.015916666666701	1688998.50426886	30.223433333333301	81717.8152473734	31.0858833333333	1009284.15527909	42.797150000000002	3648771.3828912	43.024099999999997	312405.865143472	8	26032320
129_3_A_BL	26032321_129_3_A_BL.D	Sample	46105.783756365701	24.049866666666698	9269776.30269934	28.6799	9896664.79097448	28.790133333333301	1522893.77455546	29.043033333333302	276058.143590812	29.45805	17421.8235616172	30.022216666666701	933406.718461017	30.2297166666667	49792.6721236543	31.085699999999999	280602.542282468	42.790466666666703	126093.723476536	43.010950000000001	25089.91631861	8	26032321
129_3_A_3-6	26032322_129_3_A_3-6.D	Sample	46105.836347523102	24.04365	9588142.93415667	28.673683333333301	10673008.9138191	28.783916666666698	5573388.68243046	29.043299999999999	562629.990681331	29.438866666666701	92322.7080105705	30.022483333333302	3072907.26883448	30.229983333333301	107191.780899538	31.092449999999999	2346092.28363549	42.803699999999999	9519289.89162038	43.030666666666697	1520609.65169247	8	26032322
129_3_A_AH	26032323_129_3_A_AH.D	Sample	46105.888906655098	24.043516666666701	9469369.60665237	28.673549999999999	10342921.2545374	28.7773	1995205.57046634	29.036683333333301	227323.519169488	29.458183333333299	24494.6118399012	30.0158666666667	659709.716897495	30.236350000000002	86711.6409758046	31.085833333333301	452258.122322422	42.790599999999998	79362.7575556474	43.024050000000003	17425.8711691078	8	26032323
012_1_A_0-3	26032324_012_1_A_0-3.D	Sample	46105.9414627199	24.030416666666699	8918902.70994551	28.660450000000001	9855239.14400006	28.757716666666699	172581.102868275	29.036566666666701	1492766.88480002	29.432133333333301	285533.818613095	30.009266666666701	127448.608800001	30.2167666666667	10856.5020718805	31.085716666666698	51366.365976557	42.790483333333299	67005.6067413325	43.023933333333297	11037.0289419565	8	26032324
012_1_A_AH	26032325_012_1_A_AH.D	Sample	46105.994034872703	24.0499166666667	8037729.73702397	28.686433333333301	9801409.82073835	28.803149999999999	5086057.53006299	29.049566666666699	554061.173222939	29.464583333333302	39815.8898179572	30.035233333333299	1467055.17335061	30.242733333333302	414374.4283082	31.092233333333301	1058426.87584417	42.796999999999997	373687.456214292	43.017483333333303	60648.7573667502	8	26032325
QC8e	26032326_QC8e.D	QC	46106.0466177083	24.043516666666701	9519208.0348081	28.667066666666699	10401165.3875446	28.7773	2832973.70400001	29.0431833333333	2181189.38007724	29.4387333333333	400102.327400758	30.0158666666667	1745984.47211161	30.223383333333299	83259.2507148187	31.085833333333301	1058395.38594284	42.7971	3724479.94009325	43.017566666666703	321061.848264947	8	26032326
012_1_A_BL	26032327_012_1_A_BL.D	Sample	46106.099158217599	24.063083333333299	8017229.42713186	28.719049999999999	8031833.04409581	28.842266666666699	5894804.35048754	29.0757166666667	1202732.71732777	29.490733333333299	81077.5504421597	30.048400000000001	3278060.45773418	30.268883333333299	392218.624366326	31.111883333333299	2076458.05825897	42.803683333333304	2116797.27162906	43.030650000000001	249192.264444448	8	26032327
012_1_A_3-6	26032328_012_1_A_3-6.D	Sample	46106.151740138899	24.037016666666698	9589180.15555123	28.66705	10392097.9453958	28.777283333333301	5116391.97309461	29.043150000000001	4887979.1971311	29.4387166666667	844178.815996068	30.01585	3304978.09575001	30.22335	142731.914383334	31.085816666666702	2675542.41276167	42.790583333333302	614698.481175713	43.0240333333333	87579.8377614869	8	26032328
034_2_B_3-6	26032329_034_2_B_3-6.D	Sample	46106.204332534697	24.043466666666699	9317338.63972987	28.660533333333301	10175703.9345959	28.764283333333299	384818.746999999	29.030149999999999	78536.6170825264	29.438683333333302	10596.2505671567	30.015816666666701	358915.284163613	30.2363	29599.6857903576	31.0793	69630.9576630371	42.790550000000003	56930.9586306591	43.011033333333302	9489.7148033555	8	26032329
034_2_B_AH	26032330_034_2_B_AH.D	Sample	46106.256910127297	24.049866666666698	7492001.82864579	28.6799	7872966.42692439	28.803100000000001	7792346.7959898	29.049516666666701	680014.000261273	29.471016666666699	46413.5294089313	30.0351833333333	1645417.386	30.249183333333299	721163.595803568	31.098666666666698	3396691.54399998	42.796950000000002	265604.760877507	43.0239166666667	49607.6543074992	8	26032330
034_2_B_0-3	26032331_034_2_B_0-3.D	Sample	46106.309497835602	24.03715	8894193.22083332	28.660699999999999	9676963.29138516	28.7579666666667	221487.422417109	29.0238333333333	38576.0250302937	29.445333333333298	4280.64335936901	30.009499999999999	169698.736971269	30.229983333333301	17557.6869961411	31.08595	51711.8638019579	42.797199999999997	23575.246201266	43.011200000000002	4087.72611203706	8	26032331
QC8f	26032332_QC8f.D	QC	46106.362066562499	24.043566666666699	9260393.78690036	28.667116666666701	10141233.6359069	28.770866666666699	2770503.93411748	29.043233333333301	2112131.60819799	29.438783333333301	397766.662462972	30.015916666666701	1697616.80151315	30.223433333333301	80826.8305344203	31.0858833333333	1042986.25940997	42.797133333333299	3661241.16099242	43.024099999999997	309691.96525803	8	26032332
034_2_B_BL	26032333_034_2_B_BL.D	Sample	46106.414656805602	24.0500333333333	9703060.21004033	28.673583333333301	10493754.4457376	28.790299999999998	2978597.86271773	29.043199999999999	377296.273150375	29.458216666666701	18712.8599501436	30.022383333333298	1185540.95550238	30.236383333333301	142959.782694904	31.09235	702493.348619134	42.797116666666703	234028.158695045	43.024083333333301	39014.4762550211	8	26032333
134_3_A_0-3	26032334_134_3_A_0-3.D	Sample	46106.467240717597	24.045300000000001	8899987.80090009	28.6864666666667	9603733.68790357	28.803183333333301	3246664.47646939	29.075533333333301	10042864.4690519	29.458133333333301	2298706.25885319	30.035266666666701	3067926.7742857	30.236283333333301	106105.43068838	31.092266666666699	936311.689295231	42.816483333333302	8279302.38050453	43.030483333333301	1145565.75545626	8	26032334
134_3_A_3-6	26032335_134_3_A_3-6.D	Sample	46106.519849039403	24.04345	9374857.98899998	28.667000000000002	10225683.2451414	28.783716666666699	3024031.71963612	29.043099999999999	343556.91077509	29.464600000000001	36890.5395535626	30.022283333333299	2226358.4005854	30.223299999999998	76205.057415095	31.09225	950110.910428948	42.8099833333333	7777877.4038393	43.030466666666698	949407.959186134	8	26032335
134_3_A_AH	26032336_134_3_A_AH.D	Sample	46106.572439097203	24.050049999999999	6307355.19450346	28.673583333333301	6680133.5144383	28.796800000000001	4530950.66532108	29.043216666666702	1015638.38893611	29.4647166666667	90783.1708541609	30.0353666666667	1895237.29944259	30.2428666666667	149134.166896463	31.098849999999999	923101.908978027	42.797133333333299	698498.384495161	43.030583333333297	136210.412500002	8	26032336
134_3_A_BL	26032337_134_3_A_BL.D	Sample	46106.6250060069	24.0500333333333	4696520.93505394	28.6995166666667	5474372.45736714	28.8227333333333	3715405.08247846	29.06915	1319862.30533334	29.484166666666699	113181.474306016	30.0483333333333	2997243.69649999	30.262316666666699	143546.654670182	31.111816666666702	704886.658714274	42.803616666666699	1042246.5672517	43.030566666666701	158864.692000002	8	26032337
QC8g	26032338_QC8g.D	QC	46106.677582870398	24.0351833333333	9120175.69837508	28.667083333333299	10019183.8416924	28.7773166666667	2700335.13486317	29.0431833333333	2073520.23296203	29.438749999999999	384922.398507834	30.015883333333299	1683561.07643008	30.223383333333299	80306.8646697303	31.085850000000001	1019978.55056256	42.8035833333333	3562772.41474507	43.024066666666698	301993.360520727	8	26032338
140_2_B_3-6	26032339_140_2_B_3-6.D	Sample	46106.730162627297	24.030666666666701	8490188.56085526	28.654216666666699	9334103.33950005	28.751483333333301	114288.988986941	29.0238333333333	21663.9715163398	29.445333333333298	2907.20515585304	30.003016666666699	91917.1997204497	30.2040333333333	3296.60697149029	31.079466666666701	10809.086865741	42.790716666666697	11993.8377268146	43.017683333333302	2463.87496966964	8	26032339
140_2_B_0-3	26032340_140_2_B_0-3.D	Sample	46106.782740486102	24.036933333333302	9092021.01835722	28.6604833333333	10014696.1386304	28.764233333333301	351858.462483943	29.036583333333301	51298.157500001	29.445116666666699	5811.47183265046	30.0157666666667	223145.458641506	30.229766666666698	11874.9206210516	31.079249999999998	36119.6304303137	42.790500000000002	35629.7916694196	43.017466666666699	7276.76381738262	8	26032340
140_2_B_BL	26032341_140_2_B_BL.D	Sample	46106.8353142708	24.043483333333299	8749679.38106798	28.673500000000001	9612342.21605009	28.777266666666701	943712.557585987	29.036650000000002	170766.335076303	29.4516666666667	10871.0728125702	30.015833333333301	560508.616271602	30.2298166666667	29747.980133535	31.085799999999999	116103.544730854	42.790566666666699	93008.9253356283	43.017533333333297	15408.2123378789	8	26032341
140_2_B_AH	26032342_140_2_B_AH.D	Sample	46106.887912835598	24.0499166666667	6950911.52659066	28.679933333333299	7439966.3793679	28.796666666666699	3246675.51668596	29.0430833333333	662125.707607627	29.464583333333302	33548.5881245348	30.028749999999999	1566944.45140539	30.229766666666698	110815.914094954	31.092233333333301	533915.407454123	42.796999999999997	209765.095538966	43.023966666666702	37673.1739112432	8	26032342
017_3_A_3-6	26032343_017_3_A_3-6.D	Sample	46106.940506469902	24.043566666666699	9019006.72877567	28.6625333333333	10026778.4375469	28.777349999999998	2725673.53492604	29.043233333333301	721882.385125297	29.438783333333301	135499.420136265	30.015916666666701	1909697.29403704	30.216950000000001	67554.6608510821	31.092366666666699	1160076.74112564	42.803633333333302	6337630.58549173	43.024099999999997	607837.199622899	8	26032343
QC8h	26032344_QC8h.D	QC	46106.993082060202	24.043566666666699	9522357.32069858	28.667116666666701	10348514.7155728	28.777349999999998	2819070.78274919	29.043216666666702	2160738.43974477	29.438783333333301	413030.149763154	30.015916666666701	1763494.61654833	30.223416666666701	82134.0505911103	31.0858833333333	1078143.4178566	42.803616666666699	3846952.76981447	43.024099999999997	328204.632948024	8	26032344
017_3_A_AH	26032345_017_3_A_AH.D	Sample	46107.0456513194	24.024166666666702	2022348.73098627	28.654199999999999	2054746.36246118	28.7709333333333	1221018.26604965	29.036799999999999	1139098.30906617	29.438849999999999	196490.725768132	30.022466666666698	787353.329780291	30.229966666666702	29288.3022525001	31.0924333333333	286928.657274475	42.790716666666697	147526.707268884	43.024166666666702	26142.6420598334	8	26032345
017_3_A_BL	26032346_017_3_A_BL.D	Sample	46107.098258738399	24.04345	3982901.29917908	28.667000000000002	3991420.68432035	28.790199999999999	2390272.80888596	29.049583333333299	2032891.66929508	29.451633333333302	267907.85634698	30.035250000000001	1890825.52989903	30.216816666666698	71238.7756735923	31.105216666666699	530098.158666671	42.7970166666667	396297.621854096	43.023983333333298	62293.2679580282	8	26032346
017_3_A_0-3	26032347_017_3_A_0-3.D	Sample	46107.150851874998	24.0500333333333	9247335.36129033	28.680066666666701	10161753.6292894	28.790316666666701	1998586.28798334	29.056183333333301	5386007.80936817	29.451750000000001	905096.576980986	30.022383333333298	1761077.4341656	30.229900000000001	65013.0923755357	31.09235	483240.506493641	42.803616666666699	4548098.85176405	43.024083333333301	400263.64211414	8	26032347
Blank8b	26032348_Blank8b.D	Blank	46107.203432534698	24.0242	8718058.25168435	28.654216666666699	9053271.88300012	28.855250000000002	0	29.023849999999999	1584.78600000003	29.490749999999998	0	29.91225	0	29.9187333333333	0	31.163783333333299	0	42.7907333333333	0	42.7907333333333	0	8	26032348
Std_0_2	26032349_Std_0.D	Std	46107.256011562502	24.037033333333301	9142106.17433144	28.667066666666699	9955088.60557467	28.7773	2654601.31344971	29.0431833333333	2054356.852	29.4387333333333	385209.270299994	30.0158666666667	1654129.72712263	30.223383333333299	76930.3495956042	31.092316666666701	1015596.89003999	42.797083333333298	3593854.60793595	43.024050000000003	305152.996287494	8	26032349
Std_1_2	26032350_Std_1.D	Std	46107.3085902315	24.036950000000001	8853518.47844204	28.666983333333299	9720870.58454113	28.777233333333299	4314817.00250001	29.049583333333299	4830617.48486936	29.438666666666698	894373.644266423	30.015799999999999	2260362.29661453	30.223299999999998	118908.912981527	31.09225	2705552.40405998	42.8035	5448377.70038189	43.023966666666702	492220.802861055	8	26032350
Std_2_2	26032351_Std_2.D	Std	46107.3611457523	24.043600000000001	9061104.30756704	28.667149999999999	9891996.62682358	28.777383333333301	5658614.36684482	29.0497333333333	6048713.08103067	29.4453	1140409.34742688	30.01595	2814618.44360414	30.229949999999999	147893.711457245	31.092400000000001	3677003.72482854	42.803649999999998	6416734.78420638	43.024133333333303	659710.900633516	8	26032351
Std_3_2	26032352_Std_3.D	Std	46107.413736713002	24.043566666666699	8874890.09951426	28.667100000000001	9721464.83897867	28.777349999999998	5917018.90380532	29.049700000000001	5904515.77570729	29.438783333333301	1113393.20352909	30.015916666666701	2732269.10112218	30.229900000000001	152349.182805555	31.092366666666699	3477929.45663182	42.803616666666699	6747316.8288503	43.024099999999997	702993.271072721	8	26032352
Std_4_2	26032353_Std_4.D	Std	46107.466304710702	24.037099999999999	8754933.33854331	28.667116666666701	9592332.78867007	28.783850000000001	8478354.19289382	29.048400000000001	8498220.88948895	29.438800000000001	1688162.5882095	30.015933333333301	3408311.25409092	30.223433333333301	203029.242421028	31.092383333333299	4714785.45013873	42.810116666666701	7689605.5380824	43.0241166666667	975061.98504986	8	26032353
Std_5_2	26032354_Std_5.D	Std	46107.518870544001	24.0349	8792334.42877623	28.666699999999999	9615181.0668164	28.789916666666699	10890056.7192793	29.055783333333299	10466595.3055567	29.444866666666702	2403709.49541822	30.021999999999998	4248265.31505389	30.223016666666702	261388.336128371	31.09845	5998725.36311139	42.809699999999999	8732415.37482737	43.030183333333298	1337201.34326832	8	26032354
QC8i	26032355_QC8i.D	QC	46107.571463495398	24.043500000000002	9255203.38511796	28.66705	10141970.9603122	28.777283333333301	2812266.98567969	29.0431666666667	2128467.8467095	29.4387166666667	395413.862978561	30.01585	1708532.0769793	30.223366666666699	80260.63295837	31.085816666666702	1072604.34593201	42.797066666666701	3612305.28392341	43.0240333333333	307266.088207327	8	26032355
QC9a	26032401_QC9a.D	QC	46107.624050115701	24.043399999999998	9069306.79861566	28.66695	9924478.39999281	28.777183333333301	2886446.16944957	29.043050000000001	2230641.39115622	29.4386166666667	415836.416690908	30.015750000000001	1779394.21014754	30.2167833333333	78422.2233173908	31.085716666666698	1036652.45099999	42.796966666666698	3743426.35088615	43.017449999999997	321372.793718234	9	26032401
Std_0_1	26032402_Std_0.D	Std	46107.676633310199	24.043600000000001	9391112.35361189	28.667149999999999	10160444.0077894	28.777383333333301	2952835.87600003	29.04325	2315205.94975554	29.4388166666667	435043.717121141	30.01595	1842956.26538871	30.22345	83115.1241986977	31.085916666666702	1076377.74295136	42.797166666666698	3827003.86557078	43.024133333333303	327711.762853177	9	26032402
Std_1_1	26032403_Std_1.D	Std	46107.729235844898	24.04345	8963856.74965994	28.667000000000002	9708917.63413309	28.777233333333299	5075531.37146547	29.049600000000002	5016543.95971303	29.445150000000002	924806.822121694	30.015799999999999	2335512.10845171	30.229800000000001	118441.283197161	31.09225	2195798.28369133	42.803516666666702	5577186.97424354	43.023983333333298	524752.644943138	9	26032403
Std_2_1	26032404_Std_2.D	Std	46107.781800046301	24.043416666666701	8923361.49279704	28.666966666666699	9799692.28598536	28.777200000000001	6270128.32754237	29.04955	6013004.00435483	29.4386333333333	1123098.52740654	30.0157666666667	2741072.53980614	30.223266666666699	138890.545772384	31.092216666666701	2891790.20440192	42.803466666666701	6144373.62592395	43.023949999999999	618669.303933973	9	26032404
Std_3_1	26032405_Std_3.D	Std	46107.834390289398	24.043399999999998	9101900.19188795	28.66695	9952921.38386475	28.777200000000001	6019516.75893579	29.04955	5769353.45966432	29.4386166666667	1097997.4013941	30.015750000000001	2536220.60673116	30.223266666666699	143578.587552518	31.092199999999998	3239014.77489601	42.803466666666701	6433489.89132271	43.023933333333297	679496.133263627	9	26032405
Std_4_1	26032406_Std_4.D	Std	46107.886996793997	24.04355	9073345.60627681	28.667100000000001	9843447.46523663	28.783816666666699	9164987.57126878	29.056183333333301	8876081.51900001	29.445250000000001	1815446.57971395	30.015899999999998	3735319.7012317	30.223416666666701	205691.841261559	31.09235	4711300.51276401	42.810099999999998	8048810.28584613	43.024083333333301	1071282.44907923	9	26032406
Std_5_1	26032407_Std_5.D	Std	46107.939589027803	24.037116666666702	8896471.74539414	28.667149999999999	9657802.28842175	28.79035	11073153.77241	29.056233333333299	10655774.4558917	29.4453	2462650.38588366	30.01595	4246688.94843457	30.223466666666699	253623.30361462	31.098883333333301	5978404.95016837	42.8036666666667	8797378.49557784	43.030616666666702	1433315.39950364	9	26032407
QC9b	26032408_QC9b.D	QC	46107.992157581	24.036999999999999	8767493.51370683	28.667033333333301	9663792.85176497	28.770800000000001	2723534.72131113	29.043150000000001	2107785.93758189	29.432216666666701	389588.990498471	30.01585	1665478.77500588	30.22335	71206.5383216015	31.085799999999999	991698.316500004	42.797066666666701	3415228.99064966	43.024016666666697	288432.390552004	9	26032408
Blank9a	26032409_Blank9a.D	Blank	46108.044761921301	24.0242166666667	8537397.87515957	28.654250000000001	8884330.97113339	28.855266666666701	0	29.017383333333299	2866.06233333334	29.140599999999999	0	30.003050000000002	3460.8554923285	29.7696166666667	0	31.0665333333333	1816.20450000002	42.777783333333304	767.12100000006	43.011233333333301	0	9	26032409
078_2_A_0-3	26032410_078_2_A_0-3.D	Sample	46108.097325208299	24.037116666666702	8776739.15021389	28.6606666666667	9497197.51609205	28.757933333333298	519188.527677454	29.036766666666701	1692153.9521078	29.4323333333333	317310.226250002	30.0094666666667	414502.197177082	30.2169666666667	20617.7532500025	31.079433333333299	209636.75675	42.790683333333298	669069.50543907	43.017650000000003	76231.4832845975	9	26032410
078_2_A_3-6	26032411_078_2_A_3-6.D	Sample	46108.149885081002	24.030633333333299	8194120.20818297	28.6606666666667	8987702.67843338	28.764416666666701	1429094.27883335	29.030283333333301	392241.669166666	29.425850000000001	85094.4545018194	30.002983333333301	1047332.10693535	30.2105	57525.7423283745	31.085916666666702	1033574.35111666	42.797166666666698	871166.699293773	43.024133333333303	92352.1559796193	9	26032411
078_2_A_BL	26032412_078_2_A_BL.D	Sample	46108.202485080998	24.05	8178070.01828166	28.673549999999999	8926601.691535	28.7902666666667	1790111.79105162	29.0431666666667	407168.460206945	29.464666666666702	19868.9133298197	30.028833333333299	1058974.34448703	30.236350000000002	65482.9017430294	31.085833333333301	262479.883853242	42.790599999999998	250380.508104906	43.024050000000003	41443.0033218263	9	26032412
QC9c	26032413_QC9c.D	QC	46108.255067743099	24.043433333333301	9166369.08443555	28.666966666666699	9899355.15334135	28.7772166666667	2901191.53069766	29.0430833333333	2216315.27435171	29.438649999999999	418859.212228386	30.0157833333333	1767312.96561259	30.223283333333299	77216.7734999994	31.085733333333302	1044637.1153703	42.796999999999997	3657272.86216483	43.023949999999999	316665.903862515	9	26032413
115_2_A_BL	26032414_115_2_A_BL.D	Sample	46108.3076275926	24.043483333333299	8738717.8959007	28.667033333333301	9413272.4561513	28.770783333333299	469738.01606271	29.036650000000002	153947.053858381	29.458166666666699	12896.3151068258	30.009350000000001	459244.356227932	30.203900000000001	13968.5675	31.079316666666699	31575.3953479176	42.784083333333299	61069.6528066672	43.024016666666697	13309.9657139851	9	26032414
115_2_A_AH	26032415_115_2_A_AH.D	Sample	46108.360208252299	24.049966666666698	9268042.57994253	28.68	10387012.1153113	28.790233333333301	1740185.49973508	29.043133333333301	582413.827499995	29.4646333333333	35117.1544388505	30.0288	1332880.48451313	30.216850000000001	42248.8108621702	31.092283333333299	110809.644937052	42.790566666666699	147802.319980297	43.024016666666697	41416.7349645977	9	26032415
115_2_A_3-6	26032416_115_2_A_3-6.D	Sample	46108.412799039397	24.037133333333301	8915046.90126585	28.660683333333299	9676680.70795833	28.764433333333301	953561.824501507	29.0303166666667	74896.5525793196	29.451816666666701	9111.45227184713	30.003	582170.14236666	30.216999999999999	24122.0579300052	31.079450000000001	417290.589300001	42.790716666666697	1049849.16506947	43.024166666666702	110232.378578037	9	26032416
115_2_A_0-3	26032417_115_2_A_0-3.D	Sample	46108.465385486103	24.030466666666701	8038952.81657375	28.654	8847756.76275113	28.751283333333301	217345.964222795	29.0301166666667	322730.327900001	29.432166666666699	67969.5078469826	30.0028166666667	190231.699120464	30.2038333333333	9374.53167806287	31.079266666666701	102914.166761182	42.790516666666697	240001.225244701	43.017483333333303	33612.5270550436	9	26032417
177_3_A_BL	26032418_177_3_A_BL.D	Sample	46108.517974456001	24.030583333333301	7965221.93230569	28.654116666666699	8735551.68989517	28.751383333333301	104101.389441134	29.0302333333333	35238.1769999996	29.425799999999999	3789.2384175754	30.009416666666699	87028.369791667	30.210433333333299	3728.90549139235	31.0793833333333	7093.00351191258	42.790633333333297	9561.19744736846	43.011116666666702	2205.138	9	26032418
QC9d	26032419_QC9d.D	QC	46108.570592361102	24.037116666666702	8508536.40403231	28.6606666666667	9313616.30954885	28.770900000000001	2599964.73511416	29.0432666666667	1967661.80524324	29.4388166666667	351070.771502355	30.01595	1587648.77217394	30.2169833333333	70082.5661185112	31.085916666666702	915826.07908057	42.797183333333301	3105882.36898159	43.024133333333303	266578.925191151	9	26032419
177_3_A_3-6	26032420_177_3_A_3-6.D	Sample	46108.623164340301	24.030416666666699	8052746.02227459	28.660433333333302	8804822.6834149	28.757716666666699	391788.582205406	29.030066666666698	179254.737666841	29.425633333333298	35445.9001063582	30.002766666666702	278321.388075	30.203783333333298	15903.4621047621	31.079216666666699	144316.372269778	42.796950000000002	2997615.09204279	43.017433333333301	254557.818653012	9	26032420
177_3_A_0-3	26032421_177_3_A_0-3.D	Sample	46108.675738310201	24.030466666666701	8171873.94760569	28.660499999999999	8912736.65979996	28.757766666666701	98111.4584723139	29.0301166666667	177829.457	29.4256833333333	36814.2953433344	30.0093	91819.353205035	30.2038333333333	4404.84635350042	31.079266666666701	9976.64491271008	42.784033333333298	177654.706671512	43.017483333333303	26068.5327586898	9	26032421
031_1_A_AH	26032423_031_1_A_AH.D	Sample	46108.780935972201	24.043533333333301	5181961.73227563	28.673566666666702	5520505.00417625	28.790283333333299	2662344.70798149	29.0431833333333	605890.543576828	29.464683333333301	46118.0549346648	30.028849999999998	2060532.89488156	30.236366666666701	105628.117394325	31.085850000000001	360174.734049244	42.7906166666667	295324.95562745	43.024066666666698	60696.7974348943	9	26032423
031_1_A_0-3	26032424_031_1_A_0-3.D	Sample	46108.833518067098	24.030666666666701	8181140.42671982	28.654216666666699	8831657.89341936	28.7579666666667	529039.972829755	29.036799999999999	3633064.98172266	29.432366666666699	619262.688999988	30.009499999999999	654394.537085711	30.210533333333299	16959.6035333333	31.079466666666701	230841.105	42.790716666666697	173854.777850357	43.017683333333302	26229.0584043425	9	26032424
QC9e	26032425_QC9e.D	QC	46108.886089155101	24.043466666666699	8658968.92022962	28.667016666666701	9435040.2571199	28.770766666666699	2665119.92059199	29.043133333333301	2035704.08497986	29.438683333333302	369436.851072298	30.009333333333299	1624491.14703083	30.223333333333301	73874.1945708572	31.0857833333333	977385.642659951	42.797033333333303	3364651.22493353	43.017516666666701	284043.654969514	9	26032425
031_1_A_3-6	26032426_031_1_A_3-6.D	Sample	46108.938674525503	24.0499166666667	8426150.51895945	28.673466666666702	9297617.63708517	28.803149999999999	12487580.217839	29.0430833333333	753845.799492538	29.451616666666698	93419.4003212572	30.028749999999999	9011725.45763521	30.229766666666698	201392.751879333	31.0987166666667	6052170.35052302	42.790516666666697	1587888.48144536	43.023966666666702	177346.497584795	9	26032426
031_1_A_BL	26032427_031_1_A_BL.D	Sample	46108.991261678202	24.049949999999999	6492513.40845429	28.679983333333301	6796073.77541994	28.796700000000001	2458657.18023844	29.049600000000002	781898.644582223	29.4711	50445.2034103092	30.035266666666701	2541185.95799999	30.2363	75623.6577910231	31.092266666666699	234471.033983577	42.790550000000003	460131.278630226	43.024000000000001	75020.5054740645	9	26032427
100_3_A_3-6	26032428_100_3_A_3-6.D	Sample	46109.043831493102	24.043566666666699	9004144.96660844	28.667116666666701	9868291.0082986	28.770866666666699	2764324.28525985	29.036733333333299	168611.816670731	29.445266666666701	24322.5266363289	30.015916666666701	1397986.67557734	30.216933333333301	61792.4051206299	31.0858833333333	856377.079999995	42.803616666666699	7495962.86537273	43.024099999999997	881621.124880739	9	26032428
100_3_A_0-3	26032429_100_3_A_0-3.D	Sample	46109.096438009299	24.036950000000001	8014112.79457364	28.660499999999999	8692519.19185126	28.7707333333333	1155385.13634867	29.0366	2067189.13797257	29.432166666666699	393206.275215225	30.0093	711913.912220425	30.216799999999999	30718.4807633809	31.079266666666701	325594.556967322	42.796999999999997	1688900.45961838	43.017483333333303	159656.195100195	9	26032429
100_3_A_BL	26032430_100_3_A_BL.D	Sample	46109.149006365697	24.037099999999999	5874808.91157558	28.680099999999999	6294362.75916666	28.7968166666667	2110343.43506108	29.049716666666701	564873.947029762	29.464733333333299	37039.2410098037	30.0289	1629866.65109005	30.2364	89928.0409433522	31.092383333333299	279381.497175	42.790666666666702	204289.416297616	43.017616666666697	46620.2148428796	9	26032430
QC9f	26032431_QC9f.D	QC	46109.201604930597	24.037133333333301	9072756.14288101	28.660683333333299	9887146.48539102	28.7709166666667	2811293.01176867	29.0432666666667	2176814.42224048	29.438833333333299	420072.430629262	30.015966666666699	1715151.0643696	30.2169833333333	75649.2170572499	31.085933333333301	1018673.3218888	42.797183333333301	3660333.93694492	43.024149999999999	310678.488113947	9	26032431
100_3_A_AH	26032432_100_3_A_AH.D	Sample	46109.254186678198	24.063016666666702	6619023.28549469	28.712499999999999	6284589.79388295	28.829216666666699	7062615.17579116	29.0756333333333	1629623.8906674	29.490649999999999	158990.328505099	30.061299999999999	5623375.77673565	30.262333333333299	315815.549000001	31.105333333333299	1487446.35157853	42.797133333333299	530359.953745532	43.024099999999997	173878.180064622	9	26032432
082_3_A_BL	26032433_082_3_A_BL.D	Sample	46109.306806574103	24.056383333333301	6378135.32971099	28.679916666666699	7090809.86044789	28.79665	2444160.9380782	29.0560333333333	1201550.16998684	29.471050000000002	66246.0425702748	30.041699999999999	2396293.22353463	30.223266666666699	103719.298114891	31.092216666666701	139434.138200219	42.796983333333301	479671.321553848	43.023933333333297	83785.155383587	9	26032433
082_3_A_0-3	26032434_082_3_A_0-3.D	Sample	46109.359408020799	24.0306	8202349.74097358	28.660633333333301	8983219.21143074	28.757899999999999	607216.292120641	29.036733333333299	1463176.44825053	29.432300000000001	274845.662132938	30.002949999999998	555107.892327648	30.216933333333301	19679.0940954311	31.0794	254221.711849208	42.790649999999999	477633.841002873	43.017616666666697	59255.2499146462	9	26032434
082_3_A_AH	26032435_082_3_A_AH.D	Sample	46109.4119980787	24.043466666666699	6305486.29334173	28.673483333333301	7043007.16386289	28.783733333333299	1646405.24826051	29.043116666666702	642352.091948622	29.4646166666667	34320.2711238344	30.022300000000001	1134397.27564423	30.223316666666701	65940.0095214233	31.0857833333333	89660.8218333354	42.784066666666703	174369.996000004	43.017499999999998	34854.2544171214	9	26032435
082_3_A_3-6	26032436_082_3_A_3-6.D	Sample	46109.464582905101	24.0369833333333	8172537.41847237	28.660516666666702	8882498.92188401	28.770766666666699	3582486.76082991	29.030149999999999	309496.835514774	29.432200000000002	52590.4390955206	30.009333333333299	2139252.55011658	30.216833333333302	68673.3935663263	31.0793	1471507.74888596	42.790550000000003	1484617.29996426	43.024000000000001	144828.880346482	9	26032436
QC9g	26032437_QC9g.D	QC	46109.517176400499	24.037133333333301	8319373.40517287	28.660683333333299	9012530.41143576	28.7709333333333	2490432.18762461	29.043283333333299	1869151.16406055	29.438849999999999	343354.910232642	30.015983333333299	1516324.80715126	30.223483333333299	63056.1002416905	31.085933333333301	889629.772196386	42.790716666666697	3166304.49915231	43.024149999999999	265725.777375491	9	26032437
023_3_A_3-6	26032438_023_3_A_3-6.D	Sample	46109.5697427778	24.030466666666701	7867055.53452438	28.6604833333333	8694690.56771008	28.764250000000001	1594661.28952846	29.0301166666667	102227.572960199	29.432166666666699	14837.0700263195	30.0093	986216.570896822	30.216799999999999	42611.5849666664	31.079266666666701	665886.582236601	42.796999999999997	1961449.37123668	43.017483333333303	168555.605693231	9	26032438
023_3_A_AH	26032439_023_3_A_AH.D	Sample	46109.622317465299	24.049849999999999	8237269.0193947	28.673400000000001	8967531.05553281	28.783633333333299	2099691.73781186	29.043016666666698	424591.971438592	29.451550000000001	34544.9833948344	30.022200000000002	1486173.18909915	30.2297166666667	53177.7767136289	31.0856833333333	256854.771814874	42.79045	282654.808017964	43.023899999999998	57214.6638637888	9	26032439
023_3_A_BL	26032440_023_3_A_BL.D	Sample	46109.674901909697	24.056416666666699	7141354.29302744	28.686450000000001	6991881.44213024	28.803183333333301	3288891.70368004	29.056083333333302	1246854.016	29.4775833333333	100501.003018388	30.041733333333301	3416699.00349114	30.229800000000001	106631.533522082	31.0987333333333	493389.304461534	42.7970166666667	825839.883155218	43.030466666666698	125073.50718416	9	26032440
023_3_A_0-3	26032441_023_3_A_0-3.D	Sample	46109.727481481503	24.043433333333301	8481184.09204058	28.666983333333299	9390411.96005303	28.7837	4571268.52400004	29.050283333333301	8264964.33909061	29.445133333333299	1455875.84005644	30.022266666666699	3879509.99602329	30.223299999999998	83582.6800654205	31.085750000000001	1771766.58537108	42.803483333333297	8068966.15225575	43.023966666666702	1043991.63757651	9	26032441
097_1_B_3-6	26032442_097_1_B_3-6.D	Sample	46109.780073356502	24.03715	8828403.99013008	28.660699999999999	9667547.40159732	28.76445	354636.375166665	29.0238333333333	65825.5218165372	29.451816666666701	7046.40377784466	30.009499999999999	249562.382663669	30.223500000000001	18036.8035954756	31.079466666666701	62046.847948079	42.777749999999997	36793.53798956	43.011200000000002	6410.25868836225	9	26032442
QC9h	26032443_QC9h.D	QC	46109.832659444401	24.037133333333301	9343474.96380076	28.667166666666699	10088186.1128885	28.7774	2886132.55602684	29.0432666666667	2285182.53346501	29.438833333333299	426268.316709465	30.0094833333333	1773954.11590251	30.223466666666699	81369.3046973328	31.079450000000001	1057593.59637132	42.797183333333301	3741900.93162576	43.024149999999999	321606.004028046	9	26032443
097_1_B_0-3	26032444_097_1_B_0-3.D	Sample	46109.885272106498	24.037116666666702	8636256.14381397	28.66065	9369172.4838129	28.757933333333298	278975.903500004	29.023800000000001	46365.3951655337	29.4453	5160.84430106688	30.0094666666667	178572.633874719	30.2299333333333	16649.8299894774	31.079433333333299	59928.1515522636	42.790683333333298	20374.5889678299	43.024133333333303	4446.3789354978	9	26032444
097_1_B_BL	26032445_097_1_B_BL.D	Sample	46109.937855104203	24.043483333333299	8495608.9513564	28.6735166666667	9383275.24129319	28.783750000000001	1469388.97108752	29.036650000000002	233369.987357211	29.45815	19138.7205120581	30.022316666666701	767743.583465057	30.2363	65712.8895075886	31.085799999999999	300206.992369286	42.784083333333299	100577.020984976	43.017533333333297	20856.9357766651	9	26032445
097_1_B_AH	26032446_097_1_B_AH.D	Sample	46109.990421307899	24.0500166666667	8680551.4875431	28.673566666666702	9713194.92092733	28.7773166666667	1311072.3853148	29.0367	194138.718918192	29.451733333333301	16854.2229140091	30.015883333333299	640002.947454477	30.236366666666701	110172.861499999	31.085850000000001	342544.613667765	42.7906166666667	74950.8262690082	43.024066666666698	17973.4640270272	9	26032446
Blank9b	26032447_Blank9b.D	Blank	46110.043029803201	24.017483333333299	8262884.53848397	28.6475166666667	8572792.4723318	28.8550166666667	0	29.023616666666701	0	29.146833333333301	0	30.002800000000001	1664.65266449513	29.762866666666699	0	31.085733333333302	0	41.999383333333299	0	NA	0	9	26032447
Std_0_2	26032448_Std_0.D	Std	46110.137293761603	24.037133333333301	8274595.80787898	28.660683333333299	9095194.31544598	28.7709166666667	2417994.91126821	29.0367833333333	1839626.91950452	29.43235	337487.608688957	30.0094833333333	1509368.96418367	30.223483333333299	62863.9474421574	31.085933333333301	893745.345119067	42.797183333333301	2904424.60941111	43.017666666666699	250394.850506447	9	26032448
Std_1_2	26032449_Std_1.D	Std	46110.189872627299	24.0436333333333	8540413.26439091	28.660699999999999	9282754.74926106	28.777416666666699	4297271.7015084	29.043283333333299	4689712.53245697	29.438849999999999	838421.229550774	30.015983333333299	2169555.23129722	30.217016666666701	106807.310999999	31.08595	2394666.74045225	42.797199999999997	4937677.47391045	43.024166666666702	437078.040367398	9	26032449
Std_2_2	26032450_Std_2.D	Std	46110.242447662	24.04345	8780762.70278684	28.667000000000002	9532511.81281337	28.777233333333299	5552333.30866052	29.043116666666702	5749799.40333613	29.438666666666698	1076152.00948106	30.015799999999999	2612980.62116662	30.223316666666701	135530.308380001	31.09225	3211845.92832259	42.803516666666702	5947454.59161509	43.017499999999998	569526.326854681	9	26032450
Std_3_2	26032451_Std_3.D	Std	46110.295034826398	24.036933333333302	8253908.33386219	28.6604666666667	9003988.23248484	28.777200000000001	5187258.5913842	29.0430666666667	5294230.04885918	29.4386333333333	994475.039126661	30.0157666666667	2376091.73235106	30.223266666666699	121511.052023354	31.085733333333302	3127461.8730759	42.803466666666701	5977354.64030634	43.017449999999997	574562.039594179	9	26032451
Std_4_2	26032452_Std_4.D	Std	46110.347632488403	24.03715	8444520.20538929	28.660699999999999	9283143.72485053	28.783916666666698	8849132.10125035	29.049783333333298	8756606.61732023	29.438866666666701	1795293.07791547	30.015999999999998	3684414.72134284	30.217016666666701	184874.196868136	31.092449999999999	4937281.50354278	42.803699999999999	7748606.00187091	43.024183333333298	996629.334996007	9	26032452
Std_5_2	26032453_Std_5.D	Std	46110.400207546299	24.037016666666698	8284918.16228766	28.6605666666667	9039296.55162675	28.7837666666667	10491084.6446282	29.05105	9991335.03912777	29.4387166666667	2263251.8365998	30.01585	4089620.54572496	30.223366666666699	219618.652666668	31.092300000000002	5641050.50765857	42.803566666666697	8304675.50554617	43.0240333333333	1219367.3567369	9	26032453
QC9i	26032454_QC9i.D	QC	46110.452788553201	24.037133333333301	8261086.3763179	28.6606666666667	9032596.96788579	28.7709166666667	2436898.68794675	29.0367833333333	1871983.35113884	29.43235	350891.855328122	30.0094833333333	1507544.28126904	30.2169833333333	69100.8804203871	31.079433333333299	901813.876370824	42.790700000000001	2938994.90668138	43.017666666666699	254796.801978892	9	26032454
QC10a	26033102_QC10a.D	QC	46112.6645160185	24.043616666666701	8165075.30053138	28.6606666666667	8982871.34172331	28.7709166666667	2443019.49625779	29.0367833333333	1857472.37941084	29.438833333333299	338836.172915323	30.0094833333333	1511951.3512244	30.2169833333333	65935.2815634064	31.085933333333301	909052.434236826	42.797183333333301	2738266.71522627	43.017666666666699	264094.119492084	10	26033102
Std_0_1	26033103_Std_0.D	Std	46112.7170990046	24.043516666666701	8549729.65310684	28.6605833333333	9484950.80533007	28.7708166666667	2636623.58745591	29.036683333333301	2044119.80945179	29.4387333333333	377413.978692713	30.0158666666667	1654772.34661204	30.216899999999999	74765.3296449295	31.085833333333301	992997.036729163	42.797083333333298	3183498.33544797	43.017566666666703	302020.579717284	10	26033103
Std_1_1	26033104_Std_1.D	Std	46112.769681794001	24.0370666666667	7890778.27288101	28.660616666666701	8765563.62890043	28.777333333333299	4175753.86059214	29.043199999999999	4167000.39971469	29.438766666666702	736482.242080353	30.015899999999998	1939075.61620034	30.223400000000002	99211.6056604296	31.0858666666667	1892200.32147853	42.797116666666703	4365432.333374	43.017600000000002	415841.739306262	10	26033104
Std_2_1	26033105_Std_2.D	Std	46112.822253969898	24.0370833333333	7766191.74887864	28.660633333333301	8616666.58672472	28.770866666666699	4530041.422731	29.043233333333301	4508752.04228565	29.432300000000001	804913.200332724	30.009433333333298	1931491.6622143	30.223433333333301	111418.918110725	31.0858833333333	2318170.62322832	42.797150000000002	4387420.64705903	43.017616666666697	421578.77376686	10	26033105
Std_3_1	26033106_Std_3.D	Std	46112.874830393499	24.037133333333301	7810479.2935168	28.6606666666667	8645785.00594075	28.7774	5138559.28482271	29.0432666666667	4879485.27204297	29.438833333333299	884491.733333763	30.0094833333333	2160988.65794541	30.2169833333333	122980.266606884	31.085933333333301	2737096.08660874	42.797183333333301	5316326.46464284	43.024149999999999	545031.682901941	10	26033106
Std_4_1	26033107_Std_4.D	Std	46112.927407025498	24.037050000000001	8066996.76061981	28.660599999999999	8942511.19400529	28.783799999999999	8288352.46329679	29.049666666666699	8083274.92298083	29.438749999999999	1609190.35733323	30.015883333333299	3325691.5397424	30.223383333333299	184882.0898	31.092333333333301	4335620.49433932	42.8021666666667	7004140.78036673	43.024066666666698	915036.023920242	10	26033107
Std_5_1	26033108_Std_5.D	Std	46112.979998518502	24.036950000000001	8138535.03827422	28.660499999999999	9028508.28916972	28.7837	10437316.3862631	29.056066666666698	10059392.7594115	29.438649999999999	2272797.28168039	30.0157833333333	4106690.26593316	30.223299999999998	234433.049083331	31.092233333333301	5623058.85811383	42.8035	8010347.49878248	43.023966666666702	1321631.95950548	10	26033108
QC10b	26033109_QC10b.D	QC	46113.032579398103	24.037016666666698	8300774.59023405	28.6605666666667	9164701.09322625	28.770800000000001	2491538.20723134	29.043150000000001	1932164.44098417	29.4387166666667	352139.864649811	30.0093666666667	1526157.03242458	30.2168666666667	69218.9840624035	31.085816666666702	938493.357565098	42.797066666666701	2959954.13988679	43.01755	272962.334119042	10	26033109
Blank10a	26033110_Blank10a.D	Blank	46113.085169166698	24.0240166666667	7699150.91449998	28.654050000000002	8289914.24928175	28.855066666666701	0	29.023666666666699	3192.65999999999	29.425716666666698	806.192499999999	29.996366666666699	3346.94889739411	30.080666666666701	0	31.0728166666667	1379.5805	42.771099999999997	0	43.017516666666701	0	10	26033110
058_3_A_BL	26033111_058_3_A_BL.D	Sample	46113.137763125	24.0566	6128665.41580152	28.686633333333301	6788248.90464435	28.809833333333302	4173365.42147342	29.056249999999999	1092436.35193756	29.47775	72917.412565758	30.035433333333302	2427768.91639771	30.24295	162468.975423791	31.0924333333333	629357.039800008	42.797199999999997	610836.443427817	43.017683333333302	128920.340183074	10	26033111
058_3_A_3-6	26033112_058_3_A_3-6.D	Sample	46113.190339189801	24.0369666666667	8503241.89159721	28.660516666666702	9381983.41537169	28.7642666666667	815599.462265364	29.036616666666699	135442.288232085	29.458133333333301	23309.4957888972	30.009316666666699	486094.597017856	30.210349999999998	28438.0916987938	31.079283333333301	255662.524166669	42.7970166666667	3956319.69501696	43.023983333333298	367332.865758041	10	26033112
058_3_A_0-3	26033113_058_3_A_0-3.D	Sample	46113.242947500003	24.043483333333299	8221692.6637488	28.667033333333301	9157267.21148441	28.770783333333299	1045688.20776533	29.043150000000001	1174043.28827527	29.438700000000001	211840.932443512	30.009350000000001	654330.084760867	30.2168666666667	36124.3382396612	31.079316666666699	223697.495972545	42.797066666666701	4277677.21349611	43.024016666666697	389921.289690539	10	26033113
058_3_A_AH	26033114_058_3_A_AH.D	Sample	46113.295535995399	24.049883333333302	7087095.77298268	28.686399999999999	8036064.42353821	28.79665	4024635.26198825	29.04955	748920.28875076	29.471050000000002	52731.0908409165	30.0287333333333	1874182.24391473	30.229749999999999	138747.527943792	31.092199999999998	669865.366124569	42.790500000000002	384386.867836947	43.023933333333297	91760.3792196181	10	26033114
QC10c	26033115_QC10c.D	QC	46113.348116261601	24.037116666666702	8271222.09817074	28.6606666666667	9134216.65681268	28.770900000000001	2442906.45998618	29.04325	1876829.11267154	29.4388166666667	362056.770329586	30.0094666666667	1506916.78948294	30.2169666666667	67015.1705226556	31.085916666666702	910185.51323865	42.797166666666698	3050790.49223868	43.017650000000003	277393.893238134	10	26033115
083_2_A_3-6	26033116_083_2_A_3-6.D	Sample	46113.400710821799	24.037099999999999	8644809.50992067	28.66065	9438149.10168182	28.764399999999998	2038732.91939999	29.036766666666701	910847.216173177	29.432316666666701	181996.428566667	30.009450000000001	1498483.20049218	30.2104833333333	61435.520380462	31.085899999999999	894318.696474996	42.797166666666698	4810151.68491679	43.017633333333301	469116.400168212	10	26033116
083_2_A_AH	26033117_083_2_A_AH.D	Sample	46113.453301516201	24.056416666666699	7961788.65389056	28.692916666666701	8282888.84703816	28.803166666666701	2721366.51314158	29.056066666666698	958854.455458387	29.48405	126993.893303375	30.041733333333301	2466860.63436126	30.249233333333301	233560.634265047	31.0987333333333	244532.993971203	42.7905333333333	293759.729591621	43.030450000000002	88014.9918691263	10	26033117
083_2_A_BL	26033118_083_2_A_BL.D	Sample	46113.505898692099	24.043466666666699	6945462.23496717	28.673500000000001	7450067.18471575	28.783733333333299	942082.590400617	29.036633333333299	416664.395556082	29.4646166666667	31051.4979491237	30.022300000000001	984524.251044513	30.2363	61414.0967901683	31.0857833333333	64916.1638383842	42.790550000000003	154555.936282708	43.024000000000001	33843.6810548029	10	26033118
083_2_A_0-3	26033119_083_2_A_0-3.D	Sample	46113.558498113402	24.037050000000001	9313084.90972493	28.667083333333299	10221941.9958841	28.7708333333333	1429994.3898676	29.056149999999999	10205894.3595898	29.438749999999999	2183113.9084341	30.015883333333299	1480936.97732049	30.223383333333299	46612.122926361	31.085850000000001	468704.360499724	42.7971	2558326.87542004	43.024066666666698	233112.268362962	10	26033119
052_1_A_0-3	26033120_052_1_A_0-3.D	Sample	46113.611072743101	24.037133333333301	8947075.39131724	28.660683333333299	9840240.36508028	28.764433333333301	1630939.23980001	29.049766666666699	10555617.9757	29.438833333333299	2328118.93175403	30.0094833333333	1176070.90654125	30.216999999999999	44123.5183718057	31.079450000000001	729513.005178097	42.784216666666701	247179.36592572	43.0111833333333	37338.3966897063	10	26033120
QC10d	26033121_QC10d.D	QC	46113.663664143503	24.043600000000001	9295124.39878614	28.667149999999999	10231202.7131524	28.777383333333301	2920280.74844228	29.04325	2293223.38346829	29.4388166666667	426390.507073137	30.0094666666667	1764485.10989591	30.223466666666699	80846.7927439395	31.085916666666702	1088948.66690126	42.797166666666698	3656958.07208775	43.024133333333303	317999.331249635	10	26033121
052_1_A_AH	26033122_052_1_A_AH.D	Sample	46113.7162371991	24.049983333333302	8382622.8247863	28.680016666666699	9264019.49489883	28.79025	2000904.94400002	29.049633333333301	487908.056499999	29.471133333333299	34733.156751882	30.0288166666667	1221871.17631776	30.236333333333299	88666.0583029438	31.085816666666702	249593.095474396	42.790583333333302	101775.702428982	43.0240333333333	25648.8487044505	10	26033122
052_1_A_BL	26033123_052_1_A_BL.D	Sample	46113.768828911998	24.043616666666701	9226577.41093376	28.680133333333298	10207774.140801	28.790383333333299	1286505.39880122	29.043283333333299	326218.486754867	29.464783333333301	28288.9175840791	30.022466666666698	975809.53496907	30.236450000000001	53185.9774045031	31.085933333333301	159554.849963449	42.790716666666697	91175.8234374255	43.017666666666699	21126.6301649347	10	26033123
052_1_A_3-6	26033124_052_1_A_3-6.D	Sample	46113.8214327315	24.036916666666698	8921359.78239314	28.6604666666667	9921294.89205087	28.770716666666701	3629098.5226667	29.036583333333301	127795.925184018	29.43215	18388.6745818319	30.0092833333333	1729694.13588713	30.2167833333333	83001.8766193199	31.085733333333302	1840560.00959115	42.790500000000002	151797.342686929	43.017449999999997	28689.167917471	10	26033124
089_2_A_3-6	26033125_089_2_A_3-6.D	Sample	46113.874034074099	24.056383333333301	8370028.75075757	28.686416666666702	8818814.14883335	28.829083333333301	18859467.4639565	29.075500000000002	6724487.20128572	29.464583333333302	1400021.57993421	30.048200000000001	14546035.1479998	30.249216666666701	448570.210446983	31.118166666666699	10022973.4156175	42.803483333333297	10934446.7964362	43.056383333333301	6553399.11165733	10	26033125
089_2_A_AH	26033126_089_2_A_AH.D	Sample	46113.926617685203	24.043600000000001	6082792.91959784	28.673633333333299	6569688.46595235	28.79035	1740191.01476315	29.04975	719853.325022421	29.477733333333301	94527.724541066	30.028916666666699	1653508.6994608	30.236433333333299	102819.712685324	31.085916666666702	128345.845855952	42.790683333333298	492916.928417525	43.017650000000003	83627.2806055404	10	26033126
QC10e	26033127_QC10e.D	QC	46113.979239652799	24.043399999999998	9358227.41468427	28.66695	10199847.9615724	28.777183333333301	2837285.85696247	29.043050000000001	2273890.06626927	29.4386166666667	425622.369434468	30.015750000000001	1728155.30056122	30.22325	77238.7529999994	31.085716666666698	1053930.33917459	42.796966666666698	3672346.44117071	43.023933333333297	318733.327363655	10	26033127
089_2_A_0-3	26033128_089_2_A_0-3.D	Sample	46114.031842430602	24.030666666666701	8320769.98072496	28.660699999999999	9177119.57222001	28.751483333333301	194944.161566739	29.0303166666667	850556.640789356	29.425883333333299	173726.628540899	30.003016666666699	203569.42395	30.216999999999999	7788.1759999999	31.072983333333301	59578.0353525254	42.790716666666697	488374.941013926	43.017683333333302	62726.5108576726	10	26033128
089_2_A_BL	26033129_089_2_A_BL.D	Sample	46114.084443090302	24.043383333333299	8588174.75663865	28.666916666666701	9324982.46330097	28.777166666666702	837651.166509431	29.036549999999998	308255.838608131	29.45805	22936.8619913365	30.015733333333301	874229.87723519	30.210266666666701	45715.7644407828	31.085699999999999	58612.1994346297	42.790466666666703	226669.753667707	43.017433333333301	36516.0194843447	10	26033129
109_3_A_BL	26033130_109_3_A_BL.D	Sample	46114.137009884304	24.0500166666667	9223074.43192043	28.673566666666702	10167633.8851715	28.783799999999999	1790594.13648376	29.0367	368927.773212255	29.464683333333301	34532.0054597968	30.028849999999998	1257388.54034171	30.236366666666701	128282.788217197	31.085850000000001	200076.965255031	42.7906166666667	333185.658481149	43.017583333333299	56462.2223846891	10	26033130
109_3_A_0-3	26033131_109_3_A_0-3.D	Sample	46114.189583923602	24.030583333333301	9118216.00509497	28.654116666666699	9965722.12194294	28.7578833333333	531021.34139851	29.0302333333333	1756571.5027059	29.432283333333299	344967.004920503	30.002933333333299	437647.379951703	30.223400000000002	31576.1435949114	31.0793833333333	209208.7297	42.790633333333297	1300625.55076393	43.017600000000002	143967.820014076	10	26033131
109_3_A_AH	26033132_109_3_A_AH.D	Sample	46114.242180046298	24.037016666666698	7956182.64005904	28.6605666666667	9901198.63222027	28.770800000000001	1051911.58617601	29.030183333333301	121653.735999999	29.4516833333333	13914.6825250209	30.01585	541403.404748197	30.229849999999999	94703.3537144436	31.079333333333299	169565.347239584	42.790583333333302	79521.8451562889	43.01755	15474.9539767858	10	26033132
QC10f	26033133_QC10f.D	QC	46114.294735069401	24.036899999999999	8850602.64113864	28.666916666666701	9745674.8936076	28.770683333333299	2597190.44172866	29.043033333333302	2026147.43592856	29.432116666666701	378364.936764271	30.015733333333301	1611642.07124483	30.223233333333301	72532.6088300646	31.085699999999999	986479.014764984	42.796950000000002	3161201.6734108	43.017433333333301	277921.021846221	10	26033133
109_3_A_3-6	26033134_109_3_A_3-6.D	Sample	46114.347319444401	24.030516666666699	8702125.95634525	28.660533333333301	9572868.42079639	28.764299999999999	1862861.16532827	29.023683333333299	80346.2759021872	29.432216666666701	8524.48161967455	30.009350000000001	1046767.10900661	30.210366666666701	64697.5103960325	31.079316666666699	908741.68143182	42.797049999999999	2711126.23466262	43.024016666666697	254265.503218468	10	26033134
087_3_B_0-3	26033135_087_3_B_0-3.D	Sample	46114.399893460599	24.037016666666698	8767443.68821009	28.660550000000001	9600516.37274137	28.757833333333298	162261.836857143	29.030183333333301	39857.1551204786	29.4387166666667	3059.076207391	30.0093666666667	177301.47312328	30.22335	6107.05718576478	31.079333333333299	19709.5286490507	42.784100000000002	20354.1538632936	43.0110666666667	4472.07343447611	10	26033135
087_3_B_AH	26033136_087_3_B_AH.D	Sample	46114.452482870402	24.0499333333333	7654093.06937937	28.679966666666701	8084682.3639905	28.796700000000001	2358629.77660107	29.049600000000002	656612.089446604	29.4711	58145.4575762982	30.028783333333301	1733685.91357293	30.236283333333301	82807.2187264427	31.0857666666667	251465.469181718	42.790550000000003	278953.151604433	43.023983333333298	66342.6886468364	10	26033136
087_3_B_3-6	26033137_087_3_B_3-6.D	Sample	46114.505073148102	24.04355	8655509.30169168	28.667100000000001	9372433.92464474	28.770849999999999	481667.507677362	29.036716666666699	162961.498680773	29.458216666666701	14187.2248029908	30.015899999999998	584722.331075786	30.210433333333299	20421.0613093407	31.0858666666667	48312.850238864	42.790633333333297	93586.8448718176	43.017600000000002	17024.1946351328	10	26033137
087_3_B_BL	26033138_087_3_B_BL.D	Sample	46114.557658935199	24.0500166666667	8978916.70513446	28.680050000000001	9625801.79496319	28.790283333333299	1518988.94924573	29.0431833333333	476372.738517087	29.471166666666701	44345.0699444254	30.028849999999998	1509286.9617861	30.236350000000002	60172.9157603461	31.092333333333301	175385.840850911	42.7906166666667	295084.752045884	43.024066666666698	57091.3954266669	10	26033138
QC10g	26033139_QC10g.D	QC	46114.610246516197	24.043600000000001	9378300.86014216	28.667149999999999	10212783.4058821	28.7774	2838882.14883637	29.0432666666667	2248288.52617362	29.438833333333299	432418.604586533	30.015966666666699	1754169.41144328	30.223466666666699	78956.5458997094	31.085916666666702	1082328.52523107	42.797183333333301	3641681.00013483	43.024133333333303	318952.520161623	10	26033139
001_1_A_3-6	26033140_001_1_A_3-6.D	Sample	46114.662833055598	24.0369833333333	8393016.57333253	28.660533333333301	9414443.09468984	28.764283333333299	2542441.34152276	29.036633333333299	1572513.33357527	29.432200000000002	296193.696308756	30.009333333333299	1515416.45164666	30.216850000000001	68742.1002202383	31.0857833333333	1233080.98052866	42.790550000000003	340641.232002059	43.017516666666701	51051.5665000003	10	26033140
001_1_A_BL	26033141_001_1_A_BL.D	Sample	46114.715415740699	24.0500333333333	8816405.97617646	28.680050000000001	9771303.11105386	28.783816666666699	2163717.80813186	29.043199999999999	272138.075000002	29.458216666666701	24392.3014888979	30.022383333333298	916135.462660186	30.229883333333301	102061.640261535	31.085850000000001	452360.33037538	42.790633333333297	118207.827309513	43.024066666666698	25285.5787323587	10	26033141
001_1_A_0-3	26033142_001_1_A_0-3.D	Sample	46114.768024421297	24.036916666666698	8754657.72518023	28.6604666666667	9669053.07334739	28.764216666666702	987918.380000005	29.043050000000001	7619097.41275945	29.432133333333301	1373879.95805159	30.009266666666701	720121.378128214	30.2167833333333	40817.6349457606	31.085716666666698	375930.416048714	42.790483333333299	332233.869063679	43.017449999999997	47518.5917951954	10	26033142
001_1_A_AH	26033143_001_1_A_AH.D	Sample	46114.820602430598	24.037099999999999	4831075.13659722	28.667116666666701	5421332.18166851	28.783850000000001	4302141.61013488	29.036750000000001	394045.061208971	29.45825	40143.0918286057	30.0224166666667	1175836.19802848	30.2299166666667	221586.911926808	31.085899999999999	1336320.0441443	42.790666666666702	107916.987034539	43.0306	35648.8625366153	10	26033143
187_3_A_BL	26033144_187_3_A_BL.D	Sample	46114.873190914397	24.043483333333299	9199912.97317272	28.660550000000001	9838846.35631133	28.777266666666701	4671403.56786178	29.036650000000002	177640.824833334	29.45815	28606.4367489805	30.009350000000001	457643.13834169	30.236316666666699	727821.433096128	31.085799999999999	2428418.71115003	42.790566666666699	115977.441615885	43.017533333333297	22353.6045736834	10	26033144
QC10h	26033145_QC10h.D	QC	46114.925802210702	24.043533333333301	9399041.77869549	28.667083333333299	10304310.2599378	28.7708333333333	2846931.57260908	29.043199999999999	2226873.30396154	29.438749999999999	434611.278333331	30.015883333333299	1762329.66346957	30.223400000000002	80598.9900933686	31.085850000000001	1084568.63958393	42.7906166666667	3623779.52246339	43.024066666666698	317782.242959235	10	26033145
187_3_A_0-3	26033146_187_3_A_0-3.D	Sample	46114.978393263897	24.037050000000001	8353160.17950713	28.660599999999999	9272902.17578189	28.76435	3115583.60880147	29.036716666666699	1316552.0200206	29.432283333333299	259950.063903649	30.009416666666699	860561.497142088	30.229883333333301	439310.908910476	31.0858666666667	2330923.43130994	42.797116666666703	2509816.8964445	43.024083333333301	224669.901837041	10	26033146
187_3_A_AH	26033147_187_3_A_AH.D	Sample	46115.030983344899	24.0369666666667	5024542.4069459	28.654033333333299	5427252.30347567	28.777233333333299	6074668.49349037	29.036616666666699	265494.307464526	29.445150000000002	45601.8645079383	30.015799999999999	651323.799852858	30.236283333333301	1006822.41101908	31.09225	3663653.54742921	42.7905333333333	191142.185291646	43.017499999999998	34897.3125602566	10	26033147
187_3_A_3-6	26033148_187_3_A_3-6.D	Sample	46115.083551863398	24.0436333333333	9097619.58226071	28.667183333333298	10026588.5830129	28.783899999999999	6363541.79098121	29.036799999999999	221501.264846276	29.458300000000001	24869.3597156294	30.015983333333299	1852089.31112851	30.236466666666701	685186.50800097	31.0924333333333	3755716.54420022	42.803683333333304	7078053.23859952	43.024166666666702	809056.407512585	10	26033148
Blank10b	26033149_Blank10b.D	Blank	46115.136151504601	24.023966666666698	8264577.11600893	28.654	8742406.38939536	28.8550166666667	0	29.146833333333301	0	29.146833333333301	0	29.996316666666701	1675.26152604776	29.762866666666699	0	31.072766666666698	1436.38549999998	41.999383333333299	0	42.790516666666697	0	10	26033149
Std_0_2	26033150_Std_0.D	Std	46115.188735393502	24.036916666666698	8913806.87019169	28.6604666666667	9808396.7562256	28.770700000000001	2632491.22192004	29.036566666666701	2041241.14149601	29.4386166666667	375111.08161066	30.009266666666701	1624476.61854469	30.223266666666699	72211.466718022	31.085716666666698	1001229.82322309	42.796966666666698	3283996.10498664	43.017449999999997	286952.37451778	10	26033150
Std_1_2	26033151_Std_1.D	Std	46115.241334293998	24.04355	9289498.00271807	28.667100000000001	10178218.7189179	28.777333333333299	4826743.3144321	29.043216666666702	5262528.34665599	29.438766666666702	986526.870536608	30.015899999999998	2413744.21638294	30.216933333333301	127810.528976846	31.09235	2690973.50261727	42.803616666666699	5446945.51480566	43.017600000000002	508713.970838794	10	26033151
Std_2_2	26033152_Std_2.D	Std	46115.2939131366	24.043600000000001	8510584.34136434	28.66065	9283634.04217548	28.777383333333301	5285651.25212547	29.04325	5399881.87815626	29.4388166666667	1007524.89782245	30.01595	2420521.64103148	30.22345	128646.376253863	31.092400000000001	2949860.42215486	42.803649999999998	5437709.85564871	43.024133333333303	520412.73729318	10	26033152
Std_3_2	26033153_Std_3.D	Std	46115.346512766198	24.036999999999999	8655785.57413884	28.660533333333301	9530088.63245485	28.777266666666701	5559636.12787774	29.049616666666701	5497949.53285951	29.438700000000001	1033249.89163818	30.015833333333301	2469426.81308438	30.216850000000001	127552.201746256	31.092283333333299	3199382.63833163	42.803533333333299	6109317.4773359	43.024016666666697	621889.588166533	10	26033153
Std_4_2	26033154_Std_4.D	Std	46115.399103148098	24.037116666666702	8728052.07635373	28.6606666666667	9651461.26720586	28.7838833333333	9047159.46884903	29.04975	8751064.75719099	29.445316666666699	1800722.89753999	30.015966666666699	3646238.58648686	30.223466666666699	190870.031645266	31.092416666666701	4878011.5937414	42.81015	7671541.01657397	43.024149999999999	997403.393704117	10	26033154
Std_5_2	26033155_Std_5.D	Std	46115.451688680601	24.0370833333333	8716245.58478624	28.660616666666701	9542499.42438203	28.790316666666701	11326730.538339	29.056183333333301	10798396.4073262	29.438783333333301	2533966.5441341	30.015916666666701	4394474.27229008	30.223416666666701	245832.081353842	31.098849999999999	6072617.49445259	42.803616666666699	8539844.40067293	43.024099999999997	1380856.06270264	10	26033155
QC10i	26033156_QC10i.D	QC	46115.504286805597	24.036899999999999	8722162.81728619	28.666933333333301	9591782.1264074	28.770683333333299	2557509.50541979	29.043033333333302	1966099.1257781	29.438600000000001	371810.961074476	30.009250000000002	1566468.74895104	30.216750000000001	72455.9828151928	31.085699999999999	978880.919279223	42.796950000000002	2841627.55169727	43.017433333333301	262154.944685956	10	26033156
QC11a	26040702_QC11a.D	QC	46119.653959606498	24.036899999999999	8536108.36572757	28.660450000000001	9205488.72097896	28.770683333333299	2630394.62113387	29.036566666666701	2018162.96069383	29.432116666666701	373591.376904364	30.015733333333301	1624661.05699665	30.2167666666667	79804.9823432899	31.085699999999999	1006908.79624501	42.790483333333299	2541146.32000266	43.017433333333301	273992.94664959	11	26040702
Std_0_1	26040703_Std_0.D	Std	46119.706523588	24.036933333333302	8542429.42257902	28.6604833333333	9279601.38483396	28.770716666666701	2733912.67357467	29.036583333333301	2053884.00726167	29.43215	375956.460919078	30.0092833333333	1641104.47447213	30.223283333333299	84279.7897422098	31.085733333333302	1022828.03063013	42.796983333333301	2798353.69291946	43.023949999999999	287606.13375067	11	26040703
Std_1_1	26040704_ Std_1.D	Std	46119.759096724498	24.037016666666698	7768229.934049	28.6605666666667	8485441.59326186	28.770800000000001	4154599.49466381	29.0431666666667	4056802.13030802	29.432233333333301	758148.195925673	30.0093666666667	1860889.47807484	30.2168833333333	108759.899571429	31.085816666666702	1909957.6903653	42.797083333333298	3677287.98722383	43.01755	375324.12263153	11	26040704
Std_2_1	26040705_Std_2.D	Std	46119.811665219902	24.037133333333301	8096369.02837158	28.6606666666667	8804128.99791549	28.7774	5200915.36877421	29.0432666666667	5361852.25386162	29.43235	1001440.39739612	30.0094833333333	2377064.33709108	30.2169833333333	126251.274499999	31.085933333333301	3269793.67719206	42.797183333333301	4792243.29705296	43.017666666666699	516326.196638409	11	26040705
Std_3_1	26040706_Std_3.D	Std	46119.864258854199	24.030666666666701	8125088.67563715	28.660699999999999	9057217.10373551	28.7709333333333	4672381.96517694	29.043283333333299	4665802.70677756	29.432366666666699	872436.062220342	30.009499999999999	1906032.68030651	30.223500000000001	131287.868216033	31.08595	2989126.36026298	42.797199999999997	4841440.22175351	43.017683333333302	513275.440178982	11	26040706
Std_4_1	26040707_Std_4.D	Std	46119.916834641197	24.030616666666699	7187078.21855279	28.654166666666701	7728954.31880379	28.777366666666701	6622335.26737157	29.043233333333301	7109814.95342492	29.432316666666701	1352411.20411921	30.015933333333301	2798266.19552245	30.216950000000001	150756.02547549	31.092383333333299	4591590.44625712	42.797150000000002	5365307.82278647	43.017633333333301	622183.443234653	11	26040707
Std_5_1	26040708_Std_5.D	Std	46119.969413587998	24.036950000000001	7578488.03166994	28.6604833333333	8287220.98357307	28.7837	9429179.49155251	29.049566666666699	9176607.90824185	29.438649999999999	2006055.68052376	30.0093	3541225.37879282	30.223283333333299	222382.324793244	31.092233333333301	5296333.22977781	42.803483333333297	6887346.55324694	43.017483333333303	970186.456274589	11	26040708
QC11b	26040709_QC11b.D	QC	46120.021984930601	24.036933333333302	7677631.07040967	28.6604833333333	8379746.13035507	28.770716666666701	2187733.14757691	29.036583333333301	1666507.683108	29.43215	318122.54201699	30.0092833333333	1364423.45478409	30.223283333333299	66347.4151911777	31.079249999999998	845971.481330003	42.790500000000002	2130563.94781769	43.0109833333333	227725.815205852	11	26040709
Blank11a	26040710_Blank11a.D	Blank	46120.074570243101	24.023966666666698	6822797.157	28.6475166666667	7458782.8858536	28.751266666666702	3918.28764506002	29.0301166666667	3247.30649999999	29.438649999999999	2019.4395	29.996316666666701	3381.13653846155	29.756399999999999	0	31.079249999999998	1932.46950000001	42.784033333333298	0	42.784033333333298	0	11	26040710
197_1_A_BL	26040711_197_1_A_BL.D	Sample	46120.127145011596	24.0368833333333	3001944.37573343	28.660433333333302	3202269.28151897	28.783650000000002	1348730.5448786	29.036549999999998	425061.076527371	29.4515666666667	25962.603230723	30.0416666666667	1748027.86653306	30.216750000000001	50999.4156765082	31.092183333333299	85787.1841770775	42.783983333333303	299300.785738129	43.010933333333298	52972.092055893	11	26040711
197_1_A_AH	26040712_197_1_A_AH.D	Sample	46120.179755011603	24.037116666666702	7825702.34915678	28.6606666666667	8575638.67202191	28.7709166666667	490634.332613555	29.0303	98182.1180732851	29.451799999999999	9633.91869316224	30.015966666666699	440916.129894234	30.2169833333333	13574.6998327701	31.072949999999999	31882.0187499999	42.784216666666701	55301.5936364801	43.004683333333297	11881.4019517317	11	26040712
197_1_A_0-3	26040713_197_1_A_0-3.D	Sample	46120.232368217599	24.04365	7887343.88049349	28.667200000000001	8448058.16521275	28.783916666666698	2648814.11743102	29.069233333333301	13650116.2158001	29.451833333333301	3918453.99775708	30.022483333333302	2900681.77820589	30.217016666666701	68860.2033431126	31.0859666666667	805482.022695714	42.797216666666699	2352502.16401855	43.017699999999998	228071.236175598	11	26040713
197_1_A_3-6	26040714_197_1_A_3-6.D	Sample	46120.284974409697	24.043433333333301	7756638.88170277	28.666983333333299	8607621.45581978	28.7837	7726832.23600004	29.0430833333333	838244.326268944	29.438649999999999	138158.057502567	30.022266666666699	5622486.4473226	30.223299999999998	155393.741805556	31.092233333333301	4041414.90709274	42.796999999999997	2238362.48468237	43.017483333333303	227642.958648283	11	26040714
QC11c	26040715_QC11c.D	QC	46120.337584490699	24.037116666666702	8324945.32346935	28.66065	9078876.02560484	28.770900000000001	2628165.87554813	29.036766666666701	2004947.16276345	29.4323333333333	371748.368284893	30.0094666666667	1566237.50231926	30.2169666666667	76653.9254009947	31.079433333333299	970875.944916668	42.790683333333298	2814249.83941182	43.017650000000003	273938.218763808	11	26040715
158_3_A_0-3	26040716_158_3_A_0-3.D	Sample	46120.390150138897	24.037016666666698	7241714.42995662	28.660550000000001	7842154.31280862	28.770800000000001	1263322.9576356	29.043150000000001	5257295.89699269	29.4387166666667	867109.832378055	30.0093666666667	719409.096130198	30.2168666666667	34624.7969459765	31.079333333333299	342538.20071405	42.790583333333302	1338399.91639881	43.01755	149897.19748572	11	26040716
158_3_A_3-6	26040717_158_3_A_3-6.D	Sample	46120.442754074102	24.0369666666667	6989042.66006189	28.654033333333299	7580346.85151678	28.77075	3487063.23428392	29.036616666666699	1742851.24250742	29.438666666666698	327845.795656328	30.009316666666699	1813588.80271844	30.216816666666698	79019.6730473936	31.079283333333301	1450426.81369049	42.8035	5368591.7805126	43.017499999999998	562508.949781568	11	26040717
158_3_A_AH	26040718_158_3_A_AH.D	Sample	46120.495335219901	24.043466666666699	5967347.66773085	28.679983333333301	6360496.59118733	28.8032	5093731.6357202	29.043133333333301	546951.067372136	29.45815	35311.5813352103	30.0288	1417871.27771875	30.2363	88883.3606185579	31.092266666666699	1548873.99882045	42.784066666666703	162298.33879327	43.017516666666701	43554.2170800511	11	26040718
158_3_A_BL	26040719_158_3_A_BL.D	Sample	46120.547901944403	24.04355	6596343.02554785	28.680066666666701	6899236.05952889	28.803266666666701	3577264.85627088	29.049683333333299	547181.950975882	29.458216666666701	28146.08453508	30.028866666666701	1419073.29123975	30.2428666666667	74382.34058856	31.09235	1189438.06979619	42.790633333333297	195697.740000002	43.011116666666702	46715.5772515457	11	26040719
038_2_A_3-6	26040720_038_2_A_3-6.D	Sample	46120.600492361104	24.036916666666698	7673145.46723406	28.6604666666667	8163351.67401163	28.764216666666702	1316673.88443542	29.030100000000001	210024.998523617	29.425650000000001	40705.5816429335	30.009266666666701	1099343.34206863	30.2167833333333	37706.1203580642	31.079233333333299	437640.539534577	42.796983333333301	3634894.99551047	43.017449999999997	364625.448380251	11	26040720
QC11d	26040721_QC11d.D	QC	46120.653067662002	24.036950000000001	7525598.75066214	28.6604833333333	8158741.08132059	28.764250000000001	2139884.17346354	29.0366	1618437.36612952	29.432166666666699	307004.412273074	30.0093	1310903.92270856	30.216799999999999	61550.5137724841	31.079266666666701	804181.627285197	42.790516666666697	2035054.77551664	43.011000000000003	201557.977825714	11	26040721
038_2_A_BL	26040722_038_2_A_BL.D	Sample	46120.705650543998	24.043616666666701	7625508.18026049	28.667166666666699	8368018.84389853	28.7774	778863.073801751	29.036799999999999	227452.968597233	29.458300000000001	16711.5987188487	30.015966666666699	726665.896652707	30.223483333333299	30737.3084619077	31.085933333333301	105188.323749358	42.790716666666697	92578.7181627422	43.024149999999999	20007.7536841037	11	26040722
038_2_A_0-3	26040723_038_2_A_0-3.D	Sample	46120.758235381902	24.023983333333302	6760905.20605504	28.654016666666699	7239429.0430541	28.757766666666701	293510.147456139	29.0301333333333	1091947.30230001	29.4256833333333	225196.507675645	30.0028166666667	339781.531462181	30.210333333333299	13132.2304482928	31.072783333333302	114141.142366455	42.784050000000001	483637.316473906	43.017483333333303	67598.5492759152	11	26040723
038_2_A_AH	26040724_038_2_A_AH.D	Sample	46120.8108301389	24.043533333333301	6825403.83776265	28.673566666666702	7566491.09553675	28.790299999999998	1732785.26073817	29.043199999999999	461249.269982865	29.464700000000001	31685.0244886663	30.028866666666701	1272581.4813027	30.236366666666701	84927.8895816767	31.085850000000001	366692.18150793	42.790633333333297	142127.072865385	43.017583333333299	45031.1176546632	11	26040724
011_2_A_3-6	26040725_011_2_A_3-6.D	Sample	46120.8634186458	24.030516666666699	7026677.09531272	28.654066666666701	7664057.16876174	28.764299999999999	2419896.88799323	29.030183333333301	306686.787082326	29.432216666666701	57907.0638598881	30.009350000000001	1690327.19437991	30.2168666666667	55133.2617779897	31.079316666666699	1020861.81163333	42.797066666666701	3092267.38137496	43.017533333333297	287009.983143755	11	26040725
011_2_A_AH	26040726_011_2_A_AH.D	Sample	46120.916022395802	24.043616666666701	5742260.82839557	28.680133333333298	5836765.97040407	28.790366666666699	2523674.33807132	29.0432666666667	679038.007691241	29.464766666666701	49113.164656603	30.028933333333299	1296718.16049515	30.229949999999999	89986.254608601	31.085933333333301	356398.15549819	42.790700000000001	173345.842500003	43.024149999999999	43730.1134689218	11	26040726
QC11e	26040727_QC11e.D	QC	46120.968628425901	24.0305	7349474.57129124	28.660533333333301	7998071.54298585	28.764283333333299	2099522.08465893	29.036633333333299	1556328.8209088	29.432200000000002	308991.626716794	30.009333333333299	1261850.54706329	30.216850000000001	59877.0348846058	31.0793	781173.174955401	42.790550000000003	2025946.64610003	43.017516666666701	201066.479075094	11	26040727
011_2_A_BL	26040728_011_2_A_BL.D	Sample	46121.021238205998	24.0305	6729445.86654917	28.654033333333299	7372772.25166475	28.7578	164738.737520181	29.0171833333333	71391.4117626497	29.445166666666701	8249.79771175357	30.009333333333299	167208.686128278	30.223316666666701	8198.08439955997	31.0728166666667	25602.0583766023	42.784066666666703	17076.6123449738	43.004550000000002	4218.41944094965	11	26040728
011_2_A_0-3	26040729_011_2_A_0-3.D	Sample	46121.073826932901	24.024183333333301	6774723.74107636	28.654216666666699	7347739.10297501	28.7579666666667	276236.925041467	29.0303166666667	1759086.82434267	29.425883333333299	328376.757887168	30.003016666666699	298552.632865521	30.210516666666699	13696.8555714212	31.072983333333301	138550.660949205	42.784233333333297	277611.093841327	43.011200000000002	41157.2950380158	11	26040729
015_1_A_0-3	26040730_015_1_A_0-3.D	Sample	46121.126411817102	24.030516666666699	6150385.24344944	28.647583333333301	6744612.55100001	28.751333333333299	129431.343558941	29.030183333333301	1404777.23205881	29.425750000000001	275704.887445385	30.002866666666701	122092.327116454	30.2168666666667	9619.37634449886	31.0728333333333	16422.7678723441	42.784100000000002	75140.6025887819	43.011049999999997	13386.5442449997	11	26040730
015_1_A_AH	26040731_015_1_A_AH.D	Sample	46121.179015868103	24.043500000000002	4554078.91511073	28.6605666666667	5712263.40461738	28.770800000000001	578852.841748106	29.036666666666701	160160.266837524	29.4516833333333	16361.5109831939	30.01585	480394.673582134	30.229849999999999	65363.1693211473	31.085816666666702	73395.0775388274	42.784100000000002	58392.6963409061	43.0110666666667	16211.9921474648	11	26040731
015_1_A_3-6	26040732_015_1_A_3-6.D	Sample	46121.231599201397	24.030483333333301	6603071.32576996	28.6475333333333	7145708.02549999	28.7577833333333	925874.306333338	29.036616666666699	2666421.0243583	29.425699999999999	464491.679333335	30.002833333333299	814685.339752687	30.216816666666698	36338.8682093317	31.079283333333301	650099.802321708	42.7905333333333	326632.83968953	43.011016666666698	47586.5838423556	11	26040732
QC11f	26040733_QC11f.D	QC	46121.284198425899	24.030550000000002	6668776.24181308	28.6541	7233189.35074075	28.764333333333301	1800078.0643543	29.036683333333301	1343240.1119199	29.43225	266013.831858798	30.0093833333333	1113955.16404996	30.2104	51535.6303957637	31.079350000000002	683100.629249999	42.790599999999998	1622568.84518679	43.017566666666703	168002.070176276	11	26040733
015_1_A_BL	26040734_015_1_A_BL.D	Sample	46121.336752534698	24.036950000000001	6103320.82223808	28.660499999999999	7050410.45398519	28.757766666666701	396122.103163701	29.023633333333301	91923.7528675943	29.445133333333299	9547.99137055225	30.0093	342747.394377972	30.223299999999998	27594.257458418	31.079266666666701	31350.4619023197	42.784033333333298	46611.7512169811	43.011000000000003	10869.0729699705	11	26040734
042_3_A_BL	26040735_042_3_A_BL.D	Sample	46121.3893232755	24.0239333333333	6380259.14357656	28.653966666666701	7026536.23099537	28.757716666666699	224498.013739501	29.023599999999998	41008.710693313	29.425650000000001	3855.1554990857	30.002766666666702	148614.857021583	30.210283333333301	11122.4504219033	31.0727333333333	61261.7471337437	42.783999999999999	14540.9904404765	43.023933333333297	2807.82824336736	11	26040735
042_3_A_0-3	26040736_042_3_A_0-3.D	Sample	46121.441909664398	24.023983333333302	6195474.10537754	28.654016666666699	6715940.53090115	28.751283333333301	223599.28905733	29.0301166666667	706658.163833334	29.4192	150242.433288968	30.0028166666667	159064.621544987	30.2038333333333	12487.890722695	31.072783333333302	76122.3119190011	42.784033333333298	163564.276064851	43.011000000000003	22955.3840800091	11	26040736
042_3_A_AH	26040737_042_3_A_AH.D	Sample	46121.494498669002	24.030533333333299	3031680.76463794	28.6540833333333	3077392.41906054	28.7708166666667	1478970.68217565	29.030200000000001	211964.719984759	29.451699999999999	18359.1040256745	30.0158666666667	667788.24178036	30.2168833333333	44022.5195284716	31.079333333333299	307410.281161283	42.784116666666698	94148.3090126699	43.0110666666667	14847.2860777775	11	26040737
042_3_A_3-6	26040738_042_3_A_3-6.D	Sample	46121.547107245402	24.0305	6406560.29401883	28.654050000000002	7085194.71899998	28.764299999999999	1659382.3822696	29.030166666666702	243981.389666665	29.432216666666701	45744.6988254945	30.009350000000001	838817.226289159	30.210366666666701	45793.3576643667	31.079316666666699	913239.225944443	42.790566666666699	1093825.48580764	43.017533333333297	118427.394027354	11	26040738
QC11g	26040739_QC11g.D	QC	46121.599679675899	24.037116666666702	6699550.5859092	28.6606666666667	7279289.44037554	28.764416666666701	1832178.03975216	29.036766666666701	1333356.28369095	29.4323333333333	269043.958888623	30.0094666666667	1122637.64521666	30.2169666666667	52306.2495976538	31.079433333333299	685353.136875	42.790683333333298	1618929.06078629	43.017650000000003	163487.306567685	11	26040739
144_3_A_BL	26040740_144_3_A_BL.D	Sample	46121.6522767477	24.062999999999999	6126886.22955779	28.673583333333301	6702822.20852931	28.790299999999998	4183205.72056006	29.036716666666699	420517.192547567	29.458216666666701	29254.6864875363	30.0483333333333	2008188.32599999	30.236383333333301	106363.641361429	31.0858666666667	753672.354753976	42.790633333333297	161107.944519152	43.017600000000002	54343.3988949394	11	26040740
144_3_A_0-3	26040741_144_3_A_0-3.D	Sample	46121.704872256902	24.030533333333299	6517408.51987754	28.654066666666701	6940852.24412921	28.757833333333298	2075643.0499637	29.030183333333301	203967.137166665	29.425750000000001	42697.425274484	30.0093666666667	1455810.50228703	30.210383333333301	54763.8989493873	31.079333333333299	937788.816884993	42.790583333333302	937377.409053572	43.01755	108533.740476425	11	26040741
144_3_A_3-6	26040742_144_3_A_3-6.D	Sample	46121.757468738397	24.03715	5465537.01217734	28.654199999999999	5571141.15196209	28.783899999999999	7626715.1487838	29.036799999999999	274492.494698079	29.438849999999999	32047.9257435963	30.022466666666698	4401777.01897998	30.223483333333299	141434.607843179	31.0924333333333	4055636.34590004	42.804299999999998	7041493.78014233	43.024166666666702	953581.712350452	11	26040742
168_3_A_0-3	26040744_168_3_A_0-3.D	Sample	46121.8626622917	24.036999999999999	6607914.97169092	28.660550000000001	7246720.1940427	28.777266666666701	5859701.10607463	29.036650000000002	1303906.22466666	29.438700000000001	225100.387558688	30.015833333333301	4602715.05315552	30.216850000000001	134215.026209934	31.085799999999999	3747555.93154587	42.797049999999999	4106537.57796178	43.017533333333297	446961.23081999	11	26040744
QC11h	26040745_QC11h.D	QC	46121.915230138897	24.030433333333299	6990296.90002457	28.653983333333301	7555625.52532381	28.764233333333301	1929314.90487789	29.030100000000001	1430626.8850481	29.43215	287827.748305116	30.0092833333333	1183574.20729129	30.2167833333333	61074.9070411384	31.079249999999998	732613.265000001	42.790500000000002	1402957.35866114	43.017466666666699	165441.286515402	11	26040745
168_3_A_3-6	26040746_168_3_A_3-6.D	Sample	46121.967826111097	24.030583333333301	6448305.71776994	28.654116666666699	7130660.95096662	28.7578833333333	614579.904586473	29.036716666666699	3603617.64297133	29.432283333333299	608411.811795477	30.009416666666699	597769.941142562	30.216916666666702	26573.6616345966	31.0793833333333	278810.327259462	42.784149999999997	676295.269528142	43.017600000000002	89129.2395959962	11	26040746
168_3_A_AH	26040747_168_3_A_AH.D	Sample	46122.020395231499	24.056166666666702	5773235.84220188	28.686199999999999	6128411.46159997	28.8158833333333	4383015.76623331	29.0623	1248398.77263366	29.477316666666699	70244.5347257236	30.0414833333333	2809802.67098271	30.248999999999999	181797.637502737	31.104966666666702	1288613.29848226	42.790283333333299	575685.185671502	43.023733333333297	106845.491852055	11	26040747
168_3_A_BL	26040748_168_3_A_BL.D	Sample	46122.072992268499	24.043516666666701	3765175.27348811	28.680033333333299	3898639.61917082	28.803233333333299	2727547.88720617	29.056149999999999	864929.169047945	29.471166666666701	33905.2325302785	30.041799999999999	2170660.77918624	30.242833333333301	100511.499602551	31.098800000000001	499917.244363638	42.790599999999998	427434.240944114	43.024050000000003	79211.6586960767	11	26040748
Blank11b	26040749_Blank11b.D	Blank	46122.1255652662	24.0239166666667	5790498.38074249	28.640966666666699	6243496.87269371	28.7512166666667	2830.33211049383	29.023566666666699	1171.95869047617	29.496949999999998	1760.404	30.002749999999999	2585.79516101193	29.905483333333301	0	31.0792	795.713999999992	42.012300000000003	0	42.7839666666667	0	11	26040749
Std_0_2	26040750_Std_0.D	Std	46122.178139884301	24.030466666666701	6623768.32225524	28.660499999999999	7197645.50782629	28.764250000000001	1726481.20527254	29.036616666666699	1304051.52273987	29.432166666666699	251022.528121628	30.0093	1083902.58612962	30.216816666666698	51319.2108852981	31.079266666666701	662365.506979014	42.7905333333333	1768353.25800326	43.017483333333303	177035.848414271	11	26040750
Std_1_2	26040751_Std_1.D	Std	46122.230724201399	24.030566666666701	6509954.92606446	28.654116666666699	7014579.144611	28.76435	2850327.10353672	29.0367	3037873.5611389	29.432266666666699	559408.322677779	30.009399999999999	1409121.4445869	30.210433333333299	76277.7819444442	31.085850000000001	1641169.39972222	42.797116666666703	2870631.26190105	43.017583333333299	257358.374995596	11	26040751
Std_2_2	26040752_Std_2.D	Std	46122.283306516198	24.030516666666699	6519690.40802564	28.654066666666701	7117622.35534302	28.770800000000001	3711524.58901277	29.036666666666701	3711599.42737657	29.432233333333301	676626.212157244	30.0093666666667	1661056.93300119	30.2168666666667	89997.8040634921	31.085816666666702	2061391.29022298	42.797066666666701	3403392.5343198	43.01755	302358.199837048	11	26040752
Std_3_2	26040753_Std_3.D	Std	46122.3358980556	24.030533333333299	6355726.08409336	28.6540833333333	6923119.70441003	28.764316666666701	3115622.4657148	29.036666666666701	3106363.44420134	29.425750000000001	565457.156007464	30.002883333333301	1276439.67411818	30.2104	82076.9549898935	31.085816666666702	2008976.01600186	42.797066666666701	3279197.57143113	43.01755	298902.793706642	11	26040753
Std_4_2	26040754_Std_4.D	Std	46122.388478703702	24.030516666666699	6478687.71914435	28.654050000000002	7031692.39139715	28.777266666666701	5929122.22212335	29.043133333333301	5981770.02428654	29.432216666666701	1071160.29427725	30.009350000000001	2276962.07202082	30.216850000000001	124529.50622	31.085799999999999	3194140.73001456	42.797049999999999	5133169.98377502	43.017533333333297	510245.937373717	11	26040754
Std_5_2	26040755_Std_5.D	Std	46122.441081481498	24.030650000000001	6428307.37896533	28.654199999999999	6969900.39214505	28.777416666666699	7743381.90373019	29.049766666666699	7657312.51675381	29.438849999999999	1549456.23161578	30.015983333333299	2807639.71928889	30.216999999999999	153631.104376767	31.08595	4288195.92190666	42.797199999999997	6065663.74079038	43.024166666666702	687599.846783769	11	26040755
QC11i	26040756_QC11i.D	QC	46122.4936753125	24.030533333333299	6342719.71282718	28.654066666666701	6878534.90467322	28.764316666666701	1607668.78421428	29.030183333333301	1239795.87870098	29.425750000000001	233445.226165929	30.0093666666667	1022617.45740786	30.2168666666667	45876.1150672225	31.079333333333299	628642.087016478	42.790583333333302	1455941.83044584	43.01755	149056.20238289	11	26040756
QC12a	26041302_QC12a.D	QC	46125.689532384298	24.030566666666701	5726673.76410828	28.654116666666699	6268204.0585454	28.76435	1515882.5780054	29.0302166666667	1078120.1640515	29.432266666666699	214071.140144015	30.009399999999999	942984.987500177	30.210416666666699	43466.4200362017	31.079366666666701	547267.943568849	42.7906166666667	1177576.74590821	43.017583333333299	136404.205500002	12	26041302
Std_0_1	26041303_Std_0.D	Std	46125.742107847203	24.030666666666701	6025146.96673051	28.654216666666699	6600870.04672426	28.764466666666699	1612956.2752782	29.030333333333299	1174321.43848477	29.432383333333298	224385.714999998	30.009516666666698	1002278.73787473	30.217016666666701	47859.1774107971	31.0794833333333	585590.084513721	42.7907333333333	1313023.96362182	43.017699999999998	145860.86279938	12	26041303
Std_1_1	26041304_Std_1.D	Std	46125.7946901389	24.030583333333301	5984167.39899991	28.654133333333299	6566374.30674961	28.770849999999999	2996564.18841445	29.036733333333299	2752045.73942283	29.432283333333299	491513.290752829	30.009416666666699	1366924.50280142	30.216933333333301	70154.3671412919	31.0793833333333	1192423.08159367	42.797133333333299	2410834.65491146	43.017600000000002	231764.351425364	12	26041304
Std_2_1	26041305_Std_2.D	Std	46125.847294919004	24.0306	5980846.6341389	28.654150000000001	6523348.26202968	28.770866666666699	3722295.46483964	29.036733333333299	3399370.84242288	29.432300000000001	592789.626675443	30.009433333333298	1607352.21474715	30.216950000000001	84452.3009363361	31.0794	1564124.44041667	42.797133333333299	2931748.98319593	43.017616666666697	276722.784352328	12	26041305
Std_3_1	26041306_Std_3.D	Std	46125.899866550899	24.0304	6060764.31625701	28.653949999999998	6621537.6084697	28.770666666666699	4336172.73116583	29.043016666666698	3938196.50862031	29.432099999999998	692538.59409507	30.009233333333299	1783773.22781054	30.216750000000001	98025.7966369124	31.0856833333333	1981655.23283298	42.7969333333333	3766985.28372962	43.017416666666698	354715.479955452	12	26041306
Std_4_1	26041307_Std_4.D	Std	46125.952440497698	24.030550000000002	5867893.14059057	28.6541	6386113.74930863	28.7708333333333	5595532.6058748	29.0431833333333	5281710.37585607	29.432266666666699	923514.575369442	30.009399999999999	2093498.0723214	30.216899999999999	115527.828758336	31.085850000000001	2546212.83883138	42.7971	4204641.9705511	43.024066666666698	417292.934965161	12	26041307
Std_5_1	26041308_Std_5.D	Std	46126.004999606499	24.030449999999998	5674118.68317604	28.654	6184397.0129632	28.777200000000001	6138867.42225905	29.0430833333333	5963280.56813698	29.43215	1066609.02561863	30.0157666666667	2179302.06619613	30.216799999999999	125887.189833333	31.085733333333302	2953864.58228982	42.796999999999997	4475021.43004843	43.023949999999999	455794.874720035	12	26041308
QC12b	26041309_QC12b.D	QC	46126.057569097196	24.0306	6315416.88949209	28.654150000000001	6898923.0423007	28.764383333333299	1729711.91007973	29.030249999999999	1245089.35163595	29.432300000000001	255551.705576589	30.002949999999998	1046506.82422336	30.210450000000002	50758.3791116896	31.0794	624300.328269846	42.790649999999999	1612361.63729383	43.017616666666697	168234.183702771	12	26041309
Blank12a	26041310_Blank12a.D	Blank	46126.110171041699	24.017600000000002	5004439.79558113	28.6476166666667	5475656.40776179	28.744900000000001	3433.97451034435	29.023733333333301	2999.87249999998	29.140450000000001	0	29.9964333333333	3622.40628571435	30.2039333333333	0	31.072883333333301	1290.308	42.7906166666667	0	43.004616666666699	0	12	26041310
245_3_A_0-3	26041311_245_3_A_0-3.D	Sample	46126.1627533102	24.023949999999999	5481673.97050336	28.647500000000001	6023006.15508353	28.751249999999999	136746.321167637	29.017116666666698	23355.7282265561	29.4386166666667	2354.92976613073	30.009266666666701	101040.798068972	30.2103	5062.9622983649	31.079233333333299	18685.7515967937	42.783999999999999	9599.50393075655	43.023933333333297	2070.29895555554	12	26041311
245_3_A_BL	26041312_245_3_A_BL.D	Sample	46126.215364710602	24.0368833333333	5373563.24508252	28.666916666666701	5934123.1267225	28.783633333333299	1452834.63054493	29.030049999999999	268439.784214717	29.451550000000001	13378.0793289298	30.022200000000002	813602.867508901	30.216750000000001	42871.5887648679	31.0856833333333	205704.588086331	42.7839666666667	128018.594886225	43.017416666666698	23938.8424593473	12	26041312
245_3_A_3-6	26041313_245_3_A_3-6.D	Sample	46126.267959536999	24.024049999999999	5724687.98925566	28.647600000000001	6274243.66992034	28.751349999999999	183471.614897984	29.023700000000002	33301.1584956882	29.419266666666701	3643.52914827092	30.002883333333301	145927.91911111	30.2168833333333	7550.62001927796	31.079333333333299	18492.571708534	42.784100000000002	15521.212833333	43.0110666666667	3762.111	12	26041313
245_3_A_AH	26041314_245_3_A_AH.D	Sample	46126.320555810198	24.0370666666667	4471117.86688549	28.673566666666702	5131790.05908329	28.790299999999998	3369631.7887261	29.036716666666699	406293.550532457	29.451733333333301	26797.9828299933	30.022383333333298	1197882.64815386	30.242850000000001	100943.304012732	31.0858666666667	504791.549727033	42.784149999999997	136409.538323602	43.024083333333301	35887.2206398204	12	26041314
QC12c	26041315_QC12c.D	QC	46126.3731408565	24.024083333333301	5893633.43258502	28.647749999999998	6391702.5752167	28.76435	1461569.72253106	29.0302166666667	1061972.11778826	29.432266666666699	214559.614007367	30.0029166666667	913169.214982142	30.210416666666699	43337.6508421276	31.079366666666701	534876.334597221	42.7906166666667	1203425.66581066	43.017583333333299	129286.290116207	12	26041315
118_1_A_BL	26041316_118_1_A_BL.D	Sample	46126.425743784697	24.0436333333333	6100592.77036503	28.673666666666701	6735138.52182244	28.783916666666698	994757.085953582	29.036816666666699	318731.610183031	29.445350000000001	16589.9801445636	30.035450000000001	1285999.40594973	30.229983333333301	51864.3534012615	31.08595	120100.645972223	42.7907333333333	121954.886625533	43.017683333333302	22245.8016074584	12	26041316
118_1_A_AH	26041317_118_1_A_AH.D	Sample	46126.478324525502	24.030550000000002	6290917.62717952	28.6605833333333	6950678.39241464	28.757850000000001	429569.565298136	29.023716666666701	95151.6126855942	29.445216666666699	9378.93341907271	30.0093833333333	444527.729939136	30.210416666666699	13205.716983744	31.079350000000002	58099.0290217302	42.777633333333299	31772.7065000003	43.004600000000003	6736.78356476192	12	26041317
118_1_A_3-6	26041318_118_1_A_3-6.D	Sample	46126.530900150501	24.023983333333302	5584470.16679381	28.6475333333333	6081532.95311574	28.751283333333301	645424.254259456	29.023633333333301	34296.0405093741	29.438649999999999	3797.01700653885	30.0028166666667	485309.70416539	30.210333333333299	19356.813912234	31.072783333333302	321368.404272729	42.784033333333298	31384.8963190804	43.004516666666703	6089.18902400558	12	26041318
118_1_A_0-3	26041319_118_1_A_0-3.D	Sample	46126.583477789398	24.024066666666702	5647971.15562804	28.6476166666667	6114886.35988456	28.751366666666701	577658.969039542	29.030200000000001	1648256.45934237	29.4257666666667	317049.830057443	30.0029	610863.911865537	30.2039166666667	18819.3869084107	31.072866666666702	306178.561294998	42.790599999999998	65988.6279229212	43.017566666666703	11167.0247472652	12	26041319
202_3_A_AH	26041320_202_3_A_AH.D	Sample	46126.636063206002	24.043433333333301	4870769.33316422	28.673449999999999	5257872.63397551	28.790183333333299	3637733.93536301	29.0366	512501.922878585	29.445133333333299	41296.3182910524	30.022266666666699	1492063.81010492	30.229766666666698	103565.605564911	31.085733333333302	648887.519456384	42.790516666666697	139791.711483177	43.017466666666699	35618.3969162037	12	26041320
QC12d	26041321_QC12d.D	QC	46126.688633622703	24.030483333333301	5890433.61739907	28.654033333333299	6370881.82323299	28.7642666666667	1417491.90830484	29.0301333333333	1044393.68845005	29.432183333333299	206013.719107093	30.009316666666699	899318.496626199	30.216833333333302	41570.2927053491	31.079283333333301	528071.50118773	42.7905333333333	1225895.42079264	43.017499999999998	132214.835212976	12	26041321
202_3_A_3-6	26041322_202_3_A_3-6.D	Sample	46126.741216504597	24.043516666666701	5572907.89218181	28.673549999999999	5818266.25410306	28.796766666666699	7810693.13669401	29.0431833333333	616297.628964407	29.445216666666699	43589.3419196355	30.028833333333299	5412164.35350003	30.229866666666702	129650.775550611	31.098800000000001	5610757.93597475	42.8100666666667	7415424.24056094	43.030533333333302	1168039.48069026	12	26041322
202_3_A_BL	26041323_202_3_A_BL.D	Sample	46126.793790902797	24.043399999999998	4221866.14071813	28.679916666666699	4603061.27433351	28.7966333333333	2564119.80613702	29.049533333333301	560958.221341297	29.4515833333333	38278.1980285451	30.0287166666667	1359922.34899382	30.229749999999999	61298.681476831	31.085716666666698	430076.545267043	42.790483333333299	200703.888928457	43.023933333333297	43670.6877124996	12	26041323
202_3_A_0-3	26041324_202_3_A_0-3.D	Sample	46126.846383900498	24.03715	5418325.9994973	28.667166666666699	5819371.96770508	28.790383333333299	5734813.50847454	29.049766666666699	5114571.07546283	29.445333333333298	837421.595558826	30.022466666666698	4146810.02340525	30.223483333333299	100109.269651248	31.0924333333333	3310219.67884469	42.797199999999997	5585510.28712481	43.024166666666702	610229.497753765	12	26041324
009_1_B_3-6	26041325_009_1_B_3-6.D	Sample	46126.898969224501	24.023966666666698	5790996.36552964	28.647500000000001	6268670.59688529	28.757750000000001	178339.728853957	29.023616666666701	54891.2381874286	29.419183333333301	4840.31434095701	30.002800000000001	232459.555800003	30.2103	6627.82049521844	31.072766666666698	19768.1132430913	42.784016666666702	35774.756212345	43.0109833333333	6764.2045307781	12	26041325
009_1_B_BL	26041326_009_1_B_BL.D	Sample	46126.951559039298	24.043583333333299	4818047.95818438	28.686583333333299	4847204.72711516	28.7968333333333	2750813.17150354	29.0497333333333	1038590.28512685	29.458266666666699	42685.2663741751	30.035399999999999	2545338.54975001	30.236416666666699	96315.5227108084	31.085899999999999	322690.349051786	42.790683333333298	388673.102277719	43.017633333333301	71506.2519456917	12	26041326
QC12e	26041327_QC12e.D	QC	46127.0041550694	24.0305	6366896.84099165	28.654033333333299	6987975.76465705	28.764283333333299	1638065.26608591	29.030149999999999	1211210.26041823	29.432200000000002	247386.726597077	30.009333333333299	1018740.6437347	30.216833333333302	46855.0942517644	31.0793	604337.140523475	42.790550000000003	1623784.50005921	43.017516666666701	163256.923278393	12	26041327
009_1_B_AH	26041328_009_1_B_AH.D	Sample	46127.056768078699	24.04365	5162224.32114776	28.68665	5123887.85832263	28.803366666666701	3042383.2666666	29.049783333333298	1221697.844259	29.451833333333301	62893.023316056	30.035450000000001	2676194.07592275	30.2429666666667	109142.282772709	31.0859666666667	406451.287941317	42.7907333333333	368309.367391751	43.017699999999998	73461.3120946018	12	26041328
009_1_B_0-3	26041329_009_1_B_0-3.D	Sample	46127.109359282404	24.023983333333302	5766410.80230068	28.6475166666667	6224534.59505637	28.757766666666701	187554.906516764	29.023633333333301	54480.7052397567	29.4256833333333	3690.44377150234	30.0093	221108.42959942	30.216799999999999	6352.47729089757	31.072783333333302	21020.9052131596	42.784033333333298	31469.4742735583	43.004516666666703	6020.24640948465	12	26041329
094_2_A_BL	26041330_094_2_A_BL.D	Sample	46127.1619329514	24.030416666666699	5794488.85689564	28.653966666666701	6450197.74263461	28.764199999999999	463798.286012272	29.023583333333299	69173.6781874284	29.438600000000001	5726.82030293751	30.009250000000002	314379.879595241	30.210283333333301	11499.8975958645	31.0727333333333	53434.42716	42.783983333333303	29927.6368661317	43.004466666666701	5971.04942238951	12	26041330
094_2_A_0-3	26041331_094_2_A_0-3.D	Sample	46127.214534583298	24.024149999999999	5945472.98274056	28.6477	6432499.45518412	28.751449999999998	355764.096840137	29.023816666666701	842679.302464764	29.4258666666667	184687.359825945	30.002983333333301	320703.196136904	30.2040166666667	13298.6119159425	31.072949999999999	160440.118924997	42.784216666666701	403559.582327863	43.017666666666699	54466.8842163199	12	26041331
094_2_A_3-6	26041332_094_2_A_3-6.D	Sample	46127.267130231499	24.0306	5970200.72288561	28.654150000000001	6533305.93603198	28.764383333333299	1285983.70729933	29.023766666666699	90360.5269770351	29.432300000000001	11588.0201411478	30.009433333333298	819859.960481769	30.210450000000002	29250.390957025	31.0794	473071.938407667	42.790649999999999	1518417.16270606	43.017616666666697	155354.512514601	12	26041332
QC12f	26041333_QC12f.D	QC	46127.319693310201	24.030633333333299	6329390.48597358	28.6541833333333	6978603.16056239	28.764416666666701	1651933.04878326	29.030283333333301	1213133.50049999	29.425850000000001	234390.216050547	30.002983333333301	1030096.28050274	30.2169833333333	46277.5603504956	31.079433333333299	599620.538124997	42.790683333333298	1545245.59803355	43.017650000000003	156632.915104169	12	26041333
094_2_A_AH	26041334_094_2_A_AH.D	Sample	46127.372307002297	24.043483333333299	4823116.18064896	28.6864833333333	4714321.79741235	28.7967166666667	5638213.71730631	29.043133333333301	563228.001137528	29.45815	34641.120104337	30.0417666666667	2833104.34062046	30.223333333333301	60530.9170721786	31.085799999999999	731510.4712205	42.790566666666699	192477.160436016	43.024016666666697	65844.1234448695	12	26041334
170_3_A_AH	26041335_170_3_A_AH.D	Sample	46127.4248962153	24.043533333333301	5810047.24394796	28.667066666666699	6095047.99034988	28.783799999999999	3984961.33753916	29.0367	574839.904787443	29.458200000000001	48749.8772612066	30.022366666666699	1727473.12015906	30.249333333333301	2706821.12471129	31.085850000000001	787010.306505337	42.7906166666667	254967.554499998	43.017583333333299	44908.2661034451	12	26041335
170_3_A_3-6	26041336_170_3_A_3-6.D	Sample	46127.477482060203	24.030583333333301	6402566.93129925	28.654116666666699	6949365.41273978	28.770849999999999	4065174.07876173	29.036716666666699	983769.5569133	29.432283333333299	177149.613706957	30.009416666666699	2310295.31805181	30.229883333333301	240090.551666665	31.0793833333333	1541294.02027051	42.797116666666703	3283316.28780304	43.017600000000002	289567.05441023	12	26041336
170_3_A_0-3	26041337_170_3_A_0-3.D	Sample	46127.530056481497	24.037033333333301	6265000.79955067	28.6540833333333	6831126.42511515	28.7708166666667	1875888.76238672	29.04965	5503294.05530389	29.4387333333333	889060.3216989	30.0158666666667	1293939.79299796	30.236333333333299	451449.760678423	31.079333333333299	519291.696822488	42.797083333333298	2951936.96079532	43.01755	260192.825792075	12	26041337
170_3_A_BL	26041338_170_3_A_BL.D	Sample	46127.582638541702	24.043666666666699	5129209.72125882	28.6672166666667	5432373.47427464	28.790416666666701	3172542.28732765	29.036833333333298	700232.335278039	29.45185	41084.5907349391	30.028983333333301	2009433.25514931	30.249466666666699	1614227.98206364	31.085983333333299	787795.574107065	42.790750000000003	340241.85288179	43.011233333333301	61282.5661934926	12	26041338
QC12g	26041339_QC12g.D	QC	46127.635216631897	24.030616666666699	6274493.65138108	28.654166666666701	6800429.43955623	28.764399999999998	1562601.29787622	29.030266666666702	1168886.91392978	29.425833333333301	229657.90330389	30.002966666666701	967886.48459544	30.2169666666667	44148.1305063814	31.079416666666699	573956.357721904	42.790666666666702	1441967.65948084	43.017633333333301	145887.790026643	12	26041339
062_3_A_3-6	26041340_062_3_A_3-6.D	Sample	46127.687829652801	24.0306833333333	5837814.96481717	28.654233333333298	6356415.98951745	28.7579833333333	1600450.28409462	29.030333333333299	467317.193506117	29.425899999999999	90304.8406253615	30.003033333333299	919713.038442708	30.210533333333299	42603.2754483401	31.073	610118.667013356	42.7907333333333	2782526.01608862	43.017699999999998	238917.641269413	12	26041340
062_3_A_AH	26041341_062_3_A_AH.D	Sample	46127.740447199103	24.037116666666702	5459486.53344531	28.667149999999999	6114291.23831129	28.7774	1212686.61723801	29.0367833333333	438998.899806789	29.458283333333299	26587.8982802018	30.022449999999999	1348174.83469858	30.229949999999999	78592.484816955	31.085916666666702	88189.1967564822	42.784216666666701	299144.635612283	43.017650000000003	56747.9359722226	12	26041341
062_3_A_0-3	26041342_062_3_A_0-3.D	Sample	46127.7930533912	24.030416666666699	5889226.04309164	28.647466666666698	6389156.55274612	28.757716666666699	375515.788558195	29.030066666666698	1414604.03349018	29.425633333333298	261462.423011271	30.002766666666702	384447.140465032	30.216750000000001	14389.1549999999	31.0727166666667	104897.900507158	42.783983333333303	574253.724353539	43.017433333333301	68614.0030678334	12	26041342
062_3_A_BL	26041343_062_3_A_BL.D	Sample	46127.845652476899	24.049949999999999	5324501.26109145	28.69295	5607440.0507845	28.8032	2063029.04135382	29.056100000000001	980756.67209166	29.477599999999999	41578.6872446438	30.0417666666667	2860892.86519386	30.249266666666699	146860.04313565	31.098749999999999	215641.752563481	42.797033333333303	884509.468113213	43.017516666666701	148683.371900423	12	26041343
117_2_A_BL	26041344_117_2_A_BL.D	Sample	46127.898249375001	24.024166666666702	6018702.69999534	28.654199999999999	6567322.04106612	28.7579666666667	273814.761333067	29.0238333333333	65390.2681367645	29.432366666666699	6305.20682052336	30.009499999999999	217542.328886994	30.216999999999999	18764.4768294729	31.072966666666701	48216.5405481339	42.784233333333297	29951.0657342491	43.017683333333302	5075.09418402783	12	26041344
QC12h	26041345_QC12h.D	QC	46127.950839965299	24.030449999999998	6486924.63082062	28.654	7067779.72457237	28.764250000000001	1696327.69842654	29.0301166666667	1241310.32912286	29.4256833333333	249446.25569229	30.002800000000001	1033903.0913	30.210316666666699	48286.6371715601	31.079249999999998	618037.2275	42.790516666666697	1742732.91790844	43.0109833333333	166104.945144682	12	26041345
117_2_A_0-3	26041346_117_2_A_0-3.D	Sample	46128.003396215303	24.0241333333333	5644247.05003189	28.647666666666701	6083237.43096579	28.751433333333299	228102.774280606	29.023783333333299	452571.005533331	29.425833333333301	94899.7061525984	30.002966666666701	191809.659480369	30.223433333333301	13931.8823916599	31.0729333333333	71254.7461470007	42.784183333333303	686900.398838347	43.017633333333301	78305.4199322043	12	26041346
117_2_A_3-6	26041347_117_2_A_3-6.D	Sample	46128.055975891199	24.023966666666698	5855744.74426231	28.654	6279559.62981423	28.751266666666702	429677.695353526	29.023616666666701	131322.403033334	29.4256666666667	26753.5507535321	29.996316666666701	292806.739250801	30.210316666666699	18908.2968306878	31.072766666666698	233227.096391438	42.784016666666702	743484.141408892	43.0109833333333	85529.347974546	12	26041347
117_2_A_AH	26041348_117_2_A_AH.D	Sample	46128.108573576399	24.023966666666698	5886838.66664265	28.654	6458970.57365657	28.757750000000001	253530.867999999	29.023616666666701	51672.2778106512	29.4256666666667	4730.61873667111	30.002800000000001	179336.410988889	30.2167833333333	22708.1770505923	31.072766666666698	56585.1119529645	42.784016666666702	17965.7899999998	43.0109833333333	3235.76128799999	12	26041348
Blank12b	26041349_Blank12b.D	Blank	46128.161168113402	24.01765	5163716.52042156	28.641200000000001	5551152.86102441	28.744949999999999	1507.44045990084	29.017299999999999	772.875204509686	29.153483333333298	0	29.750066666666701	0	29.918666666666699	0	31.06645	0	42.777700000000003	0	42.777700000000003	0	12	26041349
Std_0_2	26041350_Std_0.D	Std	46128.213743125001	24.030616666666699	5981080.83666968	28.654150000000001	6535160.8775302	28.757916666666699	1457786.3148687	29.030266666666702	1066180.84310409	29.425833333333301	210568.177766665	30.002966666666701	906673.16546713	30.216950000000001	40481.6267478547	31.079416666666699	534817.59024963	42.790666666666702	1367241.15240907	43.017633333333301	135665.417868625	12	26041350
Std_1_2	26041351_Std_1.D	Std	46128.266327939797	24.030533333333299	5894736.20444582	28.647600000000001	6469430.42751191	28.764316666666701	2368157.1555	29.036683333333301	2491372.04000379	29.425750000000001	452278.797166666	30.0093666666667	1239073.20230896	30.2104	64654.6266017858	31.079333333333299	1348559.99875002	42.790599999999998	2491176.56638639	43.01755	218836.947123245	12	26041351
Std_2_2	26041352_Std_2.D	Std	46128.318913483803	24.030466666666701	5939500.51104498	28.654	6454053.98269717	28.764250000000001	3121411.98023322	29.0366	3149882.06869266	29.4256833333333	552377.608857148	30.0093	1492020.22896666	30.210316666666699	76135.0754178886	31.079266666666701	1726473.51178704	42.796999999999997	2876041.77144963	43.017483333333303	251154.251768692	12	26041352
Std_3_2	26041353_Std_3.D	Std	46128.371520000001	24.030633333333299	5923883.36176039	28.6541833333333	6371266.18526455	28.764416666666701	3801631.832967	29.036766666666701	3576408.21569817	29.4323333333333	617632.538144993	30.0094666666667	1634163.55657184	30.2169833333333	81737.5460000001	31.079433333333299	1972675.84050187	42.797166666666698	3632945.15335661	43.017650000000003	314314.648993922	12	26041353
Std_4_2	26041354_Std_4.D	Std	46128.424112951398	24.024000000000001	5630898.72622766	28.647549999999999	6110168.58902914	28.770766666666699	4950543.91291319	29.036633333333299	4837291.9277846	29.432200000000002	823444.018646636	30.009316666666699	1858735.07477083	30.216833333333302	97820.7968066673	31.0857666666667	2325704.43900957	42.797033333333303	4239005.05236143	43.017499999999998	375437.05045248	12	26041354
Std_5_2	26041355_Std_5.D	Std	46128.476689166702	24.030516666666699	6104827.69182119	28.654050000000002	6555353.43960612	28.777266666666701	6607119.60886408	29.043133333333301	6471373.96885341	29.438700000000001	1139384.44115992	30.009350000000001	2314514.92362072	30.216850000000001	119941.470981483	31.085799999999999	3152586.11850642	42.797049999999999	5255533.13372608	43.017533333333297	514017.893612176	12	26041355
QC12i	26041356_QC12i.D	QC	46128.529298807902	24.023966666666698	5838726.76797705	28.653983333333301	6360991.5642948	28.757750000000001	1439068.37838522	29.030100000000001	1046815.79902562	29.4256666666667	209596.223780799	30.0092833333333	884817.93031597	30.2167833333333	39267.8677666011	31.079249999999998	531993.469124996	42.784016666666702	1261888.07677583	43.0109833333333	132028.5021355	12	26041356
QC13a	26041401_QC13a.D	QC	46128.581882604201	24.030633333333299	6092475.10203714	28.6541833333333	6518097.2356657	28.764416666666701	1545118.37527453	29.030283333333301	1148110.66595842	29.4323333333333	224211.278911208	30.0094666666667	959312.789373813	30.2104833333333	43099.1277341825	31.079433333333299	559727.285033329	42.790683333333298	1482161.70602743	43.017650000000003	152679.087455589	13	26041401
Std_0_1	26041402_Std_0.D	Std	46128.6344814236	24.024166666666702	6049918.53176405	28.654199999999999	6493605.91936142	28.764433333333301	1529132.24775378	29.0303	1148293.20846154	29.4258666666667	224641.74520828	30.003	960912.670308194	30.216999999999999	42239.3477727867	31.079450000000001	562648.804763985	42.790700000000001	1453612.92447321	43.017666666666699	150173.373766346	13	26041402
Std_1_1	26041403_Std_1.D	Std	46128.687053588001	24.024166666666702	5841645.38248835	28.6491333333333	6215632.98109849	28.764433333333301	2573847.46035125	29.0367833333333	2444391.27575778	29.4258666666667	448941.686684214	30.0094833333333	1203142.18292261	30.2169833333333	57046.1258000001	31.079450000000001	1043123.20741434	42.790700000000001	2208029.23027859	43.0111833333333	204839.723815426	13	26041403
Std_2_1	26041404_Std_2.D	Std	46128.739646886599	24.030416666666699	5884933.52157748	28.647483333333302	6235974.21266482	28.764199999999999	3324899.3328502	29.036549999999998	3110149.13837805	29.432116666666701	537086.964278291	30.002766666666702	1435189.13127081	30.2167666666667	70854.0352000002	31.079216666666699	1426458.83816152	42.796950000000002	2906224.4478642	43.017433333333301	256039.670788318	13	26041404
Std_3_1	26041405_Std_3.D	Std	46128.792206319398	24.030449999999998	5935941.13053503	28.654	6301214.71782859	28.770716666666701	4013451.52756014	29.036583333333301	3636392.39772324	29.43215	625835.748748816	30.0092833333333	1635963.43458148	30.216799999999999	79234.8692999991	31.079249999999998	1803483.26233501	42.790500000000002	3648441.78587755	43.017466666666699	320475.294334749	13	26041405
Std_4_1	26041406_Std_4.D	Std	46128.844782789398	24.030616666666699	5823685.34291373	28.647666666666701	6209910.90689099	28.770883333333298	4796361.45213694	29.036750000000001	4710298.87074578	29.432316666666701	807999.42842292	30.009450000000001	1757765.34365	30.210466666666701	90397.9013047292	31.085899999999999	2250870.38390279	42.790666666666702	3947778.07897544	43.017633333333301	359361.633830274	13	26041406
Std_5_1	26041407_Std_5.D	Std	46128.897365416698	24.030583333333301	6061177.19148628	28.654133333333299	6435955.52322464	28.777333333333299	6470924.64783146	29.043216666666702	6280240.77033498	29.432283333333299	1093515.70049422	30.009416666666699	2360919.21705451	30.216933333333301	110479.543429673	31.0858666666667	2981657.2113493	42.797116666666703	5161433.09371458	43.017600000000002	514585.084374114	13	26041407
QC13b	26041408_QC13b.D	QC	46128.949951238399	24.030633333333299	6240866.47293954	28.6541833333333	6782471.92960954	28.764416666666701	1668037.98632723	29.030283333333301	1240260.21225646	29.4323333333333	232481.575467818	30.002983333333301	1027318.05984759	30.2169666666667	45983.2742631385	31.079433333333299	607880.196499999	42.790683333333298	1657538.74709105	43.017650000000003	165493.186812018	13	26041408
Blank13a	26041409_Blank13a.D	Blank	46129.002512314801	24.017633333333301	4780246.23750348	28.641166666666699	5093738.92895603	28.73845	2733.07649999995	29.0172833333333	2699.72350000002	29.140499999999999	0	29.996466666666699	3439.67549999999	30.210450000000002	238.45700000001	31.0794	1362.48850000001	42.7712	1316.07900000005	43.011133333333298	427.122000000002	13	26041409
024_1_A_0-3	26041410_024_1_A_0-3.D	Sample	46129.0551284838	24.030466666666701	5860218.24239825	28.654	6276441.65882405	28.7707333333333	3562292.97109599	29.056049999999999	10727357.6452054	29.438649999999999	2630848.26260802	30.0093	1256373.48498072	30.216799999999999	87662.224428571	31.079266666666701	1347310.59703916	42.790516666666697	1101067.18213239	43.011000000000003	124959.787644295	13	26041410
024_1_A_AH	26041411_024_1_A_AH.D	Sample	46129.107701851899	24.0363166666667	5464079.63658332	28.6606666666667	6144956.75804548	28.7838833333333	4617747.32578599	29.0303	292340.786610873	29.458283333333299	45239.7965265924	30.01595	882752.475581587	30.229949999999999	145383.358644181	31.079433333333299	1454491.2666686	42.784216666666701	73056.634076702	43.017650000000003	20763.4664959444	13	26041411
024_1_A_BL	26041412_024_1_A_BL.D	Sample	46129.160301064803	24.037033333333301	5806413.51184894	28.6605833333333	6267849.25270349	28.7837833333333	5286479.04804863	29.036683333333301	264048.017654542	29.445216666666699	28563.6953158518	30.022349999999999	865473.780847242	30.229866666666702	181730.072736447	31.085833333333301	2396254.8592997	42.784116666666698	89577.9437856823	43.017566666666703	21434.1644417957	13	26041412
024_1_A_3-6	26041413_024_1_A_3-6.D	Sample	46129.212886458299	24.030466666666701	6270558.80016933	28.654016666666699	6704873.12586028	28.77075	5166013.59881671	29.0301333333333	128840.370906992	29.432183333333299	19619.6724810354	30.009316666666699	2053347.45765518	30.216816666666698	95197.7967352733	31.0857666666667	2150991.40486345	42.7905333333333	353514.943466953	43.011000000000003	57817.3630935998	13	26041413
QC13c	26041414_QC13c.D	QC	46129.265516099498	24.030466666666701	6051342.84539838	28.654016666666699	6441229.10437067	28.764250000000001	1503090.26233334	29.0301166666667	1110233.86474651	29.4256833333333	219754.225249816	30.0028166666667	937414.969076229	30.216816666666698	40689.4984153885	31.079266666666701	550749.613810903	42.790516666666697	1407282.16505061	43.017483333333303	145536.959044703	13	26041414
240_3_B_AH	26041415_240_3_B_AH.D	Sample	46129.318077766198	24.0368833333333	6072540.58094472	28.666916666666701	6575638.19722791	28.783650000000002	3710642.51977195	29.036549999999998	359781.621790463	29.45805	22294.0623808088	30.022216666666701	1082923.61118597	30.2362	492078.204406162	31.0856833333333	887902.442367038	42.7839666666667	131739.719256089	43.010933333333298	27017.5203807147	13	26041415
240_3_B_3-6	26041416_240_3_B_3-6.D	Sample	46129.370645034702	24.030483333333301	6268226.34839513	28.654033333333299	6738117.04743201	28.7642666666667	491833.686652498	29.0301333333333	114174.451261082	29.445150000000002	7141.43459062739	30.009316666666699	437004.459604033	30.216833333333302	31114.1560582398	31.072800000000001	88541.9145033941	42.777566666666701	62071.6172230119	43.017499999999998	10856.0833456338	13	26041416
240_3_B_0-3	26041417_240_3_B_0-3.D	Sample	46129.423230578701	24.024149999999999	6011117.99790119	28.6477	6357810.11592338	28.744966666666699	113354.143999999	29.017316666666702	21615.6023651381	29.4388166666667	2030.23511334894	30.0094666666667	89402.6549583337	30.2169833333333	11657.7487588241	31.072949999999999	32707.4698928571	42.784199999999998	8307.23563392866	43.004683333333297	1900.53796052628	13	26041417
240_3_B_BL	26041418_240_3_B_BL.D	Sample	46129.4757902083	24.036950000000001	6051663.68374859	28.666966666666699	6586046.48387764	28.7837	2059474.2363578	29.0366	311256.381311221	29.451616666666698	14961.3955476435	30.022266666666699	1014247.80249999	30.229766666666698	172793.137479419	31.085750000000001	511125.76693839	42.790516666666697	158843.634409409	43.017483333333303	28841.0100166661	13	26041418
212_3_B_3-6	26041419_212_3_B_3-6.D	Sample	46129.528376041701	24.017466666666699	5609502.89343983	28.640999999999998	5962961.25468655	28.744766666666699	226678.111467285	29.017116666666698	18286.2434830922	29.4451	2122.28855302128	29.996300000000002	83803.0768333334	30.203800000000001	9445.52177834692	31.072749999999999	101122.407787036	42.790483333333299	6976.02050000005	43.010966666666697	1794.00549999995	13	26041419
QC13d	26041420_QC13d.D	QC	46129.580950185198	24.024000000000001	6111995.82111029	28.6491166666667	6555866.46169343	28.7642666666667	1536724.24666196	29.030149999999999	1147979.22713952	29.432183333333299	223777.071037351	30.009316666666699	969375.134276629	30.210349999999998	41109.480149544	31.072800000000001	555786.723396197	42.790550000000003	1459975.15315022	43.017499999999998	148437.328785566	13	26041420
212_3_B_BL	26041421_212_3_B_BL.D	Sample	46129.633520196803	24.043566666666699	4205895.35136664	28.6800833333333	4560636.00810115	28.816266666666699	11536571.50849	29.049700000000001	573440.341662994	29.4712	52893.3016047776	30.0353666666667	1774359.46381173	30.2428833333333	182928.878974128	31.105333333333299	5704079.05938323	42.790649999999999	251768.253733122	43.024099999999997	50806.0303668127	13	26041421
212_3_B_AH	26041422_212_3_B_AH.D	Sample	46129.686112523203	24.043583333333299	3387582.04152989	28.6671333333333	3654108.3001084	28.803316666666699	11074498.664	29.04325	767855.696393194	29.451783333333299	76306.9328740655	30.035399999999999	2164627.42915148	30.236416666666699	246640.853837347	31.098883333333301	4758919.67203918	42.790683333333298	200051.338035871	43.017633333333301	46856.9226117525	13	26041422
212_3_B_0-3	26041423_212_3_B_0-3.D	Sample	46129.738701273098	24.024100000000001	5657976.44430084	28.647649999999999	6122240.28219812	28.7514	360558.883027847	29.023766666666699	19974.7249461902	29.438783333333301	2142.54990246402	30.002933333333299	87483.4082560663	30.203966666666702	13237.5071857142	31.072900000000001	168769.639325	42.7841666666667	10386.1864348871	43.011116666666702	2654.71450000002	13	26041423
149_2_A_AH	26041424_149_2_A_AH.D	Sample	46129.791287152802	24.030550000000002	4372052.88008091	28.6541	4558868.52933401	28.764333333333301	694147.140559443	29.023716666666701	137359.127238875	29.43225	10274.2230235156	30.0093833333333	463114.903338042	30.2104	21988.1788933371	31.079350000000002	81837.4217162078	42.790599999999998	321681.747727723	43.017566666666703	46454.2727012714	13	26041424
149_2_A_BL	26041425_149_2_A_BL.D	Sample	46129.843870185199	24.036950000000001	5383931.52282766	28.666983333333299	6009591.78570684	28.7772166666667	1232608.05426513	29.036616666666699	379169.689607393	29.458116666666701	19545.8571294192	30.022266666666699	1035568.78221669	30.236266666666701	41666.3470466849	31.079266666666701	130319.28689401	42.790516666666697	1107688.1024186	43.017483333333303	135700.581071937	13	26041425
QC13e	26041426_QC13e.D	QC	46129.896469791704	24.030483333333301	6310522.47483219	28.654016666666699	6734313.50610384	28.7642666666667	1626825.59766063	29.0301333333333	1200026.34885714	29.432183333333299	230807.778169607	30.009316666666699	1004789.71160833	30.210333333333299	42227.4172535631	31.079283333333301	583172.342166666	42.7905333333333	1654539.94575153	43.011016666666698	164331.543134328	13	26041426
149_2_A_3-6	26041427_149_2_A_3-6.D	Sample	46129.949071805597	24.017583333333299	5655690.38447834	28.647600000000001	6048060.19645361	28.751366666666701	439125.440640558	29.023716666666701	39465.779884322	29.43225	5239.21159098698	30.0029	305612.488540741	30.2039166666667	15061.0700781283	31.072866666666702	173193.539249999	42.784116666666698	567548.716422523	43.017566666666703	71587.086875594	13	26041427
149_2_A_0-3	26041428_149_2_A_0-3.D	Sample	46130.001644363401	24.017466666666699	5205508.54304545	28.647500000000001	5545352.75814935	28.744766666666699	175643.413566165	29.017133333333302	159442.992750001	29.419183333333301	36107.1361875004	29.996316666666701	162891.45122813	30.197333333333301	7667.34785200977	31.072766666666698	72138.6627766732	42.784016666666702	257931.315041555	43.0109833333333	34768.4678883924	13	26041428
230_3_B_AH	26041429_230_3_B_AH.D	Sample	46130.054254722199	24.043583333333299	4157049.91000828	28.6736166666667	4491901.94381209	28.79035	3295329.60197471	29.0497333333333	660560.101758723	29.464749999999999	30011.3015014661	30.035399999999999	1397016.12399998	30.242899999999999	190362.642696591	31.092383333333299	672093.265064768	42.790666666666702	205142.480139726	43.011150000000001	95720.3620000001	13	26041429
230_3_B_0-3	26041430_230_3_B_0-3.D	Sample	46130.106823252303	24.0241333333333	5608498.42289993	28.647683333333301	5970842.57378461	28.751433333333299	109819.928323272	29.017299999999999	26411.5833903883	29.432316666666701	1359.12857330718	30.002966666666701	80020.2827646629	30.2169666666667	4412.14738949239	31.0729333333333	14126.0357397409	42.784199999999998	12146.6674340741	43.004666666666701	3486.64437617961	13	26041430
230_3_B_3-6	26041431_230_3_B_3-6.D	Sample	46130.159396805597	24.023966666666698	5909887.86003944	28.6475166666667	6190093.21427152	28.751266666666702	128940.745268891	29.023633333333301	38237.3103089609	29.432166666666699	2268.82876747568	30.002800000000001	109602.7025	30.210316666666699	6872.91964165981	31.072766666666698	13214.769212181	42.784033333333298	15190.6920795454	43.0045	3633.52536909902	13	26041431
QC13f	26041432_QC13f.D	QC	46130.211960775501	24.024066666666702	5782673.32218539	28.6541	6123482.06190608	28.764333333333301	1405453.14619047	29.0302166666667	1015861.27505913	29.4257666666667	205937.012337894	30.0029	878524.13437302	30.216899999999999	39221.7914197909	31.079350000000002	510012.747217778	42.7906166666667	1321181.60502304	43.011083333333303	139472.917920506	13	26041432
230_3_B_BL	26041433_230_3_B_BL.D	Sample	46130.264536354203	24.0370666666667	3779154.72024451	28.660616666666701	3813829.97134554	28.777333333333299	1483191.6835346	29.036716666666699	397084.202220884	29.451733333333301	14594.2835437272	30.022383333333298	877352.064588235	30.229900000000001	51316.0596417888	31.0858666666667	201272.898073217	42.790633333333297	178243.013833334	43.011116666666702	60275.9925989879	13	26041433
211_3_A_3-6	26041434_211_3_A_3-6.D	Sample	46130.317094826401	24.01755	5349651.71677683	28.647583333333301	5671989.34315535	28.74485	337186.181947072	29.023683333333299	19618.7966408543	29.432216666666701	3199.54042971174	29.996383333333299	227900.688149998	30.203900000000001	15637.0242692307	31.0728333333333	206207.85488586	42.790583333333302	171450.169321323	43.011049999999997	24884.4579631987	13	26041434
211_3_A_AH	26041435_211_3_A_AH.D	Sample	46130.369665092599	24.04365	4861603.13770377	28.667200000000001	5622292.69392605	28.783916666666698	3749196.28544218	29.036816666666699	350744.773999999	29.438866666666701	24134.5635696234	30.028966666666701	1456017.93800887	30.23	91704.4437511573	31.0859666666667	696945.203619523	42.7907333333333	121102.962475355	43.017699999999998	31295.9493029235	13	26041435
211_3_A_BL	26041436_211_3_A_BL.D	Sample	46130.422235729202	24.050083333333301	4344435.16140392	28.680116666666699	4864335.52309053	28.809816666666698	4805666.69999991	29.04975	682505.115971829	29.464766666666701	37338.2224224065	30.035416666666698	2546030.09894735	30.242916666666702	124900.152176661	31.092400000000001	1144368.62749999	42.790683333333298	238557.096315893	43.024133333333303	56044.8168854481	13	26041436
211_3_A_0-3	26041437_211_3_A_0-3.D	Sample	46130.4748217245	24.030550000000002	6047572.74455632	28.6541	6416303.59568265	28.764333333333301	2095797.42595913	29.0431666666667	4581947.46490891	29.43225	783790.191756643	30.0093833333333	1221639.50202568	30.2104	45506.4666517095	31.079350000000002	759113.075784219	42.797083333333298	2630775.61098329	43.017566666666703	239073.343541384	13	26041437
QC13g	26041438_QC13g.D	QC	46130.5274117593	24.030449999999998	5785161.10267581	28.6475166666667	6196582.61322594	28.757750000000001	1431717.57302899	29.030100000000001	1029996.42411288	29.4256666666667	206172.482633565	30.0092833333333	896990.992500008	30.210316666666699	36092.1495775792	31.079249999999998	520776.322499999	42.790500000000002	1430615.88429622	43.017466666666699	149526.033538966	13	26041438
124_2_A_0-3	26041439_124_2_A_0-3.D	Sample	46130.580005717602	24.024100000000001	5989440.61409205	28.647649999999999	6451121.93692333	28.7578833333333	551668.462110198	29.02375	1158233.6285	29.425799999999999	224664.804247918	30.002933333333299	425794.492816109	30.203966666666702	14639.4635141097	31.072900000000001	176484.294342595	42.790633333333297	1182052.96221874	43.017600000000002	123649.282423159	13	26041439
124_2_A_3-6	26041441_124_2_A_3-6.D	Sample	46130.685178981497	24.024066666666702	5887457.08484163	28.647600000000001	6329704.84792083	28.757850000000001	774495.859946152	29.023716666666701	69185.3239726347	29.4257666666667	10640.7536580536	30.0029	454666.754848974	30.2039166666667	20464.7550485339	31.072866666666702	344260.193088093	42.790599999999998	1102720.0046351	43.011083333333303	117035.577623963	13	26041441
231_3_A_AH	26041443_231_3_A_AH.D	Sample	46130.790364236098	24.036899999999999	4860980.76728414	28.666933333333301	5326850.68596318	28.790150000000001	2736309.44673879	29.043050000000001	308550.211684466	29.4451	29903.5577178406	30.022216666666701	848794.887314815	30.236216666666699	217601.489644048	31.085699999999999	1510109.9613696	42.790483333333299	212331.007480257	43.017433333333301	37039.1157336603	13	26041443
QC13h	26041444_QC13h.D	QC	46130.842941064802	24.024083333333301	4713751.96527954	28.6476333333333	4940294.36060718	28.7578666666667	1025184.51488434	29.0302333333333	755962.300964056	29.4257833333333	152499.133722333	30.0029166666667	678379.084272201	30.210433333333299	27945.9086840549	31.072883333333301	387478.851286665	42.790633333333297	869829.95929167	43.017583333333299	98034.6426009806	13	26041444
231_3_A_BL	26041445_231_3_A_BL.D	Sample	46130.895524548599	24.023949999999999	5832103.33573282	28.647500000000001	6238904.33805047	28.751249999999999	287699.108300287	29.017116666666698	33142.3046214279	29.419166666666701	3145.71910427723	30.002783333333301	104768.938012923	30.2167833333333	24156.3027642856	31.072749999999999	105115.302503118	42.783999999999999	21223.2694999999	43.010966666666697	3883.04216079019	13	26041445
231_3_A_3-6	26041446_231_3_A_3-6.D	Sample	46130.948132060199	24.024066666666702	5824742.80682825	28.6476166666667	6272397.57227021	28.757850000000001	1173916.84283453	29.030200000000001	340570.938499998	29.4257666666667	75070.4338807958	30.0029	681968.088835051	30.216899999999999	39473.8704718396	31.079350000000002	629686.553333334	42.790599999999998	2093365.25296347	43.017566666666703	192370.465983499	13	26041446
231_3_A_0-3	26041447_231_3_A_0-3.D	Sample	46131.000717280098	24.017533333333301	4991885.91204071	28.641066666666699	5329329.74756882	28.7448333333333	124337.946369218	29.023666666666699	360474.562000002	29.419233333333299	79953.2285124702	30.002849999999999	75433.5687407404	30.203866666666698	9781.76949999994	31.0728166666667	57622.5124979588	42.784066666666703	176944.736665575	43.017516666666701	25237.0346948843	13	26041447
Blank13b	26041448_Blank13b.D	Blank	46131.053306354203	24.017700000000001	4710829.31399991	28.6412333333333	5038041.96966515	28.745000000000001	1308.59884082417	29.01735	732.14899999999	29.140550000000001	0	29.99005	0	29.756599999999999	0	31.072983333333301	312.538499999982	42.790716666666697	0	42.790716666666697	0	13	26041448
Std_0_2	26041449_Std_0.D	Std	46131.105892199099	24.0240166666667	5871524.20565357	28.654033333333299	6314380.07100424	28.764283333333299	1514385.75054864	29.030149999999999	1060661.91576078	29.425716666666698	209073.729192899	30.002849999999999	922351.394193448	30.210349999999998	38951.6251686471	31.0793	535479.029	42.790550000000003	1559486.55974414	43.017516666666701	152427.726366958	13	26041449
Std_1_2	26041450_Std_1.D	Std	46131.158469976901	24.024183333333301	5514388.43764232	28.654216666666699	5841836.96718934	28.76445	2212408.10209631	29.030333333333299	2203598.0202663	29.425883333333299	402232.870856855	30.009499999999999	1106303.42155858	30.217016666666701	50000.4356499998	31.079466666666701	1062951.59442932	42.797216666666699	2199303.09169396	43.017683333333302	196736.691907884	13	26041450
Std_2_2	26041451_Std_2.D	Std	46131.2110538079	24.024000000000001	5396366.63118771	28.654033333333299	5742362.91267395	28.7642666666667	3053218.2622641	29.036633333333299	2861123.45485717	29.432183333333299	507240.205926734	30.009316666666699	1374719.55702281	30.210349999999998	60341.9923552381	31.0857666666667	1392187.55212868	42.797033333333303	2802231.68359884	43.017499999999998	245806.815525003	13	26041451
Std_3_2	26041452_Std_3.D	Std	46131.263646469903	24.024183333333301	5310207.90321033	28.647733333333299	5563435.40646038	28.764466666666699	3255526.5447783	29.036816666666699	2936038.36628723	29.425899999999999	522512.051914629	30.003016666666699	1329686.39800166	30.210533333333299	62467.8762174892	31.079466666666701	1487488.88424445	42.797216666666699	3032392.84275002	43.017683333333302	264058.360548217	13	26041452
Std_4_2	26041453_Std_4.D	Std	46131.3162234259	24.030466666666701	5740053.84666541	28.654016666666699	5944566.97469646	28.77075	4852604.46234095	29.036616666666699	4522155.26642891	29.432183333333299	762988.480329949	30.009316666666699	1727281.42779677	30.216816666666698	85496.5990685552	31.085750000000001	2204301.04555852	42.7970166666667	4184987.69232195	43.017483333333303	375714.841185413	13	26041453
Std_5_2	26041454_Std_5.D	Std	46131.368825520804	24.024183333333301	5162208.05092384	28.647733333333299	5467992.17767112	28.7709333333333	4895738.89357928	29.036799999999999	4972083.77726638	29.425883333333299	846873.908648356	30.003016666666699	1657126.41216112	30.217016666666701	90187.5222484733	31.079466666666701	2499716.56865001	42.797199999999997	4067554.4789217	43.017683333333302	364549.366092371	13	26041454
QC13i	26041455_QC13i.D	QC	46131.421413206001	24.030516666666699	5997274.84079283	28.647583333333301	6379254.9630043	28.764299999999999	1519054.48816599	29.030166666666702	1092640.53429996	29.425733333333302	217844.512771696	30.002866666666701	929897.321220454	30.210366666666701	39333.576623615	31.079316666666699	553878.157290012	42.790566666666699	1533939.7607364	43.011049999999997	152394.04604238	13	26041455
QC14a	26042002_QC14a.D	QC	46132.645883530102	24.030483333333301	5593527.59594055	28.654033333333299	5972975.41208144	28.7642666666667	1392512.23546639	29.0301333333333	1001217.4775	29.425699999999999	193131.995221521	30.002833333333299	859892.543819954	30.210349999999998	40486.7425990179	31.079283333333301	510021.747566671	42.7905333333333	1354142.56225597	43.023983333333298	151071.24264255	14	26042002
Std_0_1	26042003_Std_0.D	Std	46132.6984645833	24.0241333333333	5351284.32823943	28.647666666666701	5826639.98494305	28.757916666666699	1292889.80358864	29.030266666666702	921728.647882346	29.425833333333301	187558.088821427	30.002966666666701	808764.821062319	30.210466666666701	36813.8905417386	31.0729333333333	476819.517583333	42.790666666666702	1127047.2707869	43.017633333333301	129771.342752547	14	26042003
Std_1_1	26042004_Std_1.D	Std	46132.751070185201	24.023966666666698	5148729.65645907	28.654	5437137.24756529	28.764233333333301	2213812.97304622	29.036583333333301	2044466.19638942	29.4256666666667	381046.358880869	30.0092833333333	997513.127812454	30.216799999999999	52867.2813777772	31.079249999999998	999233.342191355	42.790500000000002	2075130.35845438	43.017466666666699	203777.511781567	14	26042004
Std_2_1	26042005_Std_2.D	Std	46132.803626238398	24.024066666666702	5506600.45905033	28.647600000000001	5750872.4524611	28.764333333333301	3188634.47067373	29.036683333333301	2779975.58027898	29.43225	491454.7306435	30.0093833333333	1314932.35790218	30.2168833333333	67421.6222162579	31.079350000000002	1309244.89011343	42.797083333333298	2841707.59801023	43.024050000000003	270112.139954161	14	26042005
Std_3_1	26042006_Std_3.D	Std	46132.856205023098	24.0305	5638591.84917621	28.654050000000002	6075269.70613317	28.770766666666699	4098459.23779221	29.036633333333299	3611135.42888462	29.432200000000002	631132.194682353	30.009333333333299	1600653.93713623	30.216850000000001	82078.5332665018	31.0793	1837352.53681186	42.797033333333303	3761556.70240925	43.024000000000001	360733.316580713	14	26042006
Std_4_1	26042007_Std_4.D	Std	46132.908789768502	24.024000000000001	5350179.34634197	28.654033333333299	5716944.55994914	28.77075	4644062.31209619	29.036633333333299	4407559.92195636	29.432183333333299	773404.644136377	30.009316666666699	1719976.90124128	30.210349999999998	86227.7579012438	31.0857666666667	2107560.62543665	42.797033333333303	3847284.40275625	43.017499999999998	367025.105899725	14	26042007
Std_5_1	26042008_Std_5.D	Std	46132.961364814801	24.024233333333299	5558983.58822277	28.6542666666667	5883054.96444305	28.770983333333302	6063289.00701729	29.043333333333301	5714097.93784628	29.4324166666667	1001747.45164401	30.009550000000001	2064596.95596512	30.2170666666667	106163.163907408	31.085999999999999	2848626.71967817	42.803733333333298	4823946.81875771	43.024216666666703	498574.019195246	14	26042008
QC14b	26042009_QC14b.D	QC	46133.013944803199	24.024066666666702	5604228.82527449	28.6476166666667	5934102.09312532	28.76435	1289678.15323162	29.0302166666667	928380.675852053	29.4257833333333	178590.855023154	30.009399999999999	818530.129995238	30.210416666666699	37625.3028795231	31.079366666666701	478949.89204753	42.7971	1270301.08188465	43.017583333333299	139697.202689548	14	26042009
Blank14a	26042010_Blank14a.D	Blank	46133.0665175463	24.017666666666699	4432777.0647003	28.641200000000001	4711775.26172019	28.738483333333299	4207.49179999999	29.017316666666702	3219.94350000001	29.412883333333301	1301.096	29.990016666666701	3520.28265806711	29.990016666666701	0	31.072949999999999	1620.46799999999	42.784199999999998	1631.29400000001	43.017650000000003	532.212000000006	14	26042010
223_1_A_0-3	26042011_223_1_A_0-3.D	Sample	46133.119114988403	24.024183333333301	5020624.94470375	28.6477166666667	5462594.41787333	28.751483333333301	357975.074083653	29.0303166666667	2951283.48907978	29.4194	490035.637068974	30.003016666666699	398996.978879013	30.210516666666699	12762.201154692	31.079466666666701	189056.69697886	42.784233333333297	97708.0761299689	43.017683333333302	18681.7031187359	14	26042011
223_1_A_3-6	26042012_223_1_A_3-6.D	Sample	46133.171702719897	24.0242	5120260.06618153	28.647749999999998	5518753.94094215	28.7579833333333	1140808.18061153	29.023866666666699	67447.1832855198	29.425916666666701	10196.6369013292	30.003033333333299	734089.423771431	30.210550000000001	25256.2813385062	31.0794833333333	558080.232778971	42.784266666666703	88876.8737668114	43.011216666666698	18395.2279436095	14	26042012
223_1_A_BL	26042013_223_1_A_BL.D	Sample	46133.2242928009	24.03715	4226292.73757804	28.660699999999999	4539379.74507343	28.777416666666699	1963250.96150774	29.0303166666667	329774.145708006	29.445333333333298	24670.3619488822	30.015983333333299	1220861.11640464	30.229983333333301	40738.4598171973	31.079466666666701	320848.557408804	42.784233333333297	87897.7454999998	43.037133333333301	32184.0575883011	14	26042013
223_1_A_AH	26042014_223_1_A_AH.D	Sample	46133.276880532401	24.04345	4986551.6319001	28.666983333333299	5432690.37480674	28.783716666666699	4678385.70730084	29.036616666666699	340562.877814249	29.458116666666701	28608.1012900838	30.022283333333299	1419233.13688902	30.223299999999998	78981.0496983664	31.079266666666701	960542.171052109	42.7905333333333	88163.188575371	43.030466666666698	33871.5945309611	14	26042014
QC14c	26042015_QC14c.D	QC	46133.329454861101	24.0241166666667	5610381.65534572	28.647666666666701	6014390.54021269	28.757916666666699	1316703.97965077	29.030266666666702	962069.98201189	29.425833333333301	190823.3906	30.002966666666701	816715.079125927	30.210466666666701	36634.5723985281	31.0729333333333	490305.596822224	42.790666666666702	1201966.35055184	43.017633333333301	131974.279970453	14	26042015
238_3_A_3-6	26042016_238_3_A_3-6.D	Sample	46133.382059444397	24.024149999999999	5695458.47478973	28.654166666666701	6071677.79205171	28.757933333333298	1298936.67229607	29.023800000000001	161072.848999999	29.4323333333333	25158.9793906939	30.0094666666667	761983.283612718	30.2104833333333	28780.7773494881	31.079433333333299	430025.920793094	42.797166666666698	3131308.42125294	43.017650000000003	283943.465211895	14	26042016
238_3_A_BL	26042017_238_3_A_BL.D	Sample	46133.4346516898	24.017700000000001	5261234.30186101	28.6477166666667	5680862.42942852	28.745000000000001	27680.0784896417	29.010866666666701	7693.87513498138	29.399933333333301	699.080341715814	29.9965333333333	27895.4059664773	30.216999999999999	1677.61595635969	31.06	3063.65359292136	42.777749999999997	3177.25049999993	43.004716666666702	946.276000000046	14	26042017
238_3_A_0-3	26042018_238_3_A_0-3.D	Sample	46133.487230752296	24.0177333333333	4902653.13818456	28.641283333333298	5368678.44761055	28.7450333333333	60805.3949124633	29.023866666666699	261758.662926581	29.419433333333298	62202.1632435371	29.996566666666698	59262.5909299245	30.197600000000001	3793.00511957921	31.0665333333333	18338.4555938469	42.784283333333299	77229.5749166689	43.011233333333301	13467.4589862577	14	26042018
238_3_A_AH	26042019_238_3_A_AH.D	Sample	46133.539795069402	24.0240166666667	4563858.98489972	28.647566666666702	4952863.51735374	28.7448333333333	77049.4547206645	29.0171833333333	19860.8250140594	29.438683333333302	2252.25215850894	30.002849999999999	80254.5376874992	30.2298166666667	3799.95160008613	31.0728166666667	4801.73028814154	42.777583333333297	5059.13000000005	42.998066666666702	1218.14400000003	14	26042019
242_3_A_3-6	26042020_242_3_A_3-6.D	Sample	46133.592377592598	24.0242	5297816.78873964	28.647749999999998	5632167.56844492	28.7579833333333	2048034.90764873	29.030349999999999	490534.698329369	29.425899999999999	101224.667374999	30.003033333333299	1644474.84230925	30.210550000000001	45438.3936640331	31.0794833333333	982018.994651527	42.790750000000003	1214152.29341543	43.017699999999998	128948.776184446	14	26042020
QC14d	26042021_QC14d.D	QC	46133.644956435201	24.024100000000001	5445775.13974827	28.654133333333299	5769002.6588159	28.7578833333333	1262217.71286716	29.0302333333333	882687.518999998	29.425799999999999	172527.07998619	30.002933333333299	780781.577875001	30.216933333333301	34557.9572046886	31.0793833333333	457977.680263558	42.790633333333297	1024675.47251296	43.024083333333301	115419.842252064	14	26042021
242_3_A_AH	26042022_242_3_A_AH.D	Sample	46133.697539513902	24.0304	5854495.00041331	28.653949999999998	6329174.01560917	28.7577	422889.614606888	29.023583333333299	61341.0102677457	29.425616666666699	3262.14406403834	30.002749999999999	246943.139096298	30.223233333333301	15730.9649287527	31.0792	89315.0314465145	42.790466666666703	37215.3402272692	43.017416666666698	9665.07347250503	14	26042022
242_3_A_BL	26042023_242_3_A_BL.D	Sample	46133.750105624997	24.017483333333299	5142739.57894054	28.6475166666667	5538076.36263767	28.744783333333299	118698.904687192	29.017150000000001	19522.2553354577	29.438649999999999	1928.20554792853	30.0028166666667	84029.2167025642	30.216799999999999	5344.62316890408	31.066283333333299	27928.5738857717	42.784033333333298	9863.19099999987	43.017483333333303	2599.47918273544	14	26042023
242_3_A_0-3	26042024_242_3_A_0-3.D	Sample	46133.802705983799	24.017716666666701	4897730.06243608	28.647749999999998	5267182.10812184	28.7515	339162.833616328	29.023849999999999	1162392.22279221	29.425899999999999	225295.769144059	30.003033333333299	355481.78183333	30.210550000000001	12984.4555638331	31.073	165343.451000001	42.7907333333333	192759.768824795	43.011216666666698	29761.9422282219	14	26042024
164_2_A_0-3	26042025_164_2_A_0-3.D	Sample	46133.855273043999	24.030483333333301	5424384.07971783	28.654033333333299	5889592.84649912	28.7642666666667	748342.371788018	29.036616666666699	4932658.07645238	29.432183333333299	806512.662714715	30.002833333333299	523620.955567651	30.223316666666701	56530.6292020409	31.079283333333301	222616.025333335	42.7970166666667	3189393.22256902	43.023983333333298	285661.645819718	14	26042025
164_2_A_AH	26042026_164_2_A_AH.D	Sample	46133.907899340302	24.037133333333301	5191812.62080931	28.667166666666699	5762714.83405165	28.7838833333333	2223276.54837108	29.0303	294976.45892381	29.438833333333299	17051.4159000335	30.015966666666699	894414.999900275	30.236450000000001	236624.336854726	31.079450000000001	446651.350288358	42.790700000000001	119553.129665223	43.024149999999999	24776.280792741	14	26042026
QC14e	26042027_QC14e.D	QC	46133.9604800694	24.0239166666667	5799949.28772614	28.653949999999998	6165186.02545147	28.7577	1383338.44214266	29.030049999999999	975613.053928565	29.432099999999998	189342.430778315	30.002749999999999	855620.137559152	30.210249999999998	37880.5561638078	31.0792	501479.391455552	42.79045	1326912.21333265	43.017416666666698	139771.032987713	14	26042027
164_2_A_BL	26042028_164_2_A_BL.D	Sample	46134.013079641198	24.037016666666698	4970332.29948106	28.66705	5417014.01550694	28.7837666666667	2056790.35409542	29.036666666666701	331933.156986426	29.458166666666699	29726.7835186155	30.0223333333333	989086.739134526	30.236333333333299	164303.744527674	31.085816666666702	442356.125663513	42.790583333333302	143267.389249998	43.0240333333333	26908.2911041668	14	26042028
164_2_A_3-6	26042029_164_2_A_3-6.D	Sample	46134.065683229201	24.0241166666667	4896650.87465	28.647666666666701	5231675.69390599	28.770866666666699	4237872.22729048	29.036733333333299	2852966.45064332	29.432300000000001	478179.095135508	30.009433333333298	2645936.89281064	30.216950000000001	92278.2957885702	31.0794	1788178.67068918	42.803633333333302	5006686.445271	43.017616666666697	475838.468349458	14	26042029
235_3_A_0-3	26042030_235_3_A_0-3.D	Sample	46134.118251412001	24.024066666666702	5291428.15376611	28.6476166666667	5783661.04984369	28.757850000000001	872669.793764563	29.030200000000001	1732990.40842839	29.4257666666667	330257.444167074	30.0029	491176.426852383	30.210416666666699	22119.3937173083	31.079350000000002	255367.172856427	42.790599999999998	448423.287246075	43.017566666666703	62021.2169052553	14	26042030
235_3_A_BL	26042031_235_3_A_BL.D	Sample	46134.170840949097	24.030516666666699	4300166.10677409	28.660533333333301	4599527.12541182	28.783750000000001	2989402.68962283	29.036650000000002	310542.804763476	29.45815	26299.2861266609	30.015833333333301	1053574.40264047	30.2298166666667	72689.9048850136	31.085799999999999	581264.380264445	42.790566666666699	138681.632975556	43.017533333333297	30359.0261191301	14	26042031
235_3_A_3-6	26042032_235_3_A_3-6.D	Sample	46134.223428553203	24.01755	5367857.22009356	28.647583333333301	5764820.09032492	28.751333333333299	706213.093217841	29.017199999999999	191515.057500001	29.425733333333302	40069.4674999998	30.002866666666701	383732.42125	30.203900000000001	21303.1917380954	31.0728333333333	322469.007413832	42.784100000000002	269137.112363285	43.011049999999997	38555.7484999992	14	26042032
QC14f	26042033_QC14f.D	QC	46134.276011377297	24.0241166666667	4843189.65564534	28.647666666666701	5136449.27143999	28.757899999999999	1026069.90617561	29.030249999999999	759921.126192119	29.425816666666702	159804.819461264	30.002949999999998	668183.535755967	30.210450000000002	28609.882100304	31.0729166666667	394799.406392068	42.790649999999999	775265.873732462	43.017616666666697	90266.0186227788	14	26042033
235_3_A_AH	26042034_235_3_A_AH.D	Sample	46134.328564490701	24.036933333333302	5474904.716959	28.666966666666699	5834729.99361745	28.7837	4121958.45086232	29.0366	316396.070030147	29.458100000000002	30752.0613391184	30.02225	960761.655608496	30.229766666666698	117244.54834889	31.085733333333302	824922.598797691	42.790500000000002	102131.290911251	43.023949999999999	21924.1069639605	14	26042034
095_1_A_AH	26042035_095_1_A_AH.D	Sample	46134.381149722198	24.030550000000002	4851560.7616235	28.6541	5314035.05109274	28.7708166666667	745739.023773244	29.030200000000001	241055.146826969	29.451699999999999	17078.8159963182	30.0158666666667	994389.566880021	30.2104	27345.2587224667	31.072866666666702	50076.5855297005	42.784116666666698	128966.803847546	43.017566666666703	25637.8216373648	14	26042035
095_1_A_0-3	26042036_095_1_A_0-3.D	Sample	46134.4337325694	24.023966666666698	5319891.80053857	28.641033333333301	5684603.87695689	28.744783333333299	408548.043745925	29.0301166666667	2177248.38893464	29.419183333333301	389453.815027404	29.996316666666701	413941.232429168	30.2038333333333	12589.7304999999	31.072766666666698	207369.205467806	42.784033333333298	141545.545031818	43.017466666666699	23406.787647242	14	26042036
095_1_A_BL	26042037_095_1_A_BL.D	Sample	46134.486317627299	24.024166666666702	3920298.74974746	28.6477166666667	3813705.27007843	28.764433333333301	490123.866186863	29.023816666666701	155062.531989177	29.445316666666699	9741.90343248922	30.0094833333333	764000.017335888	30.191050000000001	12907.572314286	31.072966666666701	36151.3692787182	42.784216666666701	98884.4429780653	43.017666666666699	19640.9993401361	14	26042037
095_1_A_3-6	26042038_095_1_A_3-6.D	Sample	46134.538908703697	24.030466666666701	5634044.35395404	28.6475333333333	5843917.25966818	28.77075	5562606.6985952	29.02365	147076.845929422	29.432166666666699	22861.5049678823	30.0093	2796969.62878208	30.210333333333299	70732.1646923074	31.085750000000001	2273654.24158334	42.784050000000001	401778.843415627	43.017483333333303	64817.1237429586	14	26042038
QC14g	26042039_QC14g.D	QC	46134.591476215297	24.023983333333302	5775689.10494976	28.654016666666699	6182239.48900634	28.757766666666701	1351183.01722423	29.0301333333333	975944.509230413	29.4256833333333	195564.861930554	30.0028166666667	842877.31361111	30.210333333333299	35366.7946904093	31.072783333333302	497922.988719	42.7905333333333	1221441.03015979	43.017483333333303	133321.754394603	14	26042039
244_3_A_BL	26042040_244_3_A_BL.D	Sample	46134.644067141198	24.036916666666698	6011735.90402154	28.6604666666667	6339237.84526027	28.777183333333301	3830664.14938789	29.030083333333302	237890.558944873	29.458083333333299	26357.8554657314	30.015750000000001	831140.94446232	30.223266666666699	78841.0480019102	31.085716666666698	984362.025562278	42.783999999999999	107616.830961207	43.004483333333297	21347.7256606638	14	26042040
244_3_A_AH	26042041_244_3_A_AH.D	Sample	46134.696656365697	24.043566666666699	5453955.9127093	28.6736	5743775.73705192	28.7968166666667	6001618.15350047	29.043233333333301	665643.178955722	29.445266666666701	68219.4836508869	30.0289	1817013.3075	30.2299166666667	147848.533534212	31.0858833333333	1661111.02065253	42.790649999999999	196770.368043979	43.017616666666697	43972.9163749328	14	26042041
244_3_A_0-3	26042042_244_3_A_0-3.D	Sample	46134.749275902803	24.024183333333301	5317162.61242619	28.647733333333299	5673171.28677951	28.751483333333301	626398.747579506	29.023849999999999	422099.619423076	29.4194	94914.9005847166	30.003033333333299	265723.278707811	30.204049999999999	24762.4560499998	31.072983333333301	298073.304880204	42.7907333333333	1395304.94355219	43.017699999999998	142299.585830222	14	26042042
244_3_A_3-6	26042043_244_3_A_3-6.D	Sample	46134.801858009298	24.017433333333301	4077946.17411109	28.640966666666699	4318117.64919138	28.7512166666667	537190.034214364	29.0170833333333	52079.1487499996	29.419133333333299	10086.8923870918	29.996266666666699	261209.667828552	30.197283333333299	20957.6022619048	31.0727166666667	321089.540263184	42.79045	570688.874375064	43.017416666666698	68973.0501874436	14	26042043
229_3_B_AH	26042044_229_3_B_AH.D	Sample	46134.8544374884	24.023733333333301	4861607.18742765	28.653766666666701	5125316.81006843	28.757533333333299	595140.416293767	29.029883333333299	113162.743156489	29.444900000000001	7269.96073705277	30.009066666666701	448885.321252115	30.229533333333301	18477.1215207587	31.07255	78733.2268622872	42.783799999999999	50202.2819538339	43.023733333333297	11961.4978781298	14	26042044
QC14h	26042045_QC14h.D	QC	46134.907012291696	24.030466666666701	5988273.31310957	28.654016666666699	6380583.9877033	28.764250000000001	1424175.67031024	29.0301166666667	1036439.29050001	29.432166666666699	198695.470740582	30.0028166666667	886428.531709907	30.210333333333299	36746.068908588	31.072783333333302	527998.092556901	42.790516666666697	1328390.33543858	43.017483333333303	141745.027357279	14	26042045
229_3_B_0-3	26042046_229_3_B_0-3.D	Sample	46134.959585115699	24.017683333333299	5137584.75587038	28.6412333333333	5511678.7411882	28.744983333333298	66183.4918625198	29.017333333333301	14567.4665768459	29.43235	1504.49678320585	29.9965166666667	62963.4314767192	30.191050000000001	2144.74899368804	31.066483333333299	8257.60923595891	42.790700000000001	7213.33249999988	43.0047	1673.75050000005	14	26042046
229_3_B_BL	26042047_229_3_B_BL.D	Sample	46135.012159259299	24.024166666666702	5026777.92421316	28.6477	5537148.83427323	28.757950000000001	259500.543325809	29.023816666666701	48764.9943511191	29.438833333333299	4098.19290784166	30.003	219804.52078145	30.223466666666699	10869.4440346376	31.066466666666699	33677.1070240064	42.777733333333302	27575.1202917202	43.017666666666699	5132.29724649129	14	26042047
229_3_B_3-6	26042048_229_3_B_3-6.D	Sample	46135.064727766199	24.017516666666701	4179724.49593092	28.641066666666699	4351112.04044866	28.744816666666701	48112.7267414199	29.0171833333333	11156.1252737703	29.445166666666701	1435.44579744295	29.99635	49953.6162000003	30.203866666666698	2284.08797090764	31.066316666666701	4829.33890746604	42.777583333333297	3643.78500000008	43.011016666666698	846.734499999991	14	26042048
Blank14b	26042049_Blank14b.D	Blank	46135.117299386598	24.0177333333333	4243180.14759669	28.641283333333298	4530814.28148459	28.7450333333333	1246.257151556	29.0044166666667	0	29.490766666666701	0	29.756633333333301	0	29.750150000000001	0	31.06005	0	41.99315	0	NA	0	14	26042049
Std_0_2	26042050_Std_0.D	Std	46135.1698768403	24.0241333333333	5135804.76242447	28.647666666666701	5477979.08277317	28.757916666666699	1101654.72823822	29.030266666666702	809139.79268004	29.425833333333301	164815.702990668	30.002966666666701	716347.260062501	30.216950000000001	31743.5361011552	31.0729333333333	419205.917913334	42.790666666666702	914086.376195986	43.011150000000001	100888.669909228	14	26042050
Std_1_2	26042051_Std_1.D	Std	46135.222467361098	24.024100000000001	5082961.96520384	28.647649999999999	5397988.63398359	28.7578833333333	1803030.02170462	29.0302333333333	1860925.12302339	29.425799999999999	369569.029612821	30.002933333333299	917618.073565891	30.210433333333299	46810.0508749999	31.0793833333333	1116967.82141388	42.790633333333297	1786170.25648427	43.011116666666702	164731.890206222	14	26042051
Std_2_2	26042052_Std_2.D	Std	46135.275046493101	24.017516666666701	4449752.28839954	28.647549999999999	4638064.33987791	28.7577833333333	1990175.50700147	29.030149999999999	1949976.20360951	29.425699999999999	361358.9567	30.002833333333299	964974.257722221	30.210349999999998	46355.6192089649	31.079283333333301	1095649.00556669	42.790550000000003	1575273.70623631	43.011016666666698	147270.652841302	14	26042052
Std_3_2	26042053_Std_3.D	Std	46135.327640266201	24.0239333333333	5005816.4675568	28.647466666666698	5212296.51382646	28.764199999999999	2865671.09405699	29.030066666666698	2685584.69107502	29.425633333333298	478136.632315868	30.002766666666702	1245018.10475382	30.216750000000001	60578.7975257582	31.079216666666699	1489977.28332399	42.796950000000002	2676228.24972849	43.017433333333301	236544.412409709	14	26042053
Std_4_2	26042054_Std_4.D	Std	46135.3802335648	24.0241333333333	5127372.70860915	28.647683333333301	5419628.71465658	28.764416666666701	4430729.80580749	29.036766666666701	4262906.10544571	29.425850000000001	736620.215767065	30.002983333333301	1641859.35327494	30.2104833333333	78918.9495238103	31.079433333333299	2090249.33172302	42.797166666666698	3764764.68154001	43.017650000000003	333515.03624842	14	26042054
Std_5_2	26042055_Std_5.D	Std	46135.432818622699	24.024049999999999	5145980.93345547	28.647583333333301	5454309.44190347	28.770800000000001	5262058.8208294	29.036666666666701	5091740.67744568	29.432233333333301	884017.445044034	30.0093666666667	1831345.38967331	30.210383333333301	89168.8105474853	31.085816666666702	2458658.25132564	42.797066666666701	4169721.12373614	43.01755	380595.591776792	14	26042055
QC14i	26042056_QC14i.D	QC	46135.485399270801	24.024066666666702	5028465.70976211	28.6476166666667	5302323.87075442	28.757850000000001	1082616.4164507	29.023716666666701	796123.464156425	29.419283333333301	159240.214684522	30.0029	694087.099786224	30.210416666666699	30125.5684193074	31.072866666666702	416923.976166667	42.7906166666667	912936.329539614	43.017566666666703	103253.007332948	14	26042056
QC15a	26042101_QC15a.D	QC	46135.5379829745	24.023966666666698	5476520.62780796	28.6475166666667	5862327.9729339	28.757766666666701	1031499.0828906	29.0301166666667	800005.874692303	29.4256833333333	165255.70116667	30.0028166666667	701025.28036993	30.216799999999999	26587.2808992757	31.072783333333302	420439.828422917	42.790516666666697	959453.112717604	43.017483333333303	109279.960110179	15	26042101
Std_0_1	26042102_Std_0.D	Std	46135.590567986103	24.024066666666702	5317236.53943082	28.6476166666667	5755864.857434	28.757850000000001	994608.627263552	29.023733333333301	771731.629499988	29.4257666666667	162990.773429178	30.0029	676169.155278013	30.216899999999999	24565.9018928483	31.072866666666702	409662.061146941	42.7906166666667	928176.057150015	43.011083333333303	104118.626742925	15	26042102
Std_1_1	26042103_Std_1.D	Std	46135.643167071801	24.024100000000001	5026602.17550806	28.647649999999999	5405971.03996521	28.7578833333333	1889663.09003932	29.0302333333333	1815959.41459999	29.425799999999999	357625.190000119	30.002933333333299	903614.033109889	30.216933333333301	38042.6862918792	31.0793833333333	935807.076433343	42.790633333333297	1775950.4036593	43.011116666666702	169768.542112625	15	26042103
Std_2_1	26042104_Std_2.D	Std	46135.695717928204	24.023983333333302	5228290.44507822	28.6475333333333	5638233.90186199	28.764250000000001	2726028.91126101	29.0366	2651867.7644	29.432166666666699	480889.947718753	30.0093	1232643.14603476	30.210333333333299	50657.5919625795	31.079266666666701	1285374.07730256	42.796999999999997	2490502.9543845	43.017483333333303	228395.998365591	15	26042104
Std_3_1	26042105_Std_3.D	Std	46135.748276203703	24.024166666666702	5303795.07542888	28.6477166666667	5745786.95777697	28.764433333333301	3257597.49246211	29.0367833333333	3057932.31000002	29.4258666666667	542048.216176585	30.0094833333333	1378457.21464999	30.210516666666699	55386.9803685645	31.079450000000001	1567193.33522818	42.797183333333301	3111635.5218976	43.017666666666699	265857.726058953	15	26042105
Std_4_1	26042106_Std_4.D	Std	46135.800850601903	24.0240333333333	5275322.73006493	28.647583333333301	5665793.71284102	28.770783333333299	4428200.15868325	29.036650000000002	4294538.78282428	29.432216666666701	737215.223464466	30.009350000000001	1678064.09006055	30.210366666666701	68011.9971227523	31.079316666666699	2125209.59472402	42.797049999999999	3970400.05003552	43.017533333333297	351721.974250071	15	26042106
Std_5_1	26042107_Std_5.D	Std	46135.8534179977	24.0241166666667	5393767.23371381	28.647666666666701	5750929.35598928	28.770866666666699	5512250.57385436	29.036733333333299	5399668.35342555	29.432300000000001	936338.412030327	30.009433333333298	1955296.64311505	30.210466666666701	76308.0223349206	31.0794	2584504.01590301	42.803633333333302	4555523.35264182	43.017616666666697	426040.291661181	15	26042107
QC15b	26042108_QC15b.D	QC	46135.905986400503	24.0240166666667	5293282.15424381	28.647566666666702	5740264.93927691	28.7578	993213.563418479	29.023683333333299	762975.689808918	29.425716666666698	159969.342860888	30.002849999999999	677573.485465803	30.210366666666701	26835.190498346	31.0728166666667	410287.516718181	42.784083333333299	917973.35984475	43.017516666666701	103547.302222941	15	26042108
Blank15a	26042109_Blank15a.D	Blank	46135.958569675902	24.011016666666698	3926387.11102987	28.6345666666667	4245901.90899997	28.744816666666701	3128.81600000006	29.0171666666667	3159.67149999999	29.425699999999999	771.244500000019	29.9898666666667	3525.76258095237	30.1844	143.151999999991	31.059816666666698	1688.48749999999	42.784050000000001	1544.42400000003	43.023983333333298	468.122000000029	15	26042109
Bla18_3-6	26042110_Bla18_3-6.D	Blank	46136.0111438889	24.0111833333333	4063761.58657202	28.641216666666701	4442197.20799996	28.744966666666699	1345.26522237305	29.010833333333299	1712.03499999997	29.419366666666701	247.403999999996	30.0094666666667	1938.69150000005	29.750083333333301	0	31.0599833333333	790.059	42.771233333333299	492.298000000046	43.011166666666703	0	15	26042110
Bla16_3-6	26042111_Bla16_3-6.D	Blank	46136.063717696801	24.017583333333299	3792671.43991827	28.641116666666701	4174430.80220333	28.751366666666701	1133.81747917602	29.017233333333301	1086.15249999998	29.140433333333299	0	29.989933333333301	1573.00549999999	29.7564833333333	0	31.059899999999999	0	NA	0	NA	0	15	26042111
Bla12_0-3	26042112_Bla12_0-3.D	Blank	46136.116333576399	24.017466666666699	3907547.88387596	28.641016666666701	4336786.29199999	28.7382833333333	774.612000000008	29.023616666666701	957.216500000029	29.133849999999999	0	30.002800000000001	1167.82550000001	29.989816666666702	0	31.072749999999999	0	NA	0	NA	0	15	26042112
Bla13_3-6	26042113_Bla13_3-6.D	Blank	46136.1689275463	24.011116666666702	3743543.11268898	28.64115	4179562.0695178	28.731933333333298	910.125500000008	29.004300000000001	708.873500000008	29.127500000000001	0	29.98995	961.934499999999	30.002933333333299	0	31.072900000000001	0	NA	0	NA	0	15	26042113
QC15c	26042114_QC15c.D	QC	46136.221507800903	24.024049999999999	4922641.37054776	28.647600000000001	5375787.34384105	28.751349999999999	902976.370791204	29.023700000000002	652237.109004594	29.425750000000001	133649.931897043	30.002883333333301	612231.820450975	30.2104	23951.6487488696	31.072849999999999	362832.920437505	42.790583333333302	659787.603093946	43.01755	75747.8926132423	15	26042114
Bla18_0-3	26042115_Bla18_0-3.D	Blank	46136.274111030099	24.011016666666698	3588022.44153244	28.6345666666667	3934351.09299995	28.738316666666702	2027.82204836828	29.0171666666667	1508.53249999999	29.4127333333333	245.558000000014	30.002833333333299	1681.00600000001	29.756416666666698	0	31.079283333333301	692.296500000012	NA	0	NA	0	15	26042115
Bla19_3-6	26042116_Bla19_3-6.D	Blank	46136.326698634301	24.01755	4052802.40236068	28.641100000000002	4457129.53920329	28.751333333333299	1041.15800000001	29.010716666666699	583.344999999998	29.140416666666699	0	29.989899999999999	959.1095	30.210383333333301	42.4010000000019	31.06635	0	NA	0	NA	0	15	26042116
Bla06_0-3	26042117_Bla06_0-3.D	Blank	46136.379264548603	24.011099999999999	3872125.99056143	28.6411333333333	4268611.83650005	28.757850000000001	688.995999999985	29.017250000000001	400.113999999996	29.017250000000001	0	29.9964166666667	0	29.762983333333299	0	31.066383333333299	0	41.999483333333302	0	NA	0	15	26042117
Bla07_0-3	26042118_Bla07_0-3.D	Blank	46136.431843472201	24.010999999999999	3166292.5942887	28.641033333333301	3560690.27699997	28.744783333333299	472.030499999999	29.010666666666701	498.476500000007	29.140350000000002	0	29.9963333333333	465.856000000005	30.19735	0	NA	0	NA	0	NA	0	15	26042118
Bla02_0-3	26042119_Bla02_0-3.D	Blank	46136.484402523201	24.011099999999999	3022133.44966197	28.634633333333301	3416519.1140506	28.751366666666701	269.244000000014	29.010750000000002	185.552999999994	29.133949999999999	0	29.989933333333301	0	29.7564833333333	0	NA	0	NA	0	NA	0	15	26042119
QC15d	26042120_QC15d.D	QC	46136.536979907403	24.024149999999999	4653167.61300263	28.647683333333301	5123697.41562305	28.757933333333298	850440.892591496	29.023800000000001	614823.302663977	29.425850000000001	126930.705086662	30.002983333333301	576130.574942434	30.2169666666667	22547.7309785716	31.072949999999999	344163.817968391	42.790683333333298	573795.967229625	43.017650000000003	67324.5616634105	15	26042120
Bla01_0-3	26042121_Bla01_0-3.D	Blank	46136.589547546297	24.01765	4113060.95348474	28.641183333333299	4514062.85799991	28.744949999999999	1796.4539397633	29.017299999999999	834.404999999992	29.140516666666699	0	29.996483333333298	1207.55500000001	30.002966666666701	0	31.0599666666667	0	NA	0	NA	0	15	26042121
Bla04_3-6	26042122_Bla04_3-6.D	Blank	46136.642132743102	24.011133333333301	3806573.76686067	28.641166666666699	4237061.42658316	28.738433333333301	661.688999999996	29.0302333333333	377.002000000004	29.1404833333333	0	30.009416666666699	489.361999999994	29.763000000000002	0	NA	0	NA	0	NA	0	15	26042122
Bla13_0-3	26042123_Bla13_0-3.D	Blank	46136.6947188657	24.0110666666667	2889791.96215923	28.641100000000002	3251541.96301015	28.7383666666667	466.800000000003	29.010716666666699	138.872999999994	29.146899999999999	0	29.996383333333299	297.308500000004	29.762933333333301	0	NA	0	NA	0	NA	0	15	26042123
Bla15_0-3	26042124_Bla15_0-3.D	Blank	46136.747286794001	24.017499999999998	3621068.80824645	28.64105	4018653.40799996	28.7577833333333	345.595000000005	29.0171666666667	292428.459486883	29.419216666666699	60217.5854689073	29.749933333333299	0	29.7434333333333	0	NA	0	NA	0	NA	0	15	26042124
Bla15_3-6	26042125_Bla15_3-6.D	Blank	46136.799855671299	24.011016666666698	3169631.95403241	28.64105	3597837.09149996	28.764250000000001	242.030500000013	29.0171666666667	440.59550000001	29.127400000000002	0	29.9963333333333	0	29.756399999999999	0	NA	0	NA	0	NA	0	15	26042125
QC15e	26042126_QC15e.D	QC	46136.852462419003	24.0241333333333	4513838.65689122	28.647683333333301	4971896.20071118	28.757933333333298	812642.259985796	29.023800000000001	598082.247357743	29.425850000000001	126085.335061113	30.002983333333301	561060.65810422	30.2104833333333	23135.9106297745	31.0729333333333	328608.278483478	42.797166666666698	549563.065619398	43.017650000000003	63941.1777921238	15	26042126
Bla17_0-3	26042127_Bla17_0-3.D	Blank	46136.905057766198	24.01765	3631912.30103238	28.641200000000001	3949409.28899992	28.751433333333299	1771.49809365539	29.023783333333299	766.718999999988	29.1340166666667	0	30.009450000000001	1137.20700000001	29.776	0	31.0599666666667	0	NA	0	NA	0	15	26042127
Bla08_0-3	26042128_Bla08_0-3.D	Blank	46136.957663182897	24.010999999999999	3238981.09848478	28.641033333333301	3640040.22749999	28.731816666666699	529.818000000011	29.017133333333302	331.21300000002	29.133866666666702	0	29.989833333333301	487.875999999991	29.769349999999999	0	31.072766666666698	0	NA	0	NA	0	15	26042128
Bla11_3-6	26042129_Bla11_3-6.D	Blank	46137.010221365701	24.017516666666701	3911564.53465928	28.641066666666699	4271408.80050001	28.751300000000001	318.591000000014	28.848566666666699	0	29.133900000000001	0	30.009316666666699	292.246	29.749933333333299	0	NA	0	NA	0	NA	0	15	26042129
Bla06_3-6	26042130_Bla06_3-6.D	Blank	46137.062807476897	24.011050000000001	2988783.10840565	28.641083333333299	3406875.56700007	28.738350000000001	231.6245	28.848600000000001	0	NA	0	29.9834	0	NA	0	NA	0	NA	0	NA	0	15	26042130
Bla16_0-3	26042131_Bla16_0-3.D	Blank	46137.115384305602	24.017666666666699	4155377.88666192	28.6477	4555597.62021175	28.751449999999998	376.940999999999	28.8487166666667	0	29.127566666666699	0	NA	0	NA	0	NA	0	NA	0	NA	0	15	26042131
QC15f	26042132_QC15f.D	QC	46137.167956770798	24.0241333333333	4399988.77350349	28.647683333333301	4843949.57234015	28.757916666666699	808550.713999995	29.023800000000001	587658.608299992	29.425833333333301	118414.546795262	30.002966666666701	539104.959086708	30.2104833333333	20112.1147516564	31.0729333333333	322257.249839793	42.790683333333298	473688.974221688	43.017633333333301	57285.7982396236	15	26042132
Bla08_3-6	26042133_Bla08_3-6.D	Blank	46137.220517939801	24.011050000000001	3040754.48015929	28.634599999999999	3398692.97550006	28.731866666666701	1925.72012788081	29.0107	609.8065	29.1339166666667	0	30.009333333333299	945.410499999995	29.756433333333302	0	31.0728166666667	0	NA	0	NA	0	15	26042133
Bla14_0-3	26042134_Bla14_0-3.D	Blank	46137.273103460597	24.017516666666701	3820519.18100002	28.64105	4181969.26700001	28.738333333333301	474.754000000004	29.010683333333301	231.843999999994	29.140366666666701	0	29.99635	389.143499999997	29.762899999999998	0	NA	0	NA	0	NA	0	15	26042134
Bla10_0-3	26042135_Bla10_0-3.D	Blank	46137.325688738398	24.0177333333333	3659042.0682807	28.641266666666699	4066602.27450003	28.73855	0	28.848783333333301	0	29.1341	0	29.990083333333299	0	29.756633333333301	0	NA	0	NA	0	NA	0	15	26042135
Bla09_0-3	26042136_Bla09_0-3.D	Blank	46137.378263217601	24.0110833333333	3208845.68416194	28.641116666666701	3569802.30499998	28.7254166666667	381.667000000001	28.8486333333333	0	29.146916666666701	0	NA	0	29.769449999999999	0	NA	0	NA	0	NA	0	15	26042136
Bla01_3-6	26042137_Bla01_3-6.D	Blank	46137.430832048602	24.017600000000002	3910692.18703244	28.64115	4290887.26949996	28.848649999999999	0	28.848649999999999	0	29.14695	0	NA	0	29.756499999999999	0	NA	0	41.993016666666698	0	NA	0	15	26042137
QC15g	26042138_QC15g.D	QC	46137.483419398202	24.017616666666701	3324517.29441822	28.647649999999999	3537742.83498257	28.7514	521866.98090878	29.023766666666699	373655.030442017	29.425799999999999	78720.5956922667	30.002933333333299	376422.071948602	30.210450000000002	13923.2093143342	31.072900000000001	220024.438696429	42.790649999999999	181111.852049861	43.017600000000002	24130.6690663629	15	26042138
Bla14_3-6	26042139_Bla14_3-6.D	Blank	46137.536695034702	24.017583333333299	3660302.74518901	28.6411333333333	4039206.97800008	28.738399999999999	1428.76796329103	29.017233333333301	624.540999999984	29.140450000000001	0	29.9964166666667	1142.49299999999	29.989933333333301	0	31.066383333333299	0	NA	0	NA	0	15	26042139
Bla03_3-6	26042140_Bla03_3-6.D	Blank	46137.589291493103	24.011150000000001	2816537.99864931	28.641183333333299	3169890.04799999	28.744949999999999	350.652499999994	29.140499999999999	0	29.140499999999999	0	29.996483333333298	0	29.750066666666701	0	NA	0	NA	0	NA	0	15	26042140
Bla05_0-3	26042141_Bla05_0-3.D	Blank	46137.641885347199	24.0110833333333	2990228.34400003	28.641100000000002	3369180.3125506	28.738383333333299	326.939499999999	28.8486166666667	0	29.140416666666699	0	29.989916666666701	0	29.7564666666667	0	NA	0	42.018916666666698	0	NA	0	15	26042141
Bla03_0-3	26042142_Bla03_0-3.D	Blank	46137.6944701389	24.017666666666699	3278550.52889304	28.641216666666701	3616261.27103584	28.738483333333299	0	28.8487166666667	0	29.140533333333298	0	NA	0	NA	0	NA	0	NA	0	NA	0	15	26042142
Bla17_3-6	26042143_Bla17_3-6.D	Blank	46137.747051331004	24.017683333333299	3339140.6675	28.6477	3719121.50450002	28.84225	0	28.8487333333333	0	NA	0	NA	0	NA	0	NA	0	NA	0	NA	0	15	26042143
QC15h	26042144_QC15h.D	QC	46137.799634444404	24.024000000000001	3952385.76567454	28.6475333333333	4289336.92587145	28.751300000000001	672268.781170066	29.02365	492878.725470585	29.419216666666699	98753.3858639021	30.002833333333299	456607.674193797	30.210333333333299	16705.3634251206	31.072800000000001	273317.531895833	42.7905333333333	375893.8819727	43.017499999999998	43201.6511560271	15	26042144
Bla11_0-3	26042145_Bla11_0-3.D	Blank	46137.852210474499	24.017600000000002	3446017.1913976	28.6411333333333	3796700.5745	28.738416666666701	852.49099999999	29.023733333333301	485.160499999995	29.140450000000001	0	29.9964333333333	793.389000000002	29.9964333333333	0	31.079366666666701	0	NA	0	NA	0	15	26042145
Bla02_3-6	26042146_Bla02_3-6.D	Blank	46137.904804363403	24.017700000000001	3304547.91149996	28.641249999999999	3620023.69500005	28.745000000000001	0	28.855233333333299	0	29.127600000000001	0	29.9835666666667	0	29.756599999999999	0	NA	0	NA	0	NA	0	15	26042146
Bla04_0-3	26042147_Bla04_0-3.D	Blank	46137.957392465301	24.011133333333301	3179648.89470417	28.641166666666699	3490809.06349998	28.842183333333299	0	28.848666666666698	0	29.1404833333333	0	NA	0	NA	0	NA	0	NA	0	NA	0	15	26042147
Blank15b	26042148_Blank15b.D	Blank	46138.009967604201	24.011216666666702	2741332.50827354	28.6412333333333	3141425.23100001	28.842266666666699	0	28.848749999999999	0	29.763083333333299	0	NA	0	29.763083333333299	0	NA	0	NA	0	NA	0	15	26042148
Std_0_2	26042149_Std_0.D	Std	46138.062558611098	24.0240166666667	4226957.25416063	28.647566666666702	4593090.18832516	28.7578	731120.347060454	29.030149999999999	537004.589004454	29.425716666666698	108851.129065477	30.002849999999999	494585.594233697	30.210366666666701	18185.1983701549	31.0793	293203.100935786	42.790550000000003	438256.201317327	43.017516666666701	49021.3369671874	15	26042149
Std_1_2	26042150_Std_1.D	Std	46138.115143321796	24.024100000000001	3460563.12929665	28.641166666666699	3729497.36493006	28.757899999999999	1105424.14992412	29.030249999999999	1191212.80009334	29.425816666666702	234977.77566518	30.002949999999998	612652.380323338	30.210450000000002	25720.8796539558	31.0794	735485.945521168	42.790649999999999	767644.671018421	43.017616666666697	74699.1146550334	15	26042150
Std_2_2	26042151_Std_2.D	Std	46138.167701203703	24.023983333333302	4160060.7285953	28.6475333333333	4477958.43315582	28.764250000000001	1902670.49765536	29.0301166666667	1900208.37551767	29.4256833333333	347889.545562499	30.0028166666667	919251.39582213	30.210316666666699	36391.6429999997	31.079266666666701	1098260.05010001	42.790516666666697	1428595.45423135	43.017483333333303	127267.800168985	15	26042151
Std_3_2	26042152_Std_3.D	Std	46138.220288553202	24.017516666666701	3241076.87417458	28.641066666666699	3433751.8027204	28.7577833333333	1845081.66993468	29.0301333333333	1772340.87293199	29.425699999999999	310031.438806785	30.002833333333299	837323.071808495	30.210349999999998	31670.5080809109	31.079283333333301	995295.277778912	42.7970166666667	1090695.84101848	43.017499999999998	101239.433069035	15	26042152
Std_4_2	26042153_Std_4.D	Std	46138.2728835995	24.024100000000001	4582151.30621652	28.654133333333299	4923660.97166166	28.764383333333299	3322430.39264973	29.036733333333299	3278677.81447123	29.425816666666702	558852.472684437	30.002949999999998	1301985.08959362	30.210450000000002	50765.4613492065	31.0794	1676857.40175667	42.797133333333299	2651017.21428767	43.017616666666697	216111.38968444	15	26042153
Std_5_2	26042154_Std_5.D	Std	46138.325461898101	24.024149999999999	4339521.54751615	28.6477	4655276.39336112	28.770900000000001	4052739.48556496	29.036766666666701	4088050.16333258	29.425850000000001	699379.008879297	30.0094666666667	1467404.82910376	30.2105	54456.9629797621	31.085916666666702	1971231.5407753	42.797166666666698	2950390.62194534	43.017650000000003	240262.4666804	15	26042154
QC15i	26042155_QC15i.D	QC	46138.378048136597	24.01765	3749109.56517449	28.641200000000001	4025686.29465315	28.751433333333299	633380.214321429	29.023783333333299	476574.78132352	29.419350000000001	96795.3105248899	30.002966666666701	433082.099300005	30.2104833333333	16683.0819266791	31.0729333333333	258490.552658545	42.784183333333303	383439.465436064	43.017633333333301	45060.1395473143	15	26042155
QC16a	26051902_QC16a.D	QC	46161.775511423599	24.0369833333333	4186071.30995203	28.660533333333301	4440405.99016855	28.777249999999999	1386374.35249883	29.036633333333299	730255.716499999	29.438683333333302	110895.205134869	30.015816666666701	834590.280785649	30.223333333333301	56778.5882936899	31.0793	400493.796005404	42.790550000000003	478461.024075846	43.011033333333302	59876.1889677124	16	26051902
QC13k	26051903_QC13k.D	QC	46161.828102210602	24.024183333333301	4403341.80365	28.647733333333299	4694585.43521746	28.7579666666667	1053498.20838355	29.0238333333333	743284.904000001	29.425883333333299	134981.989037324	30.003016666666699	639006.565673277	30.210533333333299	26720.8715896776	31.072983333333301	368606.763371425	42.784233333333297	829551.704581234	43.017683333333302	77720.9263737376	16	26051903
Std_0_1	26051904_Std_0.D	Std	46161.880673634303	24.030483333333301	4007431.31130006	28.660516666666702	4250702.22001537	28.77075	1229919.41480481	29.0301333333333	659615.709616645	29.432183333333299	109034.338744066	30.009316666666699	770651.759345364	30.223316666666701	51774.7926070418	31.079283333333301	359483.997439684	42.784050000000001	408274.943526139	43.011016666666698	51024.6639634628	16	26051904
Std_1_1	26051905_Std_1.D	Std	46161.933254294003	24.024083333333301	3641274.86740318	28.654116666666699	3712619.71972866	28.7708333333333	1437953.88358119	29.0302166666667	1211909.38598999	29.432266666666699	211478.419436955	30.0029166666667	776546.156931764	30.216916666666702	49668.5767512615	31.079366666666701	696073.335902388	42.784133333333301	624248.946391764	43.011099999999999	73098.1529283576	16	26051905
Std_2_1	26051906_Std_2.D	Std	46161.9858367708	24.024183333333301	3787344.29011001	28.654216666666699	3869523.22530483	28.7709333333333	2015097.38068781	29.0303166666667	1675488.3026	29.432366666666699	284195.255499998	30.009499999999999	988716.459184123	30.223500000000001	61125.06882492	31.072983333333301	1032458.99895387	42.790716666666697	1043060.54546745	43.017683333333302	108533.718788438	16	26051906
Std_3_1	26051907_Std_3.D	Std	46162.038422129597	24.024183333333301	3986719.30063245	28.654216666666699	4135244.73011277	28.7709333333333	2380604.34235623	29.036816666666699	2048397.48660492	29.432366666666699	345192.39784349	30.009499999999999	1135545.06169318	30.223500000000001	72244.7747181536	31.08595	1436174.95938858	42.790716666666697	1624141.24077782	43.017683333333302	157346.180720773	16	26051907
Std_4_1	26051908_Std_4.D	Std	46162.091018692103	24.023966666666698	3875884.99248595	28.654	3954108.96986255	28.7707333333333	2975806.75418783	29.0366	2854325.89130768	29.432166666666699	470992.537006563	30.0092833333333	1326307.26567663	30.223283333333299	75588.6714854228	31.085733333333302	1893337.51850001	42.790516666666697	1776651.46726578	43.017466666666699	175251.764901173	16	26051908
Std_5_1	26051909_Std_5.D	Std	46162.143611469903	24.030466666666701	4028384.69140333	28.654016666666699	4157956.96750213	28.7772166666667	3841809.01566258	29.0430833333333	3787438.17587154	29.432166666666699	642871.587333335	30.0093	1557528.53632475	30.216816666666698	95396.1003897871	31.085750000000001	2470145.21859561	42.796999999999997	2693738.28154711	43.017483333333303	244507.4897673	16	26051909
Std_6_1	26051910_Std_6.D	Std	46162.196202071798	24.030583333333301	4796241.85956295	28.660616666666701	5102215.16362006	28.790299999999998	9558043.23005888	29.056183333333301	9256938.62600965	29.438766666666702	2078773.71622326	30.022383333333298	3845956.97726131	30.223416666666701	161026.249285064	31.09235	6783925.33430423	42.803600000000003	6548572.59657291	43.024083333333301	856621.484699142	16	26051910
Std_7_1	26051911_Std_7.D	Std	46162.248796655098	24.030483333333301	4752550.43688486	28.654033333333299	4868184.7694614	28.8291166666667	21155329.5555052	29.056083333333302	12889412.5311979	29.451633333333302	4635167.41372303	30.028766666666701	8908260.47289076	30.236283333333301	497462.623716325	31.0987333333333	10137186.5379858	42.7970166666667	9425279.56659871	43.036949999999997	3169103.7633024	16	26051911
Std_8_1	26051912_Std_8.D	Std	46162.301402442099	24.030533333333299	5156571.31558913	28.6605666666667	5402236.71216377	28.822683333333298	29828432.4958682	29.0561333333333	17188814.4464729	29.471150000000002	11339018.2419932	30.041799999999999	15760789.2128432	30.242816666666702	1036768.56977416	31.092300000000002	13010363.2319784	42.790599999999998	11568632.712239	43.043500000000002	6447672.58301818	16	26051912
QC16b	26051913_QC16b.D	QC	46162.353974432903	24.030483333333301	4481172.52643077	28.654016666666699	4792416.96266742	28.77075	1393084.50215304	29.0301333333333	769995.551500002	29.432183333333299	119371.043220357	30.009316666666699	834659.691522117	30.216816666666698	52986.9602122344	31.072800000000001	437261.998833336	42.784050000000001	650787.367037607	43.011016666666698	81849.3460461905	16	26051913
QC13l	26051914_QC13l.D	QC	46162.406567199097	24.023983333333302	5612544.36018068	28.6475166666667	5943612.30076746	28.757766666666701	1339456.62450001	29.0301166666667	986681.871369674	29.4192	180644.610530904	30.0028166666667	807251.189020974	30.210316666666699	30656.1863654692	31.072783333333302	480972.94952381	42.784033333333298	1272651.28768526	43.011000000000003	118736.131589572	16	26051914
Blank16a	26051915_Blank16a.D	Blank	46162.459142060201	24.01755	4305449.70199996	28.641100000000002	4575425.85592332	28.74485	2968.88650000003	29.010716666666699	3487.31399999999	29.419250000000002	666.746000000007	29.996383333333299	2943.83299999998	29.989899999999999	0	31.06635	1639.24599999999	42.7776	1164.96400000001	43.004566666666697	362.159000000015	16	26051915
Bla07_3-6	26051916_Bla07_3-6.D	Blank	46162.511749849502	24.010999999999999	4246105.43349989	28.641016666666701	4543938.61195484	28.744783333333299	878.085000000003	29.010649999999998	2119.27199999999	29.406216666666701	252.072000000011	29.989833333333301	1833.19849999999	29.983350000000002	0	31.079249999999998	901.951999999993	42.771050000000002	504.143999999961	42.771050000000002	0	16	26051916
Bla19_0-3	26051917_Bla19_0-3.D	Blank	46162.564340463003	24.0110833333333	3743553.37032602	28.641116666666701	3978121.80659518	28.751366666666701	400.986499999995	29.010750000000002	1502.90550000001	29.393333333333299	230.349999999999	29.9964166666667	1569.65999999999	29.762966666666699	0	31.066383333333299	537.437999999996	41.9800166666667	0	NA	0	16	26051917
Bla09_3-6	26051918_Bla09_3-6.D	Blank	46162.616913333302	24.01755	3987509.33778744	28.641100000000002	4336261.3292304	28.7383666666667	880.95453697309	29.010716666666699	1099.314	29.425733333333302	138.872999999993	29.989899999999999	1325.9475	29.749966666666701	0	31.06635	462.962499999987	NA	0	NA	0	16	26051918
Bla12_3-6	26051919_Bla12_3-6.D	Blank	46162.669508460604	24.0111666666667	3632521.25779996	28.641200000000001	3904797.44988686	28.738466666666699	429.066999999981	29.017299999999999	765.417999999981	29.127549999999999	0	29.996483333333298	1021.9645	29.756550000000001	0	31.0729333333333	0	NA	0	NA	0	16	26051919
QC16c	26051920_QC16c.D	QC	46162.722074641199	24.036916666666698	4732671.12924863	28.6604666666667	5072883.24755464	28.777183333333301	1400679.84356173	29.030083333333302	776481.057000007	29.432133333333301	117628.407286676	30.009266666666701	857511.49207451	30.22325	58628.0863751394	31.079233333333299	397798.211420327	42.783999999999999	413413.320203448	43.010966666666697	37795.716696036	16	26051920
QC13m	26051921_QC13m.D	QC	46162.774640474498	24.024083333333301	5239698.44118168	28.6476333333333	5511553.12227575	28.7578666666667	1128159.41533116	29.023733333333301	821577.541999994	29.4257833333333	151707.059517685	29.9964333333333	682965.508425197	30.210416666666699	23058.3661738824	31.072883333333301	394370.494351549	42.784133333333301	803630.520499999	43.011099999999999	62224.3006740833	16	26051921
Bla10_3-6	26051922_Bla10_3-6.D	Blank	46162.827215532401	24.011050000000001	2986924.08997094	28.634599999999999	3091447.87883772	28.738350000000001	1700.359	29.010716666666699	1105.5675	29.1404	0	29.9834	1857.64750000001	29.762933333333301	0	31.053366666666701	827.630499999999	42.7776	258.736499999977	42.7776	0	16	26051922
Bla05_3-6	26051923_Bla05_3-6.D	Blank	46162.879820416703	24.0110666666667	2738104.04226426	28.634616666666702	2802240.11267503	28.751349999999999	851.068500000008	29.010733333333299	522.427000000008	29.7694333333333	0	29.989916666666701	892.239499999991	29.996400000000001	0	31.072849999999999	0	41.992966666666703	0	NA	0	16	26051923
150_3_A_BL	26051924_150_3_A_BL_rep.D	Sample	46162.932402893501	24.037099999999999	2104995.26379639	28.6736166666667	2499695.64706265	28.803316666666699	2719730.22219899	29.0497333333333	727919.405545455	29.45825	28606.0432240485	30.0353833333333	1456896.31736094	30.236416666666699	90305.3668499321	31.098866666666702	477577.000650635	42.797150000000002	332611.592313055	43.011150000000001	61695.8250139498	16	26051924
077_2_A_BL	26051925_077_2_A_BL_rep.D	Sample	46162.984981365698	24.017716666666701	501934.09226439	28.641249999999999	553393.762022337	28.7579833333333	559814.649354953	29.023849999999999	112586.543531372	29.438866666666701	7904.98850407322	30.009516666666698	424749.110675276	30.204049999999999	9417.22010745309	31.073	78902.3077005786	42.78425	68424.0014999998	43.024183333333298	13870.0472390224	16	26051925
193_3_A_AH	26051926_193_3_A_AH_rep.D	Sample	46163.037586620398	24.030583333333301	4683728.37807307	28.660616666666701	5073894.38801115	28.777349999999998	1593556.20864146	29.030249999999999	202786.317	29.432283333333299	9699.56160042729	30.015899999999998	743500.269087813	30.216933333333301	33593.4402972738	31.0793833333333	289445.661300001	42.7841666666667	44742.9464846319	43.004633333333302	9710.6235834556	16	26051926
QC16d	26051927_QC16d.D	QC	46163.090172523102	24.030633333333299	4652072.57611502	28.6541833333333	4900822.97298786	28.770900000000001	1345126.66664145	29.0303	709253.262585517	29.4323333333333	124436.718770952	30.0094666666667	826140.476495378	30.2169833333333	55415.8707652838	31.079433333333299	392480.931734859	42.784216666666701	325900.492002692	43.017650000000003	34268.3823023136	16	26051927
QC14k	26051928_QC14k.D	QC	46163.142787175901	24.024000000000001	5398368.69584704	28.647549999999999	5805992.83399553	28.7578	1156438.99073912	29.023666666666699	834114.138933347	29.425716666666698	151538.978764281	30.002849999999999	690386.048988579	30.210349999999998	25999.4225978858	31.072800000000001	400298.301865429	42.784066666666703	1035409.40674525	43.011016666666698	79533.9108479348	16	26051928
177_3_A_AH	26051929_177_3_A_AH_rep.D	Sample	46163.1953710995	24.0501166666667	3632045.18874765	28.680150000000001	5269573.36930851	28.796883333333302	1881303.358	29.049783333333298	3324980.84149986	29.451833333333301	431474.12383156	30.035450000000001	1528653.38750701	30.229983333333301	59713.1023402962	31.0924333333333	223563.088954544	42.790716666666697	217110.575533181	43.017683333333302	41572.4118807337	16	26051929
144_3_A_AH	26051930_144_3_A_AH_rep.D	Sample	46163.247962777801	24.0758166666667	4649990.45299829	28.666933333333301	5247472.77186399	28.783666666666701	3555426.33333789	29.036566666666701	337949.997	29.438600000000001	20182.0345417049	30.022216666666701	988053.6575	30.236216666666699	132383.542147159	31.079216666666699	810676.733250001	42.777500000000003	88099.1151177329	43.004466666666701	29394.6379385138	16	26051930
124_2_A_AH	26051931_124_2_A_AH_rep.D	Sample	46163.300536932897	24.011033333333302	890522.926848839	28.6345833333333	823077.279693512	28.744816666666701	214333.025435073	29.0171666666667	52882.3700000007	29.438683333333302	7368.85147520359	30.002833333333299	134558.08995238	30.210349999999998	7933.67355063323	31.072800000000001	43093.6811850009	42.777566666666701	16288.6989573264	43.004533333333299	3529.19821196747	16	26051931
124_2_A_BL	26051932_124_2_A_BL_rep.D	Sample	46163.353128437499	24.0177333333333	1399394.67573549	28.641283333333298	1256185.13527836	28.764483333333299	538486.880682254	29.030366666666701	165780.994735031	29.4453833333333	14328.7345757164	30.009533333333302	425388.240306519	30.204083333333301	14056.5940957239	31.0730166666667	71921.4883937671	42.784266666666703	61235.5814826528	43.011233333333301	10461.1096516876	16	26051932
007_1_A_0-3	26051933_007_1_A_0-3_rep.D	Sample	46163.405700960597	24.017583333333299	4414958.75001651	28.634650000000001	4599368.64500007	28.744883333333298	202790.821366086	29.023733333333301	2605098.97308328	29.419283333333301	413460.248968752	29.9964166666667	221335.321574912	30.19745	6157.63769326767	31.066383333333299	107416.442798669	42.784133333333301	250133.04440463	43.011083333333303	24809.7691209406	16	26051933
QC14l	26051935_QC14l.D	QC	46168.388924999999	24.037050000000001	7466745.14325995	28.6605833333333	7925595.74442681	28.7708333333333	2048158.69936255	29.0367	1446555.14377384	29.4257833333333	263210.710734002	30.009399999999999	1167687.24513843	30.210416666666699	46052.7844845306	31.079366666666701	696596.819455556	42.7906166666667	2042479.02145702	43.011099999999999	180281.054205202	16	26051935
007_1_A_AH	26051936_007_1_A_AH_rep.D	Sample	46168.441512708298	24.0370666666667	5808177.43623161	28.660616666666701	6334481.91707547	28.770849999999999	1157390.49347316	29.0302333333333	178298.357876176	29.432283333333299	9340.27479940846	30.015899999999998	526380.078966651	30.216916666666702	21843.5064872393	31.072900000000001	148244.185443102	42.777666666666697	54819.6208230433	43.017600000000002	9821.80973544287	16	26051936
007_1_A_BL	26051937_007_1_A_BL_rep.D	Sample	46168.494099872703	24.023949999999999	6145616.1106414	28.653966666666701	6579606.44318869	28.751249999999999	205768.763333057	29.023599999999998	34904.7774999998	29.425650000000001	3038.97231050776	30.002783333333301	135455.090724029	30.203800000000001	5995.61161614081	31.072749999999999	24447.8590436179	42.777516666666699	10386.4377875	43.010966666666697	2458.70538006262	16	26051937
007_1_A_3-6	26051938_007_1_A_3-6_rep.D	Sample	46168.546699699102	24.024100000000001	5790810.96524997	28.6476333333333	6191482.75111098	28.7514	1133554.67971599	29.0172666666667	161204.683888888	29.419316666666699	32140.6680900855	29.996449999999999	814486.393297711	30.203949999999999	38908.424251354	31.072900000000001	799101.293991967	42.777666666666697	603004.867499998	43.011116666666702	55983.5521108404	16	26051938
209_3_A_AH	26051939_209_3_A_AH_rep.D	Sample	46168.5992785532	24.0500166666667	5789940.13780167	28.686533333333301	5795870.97349048	28.809750000000001	3701072.35320596	29.049683333333299	868533.69464739	29.464700000000001	48065.5630769827	30.041833333333301	3481104.80515434	30.249333333333301	422209.722891142	31.092333333333301	741535.961801865	42.7906166666667	298196.110472971	43.024066666666698	63415.7867326167	16	26051939
209_3_A_0-3	26051940_209_3_A_0-3_rep.D	Sample	46168.651859398102	24.024066666666702	6314249.05146414	28.6541	6826207.51120482	28.757850000000001	414400.497783279	29.030200000000001	810064.542497471	29.419283333333301	152536.227120747	29.9964166666667	325337.275972735	30.216899999999999	16521.9142948106	31.066383333333299	79330.4466873649	42.777633333333299	419290.051956282	43.011083333333303	31703.9324007998	16	26051940
QC16f	26051941_QC16f.D	QC	46168.704466273099	24.036999999999999	5888625.55743422	28.660550000000001	6406123.28660379	28.777266666666701	2074334.95155802	29.030166666666702	1132625.13199566	29.432216666666701	173470.402869622	30.015833333333301	1183640.48477991	30.22335	86238.5949858765	31.079316666666699	586221.814251888	42.784083333333299	823079.923273381	43.011049999999997	98220.6653564008	16	26051941
QC15k	26051942_QC15k.D	QC	46168.757053703703	24.030550000000002	7011209.31412358	28.6541	7576011.09118899	28.757850000000001	1463955.25799999	29.0302166666667	1093403.60586051	29.419283333333301	201658.827999999	30.0029	895269.683414287	30.2039333333333	33202.8753487643	31.072866666666702	544951.145500003	42.784133333333301	1560441.18785582	43.011083333333303	130592.466435154	16	26051942
209_3_A_BL	26051943_209_3_A_BL_rep.D	Sample	46168.809637430597	24.04355	4984951.51962726	28.667100000000001	5198270.72329754	28.790316666666701	1884775.80810411	29.036716666666699	486209.394000002	29.451750000000001	24568.9419603145	30.028866666666701	1618676.67507842	30.236383333333301	84501.6736254377	31.0858666666667	228202.949055659	42.784149999999997	211006.222285717	43.011116666666702	39573.0263071311	16	26051943
209_3_A_3-6	26051944_209_3_A_3-6_rep.D	Sample	46168.8622318403	24.024083333333301	6673204.34055004	28.654116666666699	7027886.13255528	28.76435	1861005.28870593	29.023733333333301	328897.318411763	29.4257833333333	62824.8167534057	30.0029166666667	1059627.91394858	30.210433333333299	43550.8565555556	31.072883333333301	625537.023312496	42.7906166666667	1819075.95632299	43.011099999999999	147008.662614009	16	26051944
027_1_A_0-3	26051945_027_1_A_0-3_rep.D	Sample	46168.914823888903	24.024083333333301	6297763.97577044	28.654116666666699	6538830.76327341	28.7578666666667	654376.174271292	29.049683333333299	10120706.6724458	29.432266666666699	1978416.48854546	30.0029166666667	560752.973823145	30.203949999999999	15687.2184398678	31.072883333333301	132141.302942918	42.784149999999997	2452979.96661494	43.011099999999999	198448.88307503	16	26051945
027_1_A_AH	26051946_027_1_A_AH_rep.D	Sample	46168.967412500002	24.043566666666699	6431661.40220497	28.6800833333333	6741018.54201415	28.790316666666701	2399346.57655952	29.036733333333299	507347.473798059	29.445266666666701	18972.2331629855	30.028883333333301	1327616.13844445	30.2364	71058.0462089311	31.0794	176482.967478051	42.7841666666667	318697.71800094	43.017616666666697	51484.3703596773	16	26051946
027_1_A_3-6	26051947_027_1_A_3-6_rep.D	Sample	46169.019983935199	24.024166666666702	6186490.16957299	28.6477166666667	6534777.93824314	28.764433333333301	3546264.20975733	29.0303	1339102.47034444	29.4258666666667	246744.886587307	30.003	2250264.56632139	30.210516666666699	65588.018130952	31.079450000000001	1565527.01996241	42.784216666666701	1712092.2445	43.0111833333333	150665.398432323	16	26051947
QC16g	26051948_QC16g.D	QC	46169.072560069399	24.0370833333333	5854875.72333188	28.667116666666701	6186527.40285048	28.777349999999998	1855696.14940781	29.036750000000001	970053.948365032	29.438783333333301	148593.402177683	30.009433333333298	1062136.4035	30.223433333333301	71207.972473202	31.0794	523388.598606463	42.7841666666667	727136.378184276	43.017616666666697	84634.0066548398	16	26051948
QC15l	26051949_QC15l.D	QC	46169.125138009302	24.0304	6896316.01180288	28.647466666666698	7407201.87742678	28.757716666666699	1312850.92393649	29.023583333333299	976164.925000466	29.419133333333299	185341.09790278	30.002766666666702	819259.338976196	30.210266666666701	29698.0807467439	31.0727166666667	499675.271967642	42.783983333333303	1385821.65280894	43.010933333333298	123531.064867763	16	26051949
027_1_A_BL	26051950_027_1_A_BL_rep.D	Sample	46169.177741088002	24.030516666666699	5668635.33951953	28.660550000000001	6103924.51974299	28.770783333333299	1046246.83204067	29.030166666666702	219739.191123536	29.445183333333301	8964.43749302886	30.015833333333301	684828.998499995	30.2298333333333	29111.4866008777	31.0728333333333	67578.0788840092	42.784083333333299	166733.258174594	43.011049999999997	20867.9524418506	16	26051950
Blank16b	26051952_Blank16b.D	Blank	46169.282929363399	24.011033333333302	5195547.8886706	28.641066666666699	5558234.42550002	28.738333333333301	799.973999999993	29.0107	326.128499999997	29.749949999999998	0	29.762916666666701	0	29.99635	0	NA	0	41.992933333333298	0	NA	0	16	26051952
Std_0_2	26051953_Std_0.D	Std	46169.335526458301	24.030583333333301	5663125.09239131	28.660616666666701	6054564.21489968	28.777349999999998	1658271.87620313	29.030249999999999	887207.618199996	29.432300000000001	133491.857555043	30.009416666666699	951228.869763054	30.223416666666701	64967.3774153592	31.072900000000001	456061.478340062	42.7841666666667	600739.009750873	43.011116666666702	52341.3511115546	16	26051953
Std_1_2	26051954_Std_1.D	Std	46169.388103865698	24.043600000000001	6411226.31386237	28.667149999999999	6727191.92409662	28.7838666666667	3262803.63215619	29.04325	2555560.03971428	29.4388166666667	416219.508000001	30.01595	1459579.33976307	30.229949999999999	85370.7843384985	31.079433333333299	1204105.44773948	42.790683333333298	1776472.24678806	43.011166666666703	167247.426028836	16	26051954
Std_2_2	26051955_Std_2.D	Std	46169.440689768497	24.037099999999999	6504499.08447209	28.66065	6975560.62754906	28.7838666666667	4113608.33217658	29.04325	3098853.19992376	29.4323333333333	491336.150392949	30.01595	1741025.9334524	30.22345	94529.8227887186	31.085899999999999	1511955.1055147	42.790683333333298	2566659.47879567	43.017633333333301	224869.18511084	16	26051955
Std_3_2	26051956_Std_3.D	Std	46169.493276388901	24.043516666666701	6799250.3763534	28.6605833333333	7223513.61087157	28.7837833333333	5283674.70483343	29.0431666666667	4029126.66275722	29.4387333333333	622231.464991113	30.0158666666667	2038571.93570059	30.229866666666702	113638.991812685	31.085833333333301	2105919.36655829	42.790599999999998	3617808.21512684	43.017566666666703	299172.000380336	16	26051956
Std_4_2	26051957_Std_4.D	Std	46169.545874421303	24.043500000000002	6955516.75519487	28.66705	7458145.1689626	28.7902666666667	7241611.11060096	29.04965	6161202.54644845	29.4387166666667	1005545.97862332	30.01585	2606809.77516039	30.229849999999999	135389.619384003	31.085816666666702	3093772.38597662	42.797066666666701	5093642.67232474	43.01755	444817.536962685	16	26051957
Std_5_2	26051958_Std_5.D	Std	46169.598456330998	24.037116666666702	6802115.86668091	28.66065	7282353.25375161	28.79035	7809556.91485668	29.0497333333333	7021708.54618963	29.4388166666667	1126489.2114326	30.01595	2684962.30019185	30.22345	144732.919768748	31.085916666666702	3632235.24589305	42.797166666666698	5229350.62442702	43.017650000000003	455734.474878131	16	26051958
Std_6_2	26051959_Std_6.D	Std	46169.651039155098	24.030533333333299	6317867.86134049	28.6605666666667	6376710.24915602	28.796749999999999	13527747.3839376	29.0547	12259562.556284	29.4387166666667	2669006.27598325	30.022349999999999	4627730.20872389	30.223366666666699	228871.689421741	31.098783333333301	7571271.01423233	42.797083333333298	8420382.75262304	43.0240333333333	1261302.06325401	16	26051959
Std_7_2	26051960_Std_7.D	Std	46169.703604629598	24.03715	6899867.02495402	28.667183333333298	7224860.18536456	28.8228166666667	28291284.5849602	29.101649999999999	16801887.5411347	29.4583166666667	7491483.59953948	30.035433333333302	13069008.883546	30.236466666666701	651479.241723347	31.0924333333333	12723443.7373503	42.790716666666697	11067961.3514353	43.037133333333301	5106015.48267268	16	26051960
Std_8_2	26051961_Std_8.D	Std	46169.7561816667	24.030566666666701	6320537.0981681	28.660599999999999	6468691.57479464	28.816233333333301	35915300.5153104	29.056166666666702	20678884.3918789	29.464700000000001	13717400.1738868	30.035350000000001	18629869.6446376	30.242850000000001	1100088.88268873	31.09235	15636731.359576	42.790633333333297	12626092.649019	43.0500166666667	7927582.28766236	16	26051961
QC16i	26051962_QC16i.D	QC	46169.8087502083	24.036899999999999	6368956.44883365	28.666933333333301	6793847.82663552	28.777166666666702	2042684.60899645	29.036549999999998	1108333.94008737	29.432116666666701	177178.138255526	30.009250000000002	1127625.1622723	30.216750000000001	76499.0030119005	31.079216666666699	612174.149945299	42.790466666666703	913176.319804498	43.010950000000001	102603.383507703	16	26051962
QC15m	26051963_QC15m.D	QC	46169.861335208298	24.023966666666698	7185459.43542537	28.647500000000001	7605411.60644171	28.757750000000001	1255735.196292	29.023616666666701	969612.103500014	29.4256666666667	185745.204138881	29.996316666666701	791686.593290969	30.2038166666667	29903.4929697402	31.072766666666698	494194.720875664	42.784016666666702	1267648.77341423	43.0109833333333	110313.829118151	16	26051963
QC17a	26062402_QC17a.D	QC	46197.695453807901	24.030650000000001	5069447.91074021	28.6541833333333	5493255.85700652	28.7709166666667	1799283.21708144	29.0303	917901.353266604	29.4258666666667	151275.496727638	30.0094833333333	988741.710939243	30.223466666666699	64767.8705790689	31.079450000000001	403018.958285101	42.784216666666701	368459.21145587	43.0111833333333	58312.682592179	17	26062402
QC10k	26062403_QC10k.D	QC	46197.748056099503	24.01765	5433110.16191216	28.647683333333301	5785448.84240449	28.757916666666699	1118723.21116665	29.023783333333299	823406.480339185	29.419350000000001	162895.558484128	29.996483333333298	704036.457416606	30.210466666666701	30545.7557955602	31.0729333333333	429616.211994044	42.784183333333303	562065.173053457	43.004666666666701	61027.0774880365	17	26062403
Std_0_1	26062404_Std_0.D	Std	46197.8006160648	24.030650000000001	5000745.71774759	28.654199999999999	5469965.21518257	28.7709166666667	1666055.15521653	29.0303166666667	864693.301506071	29.4258666666667	133946.682138421	30.0094833333333	940925.403577266	30.216999999999999	60695.4473865743	31.079450000000001	383459.716566499	42.784216666666701	395446.674064909	43.0111833333333	52048.6957144888	17	26062404
Std_1_1	26062405_Std_1.D	Std	46197.853193425901	24.030550000000002	4917535.16725358	28.6540833333333	5344461.08960311	28.7708166666667	2475376.85454173	29.036683333333301	1869534.34168319	29.43225	304052.475788498	30.0093833333333	1115268.57308547	30.223366666666699	64936.0910674411	31.072866666666702	799624.044076768	42.784116666666698	836068.728508174	43.011083333333303	95447.3446145255	17	26062405
Std_2_1	26062406_Std_2.D	Std	46197.905775138897	24.037133333333301	5621060.09202206	28.660683333333299	6167280.87185118	28.7774	3885616.08707524	29.0367833333333	2948890.26233846	29.43235	468592.958653615	30.015966666666699	1629333.31001255	30.223483333333299	89681.1590045449	31.079450000000001	1298916.05411807	42.784216666666701	1490930.72095434	43.0111833333333	161230.865229739	17	26062406
Std_3_1	26062407_Std_3.D	Std	46197.958354536997	24.0369666666667	5629840.86252211	28.660516666666702	6124429.53746354	28.777233333333299	4500118.90183343	29.036616666666699	3407777.93047553	29.432183333333299	547139.736800012	30.015799999999999	1756482.11041465	30.223316666666701	95963.1333390073	31.079283333333301	1599584.91919124	42.784050000000001	2182103.36161746	43.011016666666698	209923.306495193	17	26062407
Std_4_1	26062408_Std_4.D	Std	46198.010958981497	24.030650000000001	5620339.02627942	28.654199999999999	6128012.81416536	28.777416666666699	5694251.90978492	29.043283333333299	4731049.48558709	29.432366666666699	762151.850261654	30.009499999999999	2074482.0106749	30.216999999999999	105235.930229597	31.079466666666701	2226196.36480914	42.784233333333297	2908758.93181569	43.0047	270342.412918673	17	26062408
Std_5_1	26062409_Std_5.D	Std	46198.063530289299	24.030449999999998	5292201.61677942	28.654	5673693.09657164	28.777200000000001	6137928.25307478	29.036583333333301	5292368.49597559	29.43215	849293.149415476	30.0092833333333	2122397.084754	30.216799999999999	105970.186639533	31.079249999999998	2513600.33479551	42.790500000000002	3192945.29518197	43.0109833333333	282572.677426357	17	26062409
QC17b	26062410_QC17b.D	QC	46198.116133067102	24.030650000000001	5577360.67346325	28.6541833333333	6044650.13947601	28.764433333333301	1780205.06188646	29.023816666666701	952872.447610931	29.4258666666667	157774.081364405	30.003	989095.134328947	30.2169833333333	60814.3366429166	31.072949999999999	398114.56888846	42.777733333333302	485690.545572979	43.004683333333297	61466.9215956473	17	26062410
QC10l	26062411_QC10l.D	QC	46198.1687499537	24.01755	5935866.50579256	28.641083333333299	6262602.53566915	28.751333333333299	1133518.42276385	29.017199999999999	860054.946754595	29.419250000000002	169043.84529757	29.996383333333299	713656.083342363	30.203883333333302	28381.7699489426	31.06635	423897.263633329	42.784083333333299	875849.931996712	43.011049999999997	80318.517336379	17	26062411
Blank17a	26062412_Blank17a.D	Blank	46198.221338194402	24.011150000000001	4662661.4085	28.634699999999999	4860572.20644637	28.7449333333333	1523.22500000001	29.0043166666667	832.07100000001	29.1340166666667	0	29.9770166666667	1637.85600000001	29.750050000000002	0	31.053466666666701	0	42.7776833333333	0	42.7776833333333	0	17	26062412
Blank17b	26062413_Blank17b.D	Blank	46198.273940208303	24.010950000000001	4412315.362	28.634499999999999	4661707.21195986	28.738250000000001	891.157499999985	29.010616666666699	495.974999999982	29.743383333333298	0	29.996283333333299	804.685500000018	29.983316666666699	0	31.0597666666667	0	41.992849999999997	0	NA	0	17	26062413
Blank17c	26062414_Blank17c.D	Blank	46198.326558125002	24.010950000000001	3953973.41100008	28.628016666666699	4228876.78466984	28.738250000000001	606.122	28.997633333333301	312.535500000002	29.756350000000001	0	29.9833	0	29.9119666666667	0	NA	0	NA	0	NA	0	17	26062414
116_3_B_AH	26062415_116_3_B_AH.D	Sample	46198.3791415046	24.017533333333301	5061950.44927326	28.647566666666702	5407119.45254965	28.7513166666667	523297.416216507	29.0171833333333	63688.3355362927	29.438683333333302	7220.9482056356	30.002849999999999	259038.251619764	30.223333333333301	25916.9401807279	31.066333333333301	54095.7845714283	42.771099999999997	6409.71000000002	42.998066666666702	1843.28184495253	17	26062415
116_3_B_BL	26062416_116_3_B_BL.D	Sample	46198.431751863398	24.024149999999999	4960479.40483295	28.6541833333333	5162078.2090447	28.764416666666701	1005515.02944105	29.023816666666701	174515.533040922	29.43235	18991.9362757754	30.015966666666699	583305.826082231	30.229949999999999	56996.3763156702	31.072949999999999	196996.568155616	42.777733333333302	22963.5255000002	43.017650000000003	4921.78067435364	17	26062416
116_3_B_3-6	26062417_116_3_B_3-6.D	Sample	46198.484329421299	24.017666666666699	4948846.93479286	28.634716666666701	5282784.09734956	28.744966666666699	81918.7514906573	29.010833333333299	16310.5722882489	29.419366666666701	1748.02594471209	29.996500000000001	48302.5829697131	30.2104833333333	3441.87538450857	31.066466666666699	8033.45835154342	42.771233333333299	2984.45150000007	42.998199999999997	817.782391451203	17	26062417
116_3_B_0-3	26062418_116_3_B_0-3.D	Sample	46198.536906689798	24.017566666666699	4931885.02241465	28.641116666666701	5283654.24331335	28.738383333333299	74659.6350640426	29.010733333333299	10291.9935000002	29.4387166666667	1551.38176148233	29.989916666666701	35203.1489155568	30.2168833333333	3028.4545	31.0598833333333	9765.33597625361	42.771133333333303	1914.09849999993	42.991616666666701	462.131999999975	17	26062418
QC17c	26062419_QC17c.D	QC	46198.589474189801	24.030583333333301	5283542.2016581	28.654116666666699	5781559.38728789	28.7643666666667	1499391.36349577	29.0302333333333	790449.868038783	29.425799999999999	118656.014787752	30.009416666666699	797503.507281812	30.229883333333301	49450.5239697383	31.072900000000001	295874.061969256	42.777666666666697	316327.059554874	43.004633333333302	25900.9395736433	17	26062419
QC10m	26062420_QC10m.D	QC	46198.935297326403	24.0239166666667	4101113.21481864	28.647449999999999	4093843.10585069	28.7577	940780.335833317	29.023566666666699	539928.787133329	29.425616666666699	115074.24944683	29.996266666666699	713795.9331833	30.210249999999998	24169.176623279	31.0727166666667	327152.881829167	42.764516666666701	1287896.23898561	42.984983333333297	213841.28995115	17	26062420
Blank17d	26062421_Blank17d.D	Blank	46198.987872199097	24.011150000000001	1917317.53084623	28.634699999999999	2056643.61680376	28.73845	4810.64684999994	28.99785	2802.57999999999	29.412866666666702	854.54449999999	29.983499999999999	3648.25092324659	30.197500000000002	618.898999999998	31.0664333333333	1947.66050000001	42.790666666666702	1486.08229166664	43.0370833333333	502.367499999975	17	26062421
154_3_B_3-6	26062422_154_3_B_3-6.D	Sample	46199.040438750002	24.01745	2390685.68936607	28.640999999999998	2543375.20053026	28.74475	72539.9239999997	29.0041333333333	21025.7644212669	29.412666666666698	1632.98762681286	29.989799999999999	91818.8536997963	30.203800000000001	2696.53780918495	31.06625	7669.12609093525	42.771016666666704	9317.01400000022	42.997983333333302	2923.66748518526	17	26062422
154_3_B_AH	26062423_154_3_B_AH.D	Sample	46199.093040023101	24.030533333333299	2684581.08860406	28.6540833333333	2869184.12391731	28.7708166666667	747299.218830883	29.030200000000001	166325.668949281	29.43225	10971.2538420123	30.0093833333333	606991.43474362	30.2168833333333	26415.5771904734	31.066366666666699	125484.466067797	42.784116666666698	106291.732681573	43.0110666666667	25709.6844334158	17	26062423
154_3_B_BL	26062424_154_3_B_BL.D	Sample	46199.145641122697	24.017499999999998	2375216.60146951	28.6475333333333	2499500.6292367	28.751283333333301	283813.914649541	29.023633333333301	82119.3085320462	29.432166666666699	6845.42161998868	29.9963333333333	344224.456811495	30.216816666666698	11136.0776522125	31.072783333333302	41346.8769004481	42.771066666666698	59695.8170924659	42.998033333333296	13719.2053316319	17	26062424
154_3_B_0-3	26062425_154_3_B_0-3.D	Sample	46199.198226840301	24.011216666666702	2322079.35524543	28.6347666666667	2431896.98155536	28.738516666666701	75075.0514338805	29.0044	20042.7648664823	29.40645	1863.62721538934	29.990066666666699	86188.6847380439	30.1846	3394.25979189799	31.060016666666701	9329.84255845332	42.771283333333301	12145.6744248514	42.998249999999999	3603.78246470593	17	26062425
QC17d	26062426_QC17d.D	QC	46199.250818703702	24.024183333333301	2286555.16211146	28.647733333333299	2315121.41945277	28.7579666666667	918099.11833948	29.01735	443289.148138484	29.4194	96730.5746068929	30.003016666666699	710862.275833329	30.217016666666701	39186.1797181196	31.066500000000001	259595.79101261	42.777749999999997	352979.015238744	43.004716666666702	69893.355493894	17	26062426
QC11k	26062427_QC11k.D	QC	46199.303423773097	24.017600000000002	2876961.8580103	28.6411333333333	2911423.23411661	28.751383333333301	893901.161380724	29.017250000000001	564604.163082118	29.4128166666667	149764.458436482	29.9964333333333	676897.38825001	30.2039333333333	33114.941900271	31.066400000000002	363435.842264405	42.777650000000001	752281.474578308	43.004616666666699	139792.77924533	17	26062427
Blank17e	26062428_Blank17e.D	Blank	46199.356024687499	24.010999999999999	2429782.21158934	28.634550000000001	2579380.64602573	28.731816666666699	2812.77250000002	29.004166666666698	1723.27	29.419183333333301	352.886500000002	29.983350000000002	2653.44216753247	30.184366666666701	378.59200000002	31.059799999999999	1014.30849999999	42.764566666666703	941.508999999973	42.764566666666703	0	17	26062428
102_2_B_BL	26062429_102_2_B_BL.D	Sample	46199.408635544001	24.0242	2584566.8425091	28.654233333333298	2785226.72085537	28.764466666666699	612169.793428163	29.030333333333299	123404.694105062	29.425899999999999	11287.4164547427	30.009516666666698	538628.779726752	30.223516666666701	33746.4361084748	31.066516666666701	130212.926195075	42.771283333333301	118990.867789348	43.011216666666698	29115.8825080162	17	26062429
102_2_B_0-3	26062430_102_2_B_0-3.D	Sample	46199.461210960602	24.017533333333301	2698572.2710905	28.634599999999999	2843606.22492175	28.7448333333333	119697.007756044	29.010716666666699	25384.1639706865	29.419233333333299	2253.22492173226	29.996366666666699	122383.993555326	30.216850000000001	7775.1202702555	31.066333333333301	22222.1977689046	42.7711166666667	20849.1028792136	43.004550000000002	4968.85069422391	17	26062430
102_2_B_AH	26062431_102_2_B_AH.D	Sample	46199.5138017477	24.030650000000001	2683859.66406676	28.654199999999999	2876131.62725735	28.764433333333301	756849.696343402	29.023816666666701	135613.280219995	29.4258666666667	14056.1694493356	30.0094833333333	575819.462518101	30.223483333333299	59801.2809649458	31.072966666666701	169973.772432834	42.777733333333302	118928.103188054	43.0047	32316.5955795375	17	26062431
102_2_B_3-6	26062432_102_2_B_3-6.D	Sample	46199.566388553198	24.017516666666701	2798683.61369013	28.6475333333333	2980083.38169173	28.744816666666701	187648.76608553	29.0171666666667	43180.4424352951	29.419216666666699	3756.37882517352	29.99635	203840.627620227	30.210333333333299	11827.2592029077	31.066316666666701	28969.061013234	42.777566666666701	36208.8377339748	43.011016666666698	7976.2565274134	17	26062432
QC17e	26062433_QC17e.D	QC	46199.618960173597	24.0239166666667	2646544.23858932	28.647466666666698	2714677.11563511	28.7641833333333	1028568.7878801	29.023583333333299	517841.105095178	29.425616666666699	113817.674432094	30.002749999999999	777297.155788783	30.216750000000001	47105.9902325103	31.066233333333301	293423.130713732	42.777483333333301	426107.92620958	43.004449999999999	82998.9366836832	17	26062433
QC11l	26062434_QC11l.D	QC	46199.671543715303	24.0241333333333	3467854.59340414	28.647683333333301	3519887.84337751	28.751433333333299	1022030.69612946	29.023783333333299	679322.363515651	29.419350000000001	176014.66431858	29.996483333333298	771758.642740653	30.203983333333301	38548.3499355148	31.06645	429083.422658808	42.784183333333303	892580.374761069	43.011150000000001	160891.037595675	17	26062434
Blank17f	26062435_Blank17f.D	Blank	46199.724140648097	24.0109833333333	2375675.10173625	28.634533333333302	2635855.87903992	28.7318	2994.40529999999	29.010633333333299	1727.73149382713	29.412683333333302	280.469000000012	29.989816666666702	2889.79767414969	30.197333333333301	494.239999999993	31.0597833333333	801.728999999982	42.783999999999999	801.609000000007	42.783999999999999	0	17	26062435
145_3_B_0-3	26062436_145_3_B_0-3.D	Sample	46199.776717685199	24.0110833333333	2248589.23128341	28.634633333333301	2377503.49231229	28.744866666666699	82519.2678871415	29.010750000000002	18861.7534384306	29.43225	2646.0300826466	29.989916666666701	88474.2171666662	30.2039166666667	4091.53216196186	31.066366666666699	10038.5691012947	42.777633333333299	14288.3278188553	43.011083333333303	4032.81640938271	17	26062436
145_3_B_3-6	26062437_145_3_B_3-6.D	Sample	46199.829293460702	24.01755	2462473.18202481	28.641100000000002	2595599.54292314	28.74485	120643.012139664	29.010716666666699	28431.2431139721	29.412766666666698	2572.83165315124	29.996383333333299	142310.11508054	30.197416666666701	5650.58476822293	31.0728333333333	13452.4793942818	42.7711166666667	25018.2777610334	43.004566666666697	6567.26353815777	17	26062437
145_3_B_BL	26062438_145_3_B_BL.D	Sample	46199.881877743101	24.023966666666698	2864333.62275892	28.6475166666667	3038388.56104411	28.757750000000001	366168.592574407	29.023616666666701	88597.8781417669	29.4386333333333	8369.77306737359	30.002800000000001	414276.461481729	30.2038333333333	14947.3344932381	31.066283333333299	49040.3096716267	42.777533333333302	88259.6365158734	43.0045	18664.0735585294	17	26062438
145_3_B_AH	26062439_145_3_B_AH.D	Sample	46199.934453692098	24.0242166666667	943288.646089749	28.647766666666701	931168.193563968	28.770966666666698	956169.897815284	29.023866666666699	180302.777149271	29.438883333333301	14643.4480188873	30.009533333333302	721626.616	30.2235333333333	58312.3423928315	31.0730166666667	211925.264206183	42.777783333333304	100352.342736997	43.004750000000001	32599.7700663509	17	26062439
QC17f	26062440_QC17f.D	QC	46199.987026030103	24.023983333333302	2774958.88194716	28.6475333333333	2822620.33384176	28.764250000000001	1040002.63093639	29.02365	548272.406394486	29.4256833333333	115818.791291257	30.0028166666667	799351.942098407	30.216816666666698	47269.2946480857	31.072783333333302	310893.503230768	42.777566666666701	437435.811124807	43.004516666666703	85759.8242209374	17	26062440
QC11m	26062441_QC11m.D	QC	46200.039629108804	24.017666666666699	2764119.29208933	28.641216666666701	2750343.59879546	28.751466666666701	809676.146847046	29.017333333333301	561168.91349999	29.4193833333333	146736.382115191	29.990016666666701	626194.64978	30.1975333333333	33402.045282872	31.066466666666699	348076.432321428	42.777733333333302	654711.485795104	43.004683333333297	120312.47628394	17	26062441
Blank17g	26062442_Blank17g.D	Blank	46200.092211215298	24.004566666666701	2533635.9042703	28.634599999999999	2698205.38494586	28.738350000000001	3350.51651214679	29.0042333333333	2003.42400000001	29.3933	566.578999999986	29.9834	2691.9753617949	30.190916666666698	603.727999999997	31.053366666666701	1117.92249999999	42.751649999999998	1194.88549999999	42.7776	0	17	26062442
035_2_B_0-3	26062443_035_2_B_0-3.D	Sample	46200.144800729198	24.017466666666699	2514257.13641755	28.634533333333302	2624955.32068015	28.7382833333333	76932.4719228818	29.017133333333302	21336.2337786447	29.43215	2351.20546585159	29.989833333333301	86438.548928234	30.2038166666667	5837.09099060503	31.0597833333333	17829.2269464283	42.777533333333302	14257.6625249892	42.997999999999998	3822.32310676525	17	26062443
035_2_B_AH	26062444_035_2_B_AH.D	Sample	46200.197392962997	24.0240166666667	2273860.10943473	28.647566666666702	2267324.82934429	28.764283333333299	1037821.28628736	29.023666666666699	169354.72453453	29.425716666666698	10674.2971128539	30.015816666666701	696971.546900721	30.223333333333301	101411.082530507	31.0728166666667	343158.622661903	42.771099999999997	104952.511377897	43.011033333333302	33945.3385922617	17	26062444
035_2_B_3-6	26062445_035_2_B_3-6.D	Sample	46200.249976874999	24.010999999999999	2569079.26834978	28.634533333333302	2659508.66923312	28.744783333333299	124042.429220645	29.010649999999998	31693.5155483714	29.4256666666667	2175.68048468287	29.996316666666701	154679.900755603	30.2038166666667	6330.09258866308	31.059799999999999	23434.3201526108	42.771050000000002	26339.8570064824	42.9980166666667	6381.92361087451	17	26062445
035_2_B_BL	26062446_035_2_B_BL.D	Sample	46200.302574351903	24.030533333333299	2543142.28096147	28.6605666666667	2716228.08776715	28.770800000000001	828078.204989827	29.030200000000001	226624.782621111	29.445216666666699	13876.0598437827	30.0093666666667	932269.09	30.229849999999999	53621.2185521508	31.072849999999999	266355.795214753	42.771133333333303	196432.165794658	43.0110666666667	47896.7357954861	17	26062446
Blank17h	26062447_Blank17h.D	Blank	46200.355134398102	24.004533333333299	2353468.41920821	28.628083333333301	2548050.28180435	28.738316666666702	2999.60743592526	29.004183333333302	1157.18228871683	29.4127166666667	0	29.989850000000001	2916.07962279202	30.203849999999999	788.732500000008	31.053333333333299	784.76478960338	42.777549999999998	1357.06750000001	42.777549999999998	0	17	26062447
Std_0_2	26062448_Std_0.D	Std	46200.4077182986	24.024000000000001	2660654.34350766	28.647549999999999	2684992.1415986	28.7578	1019684.38312271	29.023666666666699	534830.417977868	29.425716666666698	121044.69970149	30.002849999999999	781560.326148376	30.223316666666701	46416.4760940291	31.072800000000001	294362.638337181	42.777583333333297	437896.773754189	43.004533333333299	83502.9380666585	17	26062448
Std_1_2	26062449_Std_1.D	Std	46200.460291006901	24.030616666666699	3295939.89429718	28.654166666666701	3325182.33792315	28.770900000000001	1837770.65011897	29.030283333333301	1388693.5698108	29.4323333333333	311059.663863692	30.0094666666667	1225003.63333361	30.22345	74624.1488547677	31.079416666666699	892915.136397613	42.784199999999998	1040865.10722408	43.011150000000001	189864.815398492	17	26062449
Std_2_2	26062450_Std_2.D	Std	46200.512869120401	24.024149999999999	2737221.39895594	28.647683333333301	2788676.86324299	28.764416666666701	1712374.90857631	29.030283333333301	1207121.82965978	29.425850000000001	301034.843110585	30.002983333333301	998251.612888897	30.2169666666667	59396.5206463436	31.072949999999999	730741.382549996	42.784199999999998	859019.807815145	43.004683333333297	153500.802559889	17	26062450
Std_3_2	26062451_Std_3.D	Std	46201.905284305598	24.024149999999999	2027995.75249996	28.6477	1995282.87254313	28.764433333333301	1573427.60788812	29.023816666666701	1075963.01535115	29.425850000000001	258316.482428193	30.002983333333301	869800.112466094	30.2169833333333	48926.5833008479	31.072949999999999	653639.686916657	42.790700000000001	1338008.38654935	43.011166666666703	243358.697861826	17	26062451
Std_4_2	26062452_Std_4.D	Std	46201.957854641201	24.023983333333302	2519855.91847017	28.6475333333333	2604421.02276237	28.7707333333333	2392253.4272389	29.0301166666667	1791493.46448795	29.4256833333333	430875.441054607	30.0028166666667	1203332.66976678	30.210333333333299	68484.3061504232	31.072783333333302	997666.44428126	42.777549999999998	1218326.05303045	43.011000000000003	227749.183323064	17	26062452
Std_5_2	26062453_Std_5.D	Std	46202.010444166699	24.030550000000002	2694780.52071004	28.6540833333333	2700383.61640311	28.7773	3248877.82901201	29.036683333333301	2548037.91841036	29.43225	581151.277072175	30.0093833333333	1587372.50144027	30.2168833333333	88172.7832355128	31.079350000000002	1383472.13403743	42.784116666666698	1848016.70098598	43.011083333333303	313319.023251941	17	26062453
QC17g	26062454_QC17g.D	QC	46202.063042187503	24.0240166666667	2659903.03397242	28.641083333333299	2647790.16089744	28.757816666666699	994434.487869374	29.023683333333299	538945.605467499	29.419233333333299	117461.683215975	30.002866666666701	757389.324772857	30.216850000000001	46476.5388331518	31.066333333333301	298755.61987545	42.7776	425895.04470261	43.004550000000002	83886.7195760942	17	26062454
QC12k	26062455_QC12k.D	QC	46202.115641099503	24.010999999999999	2789364.04528337	28.641033333333301	2806439.73221833	28.744783333333299	795556.633886671	29.017150000000001	555106.612568553	29.412700000000001	147684.032539204	29.996316666666701	625176.281711981	30.19735	32739.6031083953	31.059799999999999	335898.782999997	42.777549999999998	632978.0382019	43.0109833333333	117396.713605634	17	26062455
