Name	Data File	Type	Acq. Date-Time	IStd Xylose RT	IStd Xylose Resp.	IStd Fructose RT	IStd Fructose Resp.	1,4-Galactonolactone RT	1,4-Galactonolactone Resp.	Galactose Pk1 RT	Galactose Pk1 Resp.	Galactose Pk2 RT	Galactose Pk2 Resp.	Galactitol RT	Galactitol Resp.	1,5-Galactonolactone RT	1,5-Galactonolactone Resp.	Galactonate RT	Galactonate Resp.	Lactose Pk1 RT	Lactose Pk1 Resp.	Lactose Pk2 RT	Lactose Pk2 Resp.	batch	injection_order
QC1a	26022402_QC1a.D	QC	46077.7187984259	24.0370833333333	1e+06	28.660633333333301	5096440.00577889	28.770883333333298	257460.82813108	29.043233333333301	174195.856582311	29.438800000000001	38823.1744125991	30.0224166666667	178860.31664115	30.223433333333301	6622.49554415834	31.092383333333299	88051.8493514312	42.797150000000002	542486.638278553	43.024099999999997	96547.5156034391	1	26022402
Std_0_1	26022403_Std_0.D	Std	46077.7713854514	24.0370666666667	1e+06	28.660616666666701	5443892.83984215	28.770849999999999	260683.926957056	29.043216666666702	174515.200894477	29.438783333333301	39527.6692744094	30.022400000000001	182523.252928294	30.223416666666701	6505.66806465764	31.09235	89759.8041272282	42.797133333333299	529660.277704385	43.024083333333301	93339.2173881997	1	26022403
Std_1_1	26022404_Std_1.D	Std	46077.823945463002	24.0371666666667	1e+06	28.660716666666701	4979457.46685444	28.770949999999999	425321.884034264	29.043299999999999	358902.282967477	29.438866666666701	76901.1553768396	30.015999999999998	220027.628577409	30.223500000000001	9325.7939629917	31.092449999999999	167982.416583121	42.797216666666699	739098.843446839	43.024183333333298	124552.039586376	1	26022404
Std_2_1	26022405_Std_2.D	Std	46077.876524629602	24.036899999999999	1e+06	28.660450000000001	5106024.34257797	28.770683333333299	516285.839196722	29.043050000000001	428991.582300442	29.438600000000001	87768.1869596519	30.015733333333301	250366.287075691	30.22325	9831.02844394168	31.092183333333299	207192.859223517	42.803449999999998	852080.124379154	43.0239166666667	140187.130178242	1	26022405
Std_3_1	26022406_Std_3.D	Std	46077.929120046298	24.036933333333302	1e+06	28.6604833333333	5481088.96398517	28.7707333333333	637409.297015039	29.049566666666699	520853.443945582	29.438649999999999	101910.296849148	30.022266666666699	290031.851272505	30.216799999999999	12117.3128682267	31.092233333333301	261967.577783905	42.803483333333297	1221380.21693182	43.030450000000002	192126.26183309	1	26022406
Std_4_1	26022407_Std_4.D	Std	46077.981694780101	24.037183333333299	1e+06	28.660733333333301	5018190.78664921	28.777450000000002	853990.682278382	29.0498166666667	777937.724166981	29.438883333333301	145134.357296695	30.022500000000001	346758.76672787	30.2235333333333	15607.713891222	31.092466666666699	368285.55436918	42.803733333333298	1431736.15464133	43.0242	225568.253420645	1	26022407
Std_5_1	26022408_Std_5.D	Std	46078.034282673601	24.0370666666667	1e+06	28.660616666666701	5367718.27856857	28.777333333333299	1122577.68659089	29.049700000000001	1044664.64463709	29.445250000000001	195076.222884435	30.022383333333298	412286.161723299	30.223416666666701	18669.4109141421	31.0988333333333	505269.564500579	42.803616666666699	1925453.89801723	43.030566666666701	304150.260799948	1	26022408
QC1b	26022409_QC1b.D	QC	46078.086838483803	24.043533333333301	1e+06	28.667066666666699	7415589.31032466	28.7773166666667	314793.799104171	29.049666666666699	209226.479905808	29.445233333333299	45571.4084842956	30.022366666666699	204535.331575774	30.229866666666702	7697.14452421423	31.092333333333301	104651.093139859	42.8035833333333	775540.523795681	43.030549999999998	128638.564673591	1	26022409
Blank1a	26022410_Blank1a.D	Blank	46078.139441631902	24.037016666666698	1e+06	28.6605666666667	7347292.99769224	28.861599999999999	0	29.166366666666701	0	29.166366666666701	0	29.9445333333333	0	30.100166666666698	0	31.098800000000001	0	42.881383333333297	0	42.881383333333297	0	1	26022410
113_2_A_BL	26022411_113_2_A_BL.D	Sample	46078.192043171301	24.043500000000002	1e+06	28.66705	6843916.52861993	28.777283333333301	280897.083364869	29.043150000000001	20389.1938153147	29.458166666666699	1535.10504212952	30.0288166666667	82628.0034243679	30.236316666666699	10502.417181189	31.092300000000002	77457.8709246345	42.797066666666701	51813.0210225735	43.0110666666667	19155.8016780406	1	26022411
113_2_A_3-6	26022412_113_2_A_3-6.D	Sample	46078.244636608797	24.036916666666698	1e+06	28.6604666666667	5422939.49140718	28.770700000000001	473194.72340957	29.0430666666667	263642.780561857	29.4386166666667	55576.6591786231	30.0222333333333	301993.088760714	30.223266666666699	9581.32968380726	31.092199999999998	172061.828244626	42.796966666666698	947576.355665448	43.030416666666703	134211.841667386	1	26022412
113_2_A_0-3	26022413_113_2_A_0-3.D	Sample	46078.297255729201	24.030616666666699	1e+06	28.654166666666701	4956334.69999998	28.757916666666699	38878.8800294342	29.036766666666701	51864.6888379327	29.4323333333333	12021.9278152643	30.01595	15974.1070953254	30.2299333333333	2381.69463491318	31.085916666666702	13221.747082983	42.797166666666698	30184.3444355772	43.024133333333303	6150.18868214663	1	26022413
113_2_A_AH	26022414_113_2_A_AH.D	Sample	46078.3498465741	24.043566666666699	1e+06	28.6736	5414268.74860917	28.783833333333298	749589.159471543	29.049700000000001	67986.2477745033	29.451750000000001	7875.85272642346	30.0353666666667	234644.877578667	30.2428666666667	24409.0097829371	31.092366666666699	215256.293075306	42.797133333333299	99774.4369332823	43.011133333333298	45619.6534611097	1	26022414
QC1c	26022415_QC1c.D	QC	46078.402437754601	24.030449999999998	1e+06	28.654	5051034.95977967	28.764233333333301	246146.613728699	29.0366	172979.724793956	29.438649999999999	39333.6753946157	30.0157666666667	175879.205792625	30.223283333333299	6502.60463289743	31.092216666666701	86308.8807302572	42.796999999999997	446164.194820769	43.023949999999999	79662.5879679074	1	26022415
137_3_A_AH	26022416_137_3_A_AH.D	Sample	46078.455027164397	24.056466666666701	1e+06	28.6735333333333	4791993.06213123	28.7967333333333	479304.570938047	29.04965	141107.3389246	29.4516833333333	8893.96314611148	30.035299999999999	367075.930740187	30.236333333333299	15256.4801509568	31.098783333333301	66371.2007206775	42.797066666666701	127350.621672184	43.004583333333301	90343.7607379896	1	26022416
137_3_A_BL	26022417_137_3_A_BL.D	Sample	46078.507609004599	24.043466666666699	1e+06	28.667000000000002	5052271.81613211	28.777249999999999	140442.529675703	29.043116666666702	50197.6905355726	29.451650000000001	3230.76890924785	30.028783333333301	157179.743263202	30.229800000000001	4999.31800410103	31.092266666666699	25796.2225385239	42.790550000000003	64758.7852604695	43.011016666666698	38642.6726223477	1	26022417
137_3_A_3-6	26022418_137_3_A_3-6.D	Sample	46078.560191794	24.04345	1e+06	28.660516666666702	5332329.49886615	28.783716666666699	1100282.3519846	29.043099999999999	77346.4186494032	29.445150000000002	13416.3337616179	30.028766666666701	1101166.92417387	30.229800000000001	16402.6007643746	31.0987333333333	633646.56677862	42.816483333333302	3027487.51343545	43.030466666666698	609203.404096168	1	26022418
137_3_A_0-3	26022419_137_3_A_0-3.D	Sample	46078.612781458301	24.030449999999998	1e+06	28.653983333333301	4573698.04821821	28.757750000000001	97719.1187839805	29.036583333333301	158170.800667028	29.4386333333333	35856.7775644719	30.0157666666667	119195.910784825	30.2103	2771.90894821481	31.085733333333302	38234.1273789214	42.790500000000002	241544.07907941	43.023949999999999	47232.8558681149	1	26022419
142_3_A_3-6	26022420_142_3_A_3-6.D	Sample	46078.665347372698	24.030666666666701	1e+06	28.654216666666699	5038855.04899998	28.7579666666667	78368.4099523678	29.030333333333299	8271.68209650811	29.451833333333301	1172.20679483688	30.015999999999998	57634.3333163266	30.217016666666701	2038.84992969531	31.08595	25994.4195999512	42.797216666666699	134465.526162116	43.024183333333298	26919.7421518401	1	26022420
QC1d	26022421_QC1d.D	QC	46078.717920416697	24.030633333333299	1e+06	28.6606666666667	5002296.28350008	28.764433333333301	234012.680467117	29.0367833333333	166737.492027133	29.438833333333299	37530.9369614301	30.015966666666699	172064.985987918	30.223466666666699	6094.48128347579	31.092416666666701	85387.9229761335	42.797183333333301	405818.695751829	43.024149999999999	72893.2773822818	1	26022421
142_3_A_AH	26022422_142_3_A_AH.D	Sample	46078.770502326399	24.041233333333299	1e+06	28.666916666666701	4470280.95850266	28.790133333333301	267029.346558589	29.043033333333302	115186.220731301	29.4515666666667	7444.17055955227	30.028700000000001	324415.005295106	30.2297166666667	8737.64810451807	31.092166666666699	19947.6815850436	42.796950000000002	115934.764637625	43.004449999999999	71454.0765541079	1	26022422
142_3_A_0-3	26022423_142_3_A_0-3.D	Sample	46078.823106608797	24.030550000000002	1e+06	28.6541	5161159.38699999	28.764333333333301	103652.36990646	29.036683333333301	138341.179575246	29.4387333333333	29608.6391875848	30.0158666666667	92869.2938520047	30.2168833333333	2479.05300560555	31.085833333333301	30074.854570062	42.797083333333298	309272.666260862	43.017566666666703	59758.8265388573	1	26022423
142_3_A_BL	26022424_142_3_A_BL.D	Sample	46078.875695844901	24.030650000000001	1e+06	28.654199999999999	5088934.13175922	28.764433333333301	39008.1951748008	29.0367833333333	14220.8263908511	29.451799999999999	1080.57960791034	30.015966666666699	52307.7303079003	30.216999999999999	1274.66959101086	31.085933333333301	2192.04601728516	42.797183333333301	17229.7747235943	43.0047	8246.50611897606	1	26022424
107_1_A_3-6	26022425_107_1_A_3-6.D	Sample	46078.928291435201	24.037133333333301	1e+06	28.667166666666699	5413436.99134218	28.7838833333333	1384123.12671969	29.0367833333333	41196.6947162403	29.445316666666699	3788.08491634492	30.022449999999999	660561.840949871	30.223466666666699	14457.5989160894	31.092416666666701	496230.430431831	42.790700000000001	258332.351222393	43.024149999999999	72723.9625733802	1	26022425
107_1_A_AH	26022426_107_1_A_AH.D	Sample	46078.980891712999	24.04355	1e+06	28.660616666666701	4737838.45957946	28.777333333333299	264617.313822433	29.043199999999999	34130.9061577739	29.445250000000001	2880.61813776	30.022383333333298	165419.597378726	30.229900000000001	5689.39040572818	31.09235	113778.977027577	42.797116666666703	29534.7145074736	43.004633333333302	20417.7109901828	1	26022426
QC1e	26022427_QC1e.D	QC	46079.033477500001	24.0371666666667	1e+06	28.660716666666701	5860268.32647244	28.770949999999999	254592.082143037	29.043299999999999	182962.144246702	29.438866666666701	39885.6758378701	30.015999999999998	183824.660746021	30.223516666666701	7048.64855960858	31.092449999999999	92615.4711196713	42.797216666666699	501349.49149612	43.024183333333298	88552.7092105766	1	26022427
107_1_A_0-3	26022428_107_1_A_0-3.D	Sample	46079.086067476797	24.0369666666667	1e+06	28.654016666666699	5067519.05755024	28.77075	323648.761372822	29.036616666666699	219587.314445391	29.432183333333299	46036.5816518788	30.015799999999999	211117.419015311	30.223299999999998	4851.58881176611	31.0857666666667	88074.2464827805	42.7970166666667	147401.263768337	43.023983333333298	38603.381541044	1	26022428
107_1_A_BL	26022429_107_1_A_BL.D	Sample	46079.1386549421	24.049983333333302	1e+06	28.6735333333333	4902910.25345919	28.79025	548994.902574134	29.043150000000001	76892.6131416624	29.464666666666702	5150.27479677341	30.035299999999999	317091.708891884	30.236333333333299	8707.00822909621	31.098783333333301	141294.664005373	42.797066666666701	51690.7944907271	42.998100000000001	45716.6487214438	1	26022429
112_1_A_BL	26022430_112_1_A_BL.D	Sample	46079.191245544003	24.043433333333301	1e+06	28.666966666666699	3782310.16069535	28.7837	288124.441748571	29.0430833333333	98445.8659239626	29.464583333333302	7988.4885696358	30.028749999999999	325630.516593293	30.223283333333299	11476.1446102721	31.092233333333301	18146.9444648704	42.796999999999997	261340.993528557	43.023966666666702	90573.7302542928	1	26022430
112_1_A_0-3	26022431_112_1_A_0-3.D	Sample	46079.243825717604	24.030583333333301	1e+06	28.654133333333299	4545808.80843035	28.7643666666667	248346.963033698	29.043216666666702	859843.344964353	29.438783333333301	156169.955283573	30.015899999999998	206345.325241245	30.223416666666701	5963.45722460135	31.0858666666667	109541.850729764	42.797133333333299	175881.525071233	43.024083333333301	35345.6693470914	1	26022431
112_1_A_3-6	26022432_112_1_A_3-6.D	Sample	46079.296409699098	24.030533333333299	1e+06	28.654066666666701	5033567.29530004	28.757833333333298	116553.412223182	29.036666666666701	5849.32132618568	29.4516833333333	751.076117893508	30.0093666666667	72631.6719308699	30.210383333333301	3851.8240423926	31.085816666666702	65912.217448514	42.790583333333302	30160.1187792457	43.01755	7220.87018467603	1	26022432
QC1f	26022433_QC1f.D	QC	46079.348989455997	24.030483333333301	1e+06	28.654016666666699	4995228.09593665	28.7642666666667	242119.034219574	29.036616666666699	170964.64503368	29.438666666666698	38382.1728321767	30.015799999999999	174424.860697188	30.229783333333302	6330.06352607837	31.09225	86704.5827472324	42.7970166666667	446029.046300846	43.023983333333298	78144.836817017	1	26022433
112_1_A_AH	26022434_112_1_A_AH.D	Sample	46079.401563379601	24.037099999999999	1e+06	28.654150000000001	5185595.616902	28.764399999999998	59894.0136433197	29.036750000000001	18206.7969057803	29.4517666666667	1163.57218388041	30.0224166666667	67286.4984832538	30.216950000000001	1901.75228174998	31.085899999999999	4577.54309190116	42.790666666666702	40499.4214066319	43.017616666666697	15683.8369311053	1	26022434
126_3_A_AH	26022435_126_3_A_AH.D	Sample	46079.454135243097	24.036916666666698	1e+06	28.6604666666667	4815184.99905781	28.770700000000001	207883.421350738	29.036566666666701	34380.3736753422	29.458066666666699	3288.25880841237	30.0222333333333	95048.409622507	30.242716666666698	23983.3873072292	31.085716666666698	53343.9719992007	42.790483333333299	59208.8206562027	43.017449999999997	21272.6061125191	1	26022435
126_3_A_BL	26022436_126_3_A_BL.D	Sample	46079.506702534702	24.0369666666667	1e+06	28.666983333333299	3189676.40617802	28.777233333333299	310366.598461052	29.043099999999999	78388.4534110327	29.464600000000001	7979.33686835474	30.028766666666701	243827.004742523	30.242750000000001	17759.0992819008	31.09225	63203.0893710785	42.7970166666667	195618.573825241	43.017499999999998	63549.454422373	1	26022436
126_3_A_0-3	26022437_126_3_A_0-3.D	Sample	46079.559305381903	24.03715	1e+06	28.654199999999999	4932897.17650235	28.76445	136310.75956218	29.043283333333299	359291.730927678	29.438849999999999	74636.3236812782	30.015983333333299	112441.559476014	30.223483333333299	4866.47404970069	31.0924333333333	36425.5569452726	42.797199999999997	621316.721990896	43.024166666666702	111215.136294279	1	26022437
126_3_A_3-6	26022438_126_3_A_3-6.D	Sample	46079.611880648103	24.0306	1e+06	28.654150000000001	5119802.42249988	28.757899999999999	143987.598106388	29.036733333333299	61211.2047359681	29.432300000000001	14323.3052992563	30.015916666666701	95272.2143613055	30.223433333333301	4424.21380097069	31.092366666666699	57199.3658496953	42.797133333333299	381591.25356915	43.024099999999997	67733.404923573	1	26022438
QC1g	26022439_QC1g.D	QC	46079.664465092603	24.036899999999999	1e+06	28.660450000000001	5332175.18850233	28.764199999999999	240715.829747757	29.036549999999998	171894.528340101	29.438600000000001	38121.4764740934	30.022216666666701	174834.190846652	30.223233333333301	6642.6322684977	31.092183333333299	86852.5920605438	42.796950000000002	467741.030718292	43.0304	83079.6405749706	1	26022439
047_3_A_3-6	26022440_047_3_A_3-6.D	Sample	46079.717054455999	24.030583333333301	1e+06	28.654133333333299	5094508.39849998	28.7578833333333	233221.468643783	29.036716666666699	18400.3772617788	29.432283333333299	3163.47304844868	30.015899999999998	147264.797183981	30.223416666666701	5354.52818968993	31.0858666666667	80567.3734433993	42.803600000000003	1504194.22333858	43.024083333333301	232087.974364847	1	26022440
047_3_A_BL	26022441_047_3_A_BL.D	Sample	46079.769634560202	24.03715	1e+06	28.667183333333298	4299278.11897318	28.783916666666698	290169.876014077	29.036816666666699	48041.4177585876	29.4583166666667	4997.60605682169	30.028966666666701	216938.266834755	30.236466666666701	12782.1245981004	31.0924333333333	70623.9578800995	42.797216666666699	79412.1832230101	43.004716666666702	43474.3704803935	1	26022441
047_3_A_0-3	26022442_047_3_A_0-3.D	Sample	46079.8222309954	24.030516666666699	1e+06	28.654066666666701	4780246.66155906	28.757816666666699	81122.248079374	29.036650000000002	251052.130700611	29.432216666666701	54424.3224957896	30.015833333333301	66756.8302220329	30.2168666666667	2438.79569357355	31.085799999999999	23361.2715821388	42.790566666666699	298720.100837529	43.024016666666697	53687.7729104303	1	26022442
047_3_A_AH	26022443_047_3_A_AH.D	Sample	46079.8748254167	24.043416666666701	1e+06	28.666966666666699	3692988.65385872	28.7836833333333	744746.705464524	29.0430666666667	77228.747340143	29.451599999999999	7354.4488053867	30.0287333333333	352784.070517895	30.236249999999998	30883.8451759363	31.092216666666701	157326.535270017	42.790500000000002	90374.2522998294	42.9980166666667	68677.3090353641	1	26022443
QC1h	26022445_QC1h.D	QC	46079.979995995403	24.0307	1e+06	28.654250000000001	4781355.61638415	28.757999999999999	231218.806900574	29.036850000000001	165760.154860834	29.4389	37328.8005815603	30.016033333333301	169282.695585086	30.2300166666667	6303.76303624637	31.085983333333299	83672.4666396823	42.797249999999998	430361.835078122	43.0242	77711.751175467	1	26022445
Blank1b	26022449_Blank1b.D	Blank	46080.190296041699	24.024183333333301	1e+06	28.6477166666667	4836576.69175882	28.855233333333299	0	29.1535166666667	0	29.1535166666667	0	29.9252	0	29.763083333333299	0	31.183216666666699	0	42.881500000000003	0	43.011200000000002	0	1	26022449
Std_0_2	26022450_Std_0.D	Std	46080.242899039396	24.0304	1e+06	28.660433333333302	5107268.05240916	28.764199999999999	234983.324483385	29.036549999999998	167730.626518856	29.438600000000001	34583.356615676	30.015733333333301	168546.906931894	30.223233333333301	6483.90813226339	31.092183333333299	82810.5364990559	42.796950000000002	453851.704525114	43.0239166666667	80639.6724023123	1	26022450
Std_1_2	26022451_Std_1.D	Std	46080.295463182898	24.030583333333301	1e+06	28.654133333333299	5079457.17113361	28.7643666666667	380530.391487604	29.036716666666699	326829.939030844	29.438766666666702	69763.3558550302	30.015899999999998	197069.6660931	30.223400000000002	8664.78653138239	31.0858666666667	148291.019781331	42.797116666666703	642029.909698052	43.024083333333301	107473.52710883	1	26022451
Std_2_2	26022452_Std_2.D	Std	46080.348056516203	24.030516666666699	1e+06	28.660550000000001	5117742.62263367	28.770783333333299	491658.303650109	29.043133333333301	403005.3313874	29.438700000000001	83658.6586494283	30.015833333333301	239268.63921244	30.223333333333301	10205.7802111355	31.092283333333299	185699.734162406	42.797049999999999	786391.978282641	43.024016666666697	128418.935338643	1	26022452
Std_3_2	26022453_Std_3.D	Std	46080.4006429398	24.030516666666699	1e+06	28.654050000000002	5217957.44638407	28.770783333333299	617915.664606137	29.043133333333301	504684.741955144	29.438700000000001	101674.866416173	30.015833333333301	279574.05591707	30.216850000000001	11771.3928769868	31.092283333333299	225717.548760792	42.797049999999999	1030760.36210653	43.024016666666697	161944.161976473	1	26022453
Std_4_2	26022454_Std_4.D	Std	46080.453251192099	24.030516666666699	1e+06	28.654066666666701	4689680.84280173	28.770783333333299	792228.008988648	29.043150000000001	722876.300316043	29.438700000000001	136448.256052316	30.022316666666701	319402.901129276	30.22335	13898.0627395538	31.092283333333299	308096.511991123	42.797066666666701	1279907.2421663	43.024016666666697	201858.347098717	1	26022454
Std_5_2	26022455_Std_5.D	Std	46080.505854803203	24.030650000000001	1e+06	28.6541833333333	4974454.09845835	28.7709166666667	1054003.3217973	29.0432666666667	1022503.37717576	29.445316666666699	184845.140441055	30.022449999999999	380476.886861637	30.223466666666699	17283.8346145451	31.092416666666701	448929.87822412	42.8036666666667	1658325.13037725	43.030633333333299	255897.380807982	1	26022455
QC1i	26022456_QC1i.D	QC	46080.558453414298	24.030416666666699	1e+06	28.653966666666701	4964316.78052356	28.764199999999999	237540.187957432	29.036566666666701	167085.702180778	29.4386166666667	35859.0425377599	30.015733333333301	169295.566460241	30.2297333333333	6336.72594962705	31.085699999999999	84719.32944158	42.796966666666698	439520.825280254	43.0239166666667	76794.9297521918	1	26022456
QC2a	26030202_QC2a.D	QC	46083.705026400501	24.030466666666701	1e+06	28.654	4955867.33152793	28.764250000000001	216653.712454866	29.0366	154760.51728176	29.438649999999999	34493.7610322782	30.022266666666699	157347.254131796	30.223283333333299	7018.83842117308	31.092233333333301	83343.6929918321	42.796999999999997	428458.845266389	43.023966666666702	78132.7753500609	2	26030202
Std_0_1	26030203_Std_0.D	Std	46083.757610150496	24.030449999999998	1e+06	28.653983333333301	5202538.10463616	28.764233333333301	221574.358005794	29.036583333333301	158343.684443755	29.4386333333333	36100.1642079006	30.0157666666667	160350.955270714	30.2167833333333	7275.75843151071	31.085733333333302	85306.1940729202	42.796983333333301	435652.729549	43.023949999999999	78751.2980496542	2	26030203
Std_1_1	26030204_Std_1.D	Std	46083.810204236099	24.0306833333333	1e+06	28.654216666666699	5003062.94430052	28.764466666666699	397035.223573284	29.043299999999999	344744.064190416	29.438866666666701	72863.1943382847	30.015999999999998	209688.763521775	30.217016666666701	11212.9348983332	31.092449999999999	169770.170427108	42.797216666666699	683367.118624844	43.024183333333298	116955.913741464	2	26030204
Std_2_1	26030205_Std_2.D	Std	46083.8627839236	24.030449999999998	1e+06	28.653983333333301	4849652.46426364	28.764233333333301	506529.611370408	29.0430666666667	429331.365291768	29.4386333333333	89869.6529345875	30.0157666666667	241979.143388809	30.223266666666699	12930.6995267195	31.092216666666701	214069.189541136	42.796983333333301	834266.13752413	43.023949999999999	137330.873260283	2	26030205
Std_3_1	26030206_Std_3.D	Std	46083.915370324103	24.030666666666701	1e+06	28.654216666666699	4931762.43665548	28.7709333333333	548731.731606027	29.043299999999999	481015.277345755	29.438849999999999	94743.4380353278	30.015983333333299	246747.877532261	30.223500000000001	14378.1927107763	31.0924333333333	255384.600415986	42.797216666666699	938895.600982411	43.024166666666702	152290.010532217	2	26030206
Std_4_1	26030207_Std_4.D	Std	46083.967945335702	24.030666666666701	1e+06	28.654216666666699	4971061.39929993	28.7709333333333	796507.383786224	29.043299999999999	756041.54783617	29.438849999999999	142240.510043151	30.015983333333299	320957.472905389	30.223500000000001	18286.0900084466	31.0924333333333	370151.107013596	42.803699999999999	1379539.07475462	43.024166666666702	214238.390508687	2	26030207
Std_5_1	26030208_Std_5.D	Std	46084.020524444401	24.030650000000001	1e+06	28.6541833333333	5086496.08573602	28.7709166666667	1076989.7732766	29.04975	1084133.42908713	29.438833333333299	198847.540227162	30.015966666666699	376349.737790942	30.2169833333333	24636.7232127079	31.092416666666701	557851.268087362	42.8036666666667	1807061.59312652	43.024149999999999	286691.909664063	2	26030208
QC2b	26030209_QC2b.D	QC	46084.073101342598	24.030650000000001	1e+06	28.660683333333299	5028740.11563969	28.764433333333301	220079.153737926	29.0367833333333	158432.515805898	29.438833333333299	34348.2948573496	30.015966666666699	157726.488596668	30.2169833333333	7376.13912914453	31.085933333333301	84425.1108419628	42.797183333333301	435947.172712036	43.017666666666699	77708.4882844391	2	26030209
Blank2a	26030210_Blank2a.D	Blank	46084.125692870402	24.017483333333299	1e+06	28.6475166666667	5049547.48858052	28.8550166666667	0	29.0430833333333	171.87176425007	29.140350000000002	0	30.0092833333333	294.88222790107	30.093583333333299	0	31.059799999999999	0	42.796999999999997	409.573835520319	42.881300000000003	0	2	26030210
010_1_A_BL	26030211_010_1_A_BL.D	Sample	46084.178307407397	24.037116666666702	1e+06	28.667149999999999	4980902.07278094	28.7774	119080.0858605	29.0432666666667	42911.9758069492	29.458283333333299	2608.59145435342	30.028933333333299	163489.104555722	30.242916666666702	27481.443715651	31.092416666666701	18061.5188809071	42.790700000000001	72535.4792972811	42.998199999999997	62111.6043160584	2	26030211
010_1_A_3-6	26030212_010_1_A_3-6.D	Sample	46084.230917233799	24.030433333333299	1e+06	28.653983333333301	4825920.92949999	28.757733333333299	180169.386652733	29.030083333333302	10117.5696791846	29.432133333333301	1635.10453030076	30.009266666666701	120622.254431603	30.2167833333333	6946.87658640573	31.085716666666698	82441.9946825106	42.796966666666698	26108.9650713519	43.017449999999997	7181.86810590935	2	26030212
010_1_A_AH	26030213_010_1_A_AH.D	Sample	46084.283518275501	24.037016666666698	1e+06	28.66705	5517068.59517945	28.777283333333301	136079.905485726	29.043150000000001	48142.9679488202	29.458166666666699	2925.77915187598	30.0223333333333	159924.387781805	30.242816666666702	43937.2626029277	31.092300000000002	23769.0654524223	42.790583333333302	61774.9968054586	43.0240333333333	18241.1692500153	2	26030213
010_1_A_0-3	26030214_010_1_A_0-3.D	Sample	46084.336119907399	24.0305	1e+06	28.654050000000002	5224325.0886066	28.7578	122607.846933291	29.043116666666702	1150481.71017597	29.438683333333302	203572.575954147	30.015816666666701	140767.613282255	30.223316666666701	5825.99327466527	31.0857833333333	55547.2766435166	42.797033333333303	58918.4369803919	43.017516666666701	17168.1867826429	2	26030214
QC2c	26030215_QC2c.D	QC	46084.388714918998	24.030483333333301	1e+06	28.654033333333299	5240379.92644316	28.764283333333299	216711.790214669	29.036633333333299	157367.884184634	29.438683333333302	33369.272103102	30.015816666666701	156078.195121713	30.223316666666701	6755.13751984016	31.0857833333333	82293.6994048887	42.797033333333303	417176.601773716	43.024000000000001	71863.1111508821	2	26030215
059_2_A_BL	26030216_059_2_A_BL.D	Sample	46084.4413108218	24.049983333333302	1e+06	28.6735333333333	5779835.14663394	28.7837666666667	222690.389250692	29.043150000000001	73877.028974426	29.458183333333299	5919.64248756973	30.0288166666667	265245.206610501	30.229849999999999	8331.4563049538	31.092300000000002	34197.6440534724	42.797066666666701	134514.767357997	43.004583333333301	57224.7792313059	2	26030216
059_2_A_3-6	26030217_059_2_A_3-6.D	Sample	46084.493877743102	24.036899999999999	1e+06	28.660450000000001	5316504.14166783	28.770683333333299	372071.864494584	29.036549999999998	44661.4655282027	29.438600000000001	7279.65467787191	30.022216666666701	337026.100166149	30.22325	8982.07848075584	31.092183333333299	208029.965213237	42.796950000000002	1084853.92628774	43.0239166666667	180384.397431584	2	26030217
059_2_A_AH	26030218_059_2_A_AH.D	Sample	46084.546477314798	24.037016666666698	1e+06	28.667033333333301	4995802.0781722	28.777283333333301	260693.982825007	29.036666666666701	60392.5877449807	29.458166666666699	4904.96750716365	30.0288166666667	211173.674270321	30.2298333333333	8239.74458331416	31.092300000000002	33687.111044306	42.790583333333302	75103.4351711244	43.011049999999997	40396.394351472	2	26030218
059_2_A_0-3	26030219_059_2_A_0-3.D	Sample	46084.599057939799	24.030616666666699	1e+06	28.654150000000001	5403334.12659917	28.757916666666699	40672.9882120557	29.036750000000001	356131.616270808	29.432316666666701	73784.7804197612	30.009450000000001	51987.6920827984	30.216950000000001	1950.35658608056	31.085899999999999	18520.3518133672	42.790666666666702	116541.432553729	43.017633333333301	21968.3975296796	2	26030219
123_2_A_BL	26030220_123_2_A_BL.D	Sample	46084.651624074097	24.030466666666701	1e+06	28.654	5241377.19900001	28.764250000000001	34399.8469664131	29.0301166666667	8670.8979385329	29.451616666666698	1032.17946658231	30.0157833333333	38414.5675029871	30.223283333333299	1587.96395367878	31.085750000000001	4861.9998615435	42.796999999999997	15479.0851551118	42.9980166666667	6113.45930826846	2	26030220
QC2d	26030221_QC2d.D	QC	46084.704230312498	24.030516666666699	1e+06	28.660550000000001	5275977.30260249	28.764299999999999	220375.742674482	29.036650000000002	157714.92005666	29.438700000000001	35664.7210209289	30.015833333333301	156157.020046898	30.22335	7405.64890318374	31.092283333333299	82998.5667427562	42.797049999999999	439550.725675245	43.024016666666697	76024.0484172381	2	26030221
123_2_A_0-3	26030222_123_2_A_0-3.D	Sample	46084.7568159722	24.030650000000001	1e+06	28.654199999999999	5230796.2561992	28.757950000000001	91874.1173262767	29.036799999999999	274896.609144059	29.43235	58712.3958669356	30.0094833333333	81002.9212302525	30.216999999999999	3495.67584144647	31.085933333333301	39392.5206048015	42.797199999999997	113509.787361264	43.024149999999999	21935.5582585491	2	26030222
123_2_A_AH	26030223_123_2_A_AH.D	Sample	46084.809409039299	24.0305	1e+06	28.654050000000002	5451575.25331636	28.764283333333299	130468.97424454	29.036633333333299	20364.3898521753	29.458133333333301	1822.87698315988	30.022300000000001	79593.2940969482	30.2363	7511.35807422656	31.0857833333333	27947.2260962742	42.797033333333303	21303.0338494878	43.004550000000002	12984.8475232586	2	26030223
123_2_A_3-6	26030224_123_2_A_3-6.D	Sample	46084.8620036227	24.030516666666699	1e+06	28.654066666666701	5289388.99649518	28.757816666666699	142271.339763079	29.030166666666702	13871.0398144454	29.432216666666701	2341.61127787849	30.015833333333301	98239.453902206	30.2168666666667	5004.52294288589	31.085799999999999	66448.87316505	42.790566666666699	164088.370997328	43.024016666666697	31434.0686560979	2	26030224
065_3_A_AH	26030225_065_3_A_AH.D	Sample	46084.914571076399	24.04345	1e+06	28.667000000000002	5081032.52914285	28.783733333333299	613714.089684128	29.043116666666702	96889.8356749191	29.451650000000001	7460.17618741341	30.028783333333301	322712.372199979	30.2427666666667	30841.2868954546	31.09225	131652.758150583	42.790550000000003	83931.5234737229	43.004533333333299	54464.1027892877	2	26030225
065_3_A_0-3	26030226_065_3_A_0-3.D	Sample	46084.967190868098	24.030466666666701	1e+06	28.654016666666699	5039896.19974898	28.757766666666701	92812.9815589689	29.036616666666699	262773.832684583	29.438649999999999	55683.9393769256	30.0157833333333	98981.0127651171	30.223299999999998	3636.1986498335	31.085750000000001	35535.812810318	42.7970166666667	356774.484052107	43.017483333333303	56457.811805763	2	26030226
QC2e	26030227_QC2e.D	QC	46085.019774432898	24.030416666666699	1e+06	28.653966666666701	5160863.49127701	28.764199999999999	210036.674036059	29.036549999999998	152195.853384383	29.438600000000001	34565.632566683	30.015733333333301	152789.287983822	30.216750000000001	6779.78522299993	31.085699999999999	79580.480189479	42.796950000000002	407344.638655861	43.0239166666667	70367.6359619636	2	26030227
065_3_A_BL	26030228_065_3_A_BL.D	Sample	46085.072380023099	24.037033333333301	1e+06	28.6605833333333	5208883.51781634	28.7773	281455.651655234	29.0431666666667	53993.4050843667	29.445216666666699	4886.90322399546	30.022349999999999	188193.343559235	30.236350000000002	15030.6422874177	31.085833333333301	52705.9451607385	42.790599999999998	55623.8371502332	42.998116666666697	31844.0087940828	2	26030228
065_3_A_3-6	26030229_065_3_A_3-6.D	Sample	46085.124962546302	24.030566666666701	1e+06	28.654116666666699	4806601.10355562	28.76435	210968.841067961	29.036716666666699	21558.0958124398	29.438749999999999	3791.44037011662	30.015883333333299	166789.200851719	30.216916666666702	6544.24028942418	31.085850000000001	83870.6536958646	42.797116666666703	876080.981869697	43.024066666666698	133140.176442368	2	26030229
111_3_B_AH	26030230_111_3_B_AH.D	Sample	46085.177559687501	24.037199999999999	1e+06	28.66075	5557627.83902469	28.770983333333302	182008.269244545	29.036850000000001	30783.7839869217	29.4453833333333	1958.48403485663	30.0225166666667	109736.00209272	30.236516666666699	4992.62240623065	31.092483333333298	30820.3307033342	42.797249999999998	28685.7309189808	42.998283333333298	22235.4267640254	2	26030230
111_3_B_BL	26030231_111_3_B_BL.D	Sample	46085.230138472201	24.043500000000002	1e+06	28.6735333333333	5230374.23391773	28.79025	393167.929181564	29.043150000000001	85466.8508441274	29.4516833333333	4208.95428530634	30.0288166666667	314705.453216294	30.229849999999999	10058.0758547248	31.092300000000002	70389.1661218524	42.797066666666701	93431.3199624547	43.004583333333301	59712.3389584684	2	26030231
111_3_B_3-6	26030232_111_3_B_3-6.D	Sample	46085.282700694399	24.0240333333333	1e+06	28.654066666666701	5114684.28249999	28.757816666666699	18545.3009346555	29.030183333333301	4836.99437708247	29.4452	288.079080664359	30.01585	18446.8400382784	30.2168666666667	710.601923855512	31.092300000000002	2327.73424939792	42.790583333333302	4038.52885483165	42.991599999999998	2460.57506885997	2	26030232
QC2f	26030233_QC2f.D	QC	46085.432885463	24.030516666666699	1e+06	28.654066666666701	4117393.53114218	28.764299999999999	204998.364008948	29.043133333333301	145965.816400644	29.438700000000001	32591.8968200322	30.015833333333301	148656.886896931	30.22335	6630.69822278237	31.092283333333299	77163.1683437901	42.797049999999999	423848.853508912	43.024016666666697	73617.9323787002	2	26030233
111_3_B_0-3	26030234_111_3_B_0-3.D	Sample	46085.485462152799	24.024083333333301	1e+06	28.654116666666699	5167159.67656426	28.7578833333333	16128.0769414324	29.0302333333333	3795.52987672848	29.425799999999999	194.896660908511	30.015899999999998	15435.4788360494	30.210433333333299	582.20338600867	31.0858666666667	2518.79643235871	42.790633333333297	4464.94613723257	43.011116666666702	2374.34134716102	2	26030234
044_3_A_BL	26030235_044_3_A_BL.D	Sample	46085.538023807901	24.056450000000002	1e+06	28.6864833333333	4802152.69931273	28.8096833333333	739012.377048571	29.062583333333301	249190.530488649	29.490566666666702	26046.0328773812	30.048249999999999	892307.996654203	30.249283333333299	43721.2266726747	31.124700000000001	325722.135668766	42.797049999999999	275078.355795139	43.004550000000002	296683.762554867	2	26030235
044_3_A_AH	26030236_044_3_A_AH.D	Sample	46085.590612789398	24.049949999999999	1e+06	28.6800833333333	5144541.94296974	28.7968166666667	748585.050244997	29.0562	167652.118515841	29.477699999999999	13774.7370015601	30.041866666666699	585417.994972241	30.255849999999999	35186.8633056967	31.105333333333299	213032.060458286	42.797150000000002	132373.394859802	43.004649999999998	192765.654143879	2	26030236
044_3_A_3-6	26030237_044_3_A_3-6.D	Sample	46085.6431875579	24.03715	1e+06	28.660683333333299	5284967.52417964	28.783899999999999	1257344.31073306	29.056249999999999	1287849.88714736	29.451816666666701	300624.767860722	30.028949999999998	1061833.17122482	30.249416666666701	23374.3766823575	31.105399999999999	780096.781158359	42.816650000000003	3669314.29658562	43.030650000000001	920853.997531449	2	26030237
044_3_A_0-3	26030238_044_3_A_0-3.D	Sample	46085.695777291701	24.043399999999998	1e+06	28.679916666666699	5111327.36453763	28.7966333333333	510021.245164636	29.068999999999999	2074250.579858	29.471050000000002	579308.558463761	30.041699999999999	593237.595691726	30.229749999999999	27354.3115532766	31.111650000000001	213788.470231834	42.8164333333333	3086247.52991759	43.030416666666703	822269.619990486	2	26030238
QC2g	26030239_QC2g.D	QC	46085.748362372702	24.030533333333299	1e+06	28.6540833333333	5627606.79402573	28.764316666666701	225035.88301056	29.036683333333301	160129.264058739	29.432233333333301	36457.2933523028	30.01585	157616.876686487	30.229849999999999	6557.28467713134	31.085816666666702	83290.9681139004	42.797083333333298	484145.176504329	43.0240333333333	84490.5440067483	2	26030239
079_3_B_AH	26030240_079_3_B_AH.D	Sample	46085.800956956002	24.037099999999999	1e+06	28.6671333333333	4589312.89516157	28.777383333333301	475448.612188336	29.04325	66867.326662084	29.4453	5412.82130578965	30.028916666666699	231068.686143803	30.236416666666699	17676.8846254237	31.092400000000001	118016.820172179	42.797166666666698	93421.2652159216	43.024133333333303	23493.056412209	2	26030240
079_3_B_3-6	26030241_079_3_B_3-6.D	Sample	46085.853540185199	24.0306833333333	1e+06	28.654233333333298	5232313.11360501	28.7579833333333	19851.7758553738	29.030333333333299	4913.01013228921	29.432383333333298	306.472077483594	30.009516666666698	17272.7775944802	30.210550000000001	804.228795511298	31.0859666666667	2486.97815650901	42.78425	5866.85838620619	43.017699999999998	1668.81640338823	2	26030241
079_3_B_BL	26030242_079_3_B_BL.D	Sample	46085.906147314803	24.030366666666701	1e+06	28.6539	2684633.32676039	28.770633333333301	325618.332571095	29.0365	66412.6154050066	29.438549999999999	4512.5071510992	30.022166666666699	209032.073842378	30.229666666666699	10513.1932009202	31.085650000000001	71806.5894033702	42.790416666666701	90932.7519640625	43.017383333333299	20710.2131094406	2	26030242
079_3_B_0-3	26030243_079_3_B_0-3.D	Sample	46085.958735069398	24.024066666666702	1e+06	28.6476166666667	4596223.83819149	28.751366666666701	23580.0034282553	29.030200000000001	5408.79634015725	29.43225	209.671512593456	30.0158666666667	16897.9117947796	30.2104	947.828129429625	31.085833333333301	3829.45516499522	42.790599999999998	5353.79844282913	43.024050000000003	1559.13168150163	2	26030243
210_3_A_AH	26030244_210_3_A_AH.D	Sample	46086.011304363397	24.036999999999999	1e+06	28.660550000000001	5712500.22583329	28.770783333333299	271368.777911386	29.036666666666701	33859.9700800387	29.4452	4733.53271656028	30.0223333333333	102857.184775775	30.236316666666699	21877.2185027041	31.085799999999999	90659.8250849898	42.790583333333302	30719.5150561651	43.004566666666697	33822.7577948012	2	26030244
QC2h	26030245_QC2h.D	QC	46086.063895277803	24.030533333333299	1e+06	28.6540833333333	5183651.21256699	28.764316666666701	207769.64521782	29.036666666666701	154139.759374343	29.432233333333301	34172.3569956481	30.01585	150174.419832955	30.229849999999999	6784.0015751154	31.085816666666702	79465.8376842493	42.790583333333302	413240.185943931	43.01755	72625.808797713	2	26030245
210_3_A_BL	26030246_210_3_A_BL.D	Sample	46086.116467824097	24.037050000000001	1e+06	28.660599999999999	5420664.3068229	28.7773166666667	307797.635820585	29.0367	53682.1250516115	29.445233333333299	2786.37329403366	30.022366666666699	172780.643130034	30.236366666666701	11155.8342088727	31.092333333333301	200840.21091413	42.7906166666667	82909.3814312972	42.9981333333333	61482.3558443654	2	26030246
210_3_A_0-3	26030247_210_3_A_0-3.D	Sample	46086.169041319401	24.024000000000001	1e+06	28.654033333333299	4973845.40908252	28.751300000000001	89141.5371018858	29.036616666666699	185006.57091307	29.432183333333299	40341.7106785005	30.009316666666699	70042.1543681054	30.223316666666701	4740.8239775267	31.0857666666667	57330.393148251	42.7970166666667	226083.611157857	43.017499999999998	45461.7540150779	2	26030247
210_3_A_3-6	26030248_210_3_A_3-6.D	Sample	46086.221620868098	24.023966666666698	1e+06	28.654	5099575.94115657	28.757750000000001	85700.5414515839	29.036583333333301	6865.41522903218	29.4256666666667	748.675150157479	30.0092833333333	60120.6946286816	30.216799999999999	4893.45040777138	31.085733333333302	56813.9097716794	42.790500000000002	111384.745025895	43.017466666666699	23540.9124123088	2	26030248
Blank2b	26030249_Blank2b.D	Blank	46086.589411330999	24.017499999999998	1e+06	28.6475333333333	3859624.28315017	28.855033333333299	0	29.1663	0	29.1663	0	30.314083333333301	0	30.210333333333299	0	30.774483333333301	0	42.874816666666703	0	42.874816666666703	0	2	26030249
Std_0_2	26030250_Std_0.D	Std	46086.6419841319	24.030466666666701	1e+06	28.654016666666699	5296103.5006111	28.7642666666667	211056.684983429	29.036616666666699	149366.177130546	29.432183333333299	32595.4125754855	30.015799999999999	147933.428991619	30.223299999999998	6715.10578232081	31.09225	77787.1909924042	42.7970166666667	389911.621183591	43.023983333333298	67820.8417476313	2	26030250
Std_1_2	26030251_Std_1.D	Std	46086.694549467597	24.030483333333301	1e+06	28.654016666666699	5162115.45473162	28.7642666666667	329573.869596651	29.036616666666699	323943.77439738	29.438666666666698	66515.3987648051	30.015799999999999	182484.851115013	30.216816666666698	10042.5185195416	31.09225	174831.863700945	42.7970166666667	617599.688673511	43.023983333333298	99432.6858252568	2	26030251
Std_2_2	26030252_Std_2.D	Std	46086.747114490703	24.030583333333301	1e+06	28.660616666666701	5057668.81096333	28.7643666666667	460591.656032234	29.043199999999999	433799.122786336	29.438766666666702	84294.3651413285	30.015899999999998	231248.807708656	30.216916666666702	11917.7852579653	31.09235	229828.211014733	42.803600000000003	820745.634635455	43.024083333333301	129103.928295368	2	26030252
Std_3_2	26030253_Std_3.D	Std	46086.799723217599	24.030616666666699	1e+06	28.654166666666701	5119306.53734434	28.770883333333298	570386.315948492	29.043233333333301	516015.142935796	29.438800000000001	100818.106688171	30.015933333333301	266852.344063943	30.22345	13686.0077681091	31.092383333333299	268235.848082836	42.797150000000002	1083849.27790876	43.0241166666667	163380.873380924	2	26030253
Std_4_2	26030254_Std_4.D	Std	46086.852313842603	24.030583333333301	1e+06	28.654133333333299	4757733.16958331	28.770849999999999	771106.837429174	29.043216666666702	767901.252973244	29.438766666666702	140102.030958797	30.015899999999998	314350.538449073	30.216933333333301	17210.6221062803	31.09235	380650.819565878	42.797133333333299	1360570.88224	43.024083333333301	202786.035334672	2	26030254
Std_5_2	26030255_Std_5.D	Std	46086.904889895799	24.030566666666701	1e+06	28.6541	4975437.02733705	28.7708333333333	1013458.61968596	29.0431833333333	1047786.39196791	29.438749999999999	186228.892284044	30.015883333333299	376294.471977944	30.223383333333299	20273.0625191978	31.092333333333301	499458.685674777	42.8035833333333	1662403.93203965	43.024066666666698	247185.048771437	2	26030255
QC2i	26030256_QC2i.D	QC	46086.957487580999	24.0306	1e+06	28.654133333333299	5117580.98937068	28.764383333333299	205154.666659114	29.036733333333299	152454.490500265	29.432300000000001	31835.0660173641	30.015916666666701	148705.414935593	30.223416666666701	6326.3968468353	31.0858833333333	78176.1946134579	42.790649999999999	399480.119258384	43.024099999999997	70046.8734998733	2	26030256
QC3a	26030301_QC3a.D	QC	46087.010071134297	24.030633333333299	1e+06	28.6541833333333	5146390.92042989	28.764416666666701	233643.010088037	29.0367833333333	169673.239649365	29.4323333333333	36177.0353647305	30.015966666666699	166564.888255402	30.2169833333333	6889.09161160558	31.085916666666702	85230.2126340424	42.797183333333301	490204.426995124	43.024133333333303	82864.4386845069	3	26030301
Std_0_1	26030302_Std_0.D	Std	46087.062647580999	24.030449999999998	1e+06	28.654	5054081.26378943	28.764233333333301	226631.968833923	29.0366	163695.254780368	29.432166666666699	34980.3331536269	30.0157833333333	163722.339316722	30.223283333333299	6573.93377869198	31.085733333333302	82395.4996900314	42.790516666666697	458114.92057464	43.023949999999999	78660.0690910442	3	26030302
Std_1_1	26030303_Std_1.D	Std	46087.115238784703	24.030616666666699	1e+06	28.654166666666701	4908467.05166413	28.764399999999998	370543.442358341	29.036766666666701	337274.786686739	29.438800000000001	70189.3191307905	30.015933333333301	194410.529070588	30.22345	9146.35265631358	31.085899999999999	162341.767596784	42.797166666666698	655831.062290117	43.0241166666667	106284.331277555	3	26030303
Std_2_1	26030304_Std_2.D	Std	46087.167813796303	24.030466666666701	1e+06	28.654016666666699	4636603.65746841	28.7707333333333	471000.59329522	29.043099999999999	418635.469907076	29.438649999999999	83395.8068615775	30.0157833333333	227302.373390481	30.223299999999998	10715.0003599069	31.092233333333301	203794.031500468	42.7970166666667	782434.251295263	43.023966666666702	125546.303275744	3	26030304
Std_3_1	26030305_Std_3.D	Std	46087.220408773203	24.030666666666701	1e+06	28.654216666666699	4985008.09242107	28.7709333333333	562887.160426801	29.036799999999999	505151.617446087	29.438849999999999	95928.0741474691	30.015983333333299	261807.207673152	30.223483333333299	12367.5325334418	31.08595	261949.897052023	42.797199999999997	1032529.01269542	43.024166666666702	158784.656443632	3	26030305
Std_4_1	26030306_Std_4.D	Std	46087.272982326402	24.030466666666701	1e+06	28.654	4901878.79913825	28.7707333333333	797761.133028037	29.0430833333333	771518.494453131	29.438649999999999	141405.972025806	30.0157833333333	312254.451721203	30.223283333333299	15667.0049194173	31.092233333333301	377786.880026866	42.803483333333297	1382044.06432199	43.023966666666702	204829.467550049	3	26030306
Std_5_1	26030307_Std_5.D	Std	46087.325563819402	24.0304	1e+06	28.653949999999998	4772490.93197457	28.770666666666699	1040285.72770804	29.043033333333302	1052673.45864935	29.438600000000001	187720.176207578	30.015716666666702	385525.461662944	30.223233333333301	18932.7490281498	31.092166666666699	502191.020660684	42.803433333333302	1803339.52176788	43.023899999999998	272623.319635078	3	26030307
QC3b	26030308_QC3b.D	QC	46087.378137719897	24.030483333333301	1e+06	28.654033333333299	5116791.8577106	28.7642666666667	230593.422512125	29.036616666666699	169223.786911767	29.432183333333299	35953.8980914237	30.015799999999999	164417.378626435	30.223316666666701	6582.73865776475	31.0857666666667	85648.4374562071	42.7970166666667	477555.470878098	43.023983333333298	81353.9028135552	3	26030308
Blank3a	26030309_Blank3a.D	Blank	46087.430708113403	24.017433333333301	1e+06	28.647466666666698	4702154.49465779	28.854966666666702	0	29.030049999999999	1376.17508228714	29.425616666666699	293.523994654386	30.009233333333299	384.77560655391	29.769300000000001	0	31.0727166666667	167.036429264226	42.7839666666667	1243.82510424009	43.023899999999998	440.226521395689	3	26030309
QC3c	26030314_QC3c.D	QC	46087.6936450926	24.030466666666701	1e+06	28.654	4968613.64910113	28.757766666666701	231092.11410678	29.0366	166117.10664354	29.432166666666699	34920.3898241855	30.0157833333333	160985.58874162	30.223283333333299	6266.65539199964	31.085750000000001	83072.15633173	42.796999999999997	432856.36136967	43.017483333333303	73471.6000764005	3	26030314
072_1_A_0-3	26030315_072_1_A_0-3.D	Sample	46087.746226643503	24.030616666666699	1e+06	28.654166666666701	5028902.19107317	28.764399999999998	204521.77962589	29.04325	1083042.65696461	29.4388166666667	184328.872997313	30.009450000000001	248252.432201443	30.2169666666667	4669.45815921453	31.085899999999999	71525.596342961	42.790683333333298	93592.240912294	43.0241166666667	22117.9080290648	3	26030315
072_1_A_BL	26030316_072_1_A_BL.D	Sample	46087.7987970139	24.036999999999999	1e+06	28.660533333333301	4869907.90078702	28.777266666666701	180158.253739568	29.036650000000002	38267.2396068638	29.438700000000001	1905.59694558105	30.022316666666701	141740.914269969	30.2363	7384.56251939689	31.092283333333299	36033.3582299667	42.797049999999999	65761.4460153401	43.011033333333302	29616.7109269881	3	26030316
072_1_A_AH	26030317_072_1_A_AH.D	Sample	46087.8513763542	24.0370833333333	1e+06	28.660633333333301	5434925.78346646	28.764383333333299	134511.153074183	29.036733333333299	21174.9803673065	29.438783333333301	1313.41662202071	30.022400000000001	77771.7556652603	30.2364	7347.39199650827	31.0858833333333	27288.3527983626	42.790649999999999	23559.5187642303	42.998166666666698	13791.8907945588	3	26030317
072_1_A_3-6	26030318_072_1_A_3-6.D	Sample	46087.903936296301	24.030533333333299	1e+06	28.6540833333333	4775892.76477013	28.7708166666667	973733.031472083	29.036683333333301	103932.513870721	29.43225	21476.3376755202	30.0158666666667	775482.235360436	30.223366666666699	12554.9707206289	31.085833333333301	410855.222688778	42.790599999999998	98330.6130889512	43.017566666666703	28138.0176576437	3	26030318
150_3_A_AH	26030319_150_3_A_AH.D	Sample	46087.956513206002	24.037133333333301	1e+06	28.6606666666667	3333267.9966929	28.790366666666699	1031386.70565944	29.0432666666667	193108.033276159	29.451799999999999	9701.4512698192	30.028933333333299	451960.952796038	30.236433333333299	24132.8651076408	31.092416666666701	167498.291149556	42.797183333333301	210639.517637936	42.998199999999997	171527.399988323	3	26030319
QC3d	26030320_QC3d.D	QC	46088.0090766551	24.030550000000002	1e+06	28.6540833333333	5276073.01340525	28.764333333333301	226290.843061894	29.036683333333301	164649.500297526	29.43225	34617.1919436951	30.0158666666667	161197.654875361	30.223366666666699	6269.59138507097	31.085833333333301	80596.7031937612	42.797083333333298	432220.963566014	43.024050000000003	75251.4819184405	3	26030320
150_3_A_0-3	26030321_150_3_A_0-3.D	Sample	46088.061653229197	24.0306833333333	1e+06	28.654233333333298	5026726.89839971	28.764466666666699	95471.5968746543	29.036833333333298	188545.47257523	29.432400000000001	41148.5105909013	30.009516666666698	69430.6234250883	30.217033333333301	2508.29158996718	31.0859666666667	26865.4292711039	42.797233333333303	367985.369432728	43.017699999999998	61129.9548031085	3	26030321
150_3_A_3-6	26030323_150_3_A_3-6.D	Sample	46088.166838761601	24.030533333333299	1e+06	28.6540833333333	4639453.42835234	28.764316666666701	173518.324867998	29.030183333333301	19335.3602723693	29.432233333333301	1863.45654854925	30.01585	107575.560278942	30.2168833333333	4179.87974244274	31.085816666666702	50719.5037006891	42.797066666666701	586298.570305556	43.0240333333333	95514.4258032076	3	26030323
171_3_A_BL	26030324_171_3_A_BL.D	Sample	46088.219433252299	24.043433333333301	1e+06	28.6604833333333	3454155.59334178	28.790183333333299	2316086.00557731	29.0430833333333	138291.839757386	29.464583333333302	17250.2618720997	30.028749999999999	408579.774768821	30.249216666666701	213275.663373566	31.0987166666667	650854.814057788	42.796999999999997	115367.672972828	43.0045	68935.8264552344	3	26030324
171_3_A_0-3	26030325_171_3_A_0-3.D	Sample	46088.272016226903	24.036999999999999	1e+06	28.660550000000001	4966579.72918304	28.770783333333299	651793.180393083	29.043133333333301	455318.82397225	29.438700000000001	84270.6818364306	30.015833333333301	237194.645421502	30.236316666666699	68746.9264357157	31.085799999999999	202232.579759826	42.797049999999999	838064.571451341	43.024016666666697	122190.513239423	3	26030325
QC3e	26030326_QC3e.D	QC	46088.324605624999	24.030550000000002	1e+06	28.6541	5479773.20179206	28.764333333333301	228797.017588547	29.036683333333301	170408.708975165	29.4387333333333	35746.7256867166	30.0158666666667	163265.904834314	30.223383333333299	6717.19349139781	31.085833333333301	83997.4018706127	42.797083333333298	460614.789115692	43.024050000000003	77026.9024042764	3	26030326
171_3_A_AH	26030327_171_3_A_AH.D	Sample	46088.377208136597	24.043566666666699	1e+06	28.667116666666701	3422625.68153252	28.790333333333301	2193471.65644937	29.043233333333301	168437.99326543	29.4517666666667	18023.8115147538	30.0289	513746.816622083	30.249366666666699	355199.998015163	31.098849999999999	582759.475075691	42.797150000000002	120901.958952718	42.998166666666698	75367.5025681492	3	26030327
171_3_A_3-6	26030328_171_3_A_3-6.D	Sample	46088.429793773103	24.030449999999998	1e+06	28.647500000000001	5111107.36040809	28.764233333333301	289604.64131124	29.036583333333301	16467.7791157518	29.445116666666699	2111.49525253009	30.0157666666667	130707.290067797	30.236233333333299	26026.1340004987	31.085733333333302	110010.949800034	42.796983333333301	509348.326641311	43.023949999999999	79518.2897206398	3	26030328
180_3_A_AH	26030329_180_3_A_AH.D	Sample	46088.482367673598	24.037016666666698	1e+06	28.6605666666667	5224091.52261196	28.764316666666701	97334.0192862683	29.036666666666701	25960.5995904596	29.4452	1735.25030810025	30.01585	88661.3736172746	30.223366666666699	3634.86086727397	31.085816666666702	11697.8841714883	42.797066666666701	31324.6019073197	43.004583333333301	14335.4690681828	3	26030329
180_3_A_0-3	26030330_180_3_A_0-3.D	Sample	46088.534957349497	24.0305	1e+06	28.654050000000002	5234912.37331078	28.7578	80314.654270966	29.036633333333299	131074.866803692	29.432200000000002	29143.0742151354	30.015816666666701	62188.3213329155	30.210349999999998	2353.38915898028	31.0857833333333	28310.054351762	42.797033333333303	205197.121217784	43.017516666666701	32467.8402681941	3	26030330
180_3_A_BL	26030331_180_3_A_BL.D	Sample	46088.587529131903	24.037033333333301	1e+06	28.6605666666667	5270039.75674554	28.7708166666667	89449.3668860489	29.036683333333301	27004.7135452388	29.451699999999999	1726.408904882	30.022349999999999	95601.1764627446	30.223366666666699	3054.36177967151	31.085833333333301	7589.07252761156	42.790599999999998	42452.6187576209	43.0110666666667	16068.84945879	3	26030331
QC3f	26030332_QC3f.D	QC	46088.640129907399	24.030516666666699	1e+06	28.654066666666701	5335072.78526443	28.764316666666701	222123.824750845	29.036666666666701	162203.133805134	29.432233333333301	34127.2604260784	30.01585	159451.25982285	30.2168666666667	6527.33464776411	31.085816666666702	81973.6003090306	42.797066666666701	459545.1187005	43.0240333333333	76644.03759932	3	26030332
180_3_A_3-6	26030333_180_3_A_3-6.D	Sample	46088.692699988402	24.030566666666701	1e+06	28.654116666666699	5151026.56468278	28.7578666666667	57575.0781688971	29.0302333333333	5636.73095407342	29.445250000000001	630.051720210661	30.009416666666699	37871.8733267058	30.210433333333299	1885.18209009073	31.0858666666667	22426.0753115652	42.790633333333297	137835.81317655	43.024083333333301	24482.4335562111	3	26030333
029_2_A_BL	26030334_029_2_A_BL.D	Sample	46088.745281169002	24.043516666666701	1e+06	28.6735333333333	5639084.2998478	28.796749999999999	265996.203935441	29.04965	84082.3782443962	29.458183333333299	4770.42011098963	30.028833333333299	238089.74515791	30.236333333333299	7911.42353570501	31.092316666666701	56892.0972212392	42.790599999999998	101864.239973715	43.004583333333301	46413.3923926213	3	26030334
029_2_A_0-3	26030335_029_2_A_0-3.D	Sample	46088.797871134302	24.024100000000001	1e+06	28.654133333333299	4957908.06543104	28.7578833333333	53199.5823239952	29.0302333333333	149884.707353112	29.432283333333299	32548.9329624332	30.009416666666699	46058.8618492168	30.210450000000002	1769.77944212896	31.0858666666667	20004.1477000192	42.790633333333297	350063.79301395	43.017600000000002	57468.1192312051	3	26030335
029_2_A_3-6	26030336_029_2_A_3-6.D	Sample	46088.850459872701	24.024166666666702	1e+06	28.654199999999999	4594548.39279232	28.757950000000001	105988.881390072	29.0303166666667	18357.2228278423	29.43235	3123.01423542313	30.0094833333333	78240.8162269678	30.210516666666699	2901.59033984242	31.085933333333301	44968.0682724384	42.790716666666697	306641.007601003	43.024149999999999	49884.8775427958	3	26030336
029_2_A_AH	26030337_029_2_A_AH.D	Sample	46088.903015254597	24.036899999999999	1e+06	28.660450000000001	5312189.57531548	28.770683333333299	153194.781885708	29.036566666666701	32931.9372615341	29.458066666666699	2735.84923552617	30.015733333333301	99055.6328974636	30.2297333333333	5248.37222418326	31.085699999999999	28229.0574822239	42.790466666666703	34800.6425510719	43.010950000000001	17098.2053984611	3	26030337
QC3g	26030338_QC3g.D	QC	46088.955613715298	24.0305	1e+06	28.654050000000002	5119948.9726251	28.764283333333299	223234.5745375	29.036650000000002	161541.136125114	29.432200000000002	34086.4525956447	30.015816666666701	157812.926158873	30.223333333333301	6165.62969856937	31.0857833333333	80947.3171938758	42.797049999999999	421193.602239348	43.017516666666701	71434.8537826248	3	26030338
172_3_A_0-3	26030339_172_3_A_0-3.D	Sample	46089.008194317103	24.030516666666699	1e+06	28.654066666666701	5036533.88776366	28.757816666666699	131678.410542103	29.036650000000002	57985.6640685376	29.438700000000001	11235.7739819062	30.015833333333301	126683.902635273	30.2168666666667	4878.8858321968	31.085799999999999	37140.9412264865	42.797049999999999	973375.751528849	43.017533333333297	145755.85920837	3	26030339
172_3_A_3-6	26030340_172_3_A_3-6.D	Sample	46089.060779942098	24.030449999999998	1e+06	28.654	4958775.75187902	28.757750000000001	107323.593982426	29.023616666666701	6278.16965024494	29.445116666666699	431.181427522684	30.0092833333333	79626.4934548571	30.216799999999999	3634.11305599772	31.085733333333302	40678.8986298525	42.796983333333301	420701.569167287	43.017466666666699	70029.7082069206	3	26030340
172_3_A_AH	26030341_172_3_A_AH.D	Sample	46089.113355000001	24.036850000000001	1e+06	28.666866666666699	4946936.99544108	28.7771166666667	309129.068562513	29.0429833333333	59033.8647949245	29.445033333333299	3050.41436562637	30.022166666666699	214104.18249785	30.236149999999999	10343.3947264503	31.092133333333301	72476.9545924533	42.796900000000001	73987.9659050862	43.004399999999997	74638.8210305695	3	26030341
172_3_A_BL	26030342_172_3_A_BL.D	Sample	46089.165963229199	24.036899999999999	1e+06	28.660450000000001	4092869.38102154	28.777166666666702	359681.942912318	29.036566666666701	75291.425515439	29.445083333333301	4134.0219849841	30.022216666666701	297899.133239504	30.242699999999999	17709.526945682	31.092183333333299	60166.2862316901	42.790466666666703	109512.809164611	42.997983333333302	110368.046468329	3	26030342
106_1_A_BL	26030343_106_1_A_BL.D	Sample	46089.218541111099	24.0371666666667	1e+06	28.660716666666701	5203625.71720125	28.770949999999999	160355.197751717	29.036816666666699	41282.7176861398	29.451833333333301	2185.40479616932	30.022483333333302	141112.254524678	30.2364833333333	7496.69921112503	31.0859666666667	37188.1131487043	42.7907333333333	43711.4060469558	42.998249999999999	26285.5402195758	3	26030343
QC3h	26030344_QC3h.D	QC	46089.271121689802	24.0307	1e+06	28.654233333333298	5495901.53625303	28.764483333333299	220241.724958525	29.036833333333298	161326.334434451	29.432400000000001	34433.8723983793	30.016016666666701	157478.018086385	30.223516666666701	5957.54903941201	31.085983333333299	80637.9654634697	42.790750000000003	449793.055076131	43.017716666666701	75834.6855020241	3	26030344
106_1_A_0-3	26030345_106_1_A_0-3.D	Sample	46089.323707858799	24.024149999999999	1e+06	28.654166666666701	4753326.72666093	28.757933333333298	130788.102060685	29.030283333333301	227658.016299253	29.4323333333333	47355.1361857766	30.0094666666667	132267.637736018	30.2169666666667	4641.3244926685	31.079433333333299	76027.6409634878	42.803649999999998	47770.9509876408	43.024133333333303	13230.7420935989	3	26030345
106_1_A_3-6	26030346_106_1_A_3-6.D	Sample	46089.376290011598	24.030449999999998	1e+06	28.654	4414025.13839868	28.764233333333301	451099.38832812	29.0301166666667	18689.5691788317	29.4256666666667	2126.70123596816	30.0092833333333	305029.605462686	30.216799999999999	9396.58979331655	31.085733333333302	234321.239481963	42.803483333333297	65054.659394335	43.017466666666699	21152.0095963988	3	26030346
106_1_A_AH	26030347_106_1_A_AH.D	Sample	46089.428846180599	24.0304	1e+06	28.660433333333302	4775253.50918389	28.764199999999999	150540.7317185	29.036549999999998	31184.478163795	29.4515666666667	1800.98699505078	30.015733333333301	102314.938942324	30.2297166666667	8349.24469958547	31.085699999999999	37651.9664006047	42.790466666666703	28420.631584217	42.997966666666699	19809.5849559201	3	26030347
Blank3b	26030348_Blank3b.D	Blank	46089.481421585602	24.017583333333299	1e+06	28.6476166666667	4349127.75060615	28.855116666666699	0	29.0302166666667	1162.77752212447	29.419283333333301	249.51655619983	30.0158666666667	260.628923531978	30.210416666666699	75.6293698018156	30.755116666666702	0	42.7906166666667	250.864392236895	42.8684333333333	0	3	26030348
Std_0_2	26030349_Std_0.D	Std	46089.534020937499	24.0306833333333	1e+06	28.654233333333298	5248842.76866007	28.764466666666699	228194.61714958	29.036816666666699	159230.628951301	29.432383333333298	34346.9699824342	30.015999999999998	156141.518520322	30.217016666666701	6147.79588945071	31.0859666666667	80705.9547879398	42.7907333333333	447037.624949262	43.024183333333298	75198.9061534603	3	26030349
Std_1_2	26030350_Std_1.D	Std	46089.586612453699	24.030616666666699	1e+06	28.647683333333301	4738416.85009118	28.764399999999998	335359.708775912	29.036750000000001	327242.558976308	29.432316666666701	67935.2985182347	30.015933333333301	184196.263500477	30.216950000000001	8492.73351719659	31.085899999999999	170610.979947377	42.790666666666702	640158.534381554	43.0241166666667	100486.608477019	3	26030350
Std_2_2	26030351_Std_2.D	Std	46089.639210150497	24.030533333333299	1e+06	28.6540833333333	4944023.49767267	28.764316666666701	438321.369877957	29.036683333333301	416418.019934729	29.432233333333301	81906.0724819623	30.0093666666667	219217.339407703	30.2168833333333	9988.57197928711	31.085816666666702	216588.854057977	42.797083333333298	745153.065529589	43.01755	113732.249778452	3	26030351
Std_3_2	26030352_Std_3.D	Std	46089.691785486102	24.030466666666701	1e+06	28.654016666666699	4535874.60379246	28.764250000000001	526111.92189005	29.043099999999999	467764.307303949	29.438666666666698	91211.7275777964	30.015799999999999	245895.502869539	30.223299999999998	11092.2871576929	31.085750000000001	244857.981221515	42.7970166666667	948717.437012137	43.017483333333303	141551.828629667	3	26030352
Std_4_2	26030353_Std_4.D	Std	46089.744380590302	24.0306	1e+06	28.654150000000001	4619686.95748925	28.770866666666699	771224.825351117	29.043216666666702	750073.186636362	29.438783333333301	136764.347220507	30.015916666666701	298608.850462351	30.216950000000001	14725.7850596029	31.0858833333333	362984.467246224	42.803616666666699	1374309.01765357	43.024099999999997	197305.59222698	3	26030353
Std_5_2	26030354_Std_5.D	Std	46089.796995949102	24.030533333333299	1e+06	28.6540833333333	4765439.52083059	28.770800000000001	1025094.05270358	29.043150000000001	1039865.27888087	29.4387166666667	183806.873122707	30.01585	362007.619688161	30.2168666666667	17506.4582184879	31.085816666666702	496751.194374809	42.797066666666701	1796368.22140696	43.0240333333333	258416.538634856	3	26030354
QC3i	26030355_QC3i.D	QC	46089.849585798598	24.0305	1e+06	28.654050000000002	4701844.61885155	28.7578	215851.320110612	29.036650000000002	159077.262344227	29.432200000000002	34132.3951673245	30.015816666666701	153704.61991527	30.216850000000001	6141.67723881863	31.0857833333333	80365.1390085277	42.797049999999999	445539.66651684	43.017516666666701	75828.5009627063	3	26030355
QC4a	26030902_QC4a.D	QC	46090.729458726899	24.030650000000001	1e+06	28.6477166666667	4638422.19815025	28.764433333333301	214997.973512486	29.036799999999999	156008.356899728	29.43235	33696.8693998626	30.015966666666699	152039.237630925	30.223483333333299	6714.04326394828	31.085933333333301	80898.5062931352	42.797199999999997	438706.67312633	43.024149999999999	76924.9703862914	4	26030902
Std_0_1	26030903_Std_0.D	Std	46090.7820418634	24.030616666666699	1e+06	28.654150000000001	5044399.93195636	28.757916666666699	224706.913169176	29.036750000000001	161659.358180351	29.432316666666701	33658.5201631746	30.009450000000001	155351.681404141	30.216950000000001	6822.33326159323	31.085899999999999	83292.2393247749	42.797150000000002	452013.304960373	43.0241166666667	79461.8174533288	4	26030903
Std_1_1	26030904_Std_1.D	Std	46090.834619189802	24.0305	1e+06	28.654050000000002	4502663.70066002	28.764299999999999	372319.977374816	29.036650000000002	342673.644901087	29.432216666666701	69091.564536756	30.015833333333301	192345.474158607	30.216850000000001	9720.90271064718	31.085799999999999	167640.008549209	42.797049999999999	658754.283954672	43.024016666666697	106244.68393729	4	26030904
Std_2_1	26030905_Std_2.D	Std	46090.887206874999	24.030533333333299	1e+06	28.6540833333333	4460477.92207967	28.764316666666701	475519.059455935	29.036666666666701	420474.88859743	29.4387166666667	81583.0224839595	30.01585	222121.483856673	30.2168666666667	11767.1123957693	31.085816666666702	212450.516980682	42.797066666666701	817497.892721076	43.0240333333333	130422.172668177	4	26030905
Std_3_1	26030906_Std_3.D	Std	46090.9398035185	24.030533333333299	1e+06	28.654066666666701	4494144.90095643	28.764316666666701	543041.295874991	29.036666666666701	473107.798189603	29.432233333333301	92066.7278116178	30.01585	244090.632021852	30.2168666666667	12791.9374049883	31.092300000000002	247171.314133527	42.797066666666701	930282.322676024	43.0240333333333	144822.980002571	4	26030906
Std_4_1	26030907_Std_4.D	Std	46090.992379398202	24.030516666666699	1e+06	28.654066666666701	4478658.92584012	28.770800000000001	784516.795576628	29.043150000000001	753749.195999602	29.4387166666667	135566.276513601	30.01585	302542.977790355	30.2168666666667	16554.4767016219	31.092300000000002	385565.873160763	42.797066666666701	1388130.79199996	43.024016666666697	208104.178123976	4	26030907
Std_5_1	26030908_Std_5.D	Std	46091.044956203703	24.030550000000002	1e+06	28.6540833333333	4564776.44371021	28.7708166666667	1023770.16647417	29.0431666666667	1043734.7521864	29.4387333333333	181980.406620378	30.0158666666667	356573.432358361	30.223366666666699	20510.6875958043	31.092316666666701	516944.868781166	42.803566666666697	1700317.58792426	43.024050000000003	252285.468235297	4	26030908
QC4b	26030909_QC4b.D	QC	46091.097552696803	24.030183333333301	1e+06	28.6537333333333	4574342.47690532	28.7639666666667	217667.474951831	29.0363166666667	155642.947578555	29.4318833333333	32579.0550714941	30.015499999999999	151532.656773419	30.223016666666702	6097.52824550124	31.085466666666701	81288.9978302682	42.796716666666697	417174.653717886	43.023683333333302	71379.9369627382	4	26030909
Blank4a	26030910_Blank4a.D	Blank	46091.150133263902	24.017483333333299	1e+06	28.6475166666667	4038200.87149992	28.8550166666667	0	29.023616666666701	502.073888361502	29.146833333333301	0	30.0092833333333	696.832502991166	30.0092833333333	0	31.085733333333302	241.269634910442	42.790500000000002	1617.2469328116	43.017466666666699	564.891556876547	4	26030910
QC4c	26030915_QC4c.D	QC	46091.4174895139	24.030633333333299	1e+06	28.6541833333333	5094363.95205426	28.764433333333301	220889.401395154	29.0367833333333	158996.733286591	29.438833333333299	32829.3213003897	30.015966666666699	152578.837509764	30.223466666666699	6436.10584131612	31.085933333333301	81515.5101194114	42.797183333333301	423445.235343613	43.024149999999999	72539.0432751998	4	26030915
120_3_A_3-6	26030916_120_3_A_3-6.D	Sample	46091.470086458299	24.030483333333301	1e+06	28.654033333333299	4659514.46874394	28.77075	800809.039634834	29.036616666666699	116941.320581432	29.438666666666698	24738.9052098899	30.015799999999999	394338.851378371	30.216816666666698	12116.0734554468	31.0857666666667	305012.266176065	42.7970166666667	810973.270945588	43.023983333333298	127147.148720153	4	26030916
120_3_A_0-3	26030917_120_3_A_0-3.D	Sample	46091.522684004602	24.024066666666702	1e+06	28.6476166666667	4572948.21816222	28.757850000000001	96901.4020541232	29.0367	231024.335889543	29.432266666666699	47701.1574921772	30.015883333333299	86490.4164558529	30.210416666666699	2718.31836489673	31.079350000000002	32683.7695083017	42.7906166666667	214572.061806882	43.017583333333299	39031.7616268503	4	26030917
120_3_A_AH	26030918_120_3_A_AH.D	Sample	46091.575232800897	24.030466666666701	1e+06	28.660499999999999	4943894.82511002	28.7707333333333	107887.102620135	29.0301166666667	34259.0470122821	29.438649999999999	1452.10777807485	30.022266666666699	136693.202625839	30.2038333333333	2342.76743482923	31.085750000000001	6427.48511235268	42.790516666666697	32124.1577641444	42.9980166666667	17355.8466566093	4	26030918
120_3_A_BL	26030919_120_3_A_BL.D	Sample	46091.627829641198	24.0369833333333	1e+06	28.660516666666702	4862040.79839276	28.777249999999999	160266.776642567	29.036633333333299	50143.1610482277	29.451650000000001	2160.97596265929	30.022300000000001	222235.666629496	30.210349999999998	4575.41222922551	31.0857833333333	10299.6566047709	42.790550000000003	60490.8032654775	42.998049999999999	32681.2971623804	4	26030919
077_2_A_3-6	26030920_077_2_A_3-6.D	Sample	46091.6804216319	24.037116666666702	1e+06	28.654166666666701	5319006.68474689	28.770900000000001	627063.553933353	29.04325	89253.8192113963	29.4388166666667	14503.9969988484	30.01595	390363.707109412	30.2169666666667	9189.02016129873	31.092400000000001	214480.902342787	42.797166666666698	1185054.44576921	43.017650000000003	191083.154967247	4	26030920
QC4d	26030921_QC4d.D	QC	46091.732971226898	24.030650000000001	1e+06	28.654199999999999	4833537.64384795	28.764433333333301	216425.659468414	29.0367833333333	157188.26331446	29.43235	33439.9729024732	30.015966666666699	151026.754155781	30.216999999999999	6902.85736422774	31.085933333333301	81146.4854688592	42.790700000000001	418899.62062157	43.017666666666699	72036.9221330875	4	26030921
077_2_A_AH	26030923_077_2_A_AH.D	Sample	46091.838153333301	24.0501	1e+06	28.686616666666701	4501954.01026191	28.796849999999999	755782.810019741	29.056233333333299	106908.725426041	29.471250000000001	11053.6535519569	30.035416666666698	496742.698060752	30.242933333333301	12650.5008534609	31.092416666666701	80691.0055490332	42.797183333333301	370821.124436041	43.0111833333333	159243.453617668	4	26030923
077_2_A_0-3	26030924_077_2_A_0-3.D	Sample	46091.890754838001	24.0306	1e+06	28.654133333333299	4830151.21387041	28.757899999999999	70568.6041793234	29.030249999999999	221133.881114238	29.432300000000001	47095.3876607779	30.009433333333298	64038.5787281363	30.216933333333301	1992.23502378967	31.0794	25272.9072891095	42.790649999999999	206548.662229783	43.017616666666697	41107.2376353671	4	26030924
099_3_A_3-6	26030925_099_3_A_3-6.D	Sample	46091.943368379601	24.0239333333333	1e+06	28.653966666666701	4957073.27880224	28.7512333333333	115594.159868259	29.030083333333302	6473.29464271015	29.425633333333298	767.648893447165	30.009250000000002	72946.8348811135	30.2167666666667	3698.819834038	31.085699999999999	57500.3723654896	42.790483333333299	226852.444463121	43.0239166666667	38658.7167884547	4	26030925
099_3_A_BL	26030926_099_3_A_BL.D	Sample	46091.995962048597	24.0436333333333	1e+06	28.667183333333298	5037733.88556217	28.777416666666699	282737.771941908	29.036799999999999	75171.369730383	29.458300000000001	3434.87622252228	30.028949999999998	285550.756825572	30.229983333333301	9684.05295136137	31.08595	36496.1939501544	42.790716666666697	127103.413810335	43.004716666666702	51821.6313544267	4	26030926
QC4e	26030927_QC4e.D	QC	46092.048568530103	24.030466666666701	1e+06	28.654016666666699	4905515.35462435	28.757766666666701	213616.960609327	29.0366	157708.700564578	29.432166666666699	33247.6467367107	30.0093	150597.957136511	30.216799999999999	6343.71086919059	31.085750000000001	80088.4178139772	42.790516666666697	418496.316012209	43.017483333333303	72322.5110967259	4	26030927
099_3_A_AH	26030928_099_3_A_AH.D	Sample	46092.101185185202	24.0369666666667	1e+06	28.660516666666702	4918043.68655548	28.7642666666667	121663.849943781	29.036616666666699	24947.6004571596	29.451633333333302	1625.42746559265	30.022283333333299	103576.954021487	30.229783333333302	3769.37833737008	31.0857666666667	17232.3368823781	42.7905333333333	37064.4684801504	42.998049999999999	18694.7369568462	4	26030928
099_3_A_0-3	26030929_099_3_A_0-3.D	Sample	46092.153769560202	24.030550000000002	1e+06	28.6476166666667	4769410.03560716	28.757850000000001	193603.539626777	29.0302166666667	128232.732218041	29.43225	27277.4199745136	30.0093833333333	154150.777057293	30.216899999999999	4329.00054422312	31.085833333333301	68488.0446685021	42.7971	541711.51025883	43.017566666666703	84270.6686060715	4	26030929
159_3_A_BL	26030930_159_3_A_BL.D	Sample	46092.206372743101	24.0370833333333	1e+06	28.667116666666701	4264661.4027585	28.783850000000001	536465.480441025	29.036750000000001	70500.7760744723	29.4452833333333	2858.43418708933	30.0224166666667	234902.155130077	30.2299166666667	15862.4992087461	31.092366666666699	123561.438887927	42.790666666666702	124305.734432466	43.011133333333298	57481.7226273779	4	26030930
159_3_A_0-3	26030931_159_3_A_0-3.D	Sample	46092.2589355093	24.030550000000002	1e+06	28.6541	4455990.63628247	28.757850000000001	69697.6275671201	29.036683333333301	148999.251938779	29.43225	31586.3412550617	30.0093833333333	50985.7055446738	30.2168833333333	2433.44929431429	31.085833333333301	14863.5735864599	42.790599999999998	182524.475974498	43.017566666666703	36799.5351906098	4	26030931
159_3_A_3-6	26030932_159_3_A_3-6.D	Sample	46092.311527222198	24.030650000000001	1e+06	28.654199999999999	4568568.41940677	28.7579666666667	130999.443156675	29.0303166666667	13850.6656411865	29.432366666666699	1409.68026151759	30.009499999999999	99952.0592253773	30.210516666666699	3685.85455746491	31.079466666666701	47934.7272937933	42.790716666666697	370049.732661021	43.024166666666702	61445.829024301	4	26030932
QC4f	26030933_QC4f.D	QC	46092.364101250001	24.023949999999999	1e+06	28.653983333333301	4791044.16525555	28.764216666666702	211227.289621459	29.036566666666701	155383.95542521	29.432133333333301	32367.4259942001	30.015750000000001	151217.894827053	30.223266666666699	6373.66584460187	31.085716666666698	79618.802079977	42.790483333333299	432988.513379673	43.017449999999997	72510.3876457947	4	26030933
159_3_A_AH	26030934_159_3_A_AH.D	Sample	46092.416694814798	24.043466666666699	1e+06	28.667000000000002	5165164.29193369	28.783733333333299	544840.908229875	29.043116666666702	59789.2519829805	29.458133333333301	2896.57667323983	30.028783333333301	176298.705467359	30.229800000000001	15103.627942523	31.092266666666699	129900.806171224	42.790550000000003	80678.9535977581	42.998049999999999	41667.4547178545	4	26030934
225_3_A_3-6	26030935_225_3_A_3-6.D	Sample	46092.469272986098	24.030416666666699	1e+06	28.647483333333302	4570093.39017409	28.757716666666699	148274.3252624	29.036566666666701	19309.4605455702	29.432116666666701	2884.16546854844	30.009250000000002	92743.1213031198	30.210283333333301	5201.11615952905	31.079216666666699	49410.2626049743	42.803449999999998	2442923.96731829	43.0239166666667	383489.352998883	4	26030935
225_3_A_0-3	26030936_225_3_A_0-3.D	Sample	46092.521863217597	24.030633333333299	1e+06	28.6477	4616133.83019906	28.757933333333298	140825.600379079	29.0367833333333	194815.373611616	29.4323333333333	39572.6822206777	30.0094666666667	105094.418594042	30.223466666666699	5122.53022732162	31.085916666666702	50863.6615730543	42.797183333333301	333216.105746951	43.017650000000003	62284.9724704198	4	26030936
225_3_A_BL	26030937_225_3_A_BL.D	Sample	46092.574445034697	24.030666666666701	1e+06	28.654216666666699	4620641.03820767	28.76445	93680.8989680819	29.0303166666667	16593.3248175163	29.432366666666699	940.434636920503	30.015983333333299	57433.5858449216	30.229983333333301	5985.26819163456	31.08595	22479.2896081115	42.790716666666697	20588.2789828994	43.004716666666702	10079.4469139222	4	26030937
QC4g	26030938_QC4g.D	QC	46092.627003414404	24.030550000000002	1e+06	28.6541	4946310.67310303	28.757850000000001	212052.407420893	29.036683333333301	152937.318292004	29.43225	32914.2372809992	30.0158666666667	147566.789926854	30.223383333333299	6572.31163650442	31.085833333333301	78282.3897158183	42.790599999999998	413808.299695257	43.017566666666703	70298.2796843815	4	26030938
049_1_A_BL	26030943_049_1_A_BL.D	Sample	46092.889967905103	24.030666666666701	1e+06	28.654216666666699	2788353.70813748	28.7709333333333	502655.788527856	29.043299999999999	101322.904370963	29.451816666666701	5990.37456534939	30.022466666666698	293403.296095734	30.236466666666701	39596.6514394438	31.08595	123071.483701618	42.790716666666697	80853.435293594	43.004716666666702	51013.4999778434	4	26030943
QC4h	26030944_QC4h.D	QC	46092.942563645804	24.030466666666701	1e+06	28.654	4935104.78142352	28.764250000000001	215195.518718037	29.0366	156137.295989756	29.432166666666699	33702.3427905656	30.0157833333333	148543.169879534	30.216799999999999	6450.37249017667	31.085750000000001	79288.7582609181	42.790516666666697	419728.466416833	43.017483333333303	71354.8333604465	4	26030944
049_1_A_AH	26030945_049_1_A_AH.D	Sample	46092.995151631898	24.0370666666667	1e+06	28.660616666666701	2750792.27337214	28.783816666666699	1281797.4393835	29.043199999999999	394656.899714081	29.445250000000001	42352.1979586721	30.028866666666701	559574.868275569	30.2428666666667	161979.699583963	31.09235	281483.127376605	42.790633333333297	162515.573801923	42.998150000000003	109407.42605757	4	26030945
049_1_A_0-3	26030946_049_1_A_0-3.D	Sample	46093.047714722197	24.0241166666667	1e+06	28.647666666666701	4564679.60053448	28.757899999999999	45451.2681706682	29.036733333333299	1089347.67575144	29.432300000000001	178470.844724278	30.009433333333298	48382.0544710761	30.223433333333301	3610.6047831104	31.0794	25946.517245545	42.790649999999999	164732.338610916	43.017616666666697	31473.6560744834	4	26030946
049_1_A_3-6	26030947_049_1_A_3-6.D	Sample	46093.100292499999	24.024049999999999	1e+06	28.647583333333301	4711763.98583379	28.757833333333298	192970.204326412	29.030183333333301	54289.3693092447	29.432233333333301	11219.6405980097	30.0093666666667	150179.908218849	30.210383333333301	9232.88286315542	31.085816666666702	145803.547681818	42.790583333333302	153978.506963835	43.01755	31952.2346316023	4	26030947
Blank4b	26030948_Blank4b.D	Blank	46093.152866550903	24.017499999999998	1e+06	28.6475333333333	4631180.15437783	28.744800000000001	348.437779863245	29.0171666666667	600.865887311565	29.146850000000001	0	30.015799999999999	642.076424058412	29.762899999999998	0	31.079283333333301	229.225054472031	42.784050000000001	577.794576646014	43.030466666666698	370.971632848805	4	26030948
Std_0_2	26030949_Std_0.D	Std	46093.205433634299	24.0306	1e+06	28.654133333333299	4814958.9461676	28.757899999999999	211223.456214037	29.030249999999999	154882.471375188	29.432300000000001	31996.1580989479	30.015916666666701	148014.736622494	30.223416666666701	6442.38719943952	31.0858833333333	79235.1084920112	42.790649999999999	410666.593055315	43.017616666666697	68867.3373922043	4	26030949
Std_1_2	26030950_Std_1.D	Std	46093.258016134299	24.0306	1e+06	28.654150000000001	4369246.78910123	28.757899999999999	288474.604145453	29.036733333333299	295303.82220707	29.432300000000001	61059.0900028408	30.009433333333298	161709.763750099	30.210450000000002	8362.15104136907	31.0858833333333	168715.381153451	42.797133333333299	536657.517191287	43.017616666666697	85231.7065510104	4	26030950
Std_2_2	26030951_Std_2.D	Std	46093.3106098727	24.030449999999998	1e+06	28.6475166666667	4624014.85938019	28.764250000000001	437999.416354169	29.0366	418218.592887659	29.432166666666699	81214.4396565401	30.0157833333333	218118.777487839	30.216799999999999	11361.6259037567	31.085750000000001	236514.62531343	42.796999999999997	852147.941815603	43.017483333333303	127773.423560091	4	26030951
Std_3_2	26030952_Std_3.D	Std	46093.363181527799	24.030449999999998	1e+06	28.654	4574345.06829282	28.764233333333301	479130.930759623	29.036583333333301	448901.045493136	29.43215	85801.2763374008	30.0092833333333	272516.211923175	30.216799999999999	12363.4418112054	31.085733333333302	262002.151500022	42.796983333333301	935868.661338098	43.017466666666699	137241.480438305	4	26030952
Std_4_2	26030953_Std_4.D	Std	46093.415763067103	24.024000000000001	1e+06	28.654033333333299	4749162.57091501	28.77075	752833.786920812	29.043099999999999	796259.24525333	29.432183333333299	139062.950617602	30.015799999999999	303248.63034863	30.216833333333302	16261.594731982	31.09225	423897.549225708	42.7970166666667	1432017.96272473	43.023983333333298	203964.37528285	4	26030953
Std_5_2	26030954_Std_5.D	Std	46093.468366990703	24.030650000000001	1e+06	28.654199999999999	4649391.87341907	28.76445	978602.110018828	29.036799999999999	1031843.66111605	29.438849999999999	175703.669908543	30.015983333333299	354262.491833034	30.216999999999999	18758.5118957469	31.0924333333333	515773.45177421	42.797199999999997	1682654.44620112	43.024166666666702	241035.324625711	4	26030954
QC4i	26030955_QC4i.D	QC	46093.520950138904	24.030616666666699	1e+06	28.654150000000001	4968274.67680963	28.757916666666699	216759.927694589	29.030266666666702	158945.68205849	29.432316666666701	33963.3640464118	30.009450000000001	150338.819797993	30.210466666666701	6473.04967369619	31.085899999999999	82422.040611783	42.790666666666702	453145.916461212	43.017633333333301	75210.4542241089	4	26030955
QC5a	26031001_QC5a.D	QC	46093.573534259303	24.024083333333301	1e+06	28.654116666666699	4339554.77552223	28.7578666666667	207959.789885586	29.0367	152478.330280669	29.432266666666699	32996.1798502318	30.009399999999999	149062.767580957	30.216916666666702	6241.15041793515	31.085850000000001	78449.8166727296	42.7971	168145.270778504	43.024066666666698	20174.9051548094	5	26031001
Std_0_1	26031002_Std_0.D	Std	46093.626123275499	24.030616666666699	1e+06	28.654166666666701	5037059.85919741	28.764399999999998	215824.620109996	29.030266666666702	160525.673259851	29.432316666666701	33184.6509008102	30.015933333333301	152153.556592834	30.2169666666667	6164.64134056602	31.079416666666699	81733.9663332421	42.797150000000002	176624.935238184	43.0241166666667	20470.7079724451	5	26031002
Std_1_1	26031003_Std_1.D	Std	46093.678728263898	24.030533333333299	1e+06	28.6540833333333	4582449.13455732	28.757833333333298	336692.810256316	29.036683333333301	314946.574063071	29.432233333333301	64114.9676016881	30.01585	167640.220412534	30.2168833333333	9025.67865736511	31.085816666666702	157497.584684113	42.797083333333298	288559.394894416	43.0240333333333	29787.3232725271	5	26031003
Std_2_1	26031004_Std_2.D	Std	46093.731287731498	24.030550000000002	1e+06	28.6541	4627615.72955165	28.764333333333301	440555.935687848	29.036683333333301	393493.01510396	29.43225	76769.1116507831	30.0158666666667	206798.582030854	30.216899999999999	10477.8785163097	31.085833333333301	192816.351451993	42.797083333333298	363555.902019696	43.024050000000003	35112.3713578585	5	26031004
Std_3_1	26031005_Std_3.D	Std	46093.783869629602	24.0304	1e+06	28.647466666666698	4553597.23756743	28.764199999999999	518047.353086292	29.043033333333302	465579.98774251	29.432116666666701	88076.8349955668	30.009250000000002	223302.834353067	30.216750000000001	11662.3342157165	31.085699999999999	258829.996620537	42.796950000000002	467590.154377025	43.0239166666667	42458.7495079811	5	26031005
Std_4_1	26031006_Std_4.D	Std	46093.836421550899	24.0241166666667	1e+06	28.654150000000001	4570700.65541666	28.764383333333299	690231.066497725	29.036733333333299	728088.643682532	29.432300000000001	125237.944249365	30.015916666666701	271813.411266412	30.216933333333301	15752.5888545565	31.0858833333333	388903.43229551	42.797133333333299	640260.546734368	43.024099999999997	54455.2992821999	5	26031006
Std_5_1	26031007_Std_5.D	Std	46093.889014467597	24.024233333333299	1e+06	28.647783333333301	4342748.25131645	28.770983333333302	985512.243617545	29.043333333333301	1032154.60109086	29.4324166666667	176238.910237713	30.016033333333301	348755.054551686	30.2170666666667	18670.1489622757	31.085999999999999	499358.21157348	42.803733333333298	870602.351375338	43.024216666666703	73934.6279169341	5	26031007
QC5b	26031008_QC5b.D	QC	46093.941597789402	24.030516666666699	1e+06	28.654066666666701	4631241.36489049	28.757816666666699	214783.424592193	29.036650000000002	157899.202192796	29.432216666666701	34061.635141893	30.009350000000001	150991.258400483	30.2168666666667	6670.10850751625	31.085799999999999	82017.6817975257	42.797049999999999	192720.106054075	43.024016666666697	21267.0930110396	5	26031008
Blank5a	26031009_Blank5a.D	Blank	46093.994166400502	24.017633333333301	1e+06	28.647666666666701	4236058.36693165	28.855166666666701	0	29.023783333333299	628.150172392923	29.153466666666699	0	30.009433333333298	662.087214646034	29.763016666666701	0	31.0858833333333	312.533032002299	42.797150000000002	596.462755638071	43.024099999999997	119.63061139851	5	26031009
QC5c	26031014_QC5c.D	QC	46094.257090324099	24.030533333333299	1e+06	28.6540833333333	4411534.30253417	28.764316666666701	211743.038222679	29.030183333333301	154433.280545839	29.432233333333301	33145.6600251447	30.0093666666667	149071.223811348	30.223366666666699	6558.43712434821	31.085816666666702	80294.1701978867	42.797083333333298	164212.759537255	43.0240333333333	19209.1571653951	5	26031014
QC5d	26031020_QC5d.D	QC	46094.572614201403	24.030566666666701	1e+06	28.6541	4633793.76385554	28.76435	212224.670124431	29.0367	157469.832867122	29.432266666666699	33463.846073988	30.015883333333299	150797.834878903	30.223383333333299	6306.2032452659	31.085850000000001	79894.6540657201	42.7971	179586.192138773	43.024066666666698	20529.2829737905	5	26031020
130_3_A_BL	26031024_130_3_A_BL.D	Sample	46097.317796516203	24.056483333333301	1e+06	28.680016666666699	8509184.23193603	28.796749999999999	879911.717726893	29.04965	101966.53588644	29.464666666666702	4980.24215562192	30.028833333333299	230519.302564981	30.242816666666702	42903.8391459396	31.098783333333301	203525.260576529	42.797083333333298	41725.1120816618	43.030516666666699	8655.26876388915	5	26031024
130_3_A_0-3	26031025_130_3_A_0-3.D	Sample	46097.370384421301	24.04345	1e+06	28.667000000000002	10277135.232243	28.777233333333299	337902.703352526	29.049583333333299	312659.305898391	29.438666666666698	53075.3501726906	30.015799999999999	135086.249744133	30.229800000000001	11117.5368529954	31.09225	91273.0989737546	42.8035	451141.336040915	43.023983333333298	40403.7882425499	5	26031025
QC5e	26031026_QC5e.D	QC	46097.422974108798	24.049900000000001	1e+06	28.673449999999999	10149206.5295709	28.7836833333333	377658.223460048	29.049566666666699	282371.68752582	29.445116666666699	49363.0710519619	30.02225	225501.73270213	30.229766666666698	9600.11451447372	31.085733333333302	129989.99552354	42.803483333333297	523370.340789611	43.023949999999999	48446.348630461	5	26031026
130_3_A_3-6	26031027_130_3_A_3-6.D	Sample	46097.475569409697	24.05	1e+06	28.673549999999999	10646836.8745478	28.7837833333333	512142.771742782	29.0431666666667	34205.7961624221	29.445216666666699	4398.09615870027	30.0158666666667	233502.91453372	30.223366666666699	12483.3190582184	31.092316666666701	161368.817005851	42.810049999999997	906690.400362802	43.030533333333302	133070.371899474	5	26031027
130_3_A_AH	26031028_130_3_A_AH.D	Sample	46097.528153877298	24.052499999999998	1e+06	28.686433333333301	6252586.79750744	28.822600000000001	2259208.49834538	29.062533333333299	321755.721050287	29.471066666666701	24880.4026594583	30.048200000000001	876893.121768793	30.2622	191147.869436381	31.102633333333301	758695.745307632	42.796999999999997	95107.9785724209	43.030450000000002	25983.6835091349	5	26031028
110_3_A_3-6	26031029_110_3_A_3-6.D	Sample	46097.580752604197	24.0369666666667	1e+06	28.660499999999999	10540680.3571131	28.77075	155354.459227911	29.036616666666699	7953.26951277391	29.458116666666701	1520.12936918135	30.009316666666699	84923.3135597876	30.216816666666698	5871.02036703289	31.0857666666667	69815.1073326651	42.7970166666667	81673.2151299705	43.023983333333298	10191.027186268	5	26031029
110_3_A_AH	26031030_110_3_A_AH.D	Sample	46097.6333470139	24.056349999999998	1e+06	28.6863833333333	9000826.40879167	28.803100000000001	382931.375847145	29.056000000000001	122199.083192557	29.4645333333333	8565.58597918807	30.0416666666667	301573.309859397	30.255666666666698	63960.3152593268	31.098666666666698	40329.3830172539	42.796950000000002	35825.789038786	43.0239166666667	10562.0605437138	5	26031030
110_3_A_BL	26031031_110_3_A_BL.D	Sample	46097.685923865698	24.056416666666699	1e+06	28.692933333333301	9209947.69210635	28.809650000000001	360511.834411808	29.062550000000002	131860.853670975	29.4775666666667	9321.89716835023	30.041733333333301	300621.405071116	30.2557166666667	54419.3958253027	31.0987333333333	39754.5915394487	42.7970166666667	43888.3270521879	43.023983333333298	11454.0593273729	5	26031031
QC5f	26031032_QC5f.D	QC	46097.738509409697	24.04355	1e+06	28.673583333333301	11040744.307974	28.783816666666699	364684.210797284	29.049700000000001	282477.002788713	29.438766666666702	52461.1127201259	30.015899999999998	222091.674558297	30.229900000000001	9269.49517015997	31.09235	131503.819090307	42.803600000000003	517004.403452838	43.024083333333301	48561.5983883869	5	26031032
110_3_A_0-3	26031033_110_3_A_0-3.D	Sample	46097.791090613398	24.037099999999999	1e+06	28.660633333333301	10317973.6545	28.764399999999998	112731.813684122	29.036750000000001	215034.244064275	29.432316666666701	41495.5767466584	30.009450000000001	87311.2315714866	30.216950000000001	4933.31923064782	31.085899999999999	47046.0036541866	42.790666666666702	135957.651109375	43.017633333333301	14848.4052268561	5	26031033
QC5g	26031038_QC5g.D	QC	46098.053943796302	24.043466666666699	1e+06	28.667016666666701	9047416.97739172	28.770766666666699	309737.29744281	29.036633333333299	229183.948157696	29.438683333333302	44338.1353678264	30.015816666666701	193963.062349681	30.223333333333301	7843.23425532279	31.0793	108765.383606644	42.797033333333303	407184.177668793	43.024000000000001	36078.0953763988	5	26031038
136_3_A_AH	26031042_136_3_A_AH.D	Sample	46098.264309097198	24.043516666666701	1e+06	28.667066666666699	5687074.71669049	28.7837833333333	364590.314600192	29.0431666666667	110679.48693019	29.464666666666702	8238.58957543844	30.022349999999999	271097.621485432	30.229849999999999	6551.20141399692	31.092316666666701	75398.1811420822	42.790599999999998	57011.2041480467	43.017566666666703	10040.9416679007	5	26031042
QC5h	26031043_QC5h.D	QC	46098.316910011599	24.037116666666702	1e+06	28.6606666666667	8819787.6273385	28.770900000000001	295442.567700962	29.0432666666667	214615.888080086	29.4388166666667	42903.6376661024	30.01595	183927.159105447	30.223466666666699	7586.65178491872	31.085916666666702	102794.867121835	42.797183333333301	380382.688856647	43.017650000000003	34440.1122614315	5	26031043
136_3_A_0-3	26031044_136_3_A_0-3.D	Sample	46098.369496458297	24.0370833333333	1e+06	28.660633333333301	9701382.4276031	28.764383333333299	39533.6811184302	29.036733333333299	265525.280069679	29.438783333333301	49138.8969378109	30.009433333333298	38439.2022002248	30.210450000000002	1085.91754777467	31.0858833333333	7982.33780253269	42.797133333333299	76674.745044502	43.024099999999997	9339.52783324373	5	26031044
136_3_A_3-6	26031045_136_3_A_3-6.D	Sample	46098.422088333296	24.043533333333301	1e+06	28.673566666666702	8914776.95796609	28.783799999999999	388362.499113252	29.0367	33587.7716732504	29.458200000000001	3109.29589878614	30.022366666666699	266258.996825475	30.229883333333301	8001.79359158241	31.092333333333301	234335.740156625	42.8035833333333	898293.17348772	43.024066666666698	101829.150083172	5	26031045
136_3_A_BL	26031046_136_3_A_BL.D	Sample	46098.474688518501	24.043416666666701	1e+06	28.666966666666699	8688336.42996588	28.777200000000001	101336.562023866	29.036583333333301	28770.4527245187	29.458083333333299	2003.64463100009	30.0157666666667	84519.219038047	30.2167833333333	2519.98884585157	31.085733333333302	12254.2786645519	42.796983333333301	19525.0592291238	43.023949999999999	2919.05574053425	5	26031046
Blank5b	26031047_Blank5b.D	Blank	46098.527252187501	24.024100000000001	1e+06	28.654133333333299	8074042.60919806	28.861633333333302	0	29.153449999999999	0	29.5879166666667	0	30.009416666666699	306.133103443133	29.91215	0	31.163683333333299	0	41.9995166666667	0	42.777666666666697	0	5	26031047
Std_0_2	26031048_Std_0.D	Std	46098.579833379597	24.043500000000002	1e+06	28.6605666666667	8910854.31504057	28.770800000000001	291354.213428516	29.0431666666667	211567.648373714	29.4387166666667	38297.5129996362	30.01585	186074.476455427	30.223366666666699	7526.27871287484	31.092300000000002	103427.501099181	42.803566666666697	379172.846252462	43.0240333333333	33687.5653454097	5	26031048
Std_1_2	26031049_Std_1.D	Std	46098.632407893499	24.0369833333333	1e+06	28.660083333333301	8724518.31560295	28.777249999999999	473407.318212866	29.049600000000002	492040.68046482	29.438683333333302	91436.7557377748	30.015816666666701	238658.305119798	30.223316666666701	11305.7321435444	31.092266666666699	266632.975834439	42.803516666666702	615793.924963809	43.030483333333301	54094.3546804135	5	26031049
Std_2_2	26031050_Std_2.D	Std	46098.684985138898	24.0324666666667	1e+06	28.656416666666701	7838948.8316135	28.770900000000001	549045.103308908	29.0432666666667	558875.076709528	29.4388166666667	101998.673138658	30.01595	260850.741151498	30.223466666666699	12431.1734700938	31.092400000000001	315849.304406108	42.8036666666667	649606.759724485	43.024133333333303	55090.432163301	5	26031050
Std_3_2	26031051_Std_3.D	Std	46098.737590023098	24.033566666666701	1e+06	28.660499999999999	8290837.00347701	28.7772166666667	655278.073856732	29.0430833333333	652291.812074139	29.438649999999999	118577.046467668	30.0157833333333	289410.250663222	30.223283333333299	14307.8109427452	31.092233333333301	404967.510008419	42.803483333333297	774388.924823361	43.023966666666702	72584.5351880529	5	26031051
Std_4_2	26031052_Std_4.D	Std	46098.790175023103	24.043466666666699	1e+06	28.660516666666702	8910919.58854841	28.783733333333299	1016107.18532368	29.056083333333302	988221.016722045	29.445166666666701	197324.06536003	30.022300000000001	405896.84960323	30.223316666666701	20094.6343403782	31.092266666666699	558731.602026632	42.81	983479.356628282	43.030483333333301	124613.840898203	5	26031052
Std_5_2	26031053_Std_5.D	Std	46098.842746273098	24.0370833333333	1e+06	28.658366666666701	8479665.7882489	28.783833333333298	1253261.6133589	29.050550000000001	1204794.32537121	29.445266666666701	257815.817785063	30.022400000000001	471320.486112056	30.223416666666701	23345.548407	31.092366666666699	661412.255467959	42.810099999999998	1044555.60431972	43.024099999999997	137162.788479025	5	26031053
QC5i	26031054_QC5i.D	QC	46098.895331990701	24.043433333333301	1e+06	28.666983333333299	9183459.96552088	28.7707333333333	312203.946617607	29.0430833333333	229123.910208899	29.438649999999999	44263.1917289276	30.0157833333333	193105.877209837	30.223299999999998	7776.14065088647	31.092233333333301	108918.907876383	42.803483333333297	396324.203956242	43.023966666666702	34397.9210830759	5	26031054
QC6a	26031601_QC6a.D	QC	46098.947951701397	24.0370833333333	1e+06	28.667100000000001	9030700.8785002	28.777349999999998	303474.055078537	29.043216666666702	221216.833222864	29.438783333333301	41559.8985257756	30.015916666666701	189013.656272803	30.223416666666701	7321.41262810857	31.0858833333333	99901.9222204321	42.797133333333299	401031.273430808	43.024099999999997	35605.991499867	6	26031601
Std_0_1	26031602_Std_0.D	Std	46099.000545023096	24.0370666666667	1e+06	28.667100000000001	8854013.42876559	28.770849999999999	300465.994006198	29.043216666666702	214737.106869535	29.438766666666702	41954.6836066966	30.015899999999998	184519.289090015	30.223416666666701	6908.26442806989	31.0858666666667	98556.7597063795	42.797133333333299	362038.957252709	43.024083333333301	32886.2773616483	6	26031602
Std_1_1	26031603_Std_1.D	Std	46099.053148645799	24.0322	1e+06	28.6671333333333	8548403.60371039	28.777366666666701	535889.008400837	29.043233333333301	505039.840870144	29.438800000000001	86584.3702848487	30.015933333333301	249355.370595422	30.223433333333301	10557.5089380556	31.092383333333299	206786.524721968	42.803633333333302	597879.588601713	43.0241166666667	52643.5480487543	6	26031603
Std_2_1	26031604_Std_2.D	Std	46099.105748657399	24.043516666666701	1e+06	28.667066666666699	8898807.67079565	28.7773166666667	697112.648380699	29.049666666666699	634892.367622951	29.445233333333299	112409.558594966	30.0158666666667	305820.594716503	30.223383333333299	13176.2612880826	31.092316666666701	283108.982429404	42.8035833333333	709602.695085233	43.024050000000003	66895.4996688147	6	26031604
Std_3_1	26031605_Std_3.D	Std	46099.158366203701	24.0369666666667	1e+06	28.660499999999999	8294505.66163497	28.777233333333299	677532.859121553	29.043099999999999	603232.48519406	29.438666666666698	107813.622463338	30.015799999999999	287951.333473333	30.223299999999998	12284.3334222744	31.09225	292826.591182965	42.8035	723933.170954823	43.023983333333298	65698.4113505275	6	26031605
Std_4_1	26031606_Std_4.D	Std	46099.210936377298	24.043433333333301	1e+06	28.666983333333299	9289471.33025434	28.783716666666699	1091216.85694342	29.049583333333299	1004677.69513801	29.445133333333299	200335.390653628	30.022266666666699	445150.533671554	30.223299999999998	19756.0829330083	31.092233333333301	491510.389523727	42.8099833333333	954371.646618042	43.030450000000002	123610.264182156	6	26031606
Std_5_1	26031607_Std_5.D	Std	46099.263543078698	24.043616666666701	1e+06	28.65915	9175860.27882095	28.790366666666699	1330051.5371027	29.056233333333299	1218743.65600385	29.445316666666699	272192.645894573	30.022449999999999	516373.43696314	30.223466666666699	23422.2564326002	31.093783333333299	627357.773038486	42.8036666666667	1042463.44278865	43.030633333333299	172161.737300272	6	26031607
QC6b	26031608_QC6b.D	QC	46099.3161063773	24.043600000000001	1e+06	28.667149999999999	8853453.38876483	28.770900000000001	304212.032825151	29.04325	218619.501004442	29.4388166666667	41698.7740040727	30.01595	186124.098595752	30.22345	6879.77700875093	31.085916666666702	100148.283898215	42.803649999999998	371326.915552996	43.017650000000003	32723.7304291965	6	26031608
Blank6a	26031609_Blank6a.D	Blank	46099.3686971528	24.023983333333302	1e+06	28.654016666666699	8457688.71341115	28.861516666666699	0	29.023633333333301	432.458716652794	29.438649999999999	71.4217763979183	30.0093	511.282719580886	29.769366666666699	0	31.085750000000001	238.081845479366	42.784033333333298	308.127495199852	42.784033333333298	0	6	26031609
081_2_A_0-3	26031610_081_2_A_0-3.D	Sample	46099.421275995403	24.036933333333302	1e+06	28.6604666666667	8873505.84013744	28.764233333333301	99599.9128555302	29.036583333333301	131370.323679066	29.43215	28611.0069409871	30.0157666666667	80529.2084272191	30.2167833333333	4153.5916404337	31.085733333333302	60696.6203791216	42.796983333333301	160068.520096985	43.023949999999999	17069.9268632054	6	26031610
081_2_A_3-6	26031611_081_2_A_3-6.D	Sample	46099.473874027797	24.0368833333333	1e+06	28.653949999999998	8312277.70938438	28.7641833333333	103255.143253168	29.030049999999999	8426.28831843831	29.432099999999998	1310.3424042423	30.009233333333299	64671.3630885775	30.216733333333298	4425.7068907439	31.0856833333333	65707.9311194412	42.7969333333333	178359.592268034	43.023899999999998	18909.7738529132	6	26031611
081_2_A_AH	26031612_081_2_A_AH.D	Sample	46099.526451967598	24.049966666666698	1e+06	28.68	8419790.43489587	28.790233333333301	127777.925344024	29.049616666666701	48715.5954681503	29.4516666666667	5136.7519451996	30.061216666666699	212028.097194723	30.281700000000001	12293.5141649437	31.098766666666702	8435.17341997998	42.790566666666699	10391.9356236196	43.024016666666697	3616.33772509827	6	26031612
081_2_A_BL	26031613_081_2_A_BL.D	Sample	46099.579021400503	24.037033333333301	1e+06	28.6605666666667	8180793.99234859	28.7708166666667	21068.2290649795	29.036683333333301	66129.676334753	29.4387333333333	15746.3242811367	30.0158666666667	38230.4192030451	30.236333333333299	1682.89020199282	31.085833333333301	3632.5426284161	42.790599999999998	19764.8866552352	43.024050000000003	3213.65944994581	6	26031613
QC6c	26031614_QC6c.D	QC	46099.631615983802	24.036899999999999	1e+06	28.666933333333301	8672288.72961725	28.777166666666702	304927.244805389	29.043050000000001	220529.774348101	29.438600000000001	40535.3776877877	30.015733333333301	188944.965832053	30.22325	7351.93317532397	31.085699999999999	99702.4549624256	42.803449999999998	389433.457008437	43.0239166666667	34437.8292253783	6	26031614
219_3_A_AH	26031615_219_3_A_AH.D	Sample	46099.684189409702	24.037099999999999	1e+06	28.667116666666701	5245089.17690001	28.783850000000001	641350.015878507	29.036750000000001	95174.5920672389	29.4517666666667	5582.70307885827	30.0289	298388.471195323	30.2364	25835.3686159147	31.085899999999999	76300.9805050996	42.790666666666702	47988.7414734648	43.0241166666667	11853.7423838326	6	26031615
219_3_A_0-3	26031616_219_3_A_0-3.D	Sample	46099.736778564802	24.036950000000001	1e+06	28.660499999999999	9143934.08987787	28.764250000000001	85740.5917084627	29.0366	206384.152375351	29.438649999999999	38862.9800708199	30.0093	53443.6617288026	30.216799999999999	2861.50397911178	31.085750000000001	29146.0149864713	42.796999999999997	274719.086297092	43.023966666666702	25217.1847655639	6	26031616
219_3_A_3-6	26031617_219_3_A_3-6.D	Sample	46099.789368634301	24.043500000000002	1e+06	28.6605666666667	8436872.13440009	28.770800000000001	377140.03653673	29.036666666666701	25640.2115291121	29.432233333333301	3268.14525848545	30.01585	164503.795087356	30.223366666666699	7566.88413546359	31.085816666666702	131421.793925257	42.803550000000001	785798.688288175	43.0240333333333	78008.3866942493	6	26031617
219_3_A_BL	26031618_219_3_A_BL.D	Sample	46099.841942766201	24.0500333333333	1e+06	28.673583333333301	9202469.98336894	28.777333333333299	166197.897193315	29.043199999999999	34413.6772236836	29.458216666666701	1925.93371020977	30.022383333333298	105500.816881292	30.229883333333301	7211.37996779565	31.0858666666667	20595.1658934375	42.790633333333297	30929.993643358	43.017600000000002	5723.07070009259	6	26031618
016_2_A_0-3	26031619_016_2_A_0-3.D	Sample	46099.894513125	24.036999999999999	1e+06	28.667033333333301	9108313.84858957	28.764299999999999	54297.4803844988	29.036650000000002	112331.70510224	29.438700000000001	20603.4489063572	30.015833333333301	43937.314179424	30.2298333333333	2224.43123886573	31.085799999999999	7211.22177976368	42.797049999999999	140619.87470231	43.024016666666697	15890.587247513	6	26031619
QC6d	26031620_QC6d.D	QC	46099.947129768501	24.037099999999999	1e+06	28.661816666666699	9236532.21977341	28.770883333333298	310540.297733768	29.043233333333301	223245.373081772	29.438800000000001	40927.956404807	30.015933333333301	190383.949830285	30.22345	7020.97461128015	31.085899999999999	100676.735407994	42.803633333333302	392714.895436448	43.0241166666667	34513.2738823205	6	26031620
016_2_A_AH	26031621_016_2_A_AH.D	Sample	46099.999716388898	24.04345	1e+06	28.673483333333301	9277019.88275888	28.783733333333299	181205.548691213	29.043116666666702	49037.8091549489	29.451650000000001	2866.9673225614	30.022300000000001	95848.0061375774	30.236283333333301	9192.47988379837	31.0857666666667	18690.7879920421	42.790550000000003	26236.3651943918	43.017499999999998	4956.79059446708	6	26031621
016_2_A_3-6	26031622_016_2_A_3-6.D	Sample	46100.052281493103	24.04355	1e+06	28.673583333333301	10844882.5947417	28.783816666666699	396345.552920916	29.043199999999999	118880.5348068	29.445250000000001	21299.5437404618	30.022383333333298	294049.298381357	30.216916666666702	8314.88348705669	31.0858666666667	120908.450602959	42.810083333333303	825321.106923881	43.030566666666701	108425.535793391	6	26031622
016_2_A_BL	26031623_016_2_A_BL.D	Sample	46100.104866504596	24.049983333333302	1e+06	28.6735333333333	8285794.39703961	28.79025	187659.007073692	29.043150000000001	67407.2378134626	29.464649999999999	3218.32802023612	30.0288166666667	125537.930751807	30.223366666666699	9078.25727729399	31.085816666666702	16719.9391391395	42.797066666666701	39803.5186041679	43.0240333333333	7168.00356978586	6	26031623
178_3_B_3-6	26031624_178_3_B_3-6.D	Sample	46100.157449143502	24.0370833333333	1e+06	28.660616666666701	9327239.29252217	28.770866666666699	32251.3383496363	29.036733333333299	12494.4493835938	29.432300000000001	977.088901626242	30.009433333333298	52676.3031448738	30.190999999999999	701.921555843938	31.0858833333333	2083.82702732794	42.790649999999999	8771.80984669054	43.024099999999997	1588.23598311968	6	26031624
178_3_B_0-3	26031625_178_3_B_0-3.D	Sample	46100.210007187503	24.0370666666667	1e+06	28.660616666666701	9151029.04922315	28.7578833333333	13100.3213463927	29.030249999999999	4689.68082830301	29.445266666666701	312.140929927765	30.009416666666699	18758.4795191635	30.203966666666702	281.909513438241	31.0858666666667	996.052347657328	42.784149999999997	2381.8750743048	43.024083333333301	570.331116841093	6	26031625
QC6e	26031626_QC6e.D	QC	46100.2626097338	24.043416666666701	1e+06	28.66695	9776285.01600324	28.777200000000001	314963.852349472	29.0430666666667	232488.085823361	29.4386333333333	43240.8562652231	30.0157666666667	193280.217004461	30.223266666666699	7077.33956360419	31.085733333333302	102468.725504505	42.796983333333301	412615.39320763	43.023949999999999	36071.248143076	6	26031626
178_3_B_BL	26031627_178_3_B_BL.D	Sample	46100.315188217603	24.049966666666698	1e+06	28.673500000000001	9331195.17310043	28.783750000000001	124903.095958166	29.043133333333301	46184.5201486891	29.4516666666667	3703.62495177609	30.022316666666701	153382.363208659	30.203883333333302	2979.41761048368	31.085799999999999	6886.39806459225	42.790566666666699	26378.6189755924	43.030500000000004	7238.60958994177	6	26031627
178_3_B_AH	26031628_178_3_B_AH.D	Sample	46100.367763993097	24.056533333333299	1e+06	28.693049999999999	7109596.64131725	28.803283333333301	605363.660232739	29.056183333333301	193021.68030767	29.4582333333333	12127.6819175481	30.04185	567318.57585313	30.229900000000001	15434.1864766562	31.09235	23149.4301213375	42.797133333333299	76089.9727167705	43.037066666666703	26922.7531927566	6	26031628
196_3_A_BL	26031629_196_3_A_BL.D	Sample	46100.420359305601	24.043383333333299	1e+06	28.673400000000001	9885430.24711099	28.777166666666702	95134.2957006449	29.036549999999998	15748.530048554	29.445083333333301	1657.03872381315	30.015733333333301	80626.3225096094	30.216750000000001	2380.93212426951	31.085699999999999	15334.1010156863	42.790466666666703	12670.2668232015	43.0239166666667	2311.10673820686	6	26031629
196_3_A_3-6	26031630_196_3_A_3-6.D	Sample	46100.472970335599	24.037016666666698	1e+06	28.66705	9305139.87825427	28.770800000000001	404255.155015657	29.036683333333301	74018.4653123698	29.4387333333333	13816.1578392996	30.0158666666667	202757.625585948	30.2168833333333	8046.25965032807	31.085816666666702	145593.841716001	42.803566666666697	1177885.7065771	43.030533333333302	218345.891153767	6	26031630
196_3_A_AH	26031631_196_3_A_AH.D	Sample	46100.525553159699	24.049983333333302	1e+06	28.680016666666699	7481593.10497089	28.803233333333299	930092.157964643	29.04965	126451.384442705	29.464666666666702	9544.93547080887	30.035316666666699	431055.398562559	30.236333333333299	25696.3203387882	31.092300000000002	209887.193690517	42.790583333333302	57858.8894481316	43.0240333333333	9598.734953135	6	26031631
QC6f	26031632_QC6f.D	QC	46100.578147384302	24.043616666666701	1e+06	28.667166666666699	10060077.4802342	28.7774	313542.406029104	29.043283333333299	234643.171281743	29.438833333333299	42687.8824618619	30.015966666666699	193911.471003768	30.223483333333299	7125.36983974678	31.085933333333301	103799.894263695	42.797199999999997	421381.420219836	43.024149999999999	37134.2150219958	6	26031632
196_3_A_0-3	26031633_196_3_A_0-3.D	Sample	46100.630732743099	24.043383333333299	1e+06	28.660450000000001	9322750.98825168	28.764199999999999	93693.2741960585	29.049516666666701	695623.181282149	29.438600000000001	113996.576422089	30.015733333333301	81376.8476118973	30.223233333333301	2169.55618939434	31.085699999999999	26323.0146121204	42.796950000000002	197255.785280761	43.017433333333301	19832.8291651697	6	26031633
161_3_A_AH	26031634_161_3_A_AH.D	Sample	46100.683320995398	24.043600000000001	1e+06	28.673633333333299	8822825.68464713	28.7838833333333	135208.401646656	29.0432666666667	37495.347445784	29.445316666666699	2859.82110848112	30.022449999999999	156456.580579757	30.229949999999999	4039.82483888512	31.085916666666702	18450.7283573353	42.790700000000001	34676.8796636569	43.024133333333303	6439.2072788679	6	26031634
161_3_A_BL	26031635_161_3_A_BL.D	Sample	46100.735888993098	24.036916666666698	1e+06	28.66695	9278993.03632848	28.764216666666702	42637.2911823805	29.030083333333302	11996.0784132298	29.4386166666667	856.700495262491	30.015750000000001	46116.9221685341	30.223266666666699	978.946651276469	31.085716666666698	4306.39222122143	42.790483333333299	10135.716954505	43.023933333333297	1692.50239262766	6	26031635
161_3_A_0-3	26031636_161_3_A_0-3.D	Sample	46100.788449942098	24.0370666666667	1e+06	28.660599999999999	9388056.86028179	28.7643666666667	59575.2978394694	29.036716666666699	123182.386685078	29.432283333333299	25014.7583791045	30.009416666666699	41234.9143560676	30.216916666666702	1835.51899619555	31.0793833333333	19333.3713925243	42.790633333333297	134692.334211198	43.017600000000002	14663.4080596842	6	26031636
161_3_A_3-6	26031637_161_3_A_3-6.D	Sample	46100.841027696799	24.037133333333301	1e+06	28.6606666666667	9167990.71648537	28.764433333333301	170753.064661994	29.0303	14174.2417842214	29.43235	2408.24838511071	30.0094833333333	78309.4532114725	30.223466666666699	3925.46049792837	31.085933333333301	57666.3406890301	42.8036666666667	461735.154261708	43.024149999999999	39292.6192170391	6	26031637
QC6g	26031638_QC6g.D	QC	46100.893627523103	24.0436333333333	1e+06	28.667183333333298	9749626.22385773	28.7709333333333	310947.281609713	29.043283333333299	231502.637373853	29.438849999999999	43032.9931223168	30.015983333333299	193048.036808529	30.223483333333299	7217.4366425838	31.08595	103563.933682078	42.797199999999997	399250.442994557	43.024166666666702	34546.7732466412	6	26031638
046_1_B_3-6	26031639_046_1_B_3-6.D	Sample	46100.946209803202	24.04345	1e+06	28.667000000000002	9539144.56208426	28.777233333333299	72095.0520741943	29.036616666666699	19602.6229195923	29.458116666666701	1240.71397929596	30.015799999999999	66225.1247789003	30.236283333333301	4551.71149285619	31.0857666666667	5835.43985562903	42.7905333333333	16031.4495638255	43.023983333333298	2833.67728663544	6	26031639
046_1_B_BL	26031640_046_1_B_BL.D	Sample	46100.9987778125	24.050149999999999	1e+06	28.6801833333333	8708395.34295029	28.790416666666701	229924.381339946	29.036833333333298	61637.7262381289	29.45185	2901.51992792556	30.028983333333301	151172.62315094	30.2364833333333	18586.3672644958	31.085983333333299	28906.4720422326	42.790750000000003	39831.9797807741	43.0242	7062.90498269447	6	26031640
046_1_B_0-3	26031641_046_1_B_0-3.D	Sample	46101.0513930093	24.043533333333301	1e+06	28.667083333333299	9554903.80249092	28.7773166666667	70141.5924764369	29.036716666666699	16672.395909995	29.445233333333299	705.51581964519	30.015883333333299	54886.8242998088	30.236366666666701	4924.8227848012	31.085850000000001	7730.66997774088	42.7906166666667	13622.9317909684	43.017583333333299	2466.76361153798	6	26031641
046_1_B_AH	26031642_046_1_B_AH.D	Sample	46101.103942013899	24.049949999999999	1e+06	28.673500000000001	9403668.08796749	28.783733333333299	204613.135635818	29.036633333333299	37187.1580040682	29.445166666666701	1626.11448300034	30.022300000000001	106007.205817234	30.2427833333333	22153.8333448315	31.0857833333333	29618.705507364	42.790550000000003	22240.1060635579	43.030483333333301	5411.00584654129	6	26031642
175_3_A_0-3	26031643_175_3_A_0-3.D	Sample	46101.1565398495	24.036950000000001	1e+06	28.666966666666699	9350254.70285137	28.7707333333333	155753.445248042	29.0430833333333	320493.260413358	29.438649999999999	54989.6169728463	30.0157833333333	107361.398074575	30.223283333333299	3982.92676288815	31.085750000000001	48153.5527284971	42.796999999999997	338569.049052287	43.023966666666702	29677.2054043995	6	26031643
QC6h	26031644_QC6h.D	QC	46101.209118171297	24.036916666666698	1e+06	28.66695	9635159.37785643	28.770716666666701	290528.196742278	29.0430666666667	221352.49255583	29.4386333333333	41097.956326895	30.0157666666667	185059.907746712	30.2167833333333	6811.64224007927	31.085716666666698	97907.4297113883	42.796983333333301	391101.191960142	43.023949999999999	34273.7518021533	6	26031644
175_3_A_3-6	26031645_175_3_A_3-6.D	Sample	46101.261719618102	24.0499333333333	1e+06	28.673483333333301	8444203.73448112	28.803166666666701	1461887.18005076	29.056066666666698	293287.360998725	29.451633333333302	42116.2549368946	30.035250000000001	1146446.0075183	30.229800000000001	31215.6849229708	31.105216666666699	1013672.32177352	42.8035	1231968.83619957	43.030466666666698	211197.76461429	6	26031645
175_3_A_AH	26031646_175_3_A_AH.D	Sample	46101.314310578702	24.056483333333301	1e+06	28.699483333333301	5800718.34533338	28.816199999999998	765505.432180983	29.062616666666699	190983.045319971	29.471150000000002	8468.52960376905	30.041799999999999	545689.848692445	30.255783333333301	52094.2869536476	31.098800000000001	171086.129610284	42.803566666666697	744300.599956912	43.0240333333333	90156.1976626779	6	26031646
175_3_A_BL	26031647_175_3_A_BL.D	Sample	46101.3668753241	24.049949999999999	1e+06	28.673500000000001	5613038.19822497	28.796700000000001	386858.832407689	29.043116666666702	101111.706711291	29.4646333333333	5599.4612904874	30.028783333333301	259635.891630187	30.2363	14851.7373744131	31.092266666666699	44207.9305267192	42.803516666666702	612327.599205356	43.024000000000001	64261.7459783731	6	26031647
Blank6b	26031648_Blank6b.D	Blank	46101.419470983798	24.01745	1e+06	28.653966666666701	8709317.14804237	28.855	0	29.030083333333302	95.5217458101525	29.140316666666699	0	30.009266666666701	267.761973161077	29.911999999999999	0	31.176500000000001	0	42.777516666666699	155.486906489013	42.777516666666699	0	6	26031648
Std_0_2	26031649_Std_0.D	Std	46101.4720431366	24.036899999999999	1e+06	28.666933333333301	9118923.65791688	28.770700000000001	306734.294932116	29.043050000000001	221170.297791661	29.4386166666667	40681.6876598021	30.015750000000001	185710.390394298	30.22325	7030.4254048879	31.085699999999999	100690.997540599	42.796966666666698	399005.13396244	43.0239166666667	34322.9646525975	6	26031649
Std_1_2	26031650_Std_1.D	Std	46101.524604814796	24.0370666666667	1e+06	28.660616666666701	8751796.01567792	28.770849999999999	496643.044911526	29.043199999999999	499527.869400424	29.438766666666702	87851.5164209673	30.015899999999998	244558.663004949	30.216933333333301	10672.4565421046	31.0858666666667	232404.948354314	42.803600000000003	598444.201077599	43.024083333333301	51966.9875058691	6	26031650
Std_2_2	26031651_Std_2.D	Std	46101.577174432903	24.037050000000001	1e+06	28.660599999999999	8752735.99434886	28.777333333333299	625627.27816952	29.049683333333299	611634.822140704	29.438766666666702	110089.431549656	30.015899999999998	283856.984551709	30.223400000000002	12008.5361309145	31.09235	296869.021136905	42.800449999999998	701309.803074632	43.024066666666698	64242.7303048564	6	26031651
Std_3_2	26031652_Std_3.D	Std	46101.629734652801	24.036999999999999	1e+06	28.660550000000001	8735564.47268169	28.777266666666701	681985.667674415	29.049633333333301	619282.736392264	29.438700000000001	112960.98954586	30.015833333333301	297839.775756947	30.2298333333333	12573.0995086109	31.092283333333299	310865.424126813	42.803550000000001	770831.67008081	43.024016666666697	73283.0314102816	6	26031652
Std_4_2	26031653_Std_4.D	Std	46101.6822941551	24.043399999999998	1e+06	28.66695	9241830.71774713	28.783666666666701	1057457.35264401	29.0560166666667	996961.434168661	29.4451	198164.988950181	30.0222333333333	426295.87938594	30.22325	17512.3215153079	31.092199999999998	475776.341718257	42.809933333333298	957168.725080848	43.030416666666703	125948.480866746	6	26031653
Std_5_2	26031654_Std_5.D	Std	46101.734871562498	24.037116666666702	1e+06	28.667149999999999	8705503.66131167	28.7838666666667	1266059.13017035	29.0562166666667	1200402.5563529	29.4453	251908.017094316	30.01595	485969.115258931	30.223466666666699	20315.6196196201	31.098883333333301	601118.171131333	42.810133333333297	1061194.66633055	43.030616666666702	147082.08070395	6	26031654
QC6i	26031655_QC6i.D	QC	46101.7874766319	24.037133333333301	1e+06	28.657916666666701	8751266.56861054	28.7709166666667	297281.97405159	29.043283333333299	215429.030190749	29.438833333333299	41054.9012506127	30.015966666666699	183766.077119325	30.223483333333299	6650.31393785176	31.085933333333301	98371.3211387122	42.797199999999997	377820.412211757	43.024149999999999	33196.7903642675	6	26031655
QC7a	26031801_QC7a.D	QC	46101.840043368102	24.0369666666667	1e+06	28.660516666666702	8505308.3672264	28.77075	259093.585585335	29.043099999999999	192093.761591981	29.432183333333299	34798.4010896553	30.015799999999999	162496.555216635	30.223299999999998	6488.64252208236	31.0857666666667	90613.4365219171	42.7970166666667	328539.919372087	43.023983333333298	29350.67342411	7	26031801
Std_0_1	26031802_Std_0.D	Std	46101.8926374074	24.0436333333333	1e+06	28.660699999999999	9324463.07685377	28.7709333333333	276605.010352536	29.043283333333299	209289.42034265	29.438849999999999	39899.4158383222	30.015983333333299	174719.262515641	30.229983333333301	6859.88597982937	31.08595	97577.6591613895	42.797199999999997	376667.357438917	43.024166666666702	32908.9985183819	7	26031802
Std_1_1	26031803_Std_1.D	Std	46101.945236504602	24.037099999999999	1e+06	28.6671333333333	9475586.22107682	28.777366666666701	554074.331932027	29.049716666666701	541028.985814009	29.438800000000001	97719.7593074559	30.015933333333301	259645.072070673	30.22345	11235.1110444919	31.092383333333299	232201.271958036	42.803633333333302	612543.650143544	43.0306	57046.3947033277	7	26031803
Std_2_1	26031804_Std_2.D	Std	46101.997806493098	24.03715	1e+06	28.660683333333299	8240426.84797625	28.777416666666699	633772.555897787	29.043283333333299	595993.889362296	29.438849999999999	107086.963821641	30.015983333333299	276431.54699147	30.223483333333299	12047.8053871667	31.0924333333333	271649.94349165	42.801566666666702	661597.530566634	43.024166666666702	58744.9719568137	7	26031804
Std_3_1	26031805_Std_3.D	Std	46102.050422048596	24.0369666666667	1e+06	28.660499999999999	8229672.28512093	28.777233333333299	632215.946164043	29.043099999999999	582821.464347207	29.438666666666698	105137.356388012	30.015799999999999	265702.969733363	30.223299999999998	11817.2246501695	31.0857666666667	296596.016409981	42.8035	714459.802317132	43.023983333333298	65301.3689219043	7	26031805
Std_4_1	26031806_Std_4.D	Std	46102.102980833297	24.03715	1e+06	28.660699999999999	8356136.62960458	28.783899999999999	986991.225207205	29.049783333333298	960258.683787107	29.438849999999999	176004.915302434	30.015983333333299	387953.412153327	30.223500000000001	16963.5168884658	31.0924333333333	464187.436759568	42.805033333333299	916215.938382508	43.024166666666702	99824.4529886085	7	26031806
Std_5_1	26031807_Std_5.D	Std	46102.155560046303	24.037016666666698	1e+06	28.6605666666667	8633805.12603006	28.7837666666667	1255756.00569624	29.0561333333333	1212376.67854619	29.4452	253578.708453712	30.01585	471105.951139028	30.223366666666699	22558.3119126115	31.098783333333301	630396.458201231	42.808066666666697	1063707.53086298	43.030516666666699	147962.639353191	7	26031807
QC7b	26031808_QC7b.D	QC	46102.208140162002	24.0369666666667	1e+06	28.667000000000002	9085394.18646052	28.77075	275577.692233759	29.043099999999999	208493.332244701	29.438666666666698	39857.0439335177	30.015799999999999	171767.478113924	30.223316666666701	6656.31311683589	31.0857666666667	97229.278530652	42.8035	359058.211782595	43.023983333333298	31214.8184658849	7	26031808
Blank7a	26031809_Blank7a.D	Blank	46102.2607164699	24.017566666666699	1e+06	28.647600000000001	6566152.6011042	28.855116666666699	0	29.030200000000001	461.642566077941	29.153400000000001	0	29.996400000000001	561.477151208821	29.769449999999999	0	31.079350000000002	237.554172552564	42.797083333333298	255.806257390425	43.030533333333302	0	7	26031809
064_2_A_0-3	26031810_064_2_A_0-3.D	Sample	46102.313294224499	24.036899999999999	1e+06	28.660450000000001	8885412.29170274	28.764199999999999	100233.095533085	29.036549999999998	71615.7646016006	29.432116666666701	13295.3215835012	30.015733333333301	48618.4098142918	30.2297166666667	11373.0089966399	31.085699999999999	25078.5253556395	42.796950000000002	196607.281813641	43.017433333333301	20254.6938213008	7	26031810
064_2_A_BL	26031811_064_2_A_BL.D	Sample	46102.365859155099	24.056466666666701	1e+06	28.68	7400677.44250234	28.7967333333333	1005401.42912687	29.049633333333301	142517.202141727	29.477616666666702	10380.1885929327	30.035299999999999	371423.932079038	30.249283333333299	172584.649933111	31.092283333333299	223802.415698587	42.797066666666701	68716.8280859304	43.036999999999999	25845.8243466528	7	26031811
064_2_A_3-6	26031812_064_2_A_3-6.D	Sample	46102.418445601797	24.043516666666701	1e+06	28.66705	8435329.92779868	28.7837833333333	472847.749940513	29.036683333333301	44767.7549165064	29.445216666666699	4162.86337057059	30.022349999999999	256318.041281685	30.236333333333299	27286.428508818	31.085833333333301	144432.387437017	42.810049999999997	985291.463123331	43.024050000000003	114088.509216893	7	26031812
064_2_A_AH	26031813_064_2_A_AH.D	Sample	46102.4710054514	24.049949999999999	1e+06	28.679983333333301	8129875.09207196	28.796700000000001	1069665.49622163	29.049600000000002	110687.009873471	29.4711	12697.5950377239	30.035266666666701	299358.378698462	30.249266666666699	165844.710187236	31.092266666666699	311393.225777625	42.797033333333303	48889.7069735331	43.030483333333301	15500.0382994481	7	26031813
QC7c	26031814_QC7c.D	QC	46102.523588286997	24.0436333333333	1e+06	28.660683333333299	9325863.69654545	28.777416666666699	275070.29819522	29.043283333333299	206472.877723153	29.438849999999999	38861.2127812657	30.015983333333299	172493.022296502	30.223483333333299	6723.36079176913	31.08595	96722.7387765368	42.803683333333304	354783.154184544	43.017683333333302	31550.5248545788	7	26031814
163_3_A_3-6	26031815_163_3_A_3-6.D	Sample	46102.576173831003	24.036950000000001	1e+06	28.660499999999999	8970307.95499993	28.7642666666667	128719.167629348	29.0301333333333	7158.77996822941	29.445150000000002	754.219682419722	30.009316666666699	94189.6710934262	30.216816666666698	4054.03496608029	31.0857666666667	52997.0774809854	42.7970166666667	305137.280068948	43.023983333333298	28086.4569401618	7	26031815
163_3_A_BL	26031816_163_3_A_BL.D	Sample	46102.628744895803	24.056383333333301	1e+06	28.705866666666701	6729415.84910489	28.829083333333301	481242.922652382	29.081983333333302	178693.5525977	29.484033333333301	7923.84723984016	30.054683333333301	583942.970750262	30.262183333333301	32515.807068267	31.105183333333301	60047.4563593266	42.796983333333301	126096.881038866	43.023949999999999	20123.2177859646	7	26031816
163_3_A_AH	26031817_163_3_A_AH.D	Sample	46102.681347974503	24.043500000000002	1e+06	28.6735166666667	8361504.79986691	28.79025	189977.385634273	29.043150000000001	46560.2467040102	29.471133333333299	3899.11199851391	30.0288166666667	157907.334870314	30.236316666666699	9399.87715393323	31.085816666666702	15008.3605930495	42.790583333333302	23556.3050686445	43.0240333333333	4520.59789082941	7	26031817
163_3_A_0-3	26031818_163_3_A_0-3.D	Sample	46102.733938946803	24.037116666666702	1e+06	28.6606666666667	8935936.87301032	28.770900000000001	125668.833173279	29.036766666666701	130452.210672126	29.4388166666667	25269.156754357	30.01595	114478.370409856	30.22345	3591.9196116556	31.085916666666702	39654.989229642	42.797166666666698	235265.221728193	43.017650000000003	22063.3628164874	7	26031818
193_3_A_3-6	26031819_193_3_A_3-6.D	Sample	46102.786527916702	24.030449999999998	1e+06	28.654	7536339.07884996	28.757750000000001	66912.8104186144	29.0301166666667	6371.84831054546	29.4256666666667	1266.71750697848	30.0092833333333	50673.5452254651	30.216799999999999	2379.10544165041	31.079249999999998	33214.0780446783	42.790516666666697	179025.750248363	43.023949999999999	18440.8567156275	7	26031819
QC7d	26031820_QC7d.D	QC	46102.839087789398	24.037116666666702	1e+06	28.6606666666667	8181694.6984662	28.770900000000001	250030.503155789	29.036766666666701	182728.367719186	29.4388166666667	34275.8388462352	30.01595	157029.714397901	30.22345	6419.41228988056	31.085916666666702	88225.7541417025	42.797166666666698	287197.921531692	43.024133333333303	26314.2653105575	7	26031820
193_3_A_BL	26031821_193_3_A_BL.D	Sample	46102.891672418998	24.049966666666698	1e+06	28.68	7777849.57401997	28.7967166666667	366351.421306167	29.043133333333301	83390.3378615974	29.477599999999999	6197.51301670858	30.0288	262346.796292312	30.236316666666699	10140.8139754425	31.092283333333299	69693.7922202906	42.797049999999999	38565.814734265	43.017533333333297	7419.41480141505	7	26031821
193_3_A_0-3	26031823_193_3_A_0-3.D	Sample	46102.996812210702	24.037116666666702	1e+06	28.6671333333333	9962216.6419583	28.764416666666701	78682.708020294	29.036766666666701	118441.949724376	29.4323333333333	24226.2315033227	30.0094666666667	60896.2106475499	30.2169666666667	2896.34843675232	31.085916666666702	29795.8953337767	42.797166666666698	225976.699532528	43.024133333333303	24101.0579477354	7	26031823
086_3_A_AH	26031824_086_3_A_AH.D	Sample	46103.049389432897	24.0500166666667	1e+06	28.673566666666702	7438038.87582089	28.783799999999999	246623.458354083	29.043199999999999	50220.4025745736	29.464700000000001	3272.2317873625	30.022366666666699	146520.665276673	30.242850000000001	10280.335560323	31.085850000000001	46746.1871966624	42.7906166666667	17314.1974322025	43.024066666666698	5195.47118598689	7	26031824
086_3_A_0-3	26031825_086_3_A_0-3.D	Sample	46103.101935729203	24.036933333333302	1e+06	28.66695	9907026.94485124	28.770716666666701	115700.39785607	29.0430666666667	358016.30829343	29.4386333333333	61396.1508369192	30.0092833333333	79895.4885680461	30.2167833333333	3427.2041068108	31.079249999999998	35572.7286829028	42.796983333333301	174496.16127817	43.023949999999999	18573.6409282233	7	26031825
QC7e	26031826_QC7e.D	QC	46103.154506064799	24.043616666666701	1e+06	28.667149999999999	10388379.4458014	28.7774	306470.033511178	29.0432666666667	234345.779296745	29.445316666666699	42803.2911196144	30.015966666666699	190024.755575742	30.223466666666699	7720.50275202343	31.085933333333301	108415.122044872	42.8036666666667	399405.755420924	43.024149999999999	35894.9941779927	7	26031826
086_3_A_3-6	26031827_086_3_A_3-6.D	Sample	46103.207101921304	24.0370833333333	1e+06	28.667116666666701	10237550.3982409	28.777349999999998	496484.239725873	29.036733333333299	36294.1471906935	29.438783333333301	7376.57192502477	30.015916666666701	240920.082617571	30.223416666666701	10140.4494769022	31.0858833333333	213411.429831691	42.803616666666699	357998.766325116	43.017616666666697	31179.5075658794	7	26031827
086_3_A_BL	26031828_086_3_A_BL.D	Sample	46103.259676608803	24.0564	1e+06	28.686433333333301	9259891.93736409	28.803149999999999	319974.622736231	29.049566666666699	84680.5327728538	29.477550000000001	5693.6704222165	30.035233333333299	218856.854666304	30.242750000000001	15442.6742285244	31.0987166666667	45329.471038655	42.796999999999997	36846.7206908614	43.030450000000002	8561.90111642418	7	26031828
074_3_A_AH	26031829_074_3_A_AH.D	Sample	46103.312262152802	24.050066666666702	1e+06	28.6736166666667	9728458.68450663	28.783850000000001	298711.971972466	29.043233333333301	34381.6517987692	29.471216666666699	5315.15418993715	30.0289	110426.49282601	30.2364	17330.3766266259	31.085899999999999	55158.4534324181	42.797150000000002	17017.3090692943	43.0241166666667	2943.42442941914	7	26031829
074_3_A_0-3	26031830_074_3_A_0-3.D	Sample	46103.364842627299	24.037099999999999	1e+06	28.66065	10117026.4262081	28.757916666666699	15940.7186618746	29.036766666666701	122358.43471064	29.4323333333333	24353.8639493338	30.0094666666667	15136.389741908	30.22345	1325.49100296922	31.079416666666699	6425.7457939412	42.790683333333298	83317.2053248764	43.017633333333301	9788.26043974744	7	26031830
074_3_A_BL	26031831_074_3_A_BL.D	Sample	46103.417446794003	24.037016666666698	1e+06	28.66705	10342263.1423658	28.770800000000001	54898.4830483738	29.036666666666701	7078.50171126976	29.458166666666699	1465.88692748047	30.0093666666667	35333.0922414605	30.229849999999999	3338.00537131986	31.085816666666702	15465.3879143086	42.790583333333302	6069.21025891514	43.0240333333333	866.93767511906	7	26031831
QC7f	26031832_QC7f.D	QC	46103.470033414298	24.037099999999999	1e+06	28.6671333333333	10035567.2548101	28.777383333333301	296701.107934808	29.04325	226873.613255469	29.4388166666667	42095.3573816991	30.01595	185524.115051354	30.22345	7235.65699386363	31.085899999999999	102179.674991099	42.797166666666698	400097.479750624	43.024133333333303	35612.3809042614	7	26031832
074_3_A_3-6	26031833_074_3_A_3-6.D	Sample	46103.522625833299	24.036999999999999	1e+06	28.667033333333301	9958546.77566655	28.764299999999999	129525.418365766	29.043133333333301	73998.2711093411	29.438700000000001	15030.8611301149	30.009350000000001	92348.3005920362	30.22335	4591.30876927334	31.085799999999999	67299.4368520618	42.797049999999999	332616.847391322	43.024016666666697	29038.1073081953	7	26031833
040_2_A_BL	26031834_040_2_A_BL.D	Sample	46103.575217338002	24.049949999999999	1e+06	28.679983333333301	9253106.9449402	28.7967166666667	243386.848234626	29.043133333333301	63437.2027046904	29.4646333333333	2594.99446303513	30.0288	212622.212557165	30.223333333333301	9828.57407080742	31.092266666666699	38040.5396378778	42.797049999999999	35632.9173458544	43.024000000000001	6965.58347829325	7	26031834
040_2_A_0-3	26031835_040_2_A_0-3.D	Sample	46103.627826932898	24.043566666666699	1e+06	28.667116666666701	10185692.965544	28.777349999999998	224968.09541922	29.043216666666702	524731.977908772	29.438783333333301	90541.8445717085	30.015916666666701	190366.150318921	30.223433333333301	5151.45832055681	31.0858833333333	75193.6201538788	42.797133333333299	300040.473704918	43.024099999999997	27285.1456690419	7	26031835
040_2_A_AH	26031836_040_2_A_AH.D	Sample	46103.680414456001	24.043483333333299	1e+06	28.667016666666701	8269497.74721749	28.783750000000001	236388.272016431	29.036650000000002	34620.3351562258	29.471116666666699	3466.95246168297	30.022316666666701	139041.01484133	30.2298166666667	7241.18178077109	31.085799999999999	39307.0571796554	42.790566666666699	14463.4445276218	43.024016666666697	3660.0672198576	7	26031836
040_2_A_3-6	26031837_040_2_A_3-6.D	Sample	46103.732984629598	24.036916666666698	1e+06	28.6604666666667	9966959.20736051	28.764216666666702	207511.592290398	29.030083333333302	11768.7974767676	29.432133333333301	2096.69144327745	30.015750000000001	135766.043252252	30.2167833333333	5987.5305502673	31.085716666666698	110018.702050958	42.796983333333301	427261.92821781	43.023933333333297	37937.7005177965	7	26031837
QC7g	26031838_QC7g.D	QC	46103.785566550898	24.043466666666699	1e+06	28.667016666666701	10365865.2507857	28.777249999999999	305298.323767462	29.043116666666702	234250.195809866	29.438683333333302	43062.8858160807	30.015816666666701	188498.023252925	30.223333333333301	7367.88458888326	31.0857833333333	106871.493697702	42.803516666666702	410887.165021462	43.024000000000001	36207.6015192595	7	26031838
008_1_A_0-3	26031839_008_1_A_0-3.D	Sample	46103.838137986102	24.043466666666699	1e+06	28.667016666666701	9606462.08999998	28.770766666666699	144589.244974359	29.07555	1851306.09089287	29.451650000000001	624708.148385218	30.015816666666701	176294.57236329	30.223333333333301	2608.01804824841	31.0857833333333	40825.9954666359	42.797033333333303	109434.982906068	43.024000000000001	12184.5470759686	7	26031839
008_1_A_3-6	26031840_008_1_A_3-6.D	Sample	46103.890717372698	24.049949999999999	1e+06	28.679983333333301	9385901.60515909	28.81615	1944360.73240532	29.056083333333302	292467.031935085	29.458133333333301	38223.692223807	30.0482333333333	1785862.6944182	30.236283333333301	32713.6853129972	31.111716666666702	1098817.81096858	42.803516666666702	452683.944713124	43.030483333333301	44880.7115124987	7	26031840
008_1_A_BL	26031841_008_1_A_BL.D	Sample	46103.9432813889	24.050049999999999	1e+06	28.693049999999999	5988146.53132875	28.8097833333333	394174.153505397	29.0626833333333	176285.321199937	29.484183333333299	16332.713782633	30.04185	442673.813659097	30.2364	14563.4935027103	31.098849999999999	29386.4308890863	42.797133333333299	94273.085033669	43.024099999999997	13500.2011756629	7	26031841
008_1_A_AH	26031842_008_1_A_AH.D	Sample	46103.9958680208	24.0500333333333	1e+06	28.68655	6415166.56128148	28.803266666666701	558027.155649093	29.056166666666702	185993.192582645	29.4711833333333	19869.6903411848	30.041833333333301	575717.299132242	30.223416666666701	16346.2106131332	31.09235	37430.3753177029	42.797116666666703	93150.7233790454	43.030566666666701	13913.1119083599	7	26031842
216_1_B_AH	26031843_216_1_B_AH.D	Sample	46104.048456088	24.06305	1e+06	28.706050000000001	7133764.989779	28.829249999999998	779514.437255304	29.075666666666699	197198.733070252	29.484200000000001	13908.3863542276	30.048366666666698	639979.885996717	30.262366666666701	43073.7789187894	31.11185	202617.322113815	42.797166666666698	96288.2921813273	43.030616666666702	25549.2343534823	7	26031843
QC7h	26031844_QC7h.D	QC	46104.101030416699	24.043616666666701	1e+06	28.667166666666699	10029977.2132324	28.7774	293783.580583114	29.043283333333299	222022.40461405	29.438833333333299	41010.6756627786	30.015966666666699	182410.324250128	30.229966666666702	6927.24782133554	31.085933333333301	104116.521373382	42.797199999999997	402859.18852201	43.024149999999999	34540.6275724404	7	26031844
216_1_B_BL	26031845_216_1_B_BL.D	Sample	46104.153617766198	24.06305	1e+06	28.712533333333301	7796232.6003007	28.824533333333299	392696.170751567	29.069183333333299	149539.611100082	29.490683333333301	12146.5387427078	30.048366666666698	520253.979598696	30.255883333333301	27336.9595949958	31.105366666666701	134427.916145305	42.797166666666698	113738.599416852	43.024133333333303	22468.9720182876	7	26031845
216_1_B_0-3	26031846_216_1_B_0-3.D	Sample	46104.206198784697	24.037033333333301	1e+06	28.667066666666699	9922264.63349995	28.7708166666667	30725.2173711738	29.0302166666667	7471.45816177529	29.451716666666702	557.530863400783	30.0093833333333	35212.1926388139	30.223383333333299	1600.96181046185	31.079350000000002	5221.40911472537	42.784133333333301	6594.60558169607	43.011083333333303	1245.77993874542	7	26031846
216_1_B_3-6	26031847_216_1_B_3-6.D	Sample	46104.258805127298	24.0500333333333	1e+06	28.667100000000001	9897396.46489309	28.777333333333299	76952.4667953745	29.036716666666699	28013.4459101299	29.464700000000001	2604.94565703969	30.022383333333298	109689.62208516	30.2428666666667	3928.59176982836	31.09235	10420.216066106	42.790633333333297	19749.9735526734	43.017600000000002	3481.34743052944	7	26031847
Blank7b	26031848_Blank7b.D	Blank	46104.311411273098	24.0239166666667	1e+06	28.653949999999998	9651202.52099999	28.854983333333301	0	29.153266666666699	0	29.153266666666699	0	30.015733333333301	243.612956463303	29.924949999999999	0	31.157016666666699	0	41.992849999999997	131.527490638831	NA	0	7	26031848
Std_0_2	26031849_Std_0.D	Std	46104.363981273098	24.043416666666701	1e+06	28.666966666666699	10577896.9273605	28.777200000000001	292414.334376161	29.0430666666667	230283.776550119	29.4386333333333	41814.8883466016	30.0157666666667	186647.469824795	30.223283333333299	7263.80069996926	31.085733333333302	105923.951873854	42.796983333333301	400243.381544294	43.023949999999999	34959.4377054863	7	26031849
Std_1_2	26031850_Std_1.D	Std	46104.416553425901	24.043416666666701	1e+06	28.666966666666699	9908336.20358236	28.7772166666667	517730.096542521	29.049566666666699	568494.04664534	29.438649999999999	103824.805300865	30.0157833333333	272196.18670682	30.223283333333299	11930.7759215829	31.092233333333301	292319.309258185	42.803483333333297	637578.382448296	43.023949999999999	60194.5185130365	7	26031850
Std_2_2	26031851_Std_2.D	Std	46104.469128472199	24.04365	1e+06	28.667200000000001	10032811.976634	28.783916666666698	632637.70513777	29.049783333333298	653622.647033033	29.438866666666701	121643.282347607	30.015999999999998	311736.768087017	30.223500000000001	13497.4754368974	31.092449999999999	346306.906007411	42.803699999999999	705538.561795077	43.024183333333298	72982.4182072485	7	26031851
Std_3_2	26031852_Std_3.D	Std	46104.5216914005	24.043666666666699	1e+06	28.667200000000001	10162965.2176807	28.783933333333302	688616.303184794	29.049800000000001	678249.298476144	29.438883333333301	127948.678937941	30.022500000000001	314996.955854998	30.223516666666701	14023.6754297013	31.092466666666699	377892.104827265	42.803716666666702	764965.833321491	43.024183333333298	85405.3271662478	7	26031852
Std_4_2	26031853_Std_4.D	Std	46104.574283634298	24.043366666666699	1e+06	28.666916666666701	10713545.801092	28.790116666666702	1050309.36682385	29.055983333333302	1009367.73540994	29.445066666666701	221573.261213093	30.022200000000002	451815.452398969	30.229700000000001	20662.5270864978	31.098649999999999	539543.724169949	42.808233333333298	894543.783062325	43.030383333333297	140416.742568456	7	26031853
Std_5_2	26031854_Std_5.D	Std	46104.626878379597	24.043433333333301	1e+06	28.666983333333299	10491499.281237	28.790183333333299	1328257.79712987	29.062550000000002	1214646.63523059	29.445133333333299	300382.155912553	30.022266666666699	541413.370595148	30.223299999999998	25078.9080073489	31.0987166666667	665608.448993867	42.803483333333297	1002570.78275998	43.030450000000002	191675.040082683	7	26031854
QC7i	26031855_QC7i.D	QC	46104.679453275501	24.037050000000001	1e+06	28.667083333333299	10262360.3374843	28.7773166666667	293950.334653537	29.0431833333333	229950.420001847	29.438749999999999	43111.0062484608	30.015883333333299	183754.499080936	30.223400000000002	7447.67767084178	31.085850000000001	106792.176471826	42.7971	388457.937824387	43.024066666666698	33261.9253234153	7	26031855
QC8a	26032301_QC8a.D	QC	46104.732054907399	24.043500000000002	1e+06	28.66705	10280399.4068264	28.777283333333301	302289.803048691	29.043150000000001	235798.596014447	29.4387166666667	43341.9271529938	30.01585	188109.466106345	30.223366666666699	8813.11454822302	31.085816666666702	114049.727146716	42.797066666666701	409973.086141448	43.01755	36958.546131129	8	26032301
Std_0_1	26032302_Std_0.D	Std	46104.784626516201	24.04365	1e+06	28.667200000000001	10270855.7530275	28.777433333333299	304143.786090801	29.043299999999999	232885.074389489	29.438866666666701	42770.6019169548	30.015999999999998	188258.102669357	30.223516666666701	8452.2325110502	31.0859666666667	114445.864575838	42.797216666666699	412790.313203469	43.024183333333298	36106.7860819587	8	26032302
Std_1_1	26032303_Std_1.D	Std	46104.837206087999	24.043483333333299	1e+06	28.667033333333301	10213147.2891598	28.777266666666701	570670.376781358	29.049616666666701	568673.534317988	29.438700000000001	102919.43513995	30.015833333333301	267615.299213922	30.223333333333301	14657.1620573301	31.092283333333299	255175.668668383	42.797049999999999	647046.707311078	43.024016666666697	65005.6543025058	8	26032303
Std_2_1	26032304_Std_2.D	Std	46104.889807175903	24.043533333333301	1e+06	28.667066666666699	10334796.9573942	28.783799999999999	707816.1028837	29.049666666666699	676796.150650981	29.438749999999999	125406.029701051	30.015883333333299	317001.351302359	30.229866666666702	16693.994528018	31.092333333333301	335892.48935448	42.8035833333333	708915.002869955	43.024066666666698	77932.8755290966	8	26032304
Std_3_1	26032305_Std_3.D	Std	46104.942393275502	24.0369666666667	1e+06	28.660516666666702	9641994.41009451	28.77075	511491.703954597	29.043116666666702	514557.577863767	29.438666666666698	90995.8959944003	30.015799999999999	203599.027712566	30.223316666666701	15339.8651625359	31.09225	320791.227949222	42.7970166666667	624327.76214922	43.023983333333298	59933.5344496445	8	26032305
Std_4_1	26032306_Std_4.D	Std	46104.994981342599	24.043516666666701	1e+06	28.667066666666699	9630441.78219924	28.7837833333333	1054464.51847879	29.049883333333302	1026308.62380283	29.445216666666699	202534.151893504	30.0158666666667	430336.989786013	30.223366666666699	24965.4843587037	31.092316666666701	542291.285994892	42.810049999999997	926009.980344701	43.024050000000003	123144.371776438	8	26032306
Std_5_1	26032307_Std_5.D	Std	46105.047582245403	24.043366666666699	1e+06	28.666916666666701	10032392.46133	28.790133333333301	1322168.207991	29.054566666666702	1220283.86235645	29.445083333333301	296704.973053362	30.022216666666701	540957.524777236	30.2297166666667	32415.7597088418	31.098666666666698	687855.15136257	42.803433333333302	1009817.75257082	43.0304	184753.882176046	8	26032307
QC8b	26032308_QC8b.D	QC	46105.1001703125	24.0436333333333	1e+06	28.667183333333298	10468492.1391382	28.777416666666699	308982.118199321	29.043283333333299	237852.365743723	29.438849999999999	43269.0713864281	30.015983333333299	191118.89815807	30.223500000000001	9194.28185628545	31.08595	117763.507930205	42.797199999999997	408034.061831269	43.024166666666702	35242.2569048981	8	26032308
Blank8a	26032309_Blank8a.D	Blank	46105.152739768499	24.024183333333301	1e+06	28.654216666666699	9448081.61822359	28.855250000000002	0	29.01735	373.361754077349	29.1535333333333	0	30.009499999999999	330.756775524517	29.769583333333301	0	31.092449999999999	167.66922213977	42.797216666666699	109.914222540676	42.797216666666699	0	8	26032309
103_3_A_AH	26032310_103_3_A_AH.D	Sample	46105.205301620401	24.0499333333333	1e+06	28.686450000000001	8130425.30847417	28.796683333333299	328797.082807019	29.049583333333299	66372.3386168042	29.464600000000001	3395.09684729764	30.028766666666701	164810.623324102	30.242750000000001	11219.2586444387	31.09225	41743.4845026194	42.7905333333333	31615.6208161309	43.017483333333303	6049.81943527734	8	26032310
103_3_A_0-3	26032311_103_3_A_0-3.D	Sample	46105.257876655101	24.0370666666667	1e+06	28.667100000000001	10228341.626355	28.7643666666667	80558.9583944808	29.036716666666699	58218.6579494036	29.432283333333299	12150.3817206477	30.009416666666699	56671.841125766	30.216933333333301	2911.33346182816	31.0858666666667	34163.5980380527	42.790633333333297	131408.393622411	43.017600000000002	14149.5820840507	8	26032311
103_3_A_BL	26032312_103_3_A_BL.D	Sample	46105.310456597203	24.03715	1e+06	28.667183333333298	4339366.03199506	28.790383333333299	442078.460665444	29.043283333333299	125888.415382055	29.464783333333301	6997.2978174995	30.035433333333302	408065.116547557	30.236466666666701	16812.0214937875	31.0924333333333	51802.4378833025	42.797199999999997	97782.0167916138	43.024166666666702	16807.140840608	8	26032312
103_3_A_3-6	26032313_103_3_A_3-6.D	Sample	46105.363028530097	24.036916666666698	1e+06	28.6604666666667	9653891.94771603	28.764216666666702	78819.2031337374	29.030100000000001	5361.39689358198	29.451599999999999	727.598032134237	30.009266666666701	49877.3855390787	30.2103	3355.34996739841	31.079233333333299	37068.4377214391	42.796983333333301	256419.949104356	43.017449999999997	24216.7642727878	8	26032313
QC8c	26032314_QC8c.D	QC	46105.4156097222	24.043583333333299	1e+06	28.6671333333333	10015126.5836548	28.777383333333301	291397.334353333	29.04325	227908.791438507	29.4388166666667	41395.9772426872	30.015933333333301	184053.887843698	30.22345	8645.46638855164	31.085899999999999	112602.800040623	42.797166666666698	400203.677389937	43.017633333333301	34603.6673845998	8	26032314
091_1_A_3-6	26032315_091_1_A_3-6.D	Sample	46105.468189120402	24.049966666666698	1e+06	28.667033333333301	10196286.2500355	28.7967166666667	1161423.32989442	29.043133333333301	117768.925275021	29.445183333333301	18938.8777481603	30.022316666666701	869739.740491854	30.223333333333301	23001.2339244896	31.098766666666702	616283.679805629	42.797049999999999	162182.839466901	43.017533333333297	18066.4966363873	8	26032315
091_1_A_0-3	26032316_091_1_A_0-3.D	Sample	46105.5207889468	24.036933333333302	1e+06	28.6604833333333	9779720.88872927	28.764233333333301	177261.6598787	29.047733333333301	1179135.73244967	29.4386333333333	258430.051610781	30.0157666666667	199758.595818305	30.216799999999999	4683.70582722779	31.085733333333302	70803.8540184263	42.790500000000002	60958.8804950421	43.017466666666699	7966.26461864027	8	26032316
091_1_A_AH	26032317_091_1_A_AH.D	Sample	46105.573368333302	24.0500333333333	1e+06	28.667100000000001	6376342.90832334	28.783816666666699	653685.771644781	29.036716666666699	98786.2042405684	29.464700000000001	7762.92796740861	30.028866666666701	288915.345926802	30.236383333333301	29124.1518744263	31.09235	180393.120333824	42.790633333333297	52556.5864238558	43.024083333333301	7979.5922453988	8	26032317
091_1_A_BL	26032318_091_1_A_BL.D	Sample	46105.6259743056	24.063033333333301	1e+06	28.6865666666667	6816529.83493887	28.8097833333333	699961.919912509	29.0626833333333	161289.269940604	29.477699999999999	14227.4870027035	30.041866666666699	465432.372513257	30.2428833333333	25557.0197474229	31.098849999999999	151616.025345796	42.797150000000002	146319.741410515	43.024099999999997	19308.8856851265	8	26032318
129_3_A_0-3	26032319_129_3_A_0-3.D	Sample	46105.678583125002	24.043566666666699	1e+06	28.667116666666701	10453604.6386755	28.777349999999998	115279.962935234	29.043216666666702	295415.021428316	29.438783333333301	51694.1105398827	30.015916666666701	75386.6231689872	30.223416666666701	3503.41704295283	31.0858833333333	30124.5604198981	42.797133333333299	410760.409469793	43.024099999999997	35099.5023849636	8	26032319
QC8d	26032320_QC8d.D	QC	46105.7311632407	24.043566666666699	1e+06	28.667116666666701	9912496.28031959	28.770866666666699	297472.361666789	29.043233333333301	230037.375241531	29.432300000000001	42613.098201999	30.015916666666701	185984.359652244	30.223433333333301	8998.37122564072	31.0858833333333	111137.497666402	42.797150000000002	401785.085924759	43.024099999999997	34400.6253608055	8	26032320
129_3_A_BL	26032321_129_3_A_BL.D	Sample	46105.783756365701	24.049866666666698	1e+06	28.6799	9896664.79097448	28.790133333333301	164285.925013314	29.043033333333302	29780.4536567322	29.45805	1879.42222042014	30.022216666666701	100693.553758057	30.2297166666667	5371.50741266052	31.085699999999999	30270.6918829052	42.790466666666703	13602.6716674725	43.010950000000001	2706.63665436067	8	26032321
129_3_A_3-6	26032322_129_3_A_3-6.D	Sample	46105.836347523102	24.04365	1e+06	28.673683333333301	10673008.9138191	28.783916666666698	581279.265516151	29.043299999999999	58679.7667228161	29.438866666666701	9628.84143932412	30.022483333333302	320490.348333002	30.229983333333301	11179.6185805365	31.092449999999999	244686.82827806	42.803699999999999	992818.938661103	43.030666666666697	158592.718332918	8	26032322
129_3_A_AH	26032323_129_3_A_AH.D	Sample	46105.888906655098	24.043516666666701	1e+06	28.673549999999999	10342921.2545374	28.7773	210700.992077095	29.036683333333301	24006.1935073049	29.458183333333299	2586.72043202257	30.0158666666667	69667.7544864274	30.236350000000002	9157.06584257609	31.085833333333301	47760.1087621191	42.790599999999998	8380.99692506394	43.024050000000003	1840.23561155178	8	26032323
012_1_A_0-3	26032324_012_1_A_0-3.D	Sample	46105.9414627199	24.030416666666699	1e+06	28.660450000000001	9855239.14400006	28.757716666666699	19350.0376089795	29.036566666666701	167371.136713424	29.432133333333301	32014.4560266023	30.009266666666701	14289.7184715203	30.2167666666667	1217.24638388244	31.085716666666698	5759.26968227584	42.790483333333299	7512.76350022456	43.023933333333297	1237.48731216106	8	26032324
012_1_A_AH	26032325_012_1_A_AH.D	Sample	46105.994034872703	24.0499166666667	1e+06	28.686433333333301	9801409.82073835	28.803149999999999	632772.89688346	29.049566666666699	68932.5457996905	29.464583333333302	4953.62386154319	30.035233333333299	182521.087589317	30.242733333333302	51553.6652594175	31.092233333333301	131682.317081248	42.796999999999997	46491.6672294897	43.017483333333303	7545.50841481837	8	26032325
QC8e	26032326_QC8e.D	QC	46106.0466177083	24.043516666666701	1e+06	28.667066666666699	10401165.3875446	28.7773	297606.029161345	29.0431833333333	229135.593223876	29.4387333333333	42031.0519465209	30.0158666666667	183416.988653595	30.223383333333299	8746.44722653098	31.085833333333301	111185.235375957	42.7971	391259.433187535	43.017566666666703	33727.7898634998	8	26032326
012_1_A_BL	26032327_012_1_A_BL.D	Sample	46106.099158217599	24.063083333333299	1e+06	28.719049999999999	8031833.04409581	28.842266666666699	735267.01512849	29.0757166666667	150018.498068359	29.490733333333299	10112.9138412551	30.048400000000001	408876.967726605	30.268883333333299	48921.9658650384	31.111883333333299	258999.455751114	42.803683333333304	264031.021048918	43.030650000000001	31082.0922251686	8	26032327
012_1_A_3-6	26032328_012_1_A_3-6.D	Sample	46106.151740138899	24.037016666666698	1e+06	28.66705	10392097.9453958	28.777283333333301	533558.853843485	29.043150000000001	509739.009784003	29.4387166666667	88034.5141401237	30.01585	344657.003220107	30.22335	14884.6837861009	31.085816666666702	279016.805332704	42.790583333333302	64103.3405572071	43.0240333333333	9133.19348899566	8	26032328
034_2_B_3-6	26032329_034_2_B_3-6.D	Sample	46106.204332534697	24.043466666666699	1e+06	28.660533333333301	10175703.9345959	28.764283333333299	41301.3588836517	29.030149999999999	8429.08260816453	29.438683333333302	1137.26150533731	30.015816666666701	38521.2234997202	30.2363	3176.83910984433	31.0793	7473.26681528191	42.790550000000003	6110.21675094012	43.011033333333302	1018.50057943484	8	26032329
034_2_B_AH	26032330_034_2_B_AH.D	Sample	46106.256910127297	24.049866666666698	1e+06	28.6799	7872966.42692439	28.803100000000001	1040088.7472018	29.049516666666701	90765.3275872449	29.471016666666699	6195.07715968093	30.0351833333333	219623.195993989	30.249183333333299	96257.7976217501	31.098666666666698	453375.696067328	42.796950000000002	35451.7746995153	43.0239166666667	6621.41513604862	8	26032330
034_2_B_0-3	26032331_034_2_B_0-3.D	Sample	46106.309497835602	24.03715	1e+06	28.660699999999999	9676963.29138516	28.7579666666667	24902.4747852686	29.0238333333333	4337.21463796571	29.445333333333298	481.285177090851	30.009499999999999	19079.7223264472	30.229983333333301	1974.06179067651	31.08595	5814.11517807265	42.797199999999997	2650.63346566887	43.011200000000002	459.594930146353	8	26032331
QC8f	26032332_QC8f.D	QC	46106.362066562499	24.043566666666699	1e+06	28.667116666666701	10141233.6359069	28.770866666666699	299177.766936499	29.043233333333301	228082.266996657	29.438783333333301	42953.5364927621	30.015916666666701	183320.152531157	30.223433333333301	8728.22823676861	31.0858833333333	112628.715734029	42.797133333333299	395365.601641214	43.024099999999997	33442.6345557914	8	26032332
034_2_B_BL	26032333_034_2_B_BL.D	Sample	46106.414656805602	24.0500333333333	1e+06	28.673583333333301	10493754.4457376	28.790299999999998	306975.098395823	29.043199999999999	38884.2555836111	29.458216666666701	1928.55238915041	30.022383333333298	122182.170350301	30.236383333333301	14733.473728935	31.09235	72399.1538146102	42.797116666666703	24119.0051003582	43.024083333333301	4020.84243635328	8	26032333
134_3_A_0-3	26032334_134_3_A_0-3.D	Sample	46106.467240717597	24.045300000000001	1e+06	28.6864666666667	9603733.68790357	28.803183333333301	364794.261419217	29.075533333333301	1128413.28479531	29.458133333333301	258281.956141638	30.035266666666701	344711.346006051	30.236283333333301	11921.974845589	31.092266666666699	105203.70479615	42.816483333333302	930259.969532454	43.030483333333301	128715.42985041	8	26032334
134_3_A_3-6	26032335_134_3_A_3-6.D	Sample	46106.519849039403	24.04345	1e+06	28.667000000000002	10225683.2451414	28.783716666666699	322568.269640391	29.043099999999999	36646.6255998975	29.464600000000001	3935.05049322861	30.022283333333299	237481.826732491	30.223299999999998	8128.66258929047	31.09225	101346.698962668	42.8099833333333	829652.823857758	43.030466666666698	101271.716360944	8	26032335
134_3_A_AH	26032336_134_3_A_AH.D	Sample	46106.572439097203	24.050049999999999	1e+06	28.673583333333301	6680133.5144383	28.796800000000001	718359.839520307	29.043216666666702	161024.448063617	29.4647166666667	14393.2231584601	30.0353666666667	300480.509024479	30.2428666666667	23644.4852553136	31.098849999999999	146353.246410233	42.797133333333299	110743.467420999	43.030583333333297	21595.4878549891	8	26032336
134_3_A_BL	26032337_134_3_A_BL.D	Sample	46106.6250060069	24.0500333333333	1e+06	28.6995166666667	5474372.45736714	28.8227333333333	791097.310936566	29.06915	281029.792815814	29.484166666666699	24099.003468983	30.0483333333333	638183.825420458	30.262316666666699	30564.4660494915	31.111816666666702	150086.983207747	42.803616666666699	221918.859015951	43.030566666666701	33826.0372298708	8	26032337
QC8g	26032338_QC8g.D	QC	46106.677582870398	24.0351833333333	1e+06	28.667083333333299	10019183.8416924	28.7773166666667	296083.674719587	29.0431833333333	227355.294627873	29.438749999999999	42205.590247172	30.015883333333299	184597.438921055	30.223383333333299	8805.40762871908	31.085850000000001	111837.598780502	42.8035833333333	390647.344149284	43.024066666666698	33112.6691533511	8	26032338
140_2_B_3-6	26032339_140_2_B_3-6.D	Sample	46106.730162627297	24.030666666666701	1e+06	28.654216666666699	9334103.33950005	28.751483333333301	13461.3016151231	29.0238333333333	2551.64786518681	29.445333333333298	342.419386214454	30.003016666666699	10826.2848418046	30.2040333333333	388.28430580324	31.079466666666701	1273.12683202081	42.790716666666697	1412.67035953868	43.017683333333302	290.202620590731	8	26032339
140_2_B_0-3	26032340_140_2_B_0-3.D	Sample	46106.782740486102	24.036933333333302	1e+06	28.6604833333333	10014696.1386304	28.764233333333301	38699.6974350944	29.036583333333301	5642.10722747204	29.445116666666699	639.183721739844	30.0157666666667	24542.9985468539	30.229766666666698	1306.08151884774	31.079249999999998	3972.67344162387	42.790500000000002	3918.797767568	43.017466666666699	800.346127961043	8	26032340
140_2_B_BL	26032341_140_2_B_BL.D	Sample	46106.8353142708	24.043483333333299	1e+06	28.673500000000001	9612342.21605009	28.777266666666701	107856.81583121	29.036650000000002	19516.86772041	29.4516666666667	1242.45384763382	30.015833333333301	64060.4748883023	30.2298166666667	3399.89373758104	31.085799999999999	13269.4627624952	42.790566666666699	10629.9809724314	43.017533333333297	1761.0030798635	8	26032341
140_2_B_AH	26032342_140_2_B_AH.D	Sample	46106.887912835598	24.0499166666667	1e+06	28.679933333333299	7439966.3793679	28.796666666666699	467086.295698892	29.0430833333333	95257.392512431	29.464583333333302	4826.50196254044	30.028749999999999	225430.067036684	30.229766666666698	15942.6448849232	31.092233333333301	76812.2864766202	42.796999999999997	30178.0701331777	43.023966666666702	5419.88971764707	8	26032342
017_3_A_3-6	26032343_017_3_A_3-6.D	Sample	46106.940506469902	24.043566666666699	1e+06	28.6625333333333	10026778.4375469	28.777349999999998	302214.380906228	29.043233333333301	80040.1204738088	29.438783333333301	15023.7630607311	30.015916666666701	211741.420254632	30.216950000000001	7490.2550671733	31.092366666666699	128625.776209297	42.803633333333302	702697.178977719	43.024099999999997	67395.1376134978	8	26032343
QC8h	26032344_QC8h.D	QC	46106.993082060202	24.043566666666699	1e+06	28.667116666666701	10348514.7155728	28.777349999999998	296047.573915487	29.043216666666702	226912.136036736	29.438783333333301	43374.779569063	30.015916666666701	185195.173543326	30.223416666666701	8625.3905230564	31.0858833333333	113222.323164985	42.803616666666699	403991.642012048	43.024099999999997	34466.741994087	8	26032344
017_3_A_AH	26032345_017_3_A_AH.D	Sample	46107.0456513194	24.024166666666702	1e+06	28.654199999999999	2054746.36246118	28.7709333333333	603762.470508327	29.036799999999999	563255.135779994	29.438849999999999	97159.6652731136	30.022466666666698	389326.191727729	30.229966666666702	14482.3203850785	31.0924333333333	141878.921710275	42.790716666666697	72948.2037437417	43.024166666666702	12926.8714437218	8	26032345
017_3_A_BL	26032346_017_3_A_BL.D	Sample	46107.098258738399	24.04345	1e+06	28.667000000000002	3991420.68432035	28.790199999999999	600133.578348683	29.049583333333299	510404.731775322	29.451633333333302	67264.4979684028	30.035250000000001	474735.723501044	30.216816666666698	17886.1514063317	31.105216666666699	133093.471027246	42.7970166666667	99499.7345115676	43.023983333333298	15640.1736520228	8	26032346
017_3_A_0-3	26032347_017_3_A_0-3.D	Sample	46107.150851874998	24.0500333333333	1e+06	28.680066666666701	10161753.6292894	28.790316666666701	216125.641592874	29.056183333333301	582438.897145894	29.451750000000001	97876.4737753269	30.022383333333298	190441.609973131	30.229900000000001	7030.46767912006	31.09235	52257.2706205187	42.803616666666699	491828.04278977	43.024083333333301	43284.2139357958	8	26032347
Blank8b	26032348_Blank8b.D	Blank	46107.203432534698	24.0242	1e+06	28.654216666666699	9053271.88300012	28.855250000000002	0	29.023849999999999	181.781992531863	29.490749999999998	0	29.91225	0	29.9187333333333	0	31.163783333333299	0	42.7907333333333	0	42.7907333333333	0	8	26032348
Std_0_2	26032349_Std_0.D	Std	46107.256011562502	24.037033333333301	1e+06	28.667066666666699	9955088.60557467	28.7773	290370.868903614	29.0431833333333	224713.738040811	29.4387333333333	42135.7248487835	30.0158666666667	180935.300419829	30.223383333333299	8414.94816715253	31.092316666666701	111090.034470559	42.797083333333298	393110.136702035	43.024050000000003	33378.8506136891	8	26032349
Std_1_2	26032350_Std_1.D	Std	46107.3085902315	24.036950000000001	1e+06	28.666983333333299	9720870.58454113	28.777233333333299	487356.186470544	29.049583333333299	545615.564775938	29.438666666666698	101019.006900385	30.015799999999999	255306.667300511	30.223299999999998	13430.6957478053	31.09225	305590.642934545	42.8035	615391.238370199	43.023966666666702	55596.0665874921	8	26032350
Std_2_2	26032351_Std_2.D	Std	46107.3611457523	24.043600000000001	1e+06	28.667149999999999	9891996.62682358	28.777383333333301	624495.003563665	29.0497333333333	667547.009251324	29.4453	125857.655835008	30.01595	310626.425661342	30.229949999999999	16321.8197735277	31.092400000000001	405800.838398674	42.803649999999998	708162.555732604	43.024133333333303	72806.8983912461	8	26032351
Std_3_2	26032352_Std_3.D	Std	46107.413736713002	24.043566666666699	1e+06	28.667100000000001	9721464.83897867	28.777349999999998	666714.611387601	29.049700000000001	665305.790775984	29.438783333333301	125454.308847163	30.015916666666701	307865.119509674	30.229900000000001	17166.3176779951	31.092366666666699	391884.228157617	42.803616666666699	760270.465683805	43.024099999999997	79211.490304674	8	26032352
Std_4_2	26032353_Std_4.D	Std	46107.466304710702	24.037099999999999	1e+06	28.667116666666701	9592332.78867007	28.783850000000001	968408.766240188	29.048400000000001	970677.966453018	29.438800000000001	192824.151016367	30.015933333333301	389301.793890987	30.223433333333301	23190.2670837251	31.092383333333299	538528.994776241	42.810116666666701	878316.857562942	43.0241166666667	111372.862287504	8	26032353
Std_5_2	26032354_Std_5.D	Std	46107.518870544001	24.0349	1e+06	28.666699999999999	9615181.0668164	28.789916666666699	1238585.36177121	29.055783333333299	1190422.79275693	29.444866666666702	273386.950290605	30.021999999999998	483178.312820977	30.223016666666702	29729.1166806484	31.09845	682267.651635076	42.809699999999999	993185.080204325	43.030183333333298	152087.179360674	8	26032354
QC8i	26032355_QC8i.D	QC	46107.571463495398	24.043500000000002	1e+06	28.66705	10141970.9603122	28.777283333333301	303857.934683717	29.0431666666667	229975.264523306	29.4387166666667	42723.4115259285	30.01585	184602.326484425	30.223366666666699	8671.94697065504	31.085816666666702	115892.034059102	42.797066666666701	390299.935464613	43.0240333333333	33199.2799533071	8	26032355
QC9a	26032401_QC9a.D	QC	46107.624050115701	24.043399999999998	1e+06	28.66695	9924478.39999281	28.777183333333301	318265.357379922	29.043050000000001	245955.004135124	29.4386166666667	45850.959276665	30.015750000000001	196199.582797127	30.2167833333333	8646.99199825958	31.085716666666698	114303.383270508	42.796966666666698	412757.715006129	43.017449999999997	35435.2103037564	9	26032401
Std_0_1	26032402_Std_0.D	Std	46107.676633310199	24.043600000000001	1e+06	28.667149999999999	10160444.0077894	28.777383333333301	314428.766775892	29.04325	246531.599514417	29.4388166666667	46325.0465695706	30.01595	196244.725437652	30.22345	8850.4024943042	31.085916666666702	114616.639906068	42.797166666666698	407513.372374774	43.024133333333303	34895.9474142737	9	26032402
Std_1_1	26032403_Std_1.D	Std	46107.729235844898	24.04345	1e+06	28.667000000000002	9708917.63413309	28.777233333333299	566221.829867821	29.049600000000002	559641.245929476	29.445150000000002	103170.638258669	30.015799999999999	260547.683176699	30.229800000000001	13213.2057109965	31.09225	244961.331379446	42.803516666666702	622186.089091073	43.023983333333298	58540.9449970344	9	26032403
Std_2_1	26032404_Std_2.D	Std	46107.781800046301	24.043416666666701	1e+06	28.666966666666699	9799692.28598536	28.777200000000001	702664.386353017	29.04955	673849.648387387	29.4386333333333	125860.476269297	30.0157666666667	307179.367553219	30.223266666666699	15564.8234002956	31.092216666666701	324069.601655854	42.803466666666701	688571.636471716	43.023949999999999	69331.4178108064	9	26032404
Std_3_1	26032405_Std_3.D	Std	46107.834390289398	24.043399999999998	1e+06	28.66695	9952921.38386475	28.777200000000001	661347.260685266	29.04955	633862.527388099	29.4386166666667	120633.865263947	30.015750000000001	278647.376181027	30.223266666666699	15774.5728392498	31.092199999999998	355861.381317142	42.803466666666701	706829.316482348	43.023933333333297	74654.3160151576	9	26032405
Std_4_1	26032406_Std_4.D	Std	46107.886996793997	24.04355	1e+06	28.667100000000001	9843447.46523663	28.783816666666699	1010100.1294306	29.056183333333301	978258.947048117	29.445250000000001	200085.685974317	30.015899999999998	411680.5270426	30.223416666666701	22669.9004079889	31.09235	519246.231456763	42.810099999999998	887082.960917754	43.024083333333301	118069.177078203	9	26032406
Std_5_1	26032407_Std_5.D	Std	46107.939589027803	24.037116666666702	1e+06	28.667149999999999	9657802.28842175	28.79035	1244668.00876907	29.056233333333299	1197752.8576324	29.4453	276812.027999596	30.01595	477345.297098612	30.223466666666699	28508.3020407416	31.098883333333301	671997.29524949	42.8036666666667	988861.511321316	43.030616666666702	161110.543654083	9	26032407
QC9b	26032408_QC9b.D	QC	46107.992157581	24.036999999999999	1e+06	28.667033333333301	9663792.85176497	28.770800000000001	310640.06115924	29.043150000000001	240409.181288431	29.432216666666701	44435.6177611537	30.01585	189960.650943411	30.22335	8121.65280878502	31.085799999999999	113110.812679771	42.797066666666701	389533.107188548	43.024016666666697	32897.9303036926	9	26032408
Blank9a	26032409_Blank9a.D	Blank	46108.044761921301	24.0242166666667	1e+06	28.654250000000001	8884330.97113339	28.855266666666701	0	29.017383333333299	335.70677801868	29.140599999999999	0	30.003050000000002	405.375916987331	29.7696166666667	0	31.0665333333333	212.735136227451	42.777783333333304	89.854193422574	43.011233333333301	0	9	26032409
078_2_A_0-3	26032410_078_2_A_0-3.D	Sample	46108.097325208299	24.037116666666702	1e+06	28.6606666666667	9497197.51609205	28.757933333333298	59155.0596174208	29.036766666666701	192799.845494618	29.4323333333333	36153.5441374339	30.0094666666667	47227.3574596302	30.2169666666667	2349.13592589795	31.079433333333299	23885.49473353	42.790683333333298	76232.1283551836	43.017650000000003	8685.62708540104	9	26032410
078_2_A_3-6	26032411_078_2_A_3-6.D	Sample	46108.149885081002	24.030633333333299	1e+06	28.6606666666667	8987702.67843338	28.764416666666701	174404.84671023	29.030283333333301	47868.6740249378	29.425850000000001	10384.8189115948	30.002983333333301	127815.077192722	30.2105	7020.36836986197	31.085916666666702	126136.098184707	42.797166666666698	106316.075083179	43.024133333333303	11270.5395616961	9	26032411
078_2_A_BL	26032412_078_2_A_BL.D	Sample	46108.202485080998	24.05	1e+06	28.673549999999999	8926601.691535	28.7902666666667	218891.71736729	29.0431666666667	49787.8422777918	29.464666666666702	2429.53573219644	30.028833333333299	129489.51795714	30.236350000000002	8007.13390771242	31.085833333333301	32095.5779623409	42.790599999999998	30616.0876032112	43.024050000000003	5067.577463776	9	26032412
QC9c	26032413_QC9c.D	QC	46108.255067743099	24.043433333333301	1e+06	28.666966666666699	9899355.15334135	28.7772166666667	316503.896359996	29.0430833333333	241787.697389908	29.438649999999999	45695.2156704673	30.0157833333333	192804.037163797	30.223283333333299	8423.9214882928	31.085733333333302	113964.112261647	42.796999999999997	398988.173886088	43.023949999999999	34546.4928310832	9	26032413
115_2_A_BL	26032414_115_2_A_BL.D	Sample	46108.3076275926	24.043483333333299	1e+06	28.667033333333301	9413272.4561513	28.770783333333299	53753.6537577283	29.036650000000002	17616.6636447432	29.458166666666699	1475.76741353276	30.009350000000001	52552.8300259426	30.203900000000001	1598.46875324269	31.079316666666699	3613.27550838201	42.784083333333299	6988.39961813102	43.024016666666697	1523.10280209741	9	26032414
115_2_A_AH	26032415_115_2_A_AH.D	Sample	46108.360208252299	24.049966666666698	1e+06	28.68	10387012.1153113	28.790233333333301	187761.923267499	29.043133333333301	62841.0824050839	29.4646333333333	3789.05838378963	30.0288	143814.669928005	30.216850000000001	4558.54734133431	31.092283333333299	11956.100112969	42.790566666666699	15947.52275957	43.024016666666697	4468.76830866421	9	26032415
115_2_A_3-6	26032416_115_2_A_3-6.D	Sample	46108.412799039397	24.037133333333301	1e+06	28.660683333333299	9676680.70795833	28.764433333333301	106960.943118102	29.0303166666667	8401.13949021233	29.451816666666701	1022.03077255302	30.003	65301.9719149203	30.216999999999999	2705.76904386001	31.079450000000001	46807.4474449203	42.790716666666697	117761.485351289	43.024166666666702	12364.7558783325	9	26032416
115_2_A_0-3	26032417_115_2_A_0-3.D	Sample	46108.465385486103	24.030466666666701	1e+06	28.654	8847756.76275113	28.751283333333301	27036.6015552047	29.0301166666667	40145.8169072263	29.432166666666699	8455.02012486641	30.0028166666667	23663.7412186656	30.2038333333333	1166.1384127962	31.079266666666701	12801.9369076288	42.790516666666697	29854.7871496267	43.017483333333303	4181.20715744784	9	26032417
177_3_A_BL	26032418_177_3_A_BL.D	Sample	46108.517974456001	24.030583333333301	1e+06	28.654116666666699	8735551.68989517	28.751383333333301	13069.4901317081	29.0302333333333	4424.00441563079	29.425799999999999	475.722892567104	30.009416666666699	10926.0445636415	30.210433333333299	468.148348292531	31.0793833333333	890.496658121285	42.790633333333297	1200.36799082644	43.011116666666702	276.84577011675	9	26032418
QC9d	26032419_QC9d.D	QC	46108.570592361102	24.037116666666702	1e+06	28.6606666666667	9313616.30954885	28.770900000000001	305571.324097762	29.0432666666667	231257.376334517	29.4388166666667	41261.0059864089	30.01595	186594.814523157	30.2169833333333	8236.73576636496	31.085916666666702	107636.147463217	42.797183333333301	365031.331065313	43.024133333333303	31330.7615472875	9	26032419
177_3_A_3-6	26032420_177_3_A_3-6.D	Sample	46108.623164340301	24.030416666666699	1e+06	28.660433333333302	8804822.6834149	28.757716666666699	48652.7926152998	29.030066666666698	22260.075900942	29.425633333333298	4401.71588776199	30.002766666666702	34562.2955579549	30.203783333333298	1974.9116712202	31.079216666666699	17921.3863035772	42.796950000000002	372247.564216123	43.017433333333301	31611.3060003238	9	26032420
177_3_A_0-3	26032421_177_3_A_0-3.D	Sample	46108.675738310201	24.030466666666701	1e+06	28.660499999999999	8912736.65979996	28.757766666666701	12005.9926402878	29.0301166666667	21761.1600644064	29.4256833333333	4505.00039273376	30.0093	11236.0217244831	30.2038333333333	539.02524460635	31.079266666666701	1220.85154233604	42.784033333333298	21739.7757002314	43.017483333333303	3190.03118817413	9	26032421
031_1_A_AH	26032423_031_1_A_AH.D	Sample	46108.780935972201	24.043533333333301	1e+06	28.673566666666702	5520505.00417625	28.790283333333299	513771.58796816	29.0431833333333	116923.006166384	29.464683333333301	8899.72896700885	30.028849999999998	397635.683422287	30.236366666666701	20383.8088452921	31.085850000000001	69505.4793256984	42.7906166666667	56990.9564920233	43.024066666666698	11713.0925643173	9	26032423
031_1_A_0-3	26032424_031_1_A_0-3.D	Sample	46108.833518067098	24.030666666666701	1e+06	28.654216666666699	8831657.89341936	28.7579666666667	64665.797827146	29.036799999999999	444078.061520246	29.432366666666699	75693.9322270352	30.009499999999999	79988.1804923481	30.210533333333299	2073.01215340868	31.079466666666701	28216.2501753505	42.790716666666697	21250.6776295567	43.017683333333302	3206.03938280752	9	26032424
QC9e	26032425_QC9e.D	QC	46108.886089155101	24.043466666666699	1e+06	28.667016666666701	9435040.2571199	28.770766666666699	307787.214060276	29.043133333333301	235097.747056687	29.438683333333302	42665.2242866003	30.009333333333299	187607.919833918	30.223333333333301	8531.52323924708	31.0857833333333	112875.522670664	42.797033333333303	388574.119612882	43.017516666666701	32803.4039140519	9	26032425
031_1_A_3-6	26032426_031_1_A_3-6.D	Sample	46108.938674525503	24.0499166666667	1e+06	28.673466666666702	9297617.63708517	28.803149999999999	1482002.9846062	29.0430833333333	89465.0288760366	29.451616666666698	11086.8421007976	30.028749999999999	1069494.95352097	30.229766666666698	23900.9202869311	31.0987166666667	718260.412854624	42.790516666666697	188447.675824506	43.023966666666702	21047.1551850103	9	26032426
031_1_A_BL	26032427_031_1_A_BL.D	Sample	46108.991261678202	24.049949999999999	1e+06	28.679983333333301	6796073.77541994	28.796700000000001	378691.120920424	29.049600000000002	120430.809363299	29.4711	7769.7495926033	30.035266666666701	391402.496711206	30.2363	11647.824661024	31.092266666666699	36114.0623411356	42.790550000000003	70871.0555808882	43.024000000000001	11554.9249965931	9	26032427
100_3_A_3-6	26032428_100_3_A_3-6.D	Sample	46109.043831493102	24.043566666666699	1e+06	28.667116666666701	9868291.0082986	28.770866666666699	307005.750741603	29.036733333333299	18726.0219927625	29.445266666666701	2701.25888982554	30.015916666666701	155260.347402416	30.216933333333301	6862.66217945012	31.0858833333333	95109.2061684746	42.803616666666699	832501.352784884	43.024099999999997	97912.8088397289	9	26032428
100_3_A_0-3	26032429_100_3_A_0-3.D	Sample	46109.096438009299	24.036950000000001	1e+06	28.660499999999999	8692519.19185126	28.7707333333333	144168.813936707	29.0366	257943.604109523	29.432166666666699	49064.2302266403	30.0093	88832.5296223011	30.216799999999999	3833.04821766177	31.079266666666701	40627.6484139058	42.796999999999997	210740.789768012	43.017483333333303	19921.880212155	9	26032429
100_3_A_BL	26032430_100_3_A_BL.D	Sample	46109.149006365697	24.037099999999999	1e+06	28.680099999999999	6294362.75916666	28.7968166666667	359219.077049963	29.049716666666701	96151.8843475484	29.464733333333299	6304.75672780139	30.0289	277433.134527763	30.2364	15307.3984697886	31.092383333333299	47555.8441780997	42.790666666666702	34773.7976455862	43.017616666666697	7935.61382924647	9	26032430
QC9f	26032431_QC9f.D	QC	46109.201604930597	24.037133333333301	1e+06	28.660683333333299	9887146.48539102	28.7709166666667	309860.969202238	29.0432666666667	239928.68186461	29.438833333333299	46300.4211745374	30.015966666666699	189044.104939975	30.2169833333333	8338.06352401618	31.085933333333301	112278.265374531	42.797183333333301	403442.336518327	43.024149999999999	34243.0109683619	9	26032431
100_3_A_AH	26032432_100_3_A_AH.D	Sample	46109.254186678198	24.063016666666702	1e+06	28.712499999999999	6284589.79388295	28.829216666666699	1067017.72620571	29.0756333333333	246203.075646924	29.490649999999999	24020.2098780223	30.061299999999999	849577.880932832	30.262333333333299	47713.3159044927	31.105333333333299	224722.93681731	42.797133333333299	80126.6185160269	43.024099999999997	26269.4619077211	9	26032432
082_3_A_BL	26032433_082_3_A_BL.D	Sample	46109.306806574103	24.056383333333301	1e+06	28.679916666666699	7090809.86044789	28.79665	383209.325567721	29.0560333333333	188385.806803081	29.471050000000002	10386.4278736269	30.041699999999999	375704.355530382	30.223266666666699	16261.6960527225	31.092216666666701	21861.269946829	42.796983333333301	75205.5729077143	43.023933333333297	13136.3088194906	9	26032433
082_3_A_0-3	26032434_082_3_A_0-3.D	Sample	46109.359408020799	24.0306	1e+06	28.660633333333301	8983219.21143074	28.757899999999999	74029.5538834909	29.036733333333299	178385.035319996	29.432300000000001	33508.16178442	30.002949999999998	67676.6914186421	30.216933333333301	2399.20202343082	31.0794	30993.7664056535	42.790649999999999	58231.3429793083	43.017616666666697	7224.17987356058	9	26032434
082_3_A_AH	26032435_082_3_A_AH.D	Sample	46109.4119980787	24.043466666666699	1e+06	28.673483333333301	7043007.16386289	28.783733333333299	261106.78410308	29.043116666666702	101871.935337789	29.4646166666667	5442.92216764865	30.022300000000001	179906.389907166	30.223316666666701	10457.5613130826	31.0857833333333	14219.4935746689	42.784066666666703	27653.6951930464	43.017499999999998	5527.60767300782	9	26032435
082_3_A_3-6	26032436_082_3_A_3-6.D	Sample	46109.464582905101	24.0369833333333	1e+06	28.660516666666702	8882498.92188401	28.770766666666699	438356.727830016	29.030149999999999	37870.3479307686	29.432200000000002	6435.0196765879	30.009333333333299	261761.120271072	30.216833333333302	8402.94636168982	31.0793	180055.186478549	42.790550000000003	181659.284496952	43.024000000000001	17721.4092674725	9	26032436
QC9g	26032437_QC9g.D	QC	46109.517176400499	24.037133333333301	1e+06	28.660683333333299	9012530.41143576	28.7709333333333	299353.33664385	29.043283333333299	224674.512493734	29.438849999999999	41271.7272696461	30.015983333333299	182264.304449711	30.223483333333299	7579.42902316214	31.085933333333301	106934.708765834	42.790716666666697	380594.107866771	43.024149999999999	31940.5999026641	9	26032437
023_3_A_3-6	26032438_023_3_A_3-6.D	Sample	46109.5697427778	24.030466666666701	1e+06	28.6604833333333	8694690.56771008	28.764250000000001	202701.16087656	29.0301166666667	12994.3881178385	29.432166666666699	1885.97499549957	30.0093	125360.316393959	30.216799999999999	5416.4591542117	31.079266666666701	84642.4153629492	42.796999999999997	249324.459784084	43.017483333333303	21425.5009327859	9	26032438
023_3_A_AH	26032439_023_3_A_AH.D	Sample	46109.622317465299	24.049849999999999	1e+06	28.673400000000001	8967531.05553281	28.783633333333299	254901.440376431	29.043016666666698	51545.2354947845	29.451550000000001	4193.7422844268	30.022200000000002	180420.620669295	30.2297166666667	6455.75330712418	31.0856833333333	31182.030259071	42.79045	34314.1406881882	43.023899999999998	6945.82922192738	9	26032439
023_3_A_BL	26032440_023_3_A_BL.D	Sample	46109.674901909697	24.056416666666699	1e+06	28.686450000000001	6991881.44213024	28.803183333333301	460541.736024943	29.056083333333302	174596.297122156	29.4775833333333	14073.1013886979	30.041733333333301	478438.523464251	30.229800000000001	14931.5562772447	31.0987333333333	69089.0388876605	42.7970166666667	115641.91458216	43.030466666666698	17513.9759283862	9	26032440
023_3_A_0-3	26032441_023_3_A_0-3.D	Sample	46109.727481481503	24.043433333333301	1e+06	28.666983333333299	9390411.96005303	28.7837	538989.423456812	29.050283333333301	974505.947447493	29.445133333333299	171659.502288454	30.022266666666699	457425.514400063	30.223299999999998	9855.07202276875	31.085750000000001	208905.568626184	42.803483333333297	951396.180614487	43.023966666666702	123095.033222575	9	26032441
097_1_B_3-6	26032442_097_1_B_3-6.D	Sample	46109.780073356502	24.03715	1e+06	28.660699999999999	9667547.40159732	28.76445	40169.9305517893	29.0238333333333	7456.10666323476	29.451816666666701	798.151487598704	30.009499999999999	28268.119916428	30.223500000000001	2043.04239086026	31.079466666666701	7028.09341500975	42.777749999999997	4167.6318880167	43.011200000000002	726.09485197197	9	26032442
QC9h	26032443_QC9h.D	QC	46109.832659444401	24.037133333333301	1e+06	28.667166666666699	10088186.1128885	28.7774	308892.844172915	29.0432666666667	244575.229485652	29.438833333333299	45622.0323124906	30.0094833333333	189860.209694499	30.223466666666699	8708.67691223879	31.079450000000001	113190.60632888	42.797183333333301	400482.791051823	43.024149999999999	34420.3848433305	9	26032443
097_1_B_0-3	26032444_097_1_B_0-3.D	Sample	46109.885272106498	24.037116666666702	1e+06	28.66065	9369172.4838129	28.757933333333298	32302.8750947632	29.023800000000001	5368.69152482753	29.4453	597.578883155697	30.0094666666667	20677.0886482597	30.2299333333333	1927.89904701975	31.079433333333299	6939.13549509405	42.790683333333298	2359.19229681764	43.024133333333303	514.850284828882	9	26032444
097_1_B_BL	26032445_097_1_B_BL.D	Sample	46109.937855104203	24.043483333333299	1e+06	28.6735166666667	9383275.24129319	28.783750000000001	172958.640104653	29.036650000000002	27469.4831993122	29.45815	2252.77794936671	30.022316666666701	90369.4588417326	30.2363	7734.92399236396	31.085799999999999	35336.7244288422	42.784083333333299	11838.7065083684	43.017533333333297	2455.02540148521	9	26032445
097_1_B_AH	26032446_097_1_B_AH.D	Sample	46109.990421307899	24.0500166666667	1e+06	28.673566666666702	9713194.92092733	28.7773166666667	151035.609568843	29.0367	22364.7909003003	29.451733333333301	1941.6073895991	30.015883333333299	73728.3740984549	30.236366666666701	12691.9195926781	31.085850000000001	39461.1579874077	42.7906166666667	8634.33923254361	43.024066666666698	2070.54402624301	9	26032446
Blank9b	26032447_Blank9b.D	Blank	46110.043029803201	24.017483333333299	1e+06	28.6475166666667	8572792.4723318	28.8550166666667	0	29.023616666666701	0	29.146833333333301	0	30.002800000000001	201.46144566611	29.762866666666699	0	31.085733333333302	0	41.999383333333299	0	NA	0	9	26032447
Std_0_2	26032448_Std_0.D	Std	46110.137293761603	24.037133333333301	1e+06	28.660683333333299	9095194.31544598	28.7709166666667	292219.096546785	29.0367833333333	222322.269536458	29.43235	40785.993240613	30.0094833333333	182409.99309555	30.223483333333299	7597.22274075297	31.085933333333301	108010.755554737	42.797183333333301	351005.013035869	43.017666666666699	30260.6745175424	9	26032448
Std_1_2	26032449_Std_1.D	Std	46110.189872627299	24.0436333333333	1e+06	28.660699999999999	9282754.74926106	28.777416666666699	503169.058507484	29.043283333333299	549120.093755959	29.438849999999999	98171.0373485737	30.015983333333299	254033.986896529	30.217016666666701	12506.1056992792	31.08595	280392.37286523	42.797199999999997	578154.396169328	43.024166666666702	51177.6218359112	9	26032449
Std_2_2	26032450_Std_2.D	Std	46110.242447662	24.04345	1e+06	28.667000000000002	9532511.81281337	28.777233333333299	632329.274414661	29.043116666666702	654817.764464954	29.438666666666698	122557.919614376	30.015799999999999	297580.143048088	30.223316666666701	15434.9129987292	31.09225	365782.112219388	42.803516666666702	677327.789501416	43.017499999999998	64860.6899118142	9	26032450
Std_3_2	26032451_Std_3.D	Std	46110.295034826398	24.036933333333302	1e+06	28.6604666666667	9003988.23248484	28.777200000000001	628460.891684869	29.0430666666667	641420.989271138	29.4386333333333	120485.350563776	30.0157666666667	287874.742030147	30.223266666666699	14721.6381753172	31.085733333333302	378906.785315907	42.803466666666701	724184.76175509	43.017449999999997	69610.9062947793	9	26032451
Std_4_2	26032452_Std_4.D	Std	46110.347632488403	24.03715	1e+06	28.660699999999999	9283143.72485053	28.783916666666698	1047914.1367443	29.049783333333298	1036957.26984368	29.438866666666701	212598.588700127	30.015999999999998	436308.355209032	30.217016666666701	21892.800582104	31.092449999999999	584672.827284114	42.803699999999999	917589.846836503	43.024183333333298	118020.836087284	9	26032452
Std_5_2	26032453_Std_5.D	Std	46110.400207546299	24.037016666666698	1e+06	28.6605666666667	9039296.55162675	28.7837666666667	1266287.0578955	29.05105	1205966.6545178	29.4387166666667	273177.331660554	30.01585	493622.322588606	30.223366666666699	26508.246474462	31.092300000000002	680881.862338269	42.803566666666697	1002384.73607964	43.0240333333333	147179.167355855	9	26032453
QC9i	26032454_QC9i.D	QC	46110.452788553201	24.037133333333301	1e+06	28.6606666666667	9032596.96788579	28.7709166666667	294985.257015666	29.0367833333333	226602.563617452	29.43235	42475.2677001448	30.0094833333333	182487.412986109	30.2169833333333	8364.62388511987	31.079433333333299	109164.07785737	42.790700000000001	355763.730434609	43.017666666666699	30843.0139054495	9	26032454
QC10a	26033102_QC10a.D	QC	46112.6645160185	24.043616666666701	1e+06	28.6606666666667	8982871.34172331	28.7709166666667	299203.547589916	29.0367833333333	227489.9264297	29.438833333333299	41498.2300154993	30.0094833333333	185172.983172121	30.2169833333333	8075.28150525634	31.085933333333301	111334.237686414	42.797183333333301	335363.314414022	43.017666666666699	32344.3581071318	10	26033102
Std_0_1	26033103_Std_0.D	Std	46112.7170990046	24.043516666666701	1e+06	28.6605833333333	9484950.80533007	28.7708166666667	308386.778814439	29.036683333333301	239085.900068079	29.4387333333333	44143.3816045361	30.0158666666667	193546.745189858	30.216899999999999	8744.7595045021	31.085833333333301	116143.676703078	42.797083333333298	372350.760154286	43.017566666666703	35325.1613760131	10	26033103
Std_1_1	26033104_Std_1.D	Std	46112.769681794001	24.0370666666667	1e+06	28.660616666666701	8765563.62890043	28.777333333333299	529194.170230756	29.043199999999999	528084.842281758	29.438766666666702	93334.550358802	30.015899999999998	245739.463097645	30.223400000000002	12573.1077758704	31.0858666666667	239798.94707999	42.797116666666703	553232.163217296	43.017600000000002	52699.7116032806	10	26033104
Std_2_1	26033105_Std_2.D	Std	46112.822253969898	24.0370833333333	1e+06	28.660633333333301	8616666.58672472	28.770866666666699	583302.803898074	29.043233333333301	580561.514327362	29.432300000000001	103643.230345033	30.009433333333298	248705.121463578	30.223433333333301	14346.6607203991	31.0858833333333	298495.156723762	42.797150000000002	564938.490952471	43.017616666666697	54283.8481714969	10	26033105
Std_3_1	26033106_Std_3.D	Std	46112.874830393499	24.037133333333301	1e+06	28.6606666666667	8645785.00594075	28.7774	657905.756063913	29.0432666666667	624735.702979618	29.438833333333299	113244.232536145	30.0094833333333	276678.111129386	30.2169833333333	15745.546718108	31.085933333333301	350438.940268455	42.797183333333301	680665.841986897	43.024149999999999	69782.1045827946	10	26033106
Std_4_1	26033107_Std_4.D	Std	46112.927407025498	24.037050000000001	1e+06	28.660599999999999	8942511.19400529	28.783799999999999	1027439.66673664	29.049666666666699	1002017.87143891	29.438749999999999	199478.245136867	30.015883333333299	412258.940771767	30.223383333333299	22918.329495622	31.092333333333301	537451.622083731	42.8021666666667	868246.385638635	43.024066666666698	113429.576219383	10	26033107
Std_5_1	26033108_Std_5.D	Std	46112.979998518502	24.036950000000001	1e+06	28.660499999999999	9028508.28916972	28.7837	1282456.40489082	29.056066666666698	1236020.08372561	29.438649999999999	279263.68455647	30.0157833333333	504598.21658567	30.223299999999998	28805.3129931652	31.092233333333301	690917.816495166	42.8035	984249.310362504	43.023966666666702	162391.874371746	10	26033108
QC10b	26033109_QC10b.D	QC	46113.032579398103	24.037016666666698	1e+06	28.6605666666667	9164701.09322625	28.770800000000001	300157.31425386	29.043150000000001	232769.173524767	29.4387166666667	42422.5306713071	30.0093666666667	183857.182945327	30.2168666666667	8338.85841736269	31.085816666666702	113060.937550243	42.797066666666701	356587.702474081	43.01755	32883.9593403952	10	26033109
Blank10a	26033110_Blank10a.D	Blank	46113.085169166698	24.0240166666667	1e+06	28.654050000000002	8289914.24928175	28.855066666666701	0	29.023666666666699	414.676895602499	29.425716666666698	104.711871341771	29.996366666666699	434.716624542419	30.080666666666701	0	31.0728166666667	179.186057699143	42.771099999999997	0	43.017516666666701	0	10	26033110
058_3_A_BL	26033111_058_3_A_BL.D	Sample	46113.137763125	24.0566	1e+06	28.686633333333301	6788248.90464435	28.809833333333302	680958.273674599	29.056249999999999	178250.284168056	29.47775	11897.7636432485	30.035433333333302	396133.375161614	30.24295	26509.6826798372	31.0924333333333	102690.716020708	42.797199999999997	99668.7536331971	43.017683333333302	21035.6303430563	10	26033111
058_3_A_3-6	26033112_058_3_A_3-6.D	Sample	46113.190339189801	24.0369666666667	1e+06	28.660516666666702	9381983.41537169	28.7642666666667	95916.2955332752	29.036616666666699	15928.3118084559	29.458133333333301	2741.24811290284	30.009316666666699	57165.7966708213	30.210349999999998	3344.38230281276	31.079283333333301	30066.4766951192	42.7970166666667	465271.921633388	43.023983333333298	43199.1551505826	10	26033112
058_3_A_0-3	26033113_058_3_A_0-3.D	Sample	46113.242947500003	24.043483333333299	1e+06	28.667033333333301	9157267.21148441	28.770783333333299	127186.487081425	29.043150000000001	142798.245603594	29.438700000000001	25766.0972146969	30.009350000000001	79585.8117691443	30.2168666666667	4393.78358168764	31.079316666666699	27208.2045779788	42.797066666666701	520291.549252054	43.024016666666697	47425.9140590094	10	26033113
058_3_A_AH	26033114_058_3_A_AH.D	Sample	46113.295535995399	24.049883333333302	1e+06	28.686399999999999	8036064.42353821	28.79665	567882.160888936	29.04955	105673.792585925	29.471050000000002	7440.43717342401	30.0287333333333	264449.967087994	30.229749999999999	19577.4873641081	31.092199999999998	94519.0226832012	42.790500000000002	54237.5720816841	43.023933333333297	12947.5291655329	10	26033114
QC10c	26033115_QC10c.D	QC	46113.348116261601	24.037116666666702	1e+06	28.6606666666667	9134216.65681268	28.770900000000001	295350.12250807	29.04325	226910.73826764	29.4388166666667	43773.0683606789	30.0094666666667	182187.924782749	30.2169666666667	8102.20904810145	31.085916666666702	110042.446259537	42.797166666666698	368843.981702945	43.017650000000003	33537.2318559167	10	26033115
083_2_A_3-6	26033116_083_2_A_3-6.D	Sample	46113.400710821799	24.037099999999999	1e+06	28.66065	9438149.10168182	28.764399999999998	235833.180252308	29.036766666666701	105363.480262683	29.432316666666701	21052.6823474607	30.009450000000001	173339.065340022	30.2104833333333	7106.63668296674	31.085899999999999	103451.521453271	42.797166666666698	556420.783985665	43.017633333333301	54265.6723239373	10	26033116
083_2_A_AH	26033117_083_2_A_AH.D	Sample	46113.453301516201	24.056416666666699	1e+06	28.692916666666701	8282888.84703816	28.803166666666701	341803.410193735	29.056066666666698	120432.040731179	29.48405	15950.4225525151	30.041733333333301	309837.492754322	30.249233333333301	29335.1964512292	31.0987333333333	30713.3239277472	42.7905333333333	36896.1978723304	43.030450000000002	11054.6757387384	10	26033117
083_2_A_BL	26033118_083_2_A_BL.D	Sample	46113.505898692099	24.043466666666699	1e+06	28.673500000000001	7450067.18471575	28.783733333333299	135640.013368393	29.036633333333299	59990.8805865174	29.4646166666667	4470.76046181546	30.022300000000001	141750.716905189	30.2363	8842.3339890867	31.0857833333333	9346.55774407087	42.790550000000003	22252.7934144672	43.024000000000001	4872.77590891154	10	26033118
083_2_A_0-3	26033119_083_2_A_0-3.D	Sample	46113.558498113402	24.037050000000001	1e+06	28.667083333333299	10221941.9958841	28.7708333333333	153546.800413509	29.056149999999999	1095866.13442476	29.438749999999999	234413.615852943	30.015883333333299	159016.80180904	30.223383333333299	5005.01427595571	31.085850000000001	50327.5085584469	42.7971	274702.410664009	43.024066666666698	25030.6177408026	10	26033119
052_1_A_0-3	26033120_052_1_A_0-3.D	Sample	46113.611072743101	24.037133333333301	1e+06	28.660683333333299	9840240.36508028	28.764433333333301	182287.414430728	29.049766666666699	1179784.17684328	29.438833333333299	260210.049645203	30.0094833333333	131447.523923022	30.216999999999999	4931.61356554855	31.079450000000001	81536.4768118595	42.784216666666701	27626.8339222443	43.0111833333333	4173.25159972851	10	26033120
QC10d	26033121_QC10d.D	QC	46113.663664143503	24.043600000000001	1e+06	28.667149999999999	10231202.7131524	28.777383333333301	314173.390602889	29.04325	246712.500562958	29.4388166666667	45872.4906499175	30.0094666666667	189829.101171183	30.223466666666699	8697.76339459183	31.085916666666702	117152.672754274	42.797166666666698	393427.555694178	43.024133333333303	34211.4120916083	10	26033121
052_1_A_AH	26033122_052_1_A_AH.D	Sample	46113.7162371991	24.049983333333302	1e+06	28.680016666666699	9264019.49489883	28.79025	238696.764225585	29.049633333333301	58204.7011655254	29.471133333333299	4143.47125927946	30.0288166666667	145762.394641549	30.236333333333299	10577.3646454389	31.085816666666702	29775.0597505571	42.790583333333302	12141.2718377409	43.0240333333333	3059.76413833273	10	26033122
052_1_A_BL	26033123_052_1_A_BL.D	Sample	46113.768828911998	24.043616666666701	1e+06	28.680133333333298	10207774.140801	28.790383333333299	139434.737444101	29.043283333333299	35356.3918911349	29.464783333333301	3066.02506261487	30.022466666666698	105760.727028931	30.236450000000001	5764.43192699778	31.085933333333301	17292.9617188679	42.790716666666697	9881.8683653355	43.017666666666699	2289.75807864561	10	26033123
052_1_A_3-6	26033124_052_1_A_3-6.D	Sample	46113.8214327315	24.036916666666698	1e+06	28.6604666666667	9921294.89205087	28.770716666666701	406787.598660571	29.036583333333301	14324.7137545367	29.43215	2061.19639050127	30.0092833333333	193882.342835314	30.2167833333333	9303.72484059317	31.085733333333302	206309.358044679	42.790500000000002	17015.0455075818	43.017449999999997	3215.78420972225	10	26033124
089_2_A_3-6	26033125_089_2_A_3-6.D	Sample	46113.874034074099	24.056383333333301	1e+06	28.686416666666702	8818814.14883335	28.829083333333301	2253214.17949126	29.075500000000002	803400.729140516	29.464583333333302	167266.041924586	30.048200000000001	1737871.58696238	30.249216666666701	53592.4336468238	31.118166666666699	1197483.74994654	42.803483333333297	1306381.03189867	43.056383333333301	782960.167378658	10	26033125
089_2_A_AH	26033126_089_2_A_AH.D	Sample	46113.926617685203	24.043600000000001	1e+06	28.673633333333299	6569688.46595235	28.79035	286084.211276783	29.04975	118342.566406159	29.477733333333301	15540.1845485339	30.028916666666699	271833.797618434	30.236433333333299	16903.3721917533	31.085916666666702	21099.8216694902	42.790683333333298	81034.6390108763	43.017650000000003	13748.171557198	10	26033126
QC10e	26033127_QC10e.D	QC	46113.979239652799	24.043399999999998	1e+06	28.66695	10199847.9615724	28.777183333333301	303186.247911693	29.043050000000001	242982.98871229	29.4386166666667	45481.0885196711	30.015750000000001	184666.948555826	30.22325	8253.56657595239	31.085716666666698	112620.723185337	42.796966666666698	392419.021086015	43.023933333333297	34059.155996094	10	26033127
089_2_A_0-3	26033128_089_2_A_0-3.D	Sample	46114.031842430602	24.030666666666701	1e+06	28.660699999999999	9177119.57222001	28.751483333333301	23428.62043036	29.0303166666667	102220.905368093	29.425883333333299	20878.6721593478	30.003016666666699	24465.2146882522	30.216999999999999	935.992224041908	31.072983333333301	7160.15891444395	42.790716666666697	58693.4793468928	43.017683333333302	7538.54643295974	10	26033128
089_2_A_BL	26033129_089_2_A_BL.D	Sample	46114.084443090302	24.043383333333299	1e+06	28.666916666666701	9324982.46330097	28.777166666666702	97535.412383397	29.036549999999998	35893.0561316128	29.45805	2670.74933164423	30.015733333333301	101794.60735349	30.210266666666701	5323.10598424241	31.085699999999999	6824.75626026619	42.790466666666703	26393.2395521518	43.017433333333301	4251.89525354242	10	26033129
109_3_A_BL	26033130_109_3_A_BL.D	Sample	46114.137009884304	24.0500166666667	1e+06	28.673566666666702	10167633.8851715	28.783799999999999	194142.869571413	29.0367	40000.5199931404	29.464683333333301	3744.08834220007	30.028849999999998	136330.737610658	30.236366666666701	13908.8965576618	31.085850000000001	21693.0879970542	42.7906166666667	36125.2271073533	43.017583333333299	6121.84394709829	10	26033130
109_3_A_0-3	26033131_109_3_A_0-3.D	Sample	46114.189583923602	24.030583333333301	1e+06	28.654116666666699	9965722.12194294	28.7578833333333	58237.416299613	29.0302333333333	192644.208222791	29.432283333333299	37832.7300787508	30.002933333333299	47997.0401783813	30.223400000000002	3462.97385116427	31.0793833333333	22944.0418589668	42.790633333333297	142640.353117011	43.017600000000002	15789.0337247584	10	26033131
109_3_A_AH	26033132_109_3_A_AH.D	Sample	46114.242180046298	24.037016666666698	1e+06	28.6605666666667	9901198.63222027	28.770800000000001	132213.101906394	29.030183333333301	15290.465478693	29.4516833333333	1748.91441719312	30.01585	68048.1368064948	30.229849999999999	11903.1145963915	31.079333333333299	21312.4000429339	42.790583333333302	9994.97482070105	43.01755	1945.02246578278	10	26033132
QC10f	26033133_QC10f.D	QC	46114.294735069401	24.036899999999999	1e+06	28.666916666666701	9745674.8936076	28.770683333333299	293447.864177815	29.043033333333302	228927.624262645	29.432116666666701	42750.189123347	30.015733333333301	182094.049025964	30.223233333333301	8195.21695538839	31.085699999999999	111458.965537523	42.796950000000002	357173.607446476	43.017433333333301	31401.3670158924	10	26033133
109_3_A_3-6	26033134_109_3_A_3-6.D	Sample	46114.347319444401	24.030516666666699	1e+06	28.660533333333301	9572868.42079639	28.764299999999999	214069.66236451	29.023683333333299	9232.94793769353	29.432216666666701	979.586099125448	30.009350000000001	120288.664431862	30.210366666666701	7434.6786889309	31.079316666666699	104427.548623242	42.797049999999999	311547.574496525	43.024016666666697	29218.7799273426	10	26033134
087_3_B_0-3	26033135_087_3_B_0-3.D	Sample	46114.399893460599	24.037016666666698	1e+06	28.660550000000001	9600516.37274137	28.757833333333298	18507.3144040084	29.030183333333301	4546.04061775452	29.4387166666667	348.913128635734	30.0093666666667	20222.7102252968	30.22335	696.560753960378	31.079333333333299	2248.03595551516	42.784100000000002	2321.56083199765	43.0110666666667	510.077234997229	10	26033135
087_3_B_AH	26033136_087_3_B_AH.D	Sample	46114.452482870402	24.0499333333333	1e+06	28.679966666666701	8084682.3639905	28.796700000000001	308152.743273648	29.049600000000002	85785.7467233339	29.4711	7596.64888436128	30.028783333333301	226504.420296199	30.236283333333301	10818.684588213	31.0857666666667	32853.7250465009	42.790550000000003	36444.9646843727	43.023983333333298	8667.60934907417	10	26033136
087_3_B_3-6	26033137_087_3_B_3-6.D	Sample	46114.505073148102	24.04355	1e+06	28.667100000000001	9372433.92464474	28.770849999999999	55648.6615505366	29.036716666666699	18827.4881350914	29.458216666666701	1639.09763232742	30.015899999999998	67554.9307030962	30.210433333333299	2359.3136576434	31.0858666666667	5581.74551662968	42.790633333333297	10812.4018598798	43.017600000000002	1966.86226560989	10	26033137
087_3_B_BL	26033138_087_3_B_BL.D	Sample	46114.557658935199	24.0500166666667	1e+06	28.680050000000001	9625801.79496319	28.790283333333299	169172.852263694	29.0431833333333	53054.5893409035	29.471166666666701	4938.79956799993	30.028849999999998	168092.32242048	30.236350000000002	6701.57856859693	31.092333333333301	19533.0736001392	42.7906166666667	32864.1819204252	43.024066666666698	6358.3834555476	10	26033138
QC10g	26033139_QC10g.D	QC	46114.610246516197	24.043600000000001	1e+06	28.667149999999999	10212783.4058821	28.7774	302707.51505762	29.0432666666667	239733.034768469	29.438833333333299	46108.4167628184	30.015966666666699	187045.546693699	30.223466666666699	8419.06727851686	31.085916666666702	115407.741911008	42.797183333333301	388309.252863917	43.024133333333303	34009.6276413112	10	26033139
001_1_A_3-6	26033140_001_1_A_3-6.D	Sample	46114.662833055598	24.0369833333333	1e+06	28.660533333333301	9414443.09468984	28.764283333333299	302923.426792813	29.036633333333299	187359.731728838	29.432200000000002	35290.4934383025	30.009333333333299	180556.828216169	30.216850000000001	8190.39252688424	31.0857833333333	146917.496201137	42.790550000000003	40586.2694331371	43.017516666666701	6082.62429293998	10	26033140
001_1_A_BL	26033141_001_1_A_BL.D	Sample	46114.715415740699	24.0500333333333	1e+06	28.680050000000001	9771303.11105386	28.783816666666699	245419.484308983	29.043199999999999	30867.2349861575	29.458216666666701	2766.6944506424	30.022383333333298	103912.57675018	30.229883333333301	11576.331731697	31.085850000000001	51308.9269706659	42.790633333333297	13407.7114448827	43.024066666666698	2868.0143360781	10	26033141
001_1_A_0-3	26033142_001_1_A_0-3.D	Sample	46114.768024421297	24.036916666666698	1e+06	28.6604666666667	9669053.07334739	28.764216666666702	112844.889087845	29.043050000000001	870290.724312994	29.432133333333301	156931.316012507	30.009266666666701	82255.8003674997	30.2167833333333	4662.39072126835	31.085716666666698	42940.6183370778	42.790483333333299	37949.3841441802	43.017449999999997	5427.80692139705	10	26033142
001_1_A_AH	26033143_001_1_A_AH.D	Sample	46114.820602430598	24.037099999999999	1e+06	28.667116666666701	5421332.18166851	28.783850000000001	890514.324139679	29.036750000000001	81564.6724729928	29.45825	8309.34951197646	30.0224166666667	243390.169844612	30.2299166666667	45866.9976478328	31.085899999999999	276609.24460089	42.790666666666702	22338.0891381769	43.0306	7379.07433203878	10	26033143
187_3_A_BL	26033144_187_3_A_BL.D	Sample	46114.873190914397	24.043483333333299	1e+06	28.660550000000001	9838846.35631133	28.777266666666701	507766.060557721	29.036650000000002	19308.9679599515	29.45815	3109.42471221172	30.009350000000001	49744.2899379803	30.236316666666699	79111.773689434	31.085799999999999	263961.05248293	42.790566666666699	12606.3629030057	43.017533333333297	2429.76261176245	10	26033144
QC10h	26033145_QC10h.D	QC	46114.925802210702	24.043533333333301	1e+06	28.667083333333299	10304310.2599378	28.7708333333333	302895.937654212	29.043199999999999	236925.567136974	29.438749999999999	46239.9560047122	30.015883333333299	187500.992650569	30.223400000000002	8575.23479425954	31.085850000000001	115391.405328391	42.7906166666667	385547.76197264	43.024066666666698	33810.0681368969	10	26033145
187_3_A_0-3	26033146_187_3_A_0-3.D	Sample	46114.978393263897	24.037050000000001	1e+06	28.660599999999999	9272902.17578189	28.76435	372982.62476098	29.036716666666699	157611.250320628	29.432283333333299	31119.9663740899	30.009416666666699	103022.266860548	30.229883333333301	52592.1806202449	31.0858666666667	279046.897368066	42.797116666666703	300463.15915285	43.024083333333301	26896.3957363376	10	26033146
187_3_A_AH	26033147_187_3_A_AH.D	Sample	46115.030983344899	24.0369666666667	1e+06	28.654033333333299	5427252.30347567	28.777233333333299	1208999.34789938	29.036616666666699	52839.4997915647	29.445150000000002	9075.82438649508	30.015799999999999	129628.480984153	30.236283333333301	200380.916205873	31.09225	729151.682024734	42.7905333333333	38041.7100326215	43.017499999999998	6945.37128635132	10	26033147
187_3_A_3-6	26033148_187_3_A_3-6.D	Sample	46115.083551863398	24.0436333333333	1e+06	28.667183333333298	10026588.5830129	28.783899999999999	699473.277975853	29.036799999999999	24347.1671730677	29.458300000000001	2733.61174214426	30.015983333333299	203579.551154224	30.236466666666701	75314.9218656057	31.0924333333333	412824.092087058	42.803683333333304	778011.563860166	43.024166666666702	88930.5603731937	10	26033148
Blank10b	26033149_Blank10b.D	Blank	46115.136151504601	24.023966666666698	1e+06	28.654	8742406.38939536	28.8550166666667	0	29.146833333333301	0	29.146833333333301	0	29.996316666666701	202.703841047437	29.762866666666699	0	31.072766666666698	173.800241662411	41.999383333333299	0	42.790516666666697	0	10	26033149
Std_0_2	26033150_Std_0.D	Std	46115.188735393502	24.036916666666698	1e+06	28.6604666666667	9808396.7562256	28.770700000000001	295327.3792282	29.036566666666701	228997.685413406	29.4386166666667	42082.0292691167	30.009266666666701	182242.743442988	30.223266666666699	8101.08046647292	31.085716666666698	112323.481740586	42.796966666666698	368416.789011721	43.017449999999997	32191.8994540218	10	26033150
Std_1_2	26033151_Std_1.D	Std	46115.241334293998	24.04355	1e+06	28.667100000000001	10178218.7189179	28.777333333333299	519591.404510751	29.043216666666702	566502.984888548	29.438766666666702	106198.081989786	30.015899999999998	259835.807669767	30.216933333333301	13758.6044950383	31.09235	289679.108798979	42.803616666666699	586355.20597689	43.017600000000002	54762.2670988192	10	26033151
Std_2_2	26033152_Std_2.D	Std	46115.2939131366	24.043600000000001	1e+06	28.66065	9283634.04217548	28.777383333333301	621067.959627097	29.04325	634490.143280878	29.4388166666667	118384.92604151	30.01595	284413.095968854	30.22345	15116.045043887	31.092400000000001	346610.797077415	42.803649999999998	638934.958815882	43.024133333333303	61148.8843091298	10	26033152
Std_3_2	26033153_Std_3.D	Std	46115.346512766198	24.036999999999999	1e+06	28.660533333333301	9530088.63245485	28.777266666666701	642302.894434959	29.049616666666701	635176.262832331	29.438700000000001	119371.012924032	30.015833333333301	285292.050263163	30.216850000000001	14736.0630244062	31.092283333333299	369623.60157009	42.803533333333299	705807.396106126	43.024016666666697	71846.6952352161	10	26033153
Std_4_2	26033154_Std_4.D	Std	46115.399103148098	24.037116666666702	1e+06	28.6606666666667	9651461.26720586	28.7838833333333	1036561.12379987	29.04975	1002636.63422674	29.445316666666699	206314.408047422	30.015966666666699	417760.865149435	30.223466666666699	21868.5715868236	31.092416666666701	558888.919436794	42.81015	878952.250681216	43.024149999999999	114275.600669972	10	26033154
Std_5_2	26033155_Std_5.D	Std	46115.451688680601	24.0370833333333	1e+06	28.660616666666701	9542499.42438203	28.790316666666701	1299496.48941847	29.056183333333301	1238881.61505847	29.438783333333301	290717.662723617	30.015916666666701	504170.543331226	30.223416666666701	28203.8956982728	31.098849999999999	696701.054987715	42.803616666666699	979761.792804323	43.024099999999997	158423.262546991	10	26033155
QC10i	26033156_QC10i.D	QC	46115.504286805597	24.036899999999999	1e+06	28.666933333333301	9591782.1264074	28.770683333333299	293219.647350671	29.043033333333302	225414.173865403	29.438600000000001	42628.2986070376	30.009250000000002	179596.366379048	30.216750000000001	8307.11193232881	31.085699999999999	112229.150015316	42.796950000000002	325793.912728336	43.017433333333301	30056.1856247855	10	26033156
QC11a	26040702_QC11a.D	QC	46119.653959606498	24.036899999999999	1e+06	28.660450000000001	9205488.72097896	28.770683333333299	308149.159832001	29.036566666666701	236426.58624119	29.432116666666701	43766.0068145727	30.015733333333301	190328.073097063	30.2167666666667	9349.10604740053	31.085699999999999	117958.764474892	42.790483333333299	297693.774625138	43.017433333333301	32098.1101586843	11	26040702
Std_0_1	26040703_Std_0.D	Std	46119.706523588	24.036933333333302	1e+06	28.6604833333333	9279601.38483396	28.770716666666701	320039.246253355	29.036583333333301	240433.242776689	29.43215	44010.4848774477	30.0092833333333	192112.149049125	30.223283333333299	9866.02119526381	31.085733333333302	119735.028530248	42.796983333333301	327582.887079284	43.023949999999999	33667.9555104641	11	26040703
Std_1_1	26040704_ Std_1.D	Std	46119.759096724498	24.037016666666698	1e+06	28.6605666666667	8485441.59326186	28.770800000000001	534819.325629606	29.0431666666667	522229.924287721	29.432233333333301	97596.0035120262	30.0093666666667	239551.286956422	30.2168833333333	14000.6025175339	31.085816666666702	245867.811146236	42.797083333333298	473375.275763385	43.01755	48315.2694781141	11	26040704
Std_2_1	26040705_Std_2.D	Std	46119.811665219902	24.037133333333301	1e+06	28.6606666666667	8804128.99791549	28.7774	642376.273925877	29.0432666666667	662253.935692954	29.43235	123690.063272417	30.0094833333333	293596.342849651	30.2169833333333	15593.5671975406	31.085933333333301	403859.268980198	42.797183333333301	591900.304971255	43.017666666666699	63772.56209902	11	26040705
Std_3_1	26040706_Std_3.D	Std	46119.864258854199	24.030666666666701	1e+06	28.660699999999999	9057217.10373551	28.7709333333333	575056.119594971	29.043283333333299	574246.373552554	29.432366666666699	107375.574230509	30.009499999999999	234586.077321432	30.223500000000001	16158.3305065575	31.08595	367888.460002386	42.797199999999997	595863.062549758	43.017683333333302	63171.6724173145	11	26040706
Std_4_1	26040707_Std_4.D	Std	46119.916834641197	24.030616666666699	1e+06	28.654166666666701	7728954.31880379	28.777366666666701	921422.456524351	29.043233333333301	989249.697473944	29.432316666666701	188172.601298269	30.015933333333301	389346.840319475	30.216950000000001	20975.9822964396	31.092383333333299	638867.465558444	42.797150000000002	746521.41797155	43.017633333333301	86569.7331119262	11	26040707
Std_5_1	26040708_Std_5.D	Std	46119.969413587998	24.036950000000001	1e+06	28.6604833333333	8287220.98357307	28.7837	1244203.25692258	29.049566666666699	1210875.81980647	29.438649999999999	264703.945185452	30.0093	467273.335260847	30.223283333333299	29343.8907423123	31.092233333333301	698864.101605073	42.803483333333297	908802.194377722	43.017483333333303	128018.471787545	11	26040708
QC11b	26040709_QC11b.D	QC	46120.021984930601	24.036933333333302	1e+06	28.6604833333333	8379746.13035507	28.770716666666701	284948.980683462	29.036583333333301	217060.141054561	29.43215	41434.9867946983	30.0092833333333	177714.120706152	30.223283333333299	8641.65190834541	31.079249999999998	110186.524146811	42.790500000000002	277502.77765092	43.0109833333333	29660.947904039	11	26040709
Blank11a	26040710_Blank11a.D	Blank	46120.074570243101	24.023966666666698	1e+06	28.6475166666667	7458782.8858536	28.751266666666702	574.293439317622	29.0301166666667	475.949442036151	29.438649999999999	295.984103518029	29.996316666666701	495.564569876242	29.756399999999999	0	31.079249999999998	283.237132151489	42.784033333333298	0	42.784033333333298	0	11	26040710
197_1_A_BL	26040711_197_1_A_BL.D	Sample	46120.127145011596	24.0368833333333	1e+06	28.660433333333302	3202269.28151897	28.783650000000002	449285.654917933	29.036549999999998	141595.254050475	29.4515666666667	8648.59570370283	30.0416666666667	582298.553118921	30.216750000000001	16988.7943590054	31.092183333333299	28577.2064501089	42.783983333333303	99702.3089959834	43.010933333333298	17645.9272477196	11	26040711
197_1_A_AH	26040712_197_1_A_AH.D	Sample	46120.179755011603	24.037116666666702	1e+06	28.6606666666667	8575638.67202191	28.7709166666667	62695.2458352087	29.0303	12546.1094343646	29.451799999999999	1231.06122151455	30.015966666666699	56342.0521535352	30.2169833333333	1734.63022577555	31.072949999999999	4074.01372139271	42.784216666666701	7066.66202841702	43.004683333333297	1518.25375175583	11	26040712
197_1_A_0-3	26040713_197_1_A_0-3.D	Sample	46120.232368217599	24.04365	1e+06	28.667200000000001	8448058.16521275	28.783916666666698	335830.941006884	29.069233333333301	1730635.35996684	29.451833333333301	496802.73323038	30.022483333333302	367764.081566126	30.217016666666701	8730.46799866474	31.0859666666667	102123.355454018	42.797216666666699	298262.913302997	43.017699999999998	28916.1014951624	11	26040713
197_1_A_3-6	26040714_197_1_A_3-6.D	Sample	46120.284974409697	24.043433333333301	1e+06	28.666983333333299	8607621.45581978	28.7837	996157.272994487	29.0430833333333	108067.983962266	29.438649999999999	17811.5881904042	30.022266666666699	724861.184473284	30.223299999999998	20033.6439758871	31.092233333333301	521026.564305589	42.796999999999997	288573.764850968	43.017483333333303	29348.1444888807	11	26040714
QC11c	26040715_QC11c.D	QC	46120.337584490699	24.037116666666702	1e+06	28.66065	9078876.02560484	28.770900000000001	315697.674090292	29.036766666666701	240836.075777121	29.4323333333333	44654.7519341508	30.0094666666667	188137.872558008	30.2169666666667	9207.73920098851	31.079433333333299	116622.501072723	42.790683333333298	338050.248988183	43.017650000000003	32905.7078599102	11	26040715
158_3_A_0-3	26040716_158_3_A_0-3.D	Sample	46120.390150138897	24.037016666666698	1e+06	28.660550000000001	7842154.31280862	28.770800000000001	174450.811317503	29.043150000000001	725973.93170393	29.4387166666667	119738.197462068	30.0093666666667	99342.3730096614	30.2168666666667	4781.29830731035	31.079333333333299	47300.7053822891	42.790583333333302	184818.102031514	43.01755	20699.1312534562	11	26040716
158_3_A_3-6	26040717_158_3_A_3-6.D	Sample	46120.442754074102	24.0369666666667	1e+06	28.654033333333299	7580346.85151678	28.77075	498932.887362436	29.036616666666699	249369.094921505	29.438666666666698	46908.5412126279	30.009316666666699	259490.303741025	30.216816666666698	11306.2227390516	31.079283333333301	207528.682287031	42.8035	768144.085196507	43.017499999999998	80484.4063974546	11	26040717
158_3_A_AH	26040718_158_3_A_AH.D	Sample	46120.495335219901	24.043466666666699	1e+06	28.679983333333301	6360496.59118733	28.8032	853600.614434645	29.043133333333301	91657.3154149941	29.45815	5917.46673755275	30.0288	237604.938855173	30.2363	14894.9525932946	31.092266666666699	259558.196549561	42.784066666666703	27197.7347106685	43.017516666666701	7298.75641661969	11	26040718
158_3_A_BL	26040719_158_3_A_BL.D	Sample	46120.547901944403	24.04355	1e+06	28.680066666666701	6899236.05952889	28.803266666666701	542310.313823283	29.049683333333299	82952.3190132212	29.458216666666701	4266.92250934636	30.028866666666701	215130.30564718	30.2428666666667	11276.2996558055	31.09235	180317.801119417	42.790633333333297	29667.6111660746	43.011116666666702	7082.04183296938	11	26040719
038_2_A_3-6	26040720_038_2_A_3-6.D	Sample	46120.600492361104	24.036916666666698	1e+06	28.6604666666667	8163351.67401163	28.764216666666702	171595.063596525	29.030100000000001	27371.4344945587	29.425650000000001	5304.94069436776	30.009266666666701	143271.536655086	30.2167833333333	4914.03695121867	31.079233333333299	57035.3502880134	42.796983333333301	473716.419300564	43.017449999999997	47519.6840640228	11	26040720
QC11d	26040721_QC11d.D	QC	46120.653067662002	24.036950000000001	1e+06	28.6604833333333	8158741.08132059	28.764250000000001	284347.364822668	29.0366	215057.62129387	29.432166666666699	40794.682582042	30.0093	174192.641162701	30.216799999999999	8178.8194948699	31.079266666666701	106859.487720421	42.790516666666697	270417.656181521	43.011000000000003	26782.9822587844	11	26040721
038_2_A_BL	26040722_038_2_A_BL.D	Sample	46120.705650543998	24.043616666666701	1e+06	28.667166666666699	8368018.84389853	28.7774	102139.169664512	29.036799999999999	29827.9095924415	29.458300000000001	2191.53901927594	30.015966666666699	95294.0944360621	30.223483333333299	4030.85377856846	31.085933333333301	13794.2706587936	42.790716666666697	12140.6621007099	43.024149999999999	2623.79282942691	11	26040722
038_2_A_0-3	26040723_038_2_A_0-3.D	Sample	46120.758235381902	24.023983333333302	1e+06	28.654016666666699	7239429.0430541	28.757766666666701	43412.8476159187	29.0301333333333	161509.038955622	29.4256833333333	33308.6326183009	30.0028166666667	50256.8104575515	30.210333333333299	1942.37754384304	31.072783333333302	16882.5236987838	42.784050000000001	71534.4028253439	43.017483333333303	9998.44654165158	11	26040723
038_2_A_AH	26040724_038_2_A_AH.D	Sample	46120.8108301389	24.043533333333301	1e+06	28.673566666666702	7566491.09553675	28.790299999999998	253872.928536661	29.043199999999999	67578.3119866005	29.464700000000001	4642.21974872223	30.028866666666701	186447.792914748	30.236366666666701	12442.9105735546	31.085850000000001	53724.6132571887	42.790633333333297	20823.2474214997	43.017583333333299	6597.57557575147	11	26040724
011_2_A_3-6	26040725_011_2_A_3-6.D	Sample	46120.8634186458	24.030516666666699	1e+06	28.654066666666701	7664057.16876174	28.764299999999999	344387.091532564	29.030183333333301	43646.0624164596	29.432216666666701	8241.03101286896	30.009350000000001	240558.541605317	30.2168666666667	7846.27798177426	31.079316666666699	145283.723413776	42.797066666666701	440075.349902974	43.017533333333297	40845.7624067015	11	26040725
011_2_A_AH	26040726_011_2_A_AH.D	Sample	46120.916022395802	24.043616666666701	1e+06	28.680133333333298	5836765.97040407	28.790366666666699	439491.41522651	29.0432666666667	118252.727973168	29.464766666666701	8552.93169786674	30.028933333333299	225820.142840405	30.229949999999999	15670.8755136335	31.085933333333301	62065.8249684158	42.790700000000001	30187.7340093653	43.024149999999999	7615.48713577685	11	26040726
QC11e	26040727_QC11e.D	QC	46120.968628425901	24.0305	1e+06	28.660533333333301	7998071.54298585	28.764283333333299	285669.684858854	29.036633333333299	211760.555916226	29.432200000000002	42042.6826053372	30.009333333333299	171692.620312256	30.216850000000001	8147.11777063621	31.0793	106289.662938198	42.790550000000003	275658.705455469	43.017516666666701	27357.9392818783	11	26040727
011_2_A_BL	26040728_011_2_A_BL.D	Sample	46121.021238205998	24.0305	1e+06	28.654033333333299	7372772.25166475	28.7578	24480.282743497	29.0171833333333	10608.8098750483	29.445166666666701	1225.92526566887	30.009333333333299	24847.3187011491	30.223316666666701	1218.24063409309	31.0728166666667	3804.48240231271	42.784066666666703	2537.59561836413	43.004550000000002	626.859852148991	11	26040728
011_2_A_0-3	26040729_011_2_A_0-3.D	Sample	46121.073826932901	24.024183333333301	1e+06	28.654216666666699	7347739.10297501	28.7579666666667	40774.6405018102	29.0303166666667	259654.399437281	29.425883333333299	48470.8706122083	30.003016666666699	44068.606230442	30.210516666666699	2021.75853878361	31.072983333333301	20451.1159782277	42.784233333333297	40977.4781159151	43.011200000000002	6075.12521705819	11	26040729
015_1_A_0-3	26040730_015_1_A_0-3.D	Sample	46121.126411817102	24.030516666666699	1e+06	28.647583333333301	6744612.55100001	28.751333333333299	21044.4286716501	29.030183333333301	228404.754572893	29.425750000000001	44827.2549656997	30.002866666666701	19851.1674120723	30.2168666666667	1564.02826225302	31.0728333333333	2670.2014950747	42.784100000000002	12217.2188593896	43.011049999999997	2176.53752002889	11	26040730
015_1_A_AH	26040731_015_1_A_AH.D	Sample	46121.179015868103	24.043500000000002	1e+06	28.6605666666667	5712263.40461738	28.770800000000001	127106.458306516	29.036666666666701	35168.5312931451	29.4516833333333	3592.71573641496	30.01585	105486.681837715	30.229849999999999	14352.6650590678	31.085816666666702	16116.3385411038	42.784100000000002	12822.0651045715	43.0110666666667	3559.88388643692	11	26040731
015_1_A_3-6	26040732_015_1_A_3-6.D	Sample	46121.231599201397	24.030483333333301	1e+06	28.6475333333333	7145708.02549999	28.7577833333333	140218.734684859	29.036616666666699	403815.269108482	29.425699999999999	70344.7920546538	30.002833333333299	123379.757624788	30.216816666666698	5503.32813572847	31.079283333333301	98454.1541728541	42.7905333333333	49466.804699621	43.011016666666698	7206.73478970889	11	26040732
QC11f	26040733_QC11f.D	QC	46121.284198425899	24.030550000000002	1e+06	28.6541	7233189.35074075	28.764333333333301	269926.295182593	29.036683333333301	201422.279472779	29.43225	39889.4523092404	30.0093833333333	167040.416960684	30.2104	7727.89917176054	31.079350000000002	102432.680971806	42.790599999999998	243308.335195492	43.017566666666703	25192.3387566832	11	26040733
015_1_A_BL	26040734_015_1_A_BL.D	Sample	46121.336752534698	24.036950000000001	1e+06	28.660499999999999	7050410.45398519	28.757766666666701	64902.7168488979	29.023633333333301	15061.2683725654	29.445133333333299	1564.39283607101	30.0093	56157.5254456781	30.223299999999998	4521.18744239619	31.079266666666701	5136.62362104431	42.784033333333298	7637.11306919118	43.011000000000003	1780.84575373589	11	26040734
042_3_A_BL	26040735_042_3_A_BL.D	Sample	46121.3893232755	24.0239333333333	1e+06	28.653966666666701	7026536.23099537	28.757716666666699	35186.347245083	29.023599999999998	6427.43653047373	29.425650000000001	604.23180506186	30.002766666666702	23292.9186224675	30.210283333333301	1743.25997919709	31.0727333333333	9601.76471756951	42.783999999999999	2279.05953555443	43.023933333333297	440.0805955028	11	26040735
042_3_A_0-3	26040736_042_3_A_0-3.D	Sample	46121.441909664398	24.023983333333302	1e+06	28.654016666666699	6715940.53090115	28.751283333333301	36090.7470928255	29.0301166666667	114060.385341611	29.4192	24250.35287591	30.0028166666667	25674.3259417261	30.2038333333333	2015.64731129386	31.072783333333302	12286.7613719713	42.784033333333298	26400.6068434506	43.011000000000003	3705.18602605155	11	26040736
042_3_A_AH	26040737_042_3_A_AH.D	Sample	46121.494498669002	24.030533333333299	1e+06	28.6540833333333	3077392.41906054	28.7708166666667	487838.528194204	29.030200000000001	69916.56986354	29.451699999999999	6055.75106713686	30.0158666666667	220269.973530709	30.2168833333333	14520.8295154154	31.079333333333299	101399.291359094	42.784116666666698	31054.822826609	43.0110666666667	4897.37780143571	11	26040737
042_3_A_3-6	26040738_042_3_A_3-6.D	Sample	46121.547107245402	24.0305	1e+06	28.654050000000002	7085194.71899998	28.764299999999999	259012.99700852	29.030166666666702	38083.0552542284	29.432216666666701	7140.29006613764	30.009350000000001	130930.981336784	30.210366666666701	7147.88522432536	31.079316666666699	142547.511306035	42.790566666666699	170735.220712562	43.017533333333297	18485.3320022474	11	26040738
QC11g	26040739_QC11g.D	QC	46121.599679675899	24.037116666666702	1e+06	28.6606666666667	7279289.44037554	28.764416666666701	273477.752911618	29.036766666666701	199021.75027909	29.4323333333333	40158.508460924	30.0094666666667	167569.097482127	30.2169666666667	7807.42662167022	31.079433333333299	102298.374806881	42.790683333333298	241647.412020635	43.017650000000003	24402.7273876458	11	26040739
144_3_A_BL	26040740_144_3_A_BL.D	Sample	46121.6522767477	24.062999999999999	1e+06	28.673583333333301	6702822.20852931	28.790299999999998	682762.101959576	29.036716666666699	68634.7317041528	29.458216666666701	4774.80491581574	30.0483333333333	327766.54417246	30.236383333333301	17360.146308626	31.0858666666667	123010.665861242	42.790633333333297	26295.2401077603	43.017600000000002	8869.66019260679	11	26040740
144_3_A_0-3	26040741_144_3_A_0-3.D	Sample	46121.704872256902	24.030533333333299	1e+06	28.654066666666701	6940852.24412921	28.757833333333298	318476.74480327	29.030183333333301	31295.7422485613	29.425750000000001	6551.28877440481	30.0093666666667	223372.602445732	30.210383333333301	8402.7107986805	31.079333333333299	143889.83198227	42.790583333333302	143826.707531782	43.01755	16652.8981796072	11	26040741
144_3_A_3-6	26040742_144_3_A_3-6.D	Sample	46121.757468738397	24.03715	1e+06	28.654199999999999	5571141.15196209	28.783899999999999	1395419.17505843	29.036799999999999	50222.4198805174	29.438849999999999	5863.63712700011	30.022466666666698	805369.538102609	30.223483333333299	25877.5318011861	31.0924333333333	742038.035213007	42.804299999999998	1288344.35929237	43.024166666666702	174471.732645091	11	26040742
168_3_A_0-3	26040744_168_3_A_0-3.D	Sample	46121.8626622917	24.036999999999999	1e+06	28.660550000000001	7246720.1940427	28.777266666666701	886770.052456527	29.036650000000002	197324.9096353	29.438700000000001	34065.2669598571	30.015833333333301	696545.744440431	30.216850000000001	20311.2520038358	31.085799999999999	567131.37920219	42.797049999999999	621457.387928668	43.017533333333297	67640.2818036891	11	26040744
QC11h	26040745_QC11h.D	QC	46121.915230138897	24.030433333333299	1e+06	28.653983333333301	7555625.52532381	28.764233333333301	275998.992957096	29.030100000000001	204658.958769415	29.43215	41175.3252289047	30.0092833333333	169316.729206041	30.2167833333333	8737.09771053126	31.079249999999998	104804.313103986	42.790500000000002	200700.682492643	43.017466666666699	23667.2760658879	11	26040745
168_3_A_3-6	26040746_168_3_A_3-6.D	Sample	46121.967826111097	24.030583333333301	1e+06	28.654116666666699	7130660.95096662	28.7578833333333	95308.7417820223	29.036716666666699	558847.207420803	29.432283333333299	94352.1970614458	30.009416666666699	92701.8611253581	30.216916666666702	4121.03005001238	31.0793833333333	43237.7649978861	42.784149999999997	104879.529465304	43.017600000000002	13822.117544827	11	26040746
168_3_A_AH	26040747_168_3_A_AH.D	Sample	46122.020395231499	24.056166666666702	1e+06	28.686199999999999	6128411.46159997	28.8158833333333	759195.689563524	29.0623	216239.004737684	29.477316666666699	12167.2726778702	30.0414833333333	486694.593427707	30.248999999999999	31489.7299316635	31.104966666666702	223204.686886789	42.790283333333299	99716.207930272	43.023733333333297	18507.0374348859	11	26040747
168_3_A_BL	26040748_168_3_A_BL.D	Sample	46122.072992268499	24.043516666666701	1e+06	28.680033333333299	3898639.61917082	28.803233333333299	724414.586065029	29.056149999999999	229718.168802979	29.471166666666701	9004.95463491882	30.041799999999999	576509.889053667	30.242833333333301	26695.0386905722	31.098800000000001	132773.963508081	42.790599999999998	113523.065965567	43.024050000000003	21037.9737840714	11	26040748
Blank11b	26040749_Blank11b.D	Blank	46122.1255652662	24.0239166666667	1e+06	28.640966666666699	6243496.87269371	28.7512166666667	488.789034102261	29.023566666666699	202.393406131286	29.496949999999998	304.015973107702	30.002749999999999	446.558308281638	29.905483333333301	0	31.0792	137.417187205562	42.012300000000003	0	42.7839666666667	0	11	26040749
Std_0_2	26040750_Std_0.D	Std	46122.178139884301	24.030466666666701	1e+06	28.660499999999999	7197645.50782629	28.764250000000001	260649.394917954	29.036616666666699	196874.567360452	29.432166666666699	37897.2385368939	30.0093	163638.360129205	30.216816666666698	7747.73639242036	31.079266666666701	99998.2902109556	42.7905333333333	266970.88001429	43.017483333333303	26727.361193997	11	26040750
Std_1_2	26040751_Std_1.D	Std	46122.230724201399	24.030566666666701	1e+06	28.654116666666699	7014579.144611	28.76435	437841.296277586	29.0367	466650.475408963	29.432266666666699	85931.2128933533	30.009399999999999	216456.405703376	30.210433333333299	11717.0983226081	31.085850000000001	252101.499681869	42.797116666666703	440960.236208036	43.017583333333299	39533.0502159375	11	26040751
Std_2_2	26040752_Std_2.D	Std	46122.283306516198	24.030516666666699	1e+06	28.654066666666701	7117622.35534302	28.770800000000001	569279.268911901	29.036666666666701	569290.747733611	29.432233333333301	103781.95432782	30.0093666666667	254775.43089415	30.2168666666667	13803.9996427907	31.085816666666702	316179.321595614	42.797066666666701	522017.507170321	43.01755	46376.1591294043	11	26040752
Std_3_2	26040753_Std_3.D	Std	46122.3358980556	24.030533333333299	1e+06	28.6540833333333	6923119.70441003	28.764316666666701	490207.165081004	29.036666666666701	488750.365119686	29.425750000000001	88968.1443985839	30.002883333333301	200833.021629544	30.2104	12913.8597075965	31.085816666666702	316089.143776944	42.797066666666701	515943.816338791	43.01755	47028.8979971484	11	26040753
Std_4_2	26040754_Std_4.D	Std	46122.388478703702	24.030516666666699	1e+06	28.654050000000002	7031692.39139715	28.777266666666701	915173.331260118	29.043133333333301	923299.637766236	29.432216666666701	165335.997151398	30.009350000000001	351454.209668489	30.216850000000001	19221.4089671306	31.085799999999999	493022.795430618	42.797049999999999	792316.315633896	43.017533333333297	78757.6064001285	11	26040754
Std_5_2	26040755_Std_5.D	Std	46122.441081481498	24.030650000000001	1e+06	28.654199999999999	6969900.39214505	28.777416666666699	1204575.55111133	29.049766666666699	1191186.429854	29.438849999999999	241036.425340503	30.015983333333299	436761.8960593	30.216999999999999	23899.1534349272	31.08595	667080.098866845	42.797199999999997	943586.450243249	43.024166666666702	106964.369661869	11	26040755
QC11i	26040756_QC11i.D	QC	46122.4936753125	24.030533333333299	1e+06	28.654066666666701	6878534.90467322	28.764316666666701	253466.78664722	29.030183333333301	195467.549384798	29.425750000000001	36805.2250036876	30.0093666666667	161226.966302763	30.2168666666667	7232.87755794176	31.079333333333299	99112.3864018688	42.790583333333302	229545.352209309	43.01755	23500.3609069224	11	26040756
QC12a	26041302_QC12a.D	QC	46125.689532384298	24.030566666666701	1e+06	28.654116666666699	6268204.0585454	28.76435	264705.593586654	29.0302166666667	188262.891944112	29.432266666666699	37381.4100404493	30.009399999999999	164665.39327075	30.210416666666699	7590.16871340322	31.079366666666701	95564.714546659	42.7906166666667	205630.143153715	43.017583333333299	23819.0983315499	12	26041302
Std_0_1	26041303_Std_0.D	Std	46125.742107847203	24.030666666666701	1e+06	28.654216666666699	6600870.04672426	28.764466666666699	267704.055052031	29.030333333333299	194903.368327628	29.432383333333298	37241.53389768	30.009516666666698	166349.259762307	30.217016666666701	7943.2381774361	31.0794833333333	97191.0042605128	42.7907333333333	217923.972788056	43.017699999999998	24208.6813159564	12	26041303
Std_1_1	26041304_Std_1.D	Std	46125.7946901389	24.030583333333301	1e+06	28.654133333333299	6566374.30674961	28.770849999999999	500748.723860105	29.036733333333299	459887.826647824	29.432283333333299	82135.6185381732	30.009416666666699	228423.506840712	30.216933333333301	11723.329657024	31.0793833333333	199262.988831655	42.797133333333299	402868.852785496	43.017600000000002	38729.5902624811	12	26041304
Std_2_1	26041305_Std_2.D	Std	46125.847294919004	24.0306	1e+06	28.654150000000001	6523348.26202968	28.770866666666699	622369.322027526	29.036733333333299	568376.193266542	29.432300000000001	99114.6676946667	30.009433333333298	268749.946800562	30.216950000000001	14120.4592096174	31.0794	261522.245276879	42.797133333333299	490189.627411844	43.017616666666697	46268.1625662801	12	26041305
Std_3_1	26041306_Std_3.D	Std	46125.899866550899	24.0304	1e+06	28.653949999999998	6621537.6084697	28.770666666666699	715449.818686194	29.043016666666698	649785.456605983	29.432099999999998	114265.884294073	30.009233333333299	294314.897384454	30.216750000000001	16173.834110984	31.0856833333333	326964.575658802	42.7969333333333	621536.342145049	43.017416666666698	58526.5259373287	12	26041306
Std_4_1	26041307_Std_4.D	Std	46125.952440497698	24.030550000000002	1e+06	28.6541	6386113.74930863	28.7708333333333	953584.612365937	29.0431833333333	900103.367479609	29.432266666666699	157384.354698132	30.009399999999999	356771.676334703	30.216899999999999	19688.1275766908	31.085850000000001	433922.837009114	42.7971	716550.535228037	43.024066666666698	71114.6104687181	12	26041307
Std_5_1	26041308_Std_5.D	Std	46126.004999606499	24.030449999999998	1e+06	28.654	6184397.0129632	28.777200000000001	1081906.77090717	29.0430833333333	1050961.55034936	29.43215	187977.919598538	30.0157666666667	384077.631766469	30.216799999999999	22186.2102050479	31.085733333333302	520585.618176816	42.796999999999997	788672.511083884	43.023949999999999	80328.7523878347	12	26041308
QC12b	26041309_QC12b.D	QC	46126.057569097196	24.0306	1e+06	28.654150000000001	6898923.0423007	28.764383333333299	273887.209719712	29.030249999999999	197150.777759041	29.432300000000001	40464.7404990459	30.002949999999998	165706.68928675	30.210450000000002	8037.2174948805	31.0794	98853.383584002	42.790649999999999	255305.653689554	43.017616666666697	26638.650566788	12	26041309
Blank12a	26041310_Blank12a.D	Blank	46126.110171041699	24.017600000000002	1e+06	28.6476166666667	5475656.40776179	28.744900000000001	686.185597312314	29.023733333333301	599.442219816259	29.140450000000001	0	29.9964333333333	723.838518132019	30.2039333333333	0	31.072883333333301	257.832655143405	42.7906166666667	0	43.004616666666699	0	12	26041310
245_3_A_0-3	26041311_245_3_A_0-3.D	Sample	46126.1627533102	24.023949999999999	1e+06	28.647500000000001	6023006.15508353	28.751249999999999	24946.087983974	29.017116666666698	4260.69269209227	29.4386166666667	429.600479489021	30.009266666666701	18432.4712875425	30.2103	923.61609347956	31.079233333333299	3408.76741253509	42.783999999999999	1751.19935669488	43.023933333333297	377.676411748624	12	26041311
245_3_A_BL	26041312_245_3_A_BL.D	Sample	46126.215364710602	24.0368833333333	1e+06	28.666916666666701	5934123.1267225	28.783633333333299	270367.084983033	29.030049999999999	49955.6387394105	29.451550000000001	2489.61047237555	30.022200000000002	151408.447319095	30.216750000000001	7978.24214762909	31.0856833333333	38280.8536355418	42.7839666666667	23823.7811759968	43.017416666666698	4454.92894891566	12	26041312
245_3_A_3-6	26041313_245_3_A_3-6.D	Sample	46126.267959536999	24.024049999999999	1e+06	28.647600000000001	6274243.66992034	28.751349999999999	32049.190321347	29.023700000000002	5817.11327467789	29.419266666666701	636.458992194728	30.002883333333301	25490.9821085435	30.2168833333333	1318.95747566492	31.079333333333299	3230.31958130149	42.784100000000002	2711.27664293039	43.0110666666667	657.17310830929	12	26041313
245_3_A_AH	26041314_245_3_A_AH.D	Sample	46126.320555810198	24.0370666666667	1e+06	28.673566666666702	5131790.05908329	28.790299999999998	753644.142034961	29.036716666666699	90870.6866221522	29.451733333333301	5993.57557278184	30.022383333333298	267915.694423034	30.242850000000001	22576.7485935341	31.0858666666667	112900.523930644	42.784149999999997	30509.0454747109	43.024083333333301	8026.45372102858	12	26041314
QC12c	26041315_QC12c.D	QC	46126.3731408565	24.024083333333301	1e+06	28.647749999999998	6391702.5752167	28.76435	247991.284026974	29.0302166666667	180189.713177066	29.432266666666699	36405.320497386	30.0029166666667	154941.637519118	30.210416666666699	7353.29934205276	31.079366666666701	90754.9376315075	42.7906166666667	204190.789871168	43.017583333333299	21936.6018594578	12	26041315
118_1_A_BL	26041316_118_1_A_BL.D	Sample	46126.425743784697	24.0436333333333	1e+06	28.673666666666701	6735138.52182244	28.783916666666698	163059.086780195	29.036816666666699	52246.0066063317	29.445350000000001	2719.40461673709	30.035450000000001	210799.090245255	30.229983333333301	8501.52687673303	31.08595	19686.7174212379	42.7907333333333	19990.6617628955	43.017683333333302	3646.49837234216	12	26041316
118_1_A_AH	26041317_118_1_A_AH.D	Sample	46126.478324525502	24.030550000000002	1e+06	28.6605833333333	6950678.39241464	28.757850000000001	68284.0867987537	29.023716666666701	15125.2358279971	29.445216666666699	1490.86889622455	30.0093833333333	70661.8265066103	30.210416666666699	2099.17181663443	31.079350000000002	9235.38225500155	42.777633333333299	5050.56787943436	43.004600000000003	1070.87454708611	12	26041317
118_1_A_3-6	26041318_118_1_A_3-6.D	Sample	46126.530900150501	24.023983333333302	1e+06	28.6475333333333	6081532.95311574	28.751283333333301	115574.841476861	29.023633333333301	6141.32397255949	29.438649999999999	679.924306716964	30.0028166666667	86903.4464632155	30.210333333333299	3466.18628698795	31.072783333333302	57546.8029507327	42.784033333333298	5620.03115455791	43.004516666666703	1090.37900501518	12	26041318
118_1_A_0-3	26041319_118_1_A_0-3.D	Sample	46126.583477789398	24.024066666666702	1e+06	28.6476166666667	6114886.35988456	28.751366666666701	102277.251976388	29.030200000000001	291831.600042775	29.4257666666667	56135.1716078635	30.0029	108156.344116033	30.2039166666667	3332.06144115267	31.072866666666702	54210.3620677843	42.790599999999998	11683.5986064067	43.017566666666703	1977.17453569811	12	26041319
202_3_A_AH	26041320_202_3_A_AH.D	Sample	46126.636063206002	24.043433333333301	1e+06	28.673449999999999	5257872.63397551	28.790183333333299	746849.971029076	29.0366	105219.912466199	29.445133333333299	8478.39744942816	30.022266666666699	306330.213575444	30.229766666666698	21262.6791541432	31.085733333333302	133220.745034716	42.790516666666697	28700.1296758932	43.017466666666699	7312.68398888944	12	26041320
QC12d	26041321_QC12d.D	QC	46126.688633622703	24.030483333333301	1e+06	28.654033333333299	6370881.82323299	28.7642666666667	240643.049455285	29.0301333333333	177303.362755016	29.432183333333299	34974.2875462636	30.009316666666699	152674.413301222	30.216833333333302	7057.25510301303	31.079283333333301	89649.0030255023	42.7905333333333	208116.329020602	43.017499999999998	22445.6880088491	12	26041321
202_3_A_3-6	26041322_202_3_A_3-6.D	Sample	46126.741216504597	24.043516666666701	1e+06	28.673549999999999	5818266.25410306	28.796766666666699	1401547.14339556	29.0431833333333	110588.15987772	29.445216666666699	7821.65123898542	30.028833333333299	971156.254186923	30.229866666666702	23264.4748592556	31.098800000000001	1006791.7942527	42.8100666666667	1330620.27652816	43.030533333333302	209592.46111512	12	26041322
202_3_A_BL	26041323_202_3_A_BL.D	Sample	46126.793790902797	24.043399999999998	1e+06	28.679916666666699	4603061.27433351	28.7966333333333	607342.753340083	29.049533333333301	132869.731688338	29.4515833333333	9066.65364383961	30.0287166666667	322114.037647461	30.229749999999999	14519.3332601503	31.085716666666698	101868.825522234	42.790483333333299	47539.1408061833	43.023933333333297	10343.9299724153	12	26041323
202_3_A_0-3	26041324_202_3_A_0-3.D	Sample	46126.846383900498	24.03715	1e+06	28.667166666666699	5819371.96770508	28.790383333333299	1058410.56979713	29.049766666666699	943939.341401265	29.445333333333298	154553.564262564	30.022466666666698	765330.477307933	30.223483333333299	18476.0513967849	31.0924333333333	610930.327771309	42.797199999999997	1030855.33938767	43.024166666666702	112623.252607979	12	26041324
009_1_B_3-6	26041325_009_1_B_3-6.D	Sample	46126.898969224501	24.023966666666698	1e+06	28.647500000000001	6268670.59688529	28.757750000000001	30796.0353619815	29.023616666666701	9478.72088370898	29.419183333333301	835.834463611223	30.002800000000001	40141.5475208544	30.2103	1144.5043437896	31.072766666666698	3413.59448276624	42.784016666666702	6177.65129767493	43.0109833333333	1168.05539216729	12	26041325
009_1_B_BL	26041326_009_1_B_BL.D	Sample	46126.951559039298	24.043583333333299	1e+06	28.686583333333299	4847204.72711516	28.7968333333333	570939.350412807	29.0497333333333	215562.463084786	29.458266666666699	8859.45236424349	30.035399999999999	528292.489373474	30.236416666666699	19990.5695307989	31.085899999999999	66975.3293973827	42.790683333333298	80670.2435614994	43.017633333333301	14841.3325409567	12	26041326
QC12e	26041327_QC12e.D	QC	46127.0041550694	24.0305	1e+06	28.654033333333299	6987975.76465705	28.764283333333299	257278.436732262	29.030149999999999	190235.571687005	29.432200000000002	38855.1491841898	30.009333333333299	160005.834738172	30.216833333333302	7359.17283127626	31.0793	94918.6323598968	42.790550000000003	255035.465566975	43.017516666666701	25641.5216636313	12	26041327
009_1_B_AH	26041328_009_1_B_AH.D	Sample	46127.056768078699	24.04365	1e+06	28.68665	5123887.85832263	28.803366666666701	589355.106906738	29.049783333333298	236661.130601037	29.451833333333301	12183.3185470856	30.035450000000001	518418.787994035	30.2429666666667	21142.491295001	31.0859666666667	78735.6888533947	42.7907333333333	71347.0288152572	43.017699999999998	14230.5540256469	12	26041328
009_1_B_0-3	26041329_009_1_B_0-3.D	Sample	46127.109359282404	24.023983333333302	1e+06	28.6475166666667	6224534.59505637	28.757766666666701	32525.4153661639	29.023633333333301	9447.94034063962	29.4256833333333	639.989743711969	30.0093	38344.2035574715	30.216799999999999	1101.63453640227	31.072783333333302	3645.40542355614	42.784033333333298	5457.37640838953	43.004516666666703	1044.01968848329	12	26041329
094_2_A_BL	26041330_094_2_A_BL.D	Sample	46127.1619329514	24.030416666666699	1e+06	28.653966666666701	6450197.74263461	28.764199999999999	80041.2767142241	29.023583333333299	11937.8395395669	29.438600000000001	988.321911452534	30.009250000000002	54254.9804407887	30.210283333333301	1984.62675136207	31.0727333333333	9221.59460129278	42.783983333333303	5164.84501139678	43.004466666666701	1030.47042972285	12	26041330
094_2_A_0-3	26041331_094_2_A_0-3.D	Sample	46127.214534583298	24.024149999999999	1e+06	28.6477	6432499.45518412	28.751449999999998	59837.8123780739	29.023816666666701	141734.611343963	29.4258666666667	31063.5268820637	30.002983333333301	53940.7372748797	30.2040166666667	2236.76265194506	31.072949999999999	26985.2574203512	42.784216666666701	67876.7834786868	43.017666666666699	9161.06832449408	12	26041331
094_2_A_3-6	26041332_094_2_A_3-6.D	Sample	46127.267130231499	24.0306	1e+06	28.654150000000001	6533305.93603198	28.764383333333299	215400.413987717	29.023766666666699	15135.2577863346	29.432300000000001	1940.97664032088	30.009433333333298	137325.359487328	30.210450000000002	4899.39824718109	31.0794	79238.8665584119	42.790649999999999	254332.682130016	43.017616666666697	26021.6565113262	12	26041332
QC12f	26041333_QC12f.D	QC	46127.319693310201	24.030633333333299	1e+06	28.6541833333333	6978603.16056239	28.764416666666701	260994.01710861	29.030283333333301	191666.717859862	29.425850000000001	37032.0359551167	30.002983333333301	162748.100750856	30.2169833333333	7311.53504481202	31.079433333333299	94735.9053693721	42.790683333333298	244138.136437929	43.017650000000003	24746.9192256789	12	26041333
094_2_A_AH	26041334_094_2_A_AH.D	Sample	46127.372307002297	24.043483333333299	1e+06	28.6864833333333	4714321.79741235	28.7967166666667	1168998.11369414	29.043133333333301	116776.784975091	29.45815	7182.31093899877	30.0417666666667	587401.222468429	30.223333333333301	12550.1677349257	31.085799999999999	151667.60323034	42.790566666666699	39907.2204000107	43.024016666666697	13651.7805042818	12	26041334
170_3_A_AH	26041335_170_3_A_AH.D	Sample	46127.4248962153	24.043533333333301	1e+06	28.667066666666699	6095047.99034988	28.783799999999999	685874.171107661	29.0367	98938.9381276074	29.458200000000001	8390.6163262247	30.022366666666699	297325.141711796	30.249333333333301	465886.250327973	31.085850000000001	135456.782614828	42.7906166666667	43883.9038297985	43.017583333333299	7729.41496305797	12	26041335
170_3_A_3-6	26041336_170_3_A_3-6.D	Sample	46127.477482060203	24.030583333333301	1e+06	28.654116666666699	6949365.41273978	28.770849999999999	634928.790652533	29.036716666666699	153652.365913443	29.432283333333299	27668.5297643595	30.009416666666699	360838.917084618	30.229883333333301	37499.1084424235	31.0793833333333	240730.637697175	42.797116666666703	512812.48958951	43.017600000000002	45226.7125853332	12	26041336
170_3_A_0-3	26041337_170_3_A_0-3.D	Sample	46127.530056481497	24.037033333333301	1e+06	28.6540833333333	6831126.42511515	28.7708166666667	299423.547163994	29.04965	878418.731518532	29.4387333333333	141909.051593842	30.0158666666667	206534.657280612	30.236333333333299	72059.010864101	31.079333333333299	82887.7303351233	42.797083333333298	471179.023793107	43.01755	41531.1720009256	12	26041337
170_3_A_BL	26041338_170_3_A_BL.D	Sample	46127.582638541702	24.043666666666699	1e+06	28.6672166666667	5432373.47427464	28.790416666666701	618524.579757101	29.036833333333298	136518.561987398	29.45185	8009.9260836728	30.028983333333301	391762.740139265	30.249466666666699	314712.805634212	31.085983333333299	153590.049329027	42.790750000000003	66334.1667375393	43.011233333333301	11947.7598935948	12	26041338
QC12g	26041339_QC12g.D	QC	46127.635216631897	24.030616666666699	1e+06	28.654166666666701	6800429.43955623	28.764399999999998	249040.222956043	29.030266666666702	186291.831480696	29.425833333333301	36601.822563537	30.002966666666701	154257.305588699	30.2169666666667	7036.12641263315	31.079416666666699	91474.5299958301	42.790666666666702	229814.187342982	43.017633333333301	23250.9263906151	12	26041339
062_3_A_3-6	26041340_062_3_A_3-6.D	Sample	46127.687829652801	24.0306833333333	1e+06	28.654233333333298	6356415.98951745	28.7579833333333	274152.280217868	29.030333333333299	80050.0180842495	29.425899999999999	15468.9453450654	30.003033333333299	157544.054408294	30.210533333333299	7297.81188768362	31.073	104511.47744325	42.7907333333333	476638.268403179	43.017699999999998	40925.8674194542	12	26041340
062_3_A_AH	26041341_062_3_A_AH.D	Sample	46127.740447199103	24.037116666666702	1e+06	28.667149999999999	6114291.23831129	28.7774	222124.664986163	29.0367833333333	80410.2908061851	29.458283333333299	4870.03642509637	30.022449999999999	246941.690658918	30.229949999999999	14395.5817704633	31.085916666666702	16153.3866264212	42.784216666666701	54793.5476678431	43.017650000000003	10394.3723690094	12	26041341
062_3_A_0-3	26041342_062_3_A_0-3.D	Sample	46127.7930533912	24.030416666666699	1e+06	28.647466666666698	6389156.55274612	28.757716666666699	63763.1814113663	29.030066666666698	240202.02708123	29.425633333333298	44396.7375505954	30.002766666666702	65279.7392479115	30.216750000000001	2443.30152972802	31.0727166666667	17811.8312558589	42.783983333333303	97509.2007254786	43.017433333333301	11650.7674464832	12	26041342
062_3_A_BL	26041343_062_3_A_BL.D	Sample	46127.845652476899	24.049949999999999	1e+06	28.69295	5607440.0507845	28.8032	387459.583572514	29.056100000000001	184196.908592828	29.477599999999999	7808.93556143524	30.0417666666667	537307.200225438	30.249266666666699	27581.9341444847	31.098749999999999	40499.896983643	42.797033333333303	166120.623273531	43.017516666666701	27924.3753751962	12	26041343
117_2_A_BL	26041344_117_2_A_BL.D	Sample	46127.898249375001	24.024166666666702	1e+06	28.654199999999999	6567322.04106612	28.7579666666667	45493.9835013414	29.0238333333333	10864.5120711503	29.432366666666699	1047.60230481699	30.009499999999999	36144.3885386069	30.216999999999999	3117.69458715537	31.072966666666701	8011.11850036574	42.784233333333297	4976.33248013269	43.017683333333302	843.220613643495	12	26041344
QC12h	26041345_QC12h.D	QC	46127.950839965299	24.030449999999998	1e+06	28.654	7067779.72457237	28.764250000000001	261499.52326669	29.0301166666667	191355.750184788	29.4256833333333	38453.7003107949	30.002800000000001	159382.627383665	30.210316666666699	7443.68709667768	31.079249999999998	95274.3037222272	42.790516666666697	268653.17806043	43.0109833333333	25606.1160870416	12	26041345
117_2_A_0-3	26041346_117_2_A_0-3.D	Sample	46128.003396215303	24.0241333333333	1e+06	28.647666666666701	6083237.43096579	28.751433333333299	40413.322141758	29.023783333333299	80182.7066607182	29.425833333333301	16813.5280598786	30.002966666666701	33983.2147282223	30.223433333333301	2468.3332016059	31.0729333333333	12624.3138394515	42.784183333333303	121699.208548015	43.017633333333301	13873.4926444727	12	26041346
117_2_A_3-6	26041347_117_2_A_3-6.D	Sample	46128.055975891199	24.023966666666698	1e+06	28.654	6279559.62981423	28.751266666666702	73377.1218041123	29.023616666666701	22426.2512743591	29.4256666666667	4568.76997238418	29.996316666666701	50003.3304111667	30.210316666666699	3229.01657371847	31.072766666666698	39828.7675739219	42.784016666666702	126966.624038281	43.0109833333333	14606.0581036001	12	26041347
117_2_A_AH	26041348_117_2_A_AH.D	Sample	46128.108573576399	24.023966666666698	1e+06	28.654	6458970.57365657	28.757750000000001	43067.4055052015	29.023616666666701	8777.59366898374	29.4256666666667	803.592387112088	30.002800000000001	30463.9588655769	30.2167833333333	3857.44851124706	31.072766666666698	9612.13907111129	42.784016666666702	3051.85703522022	43.0109833333333	549.660262703512	12	26041348
Blank12b	26041349_Blank12b.D	Blank	46128.161168113402	24.01765	1e+06	28.641200000000001	5551152.86102441	28.744949999999999	291.929360169015	29.017299999999999	149.674212643763	29.153483333333298	0	29.750066666666701	0	29.918666666666699	0	31.06645	0	42.777700000000003	0	42.777700000000003	0	12	26041349
Std_0_2	26041350_Std_0.D	Std	46128.213743125001	24.030616666666699	1e+06	28.654150000000001	6535160.8775302	28.757916666666699	243732.922974572	29.030266666666702	178258.892032924	29.425833333333301	35205.7067136901	30.002966666666701	151590.187497278	30.216950000000001	6768.27948882818	31.079416666666699	89418.2180201767	42.790666666666702	228594.327638341	43.017633333333301	22682.425062184	12	26041350
Std_1_2	26041351_Std_1.D	Std	46128.266327939797	24.030533333333299	1e+06	28.647600000000001	6469430.42751191	28.764316666666701	401740.9894804	29.036683333333301	422643.516791268	29.425750000000001	76725.8756762612	30.0093666666667	210199.940987088	30.2104	10968.1967707093	31.079333333333299	228773.595963961	42.790599999999998	422610.356084729	43.01755	37124.1289742869	12	26041351
Std_2_2	26041352_Std_2.D	Std	46128.318913483803	24.030466666666701	1e+06	28.654	6454053.98269717	28.764250000000001	525534.424052781	29.0366	530327.771305887	29.4256833333333	93000.683783082	30.0093	251202.980148268	30.210316666666699	12818.4306536062	31.079266666666701	290676.549076227	42.796999999999997	484222.83424362	43.017483333333303	42285.4163075919	12	26041352
Std_3_2	26041353_Std_3.D	Std	46128.371520000001	24.030633333333299	1e+06	28.6541833333333	6371266.18526455	28.764416666666701	641746.570755788	29.036766666666701	603726.98064659	29.4323333333333	104261.427922756	30.0094666666667	275860.184405491	30.2169833333333	13797.9668079944	31.079433333333299	333003.82874447	42.797166666666698	613270.878492958	43.017650000000003	53058.8854977924	12	26041353
Std_4_2	26041354_Std_4.D	Std	46128.424112951398	24.024000000000001	1e+06	28.647549999999999	6110168.58902914	28.770766666666699	879174.738102551	29.036633333333299	859062.143180344	29.432200000000002	146236.694830115	30.009316666666699	330095.632179139	30.216833333333302	17372.1463593434	31.0857666666667	413025.442666351	42.797033333333303	752811.453101962	43.017499999999998	66674.4455381102	12	26041354
Std_5_2	26041355_Std_5.D	Std	46128.476689166702	24.030516666666699	1e+06	28.654050000000002	6555353.43960612	28.777266666666701	1082277.82050521	29.043133333333301	1060042.03485109	29.438700000000001	186636.625745619	30.009350000000001	379128.624174199	30.216850000000001	19646.9871118839	31.085799999999999	516408.697780288	42.797049999999999	860881.485773475	43.017533333333297	84198.5916000251	12	26041355
QC12i	26041356_QC12i.D	QC	46128.529298807902	24.023966666666698	1e+06	28.653983333333301	6360991.5642948	28.757750000000001	246469.55330705	29.030100000000001	179288.368958617	29.4256666666667	35897.5907093899	30.0092833333333	151542.95884658	30.2167833333333	6725.41622977954	31.079249999999998	91114.6368490397	42.784016666666702	216123.844619131	43.0109833333333	22612.550198379	12	26041356
QC13a	26041401_QC13a.D	QC	46128.581882604201	24.030633333333299	1e+06	28.6541833333333	6518097.2356657	28.764416666666701	253610.946191292	29.030283333333301	188447.329981624	29.4323333333333	36801.345127572	30.0094666666667	157458.631066551	30.2104833333333	7074.15738470092	31.079433333333299	91871.9035628349	42.790683333333298	243277.433424691	43.017650000000003	25060.2726968121	13	26041401
Std_0_1	26041402_Std_0.D	Std	46128.6344814236	24.024166666666702	1e+06	28.654199999999999	6493605.91936142	28.764433333333301	252752.535381317	29.0303	189803.086179198	29.4258666666667	37131.3669810325	30.003	158830.679332802	30.216999999999999	6981.80439141723	31.079450000000001	93001.054776175	42.790700000000001	240269.834517815	43.017666666666699	24822.3795044324	13	26041402
Std_1_1	26041403_Std_1.D	Std	46128.687053588001	24.024166666666702	1e+06	28.6491333333333	6215632.98109849	28.764433333333301	440603.167742249	29.0367833333333	418442.256540494	29.4258666666667	76851.9239510871	30.0094833333333	205959.469318234	30.2169833333333	9765.4208814196	31.079450000000001	178566.677556521	42.790700000000001	377980.703330205	43.0111833333333	35065.4157182289	13	26041403
Std_2_1	26041404_Std_2.D	Std	46128.739646886599	24.030416666666699	1e+06	28.647483333333302	6235974.21266482	28.764199999999999	564985.028405036	29.036549999999998	528493.50412787	29.432116666666701	91264.7462046984	30.002766666666702	243875.164606125	30.2167666666667	12039.904094109	31.079216666666699	242391.66558659	42.796950000000002	493841.508524836	43.017433333333301	43507.6572827089	13	26041404
Std_3_1	26041405_Std_3.D	Std	46128.792206319398	24.030449999999998	1e+06	28.654	6301214.71782859	28.770716666666701	676127.245756292	29.036583333333301	612605.872894746	29.43215	105431.596268612	30.0092833333333	275603.042315553	30.216799999999999	13348.324647697	31.079249999999998	303824.317437672	42.790500000000002	614635.776475213	43.017466666666699	53988.9610235847	13	26041405
Std_4_1	26041406_Std_4.D	Std	46128.844782789398	24.030616666666699	1e+06	28.647666666666701	6209910.90689099	28.770883333333298	823595.570453194	29.036750000000001	808817.543083312	29.432316666666701	138743.661589838	30.009450000000001	301830.411526071	30.210466666666701	15522.4563110583	31.085899999999999	386502.74720657	42.790666666666702	677883.135251994	43.017633333333301	61706.9111172955	13	26041406
Std_5_1	26041407_Std_5.D	Std	46128.897365416698	24.030583333333301	1e+06	28.654133333333299	6435955.52322464	28.777333333333299	1067601.95971844	29.043216666666702	1036142.08460304	29.432283333333299	180413.089066297	30.009416666666699	389514.96424997	30.216933333333301	18227.4069771225	31.0858666666667	491927.08233929	42.797116666666703	851556.212704768	43.017600000000002	84898.538372532	13	26041407
QC13b	26041408_QC13b.D	QC	46128.949951238399	24.030633333333299	1e+06	28.6541833333333	6782471.92960954	28.764416666666701	267276.666398786	29.030283333333301	198732.05389576	29.4323333333333	37251.4900736717	30.002983333333301	164611.44687233	30.2169666666667	7368.09134797587	31.079433333333299	97403.1729625644	42.790683333333298	265594.32961403	43.017650000000003	26517.6618550642	13	26041408
Blank13a	26041409_Blank13a.D	Blank	46129.002512314801	24.017633333333301	1e+06	28.641166666666699	5093738.92895603	28.73845	571.743873476133	29.0172833333333	564.766617840585	29.140499999999999	0	29.996466666666699	719.56031741921	30.210450000000002	49.8838319518339	31.0794	285.024752346561	42.7712	275.31615205818	43.011133333333298	89.3514640833795	13	26041409
024_1_A_0-3	26041410_024_1_A_0-3.D	Sample	46129.0551284838	24.030466666666701	1e+06	28.654	6276441.65882405	28.7707333333333	607877.185413175	29.056049999999999	1830538.93242299	29.438649999999999	448933.495953107	30.0093	214390.221150972	30.216799999999999	14958.8668548794	31.079266666666701	229907.921737704	42.790516666666697	187888.426094143	43.011000000000003	21323.4017020424	13	26041410
024_1_A_AH	26041411_024_1_A_AH.D	Sample	46129.107701851899	24.0363166666667	1e+06	28.6606666666667	6144956.75804548	28.7838833333333	845109.814079039	29.0303	53502.2924361463	29.458283333333299	8279.49069843366	30.01595	161555.565492009	30.229949999999999	26607.1082988624	31.079433333333299	266191.447308058	42.784216666666701	13370.3457738007	43.017650000000003	3799.99338899236	13	26041411
024_1_A_BL	26041412_024_1_A_BL.D	Sample	46129.160301064803	24.037033333333301	1e+06	28.6605833333333	6267849.25270349	28.7837833333333	910455.143654633	29.036683333333301	45475.234775427	29.445216666666699	4919.33536210656	30.022349999999999	149054.79588753	30.229866666666702	31298.1623450684	31.085833333333301	412691.044895399	42.784116666666698	15427.4137732154	43.017566666666703	3691.46365446687	13	26041412
024_1_A_3-6	26041413_024_1_A_3-6.D	Sample	46129.212886458299	24.030466666666701	1e+06	28.654016666666699	6704873.12586028	28.77075	823852.189804393	29.0301333333333	20546.8722984486	29.432183333333299	3128.85551452059	30.009316666666699	327458.448774889	30.216816666666698	15181.7086433672	31.0857666666667	343030.258292987	42.7905333333333	56376.9441819773	43.011000000000003	9220.44827839562	13	26041413
QC13c	26041414_QC13c.D	QC	46129.265516099498	24.030466666666701	1e+06	28.654016666666699	6441229.10437067	28.764250000000001	248389.539435257	29.0301166666667	183469.007311454	29.4256833333333	36314.9520468707	30.0028166666667	154910.239433726	30.216816666666698	6724.0444732577	31.079266666666701	91012.7930083666	42.790516666666697	232557.004454102	43.017483333333303	24050.3575426029	13	26041414
240_3_B_AH	26041415_240_3_B_AH.D	Sample	46129.318077766198	24.0368833333333	1e+06	28.666916666666701	6575638.19722791	28.783650000000002	611052.733252328	29.036549999999998	59247.2980616115	29.45805	3671.29080220003	30.022216666666701	178331.226733029	30.2362	81033.3332230459	31.0856833333333	146215.975098334	42.7839666666667	21694.3332860517	43.010933333333298	4449.12965513876	13	26041415
240_3_B_3-6	26041416_240_3_B_3-6.D	Sample	46129.370645034702	24.030483333333301	1e+06	28.654033333333299	6738117.04743201	28.7642666666667	78464.5702493535	29.0301333333333	18214.7939329463	29.445150000000002	1139.30706928856	30.009316666666699	69717.4025497532	30.216833333333302	4963.78948826665	31.072800000000001	14125.5132763455	42.777566666666701	9902.58069396365	43.017499999999998	1731.92267513015	13	26041416
240_3_B_0-3	26041417_240_3_B_0-3.D	Sample	46129.423230578701	24.024149999999999	1e+06	28.6477	6357810.11592338	28.744966666666699	18857.414550767	29.017316666666702	3595.93712395686	29.4388166666667	337.74667442193	30.0094666666667	14872.883045974	30.2169833333333	1939.36448475882	31.072949999999999	5441.1625099153	42.784199999999998	1381.97846670606	43.004683333333297	316.170462997043	13	26041417
240_3_B_BL	26041418_240_3_B_BL.D	Sample	46129.4757902083	24.036950000000001	1e+06	28.666966666666699	6586046.48387764	28.7837	340315.38168395	29.0366	51433.1921892955	29.451616666666698	2472.2780923569	30.022266666666699	167598.177212606	30.229766666666698	28552.9974085383	31.085750000000001	84460.3721636069	42.790516666666697	26247.9282905253	43.017483333333303	4765.7985512508	13	26041418
212_3_B_3-6	26041419_212_3_B_3-6.D	Sample	46129.528376041701	24.017466666666699	1e+06	28.640999999999998	5962961.25468655	28.744766666666699	40409.6612076587	29.017116666666698	3259.86880307656	29.4451	378.338079743794	29.996300000000002	14939.4836628641	30.203800000000001	1683.84292829106	31.072749999999999	18026.982017479	42.790483333333299	1243.60761238903	43.010966666666697	319.815415747088	13	26041419
QC13d	26041420_QC13d.D	QC	46129.580950185198	24.024000000000001	1e+06	28.6491166666667	6555866.46169343	28.7642666666667	251427.56828371	29.030149999999999	187823.954848677	29.432183333333299	36612.7657130335	30.009316666666699	158602.061036837	30.210349999999998	6726.03211009332	31.072800000000001	90933.75382826	42.790550000000003	238870.443613131	43.017499999999998	24286.2287753661	13	26041420
212_3_B_BL	26041421_212_3_B_BL.D	Sample	46129.633520196803	24.043566666666699	1e+06	28.6800833333333	4560636.00810115	28.816266666666699	2742952.58077246	29.049700000000001	136342.037487134	29.4712	12575.9908856483	30.0353666666667	421874.372893082	30.2428833333333	43493.4451982235	31.105333333333299	1356210.41011631	42.790649999999999	59860.7984032018	43.024099999999997	12079.7181390412	13	26041421
212_3_B_AH	26041422_212_3_B_AH.D	Sample	46129.686112523203	24.043583333333299	1e+06	28.6671333333333	3654108.3001084	28.803316666666699	3269145.52274535	29.04325	226667.778663278	29.451783333333299	22525.4863022015	30.035399999999999	638988.931519396	30.236416666666699	72807.3448299306	31.098883333333301	1404813.11262648	42.790683333333298	59054.3153149804	43.017633333333301	13831.9668829603	13	26041422
212_3_B_0-3	26041423_212_3_B_0-3.D	Sample	46129.738701273098	24.024100000000001	1e+06	28.647649999999999	6122240.28219812	28.7514	63725.766018526	29.023766666666699	3530.3655189852	29.438783333333301	378.677769968831	30.002933333333299	15461.9604937003	30.203966666666702	2339.61864564637	31.072900000000001	29828.6217672394	42.7841666666667	1835.6715580442	43.011116666666702	469.198577642376	13	26041423
149_2_A_AH	26041424_149_2_A_AH.D	Sample	46129.791287152802	24.030550000000002	1e+06	28.6541	4558868.52933401	28.764333333333301	158769.154811	29.023716666666701	31417.5356534876	29.43225	2349.97684276075	30.0093833333333	105926.189833612	30.2104	5029.25730690846	31.079350000000002	18718.3055559688	42.790599999999998	73576.8199861686	43.017566666666703	10625.2769523711	13	26041424
149_2_A_BL	26041425_149_2_A_BL.D	Sample	46129.843870185199	24.036950000000001	1e+06	28.666983333333299	6009591.78570684	28.7772166666667	228942.000662326	29.036616666666699	70426.1723983168	29.458116666666701	3630.40596756209	30.022266666666699	192344.344987658	30.236266666666701	7739.01875795062	31.079266666666701	24205.2274144761	42.790516666666697	205739.634265786	43.017483333333303	25204.7375596387	13	26041425
QC13e	26041426_QC13e.D	QC	46129.896469791704	24.030483333333301	1e+06	28.654016666666699	6734313.50610384	28.7642666666667	257795.706163599	29.0301333333333	190162.756513921	29.432183333333299	36575.0663419901	30.009316666666699	159224.488244145	30.210333333333299	6691.58812475127	31.079283333333301	92412.6876169907	42.7905333333333	262187.473755179	43.011016666666698	26040.8775643728	13	26041426
149_2_A_3-6	26041427_149_2_A_3-6.D	Sample	46129.949071805597	24.017583333333299	1e+06	28.647600000000001	6048060.19645361	28.751366666666701	77643.1188393389	29.023716666666701	6978.06584190556	29.43225	926.361104449006	30.0029	54036.2834181082	30.2039166666667	2662.99409166074	31.072866666666702	30622.8819960366	42.784116666666698	100350.03294737	43.017566666666703	12657.5328578912	13	26041427
149_2_A_0-3	26041428_149_2_A_0-3.D	Sample	46130.001644363401	24.017466666666699	1e+06	28.647500000000001	5545352.75814935	28.744766666666699	33741.835617737	29.017133333333302	30629.6669060349	29.419183333333301	6936.33213526073	29.996316666666701	31292.1302272672	30.197333333333301	1472.92964531839	31.072766666666698	13858.1393499105	42.784016666666702	49549.686242692	43.0109833333333	6679.16834654762	13	26041428
230_3_B_AH	26041429_230_3_B_AH.D	Sample	46130.054254722199	24.043583333333299	1e+06	28.6736166666667	4491901.94381209	28.79035	792708.693258904	29.0497333333333	158901.171758462	29.464749999999999	7219.37483339148	30.035399999999999	336059.502349636	30.242899999999999	45792.7248451563	31.092383333333299	161675.534240442	42.790666666666702	49348.091694987	43.011150000000001	23026.0314579214	13	26041429
230_3_B_0-3	26041430_230_3_B_0-3.D	Sample	46130.106823252303	24.0241333333333	1e+06	28.647683333333301	5970842.57378461	28.751433333333299	19580.9858615398	29.017299999999999	4709.20759869483	29.432316666666701	242.333771149467	30.002966666666701	14267.6839201619	30.2169666666667	786.689601529931	31.0729333333333	2518.68408878626	42.784199999999998	2165.76105013747	43.004666666666701	621.671633523756	13	26041430
230_3_B_3-6	26041431_230_3_B_3-6.D	Sample	46130.159396805597	24.023966666666698	1e+06	28.6475166666667	6190093.21427152	28.751266666666702	21817.7989705596	29.023633333333301	6470.05682925187	29.432166666666699	383.903860988073	30.002800000000001	18545.6484277975	30.210316666666699	1162.95263200035	31.072766666666698	2236.04398681311	42.784033333333298	2570.38584137264	43.0045	614.821373120737	13	26041431
QC13f	26041432_QC13f.D	QC	46130.211960775501	24.024066666666702	1e+06	28.6541	6123482.06190608	28.764333333333301	243045.572157502	29.0302166666667	175673.2947652	29.4257666666667	35612.769538236	30.0029	151923.52834502	30.216899999999999	6782.64000653735	31.079350000000002	88196.7074399828	42.7906166666667	228472.460990367	43.011083333333303	24119.1072276925	13	26041432
230_3_B_BL	26041433_230_3_B_BL.D	Sample	46130.264536354203	24.0370666666667	1e+06	28.660616666666701	3813829.97134554	28.777333333333299	392466.5152208	29.036716666666699	105072.226890777	29.451733333333301	3861.78514088012	30.022383333333298	232155.635197564	30.229900000000001	13578.7136120399	31.0858666666667	53258.7080902035	42.790633333333297	47164.7834047402	43.011116666666702	15949.5964206218	13	26041433
211_3_A_3-6	26041434_211_3_A_3-6.D	Sample	46130.317094826401	24.01755	1e+06	28.647583333333301	5671989.34315535	28.74485	63029.557772824	29.023683333333299	3667.30353292506	29.432216666666701	598.083875194676	29.996383333333299	42601.0327803748	30.203900000000001	2922.99856085809	31.0728333333333	38546.0336117171	42.790583333333302	32048.8469901031	43.011049999999997	4651.60337170353	13	26041434
211_3_A_AH	26041435_211_3_A_AH.D	Sample	46130.369665092599	24.04365	1e+06	28.667200000000001	5622292.69392605	28.783916666666698	771185.178889982	29.036816666666699	72145.9082663137	29.438866666666701	4964.32203246903	30.028966666666701	299493.376313842	30.23	18863.0048882335	31.0859666666667	143357.07458604	42.7907333333333	24910.0881016286	43.017699999999998	6437.37228574054	13	26041435
211_3_A_BL	26041436_211_3_A_BL.D	Sample	46130.422235729202	24.050083333333301	1e+06	28.680116666666699	4864335.52309053	28.809816666666698	1106166.05414982	29.04975	157098.699972605	29.464766666666701	8594.49411378498	30.035416666666698	586043.986009125	30.242916666666702	28749.4570724124	31.092400000000001	263410.221348587	42.790683333333298	54910.9579158278	43.024133333333303	12900.3690475926	13	26041436
211_3_A_0-3	26041437_211_3_A_0-3.D	Sample	46130.4748217245	24.030550000000002	1e+06	28.6541	6416303.59568265	28.764333333333301	346551.83401401	29.0431666666667	757650.657287805	29.43225	129604.094876274	30.0093833333333	202004.928857669	30.2104	7524.7489486872	31.079350000000002	125523.59563885	42.797083333333298	435013.471041149	43.017566666666703	39532.115385728	13	26041437
QC13g	26041438_QC13g.D	QC	46130.5274117593	24.030449999999998	1e+06	28.6475166666667	6196582.61322594	28.757750000000001	247481.020427725	29.030100000000001	178041.096147949	29.4256666666667	35638.1575161674	30.0092833333333	155050.304836822	30.210316666666699	6238.74580794051	31.079249999999998	90019.3293250078	42.790500000000002	247290.586883487	43.017466666666699	25846.4770272008	13	26041438
124_2_A_0-3	26041439_124_2_A_0-3.D	Sample	46130.580005717602	24.024100000000001	1e+06	28.647649999999999	6451121.93692333	28.7578833333333	92106.8423004685	29.02375	193379.265799028	29.425799999999999	37510.1480627962	30.002933333333299	71090.8614427686	30.203966666666702	2444.21214890515	31.072900000000001	29465.906035926	42.790633333333297	197356.153667771	43.017600000000002	20644.5460252557	13	26041439
124_2_A_3-6	26041441_124_2_A_3-6.D	Sample	46130.685178981497	24.024066666666702	1e+06	28.647600000000001	6329704.84792083	28.757850000000001	131550.14954423	29.023716666666701	11751.3084130609	29.4257666666667	1807.3598677178	30.0029	77226.3386886674	30.2039166666667	3475.99222442305	31.072866666666702	58473.4951146321	42.790599999999998	187299.879853776	43.011083333333303	19878.7992740182	13	26041441
231_3_A_AH	26041443_231_3_A_AH.D	Sample	46130.790364236098	24.036899999999999	1e+06	28.666933333333301	5326850.68596318	28.790150000000001	562913.037046963	29.043050000000001	63474.8883931205	29.4451	6151.7539668333	30.022216666666701	174613.915987378	30.236216666666699	44764.9353209894	31.085699999999999	310659.521949376	42.790483333333299	43680.6927748631	43.017433333333301	7619.67954758115	13	26041443
QC13h	26041444_QC13h.D	QC	46130.842941064802	24.024083333333301	1e+06	28.6476333333333	4940294.36060718	28.7578666666667	217488.005825428	29.0302333333333	160373.79703733	29.4257833333333	32351.9639653525	30.0029166666667	143914.887603122	30.210433333333299	5928.59125594607	31.072883333333301	82201.7904507384	42.790633333333297	184530.277727519	43.017583333333299	20797.581909927	13	26041444
231_3_A_BL	26041445_231_3_A_BL.D	Sample	46130.895524548599	24.023949999999999	1e+06	28.647500000000001	6238904.33805047	28.751249999999999	49330.2487522088	29.017116666666698	5682.73617827855	29.419166666666701	539.379864036988	30.002783333333301	17964.1772413414	30.2167833333333	4141.95383272479	31.072749999999999	18023.5665337212	42.783999999999999	3639.04208794907	43.010966666666697	665.804759836663	13	26041445
231_3_A_3-6	26041446_231_3_A_3-6.D	Sample	46130.948132060199	24.024066666666702	1e+06	28.6476166666667	6272397.57227021	28.757850000000001	201539.687118608	29.030200000000001	58469.695537587	29.4257666666667	12888.1971909201	30.0029	117081.236279753	30.216899999999999	6776.92934794735	31.079350000000002	108105.469068121	42.790599999999998	359391.877442117	43.017566666666703	33026.4309280723	13	26041446
231_3_A_0-3	26041447_231_3_A_0-3.D	Sample	46131.000717280098	24.017533333333301	1e+06	28.641066666666699	5329329.74756882	28.7448333333333	24908.0104313498	29.023666666666699	72212.0994653578	29.419233333333299	16016.6377840524	30.002849999999999	15111.2365286215	30.203866666666698	1959.53386602962	31.0728166666667	11543.2350645214	42.784066666666703	35446.4704889938	43.017516666666701	5055.61127388972	13	26041447
Blank13b	26041448_Blank13b.D	Blank	46131.053306354203	24.017700000000001	1e+06	28.6412333333333	5038041.96966515	28.745000000000001	277.785237714982	29.01735	155.41828225959	29.140550000000001	0	29.99005	0	29.756599999999999	0	31.072983333333301	66.3446877752846	42.790716666666697	0	42.790716666666697	0	13	26041448
Std_0_2	26041449_Std_0.D	Std	46131.105892199099	24.0240166666667	1e+06	28.654033333333299	6314380.07100424	28.764283333333299	257920.37936086	29.030149999999999	180645.07249063	29.425716666666698	35608.0843525411	30.002849999999999	157088.919654855	30.210349999999998	6633.98868919613	31.0793	91199.32239816	42.790550000000003	265601.657273684	43.017516666666701	25960.5037854035	13	26041449
Std_1_2	26041450_Std_1.D	Std	46131.158469976901	24.024183333333301	1e+06	28.654216666666699	5841836.96718934	28.76445	401206.430615944	29.030333333333299	399608.777144551	29.425883333333299	72942.4260560125	30.009499999999999	200621.235531166	30.217016666666701	9067.26760644695	31.079466666666701	192759.651672958	42.797216666666699	398829.918596426	43.017683333333302	35676.9738172451	13	26041450
Std_2_2	26041451_Std_2.D	Std	46131.2110538079	24.024000000000001	1e+06	28.654033333333299	5742362.91267395	28.7642666666667	565791.47988544	29.036633333333299	530194.416057949	29.432183333333299	93996.6167226657	30.009316666666699	254749.102679156	30.210349999999998	11181.9667712157	31.0857666666667	257986.094584954	42.797033333333303	519281.189569969	43.017499999999998	45550.429080261	13	26041451
Std_3_2	26041452_Std_3.D	Std	46131.263646469903	24.024183333333301	1e+06	28.647733333333299	5563435.40646038	28.764466666666699	613069.507657157	29.036816666666699	552904.598050149	29.425899999999999	98397.663789913	30.003016666666699	250401.947011865	30.210533333333299	11763.7345573087	31.079466666666701	280118.765848165	42.797216666666699	571049.740051941	43.017683333333302	49726.5578601129	13	26041452
Std_4_2	26041453_Std_4.D	Std	46131.3162234259	24.030466666666701	1e+06	28.654016666666699	5944566.97469646	28.77075	845393.543679035	29.036616666666699	787824.53740499	29.432183333333299	132923.575407432	30.009316666666699	300917.28648159	30.216816666666698	14894.7381596817	31.085750000000001	384020.969914607	42.7970166666667	729085.092947891	43.017483333333303	65454.9332152482	13	26041453
Std_5_2	26041454_Std_5.D	Std	46131.368825520804	24.024183333333301	1e+06	28.647733333333299	5467992.17767112	28.7709333333333	948380.779171256	29.036799999999999	963169.970721456	29.425883333333299	164052.649620892	30.003016666666699	321011.163404109	30.217016666666701	17470.7259681897	31.079466666666701	484233.983595964	42.797199999999997	787948.575260108	43.017683333333302	70618.8829462483	13	26041454
QC13i	26041455_QC13i.D	QC	46131.421413206001	24.030516666666699	1e+06	28.647583333333301	6379254.9630043	28.764299999999999	253290.790982855	29.030166666666702	182189.504951138	29.425733333333302	36323.9168713664	30.002866666666701	155053.311029768	30.210366666666701	6558.57496409405	31.079316666666699	92354.9732159332	42.790566666666699	255772.797054873	43.011049999999997	25410.5489723119	13	26041455
QC14a	26042002_QC14a.D	QC	46132.645883530102	24.030483333333301	1e+06	28.654033333333299	5972975.41208144	28.7642666666667	248950.632956024	29.0301333333333	178995.716089186	29.425699999999999	34527.7630098196	30.002833333333299	153729.918923438	30.210349999999998	7238.14120956528	31.079283333333301	91180.697479139	42.7905333333333	242090.977300036	43.023983333333298	27008.2233530391	14	26042002
Std_0_1	26042003_Std_0.D	Std	46132.6984645833	24.0241333333333	1e+06	28.647666666666701	5826639.98494305	28.757916666666699	241603.645832439	29.030266666666702	172244.379357356	29.425833333333301	35049.1727437577	30.002966666666701	151134.712987378	30.210466666666701	6879.44954587198	31.0729333333333	89103.7531059775	42.790666666666702	210612.481351313	43.017633333333301	24250.504139301	14	26042003
Std_1_1	26042004_Std_1.D	Std	46132.751070185201	24.023966666666698	1e+06	28.654	5437137.24756529	28.764233333333301	429972.657482413	29.036583333333301	397081.675054475	29.4256666666667	74007.839662517	30.0092833333333	193739.658978031	30.216799999999999	10268.0243293519	31.079249999999998	194073.763600662	42.790500000000002	403037.350359061	43.017466666666699	39578.2115935974	14	26042004
Std_2_1	26042005_Std_2.D	Std	46132.803626238398	24.024066666666702	1e+06	28.647600000000001	5750872.4524611	28.764333333333301	579056.805443924	29.036683333333301	504844.250268779	29.43225	89248.3001623576	30.0093833333333	238792.040149024	30.2168833333333	12243.7832048351	31.079350000000002	237759.194597391	42.797083333333298	516054.799897415	43.024050000000003	49052.4311619922	14	26042005
Std_3_1	26042006_Std_3.D	Std	46132.856205023098	24.0305	1e+06	28.654050000000002	6075269.70613317	28.770766666666699	726858.646169077	29.036633333333299	640432.137220963	29.432200000000002	111930.817403384	30.009333333333299	283874.76518097	30.216850000000001	14556.5657990467	31.0793	325853.082818948	42.797033333333303	667109.236317363	43.024000000000001	63975.7808739811	14	26042006
Std_4_1	26042007_Std_4.D	Std	46132.908789768502	24.024000000000001	1e+06	28.654033333333299	5716944.55994914	28.77075	868019.931943297	29.036633333333299	823815.35956732	29.432183333333299	144556.769795983	30.009316666666699	321480.232698604	30.210349999999998	16116.797647204	31.0857666666667	393923.360135139	42.797033333333303	719094.473979965	43.017499999999998	68600.5238591988	14	26042007
Std_5_1	26042008_Std_5.D	Std	46132.961364814801	24.024233333333299	1e+06	28.6542666666667	5883054.96444305	28.770983333333302	1090718.9975993	29.043333333333301	1027903.36527565	29.4324166666667	180203.347562728	30.009550000000001	371398.282293757	30.2170666666667	19097.5854169321	31.085999999999999	512436.612641428	42.803733333333298	867774.970406046	43.024216666666703	89687.981855446	14	26042008
QC14b	26042009_QC14b.D	QC	46133.013944803199	24.024066666666702	1e+06	28.6476166666667	5934102.09312532	28.76435	230125.891258277	29.0302166666667	165657.167970221	29.4257833333333	31867.1597094194	30.009399999999999	146055.800987953	30.210416666666699	6713.73422688183	31.079366666666701	85462.2298589086	42.7971	226668.310929012	43.017583333333299	24927.1054135991	14	26042009
Blank14a	26042010_Blank14a.D	Blank	46133.0665175463	24.017666666666699	1e+06	28.641200000000001	4711775.26172019	28.738483333333299	949.177397957968	29.017316666666702	726.394188790027	29.412883333333301	293.517129557691	29.990016666666701	794.148364938158	29.990016666666701	0	31.072949999999999	365.564966689691	42.784199999999998	368.007228017523	43.017650000000003	120.062884334561	14	26042010
223_1_A_0-3	26042011_223_1_A_0-3.D	Sample	46133.119114988403	24.024183333333301	1e+06	28.6477166666667	5462594.41787333	28.751483333333301	71300.8993952596	29.0303166666667	587831.897738763	29.4194	97604.5098899315	30.003016666666699	79471.5764020402	30.210516666666699	2541.9546959298	31.079466666666701	37656.0087760181	42.784233333333297	19461.3374243461	43.017683333333302	3720.99157465311	14	26042011
223_1_A_3-6	26042012_223_1_A_3-6.D	Sample	46133.171702719897	24.0242	1e+06	28.647749999999998	5518753.94094215	28.7579833333333	222802.780692016	29.023866666666699	13172.6088936375	29.425916666666701	1991.4294917706	30.003033333333299	143369.558241772	30.210550000000001	4932.6169007156	31.0794833333333	108994.509178352	42.784266666666703	17357.8827282287	43.011216666666698	3592.63547277743	14	26042012
223_1_A_BL	26042013_223_1_A_BL.D	Sample	46133.2242928009	24.03715	1e+06	28.660699999999999	4539379.74507343	28.777416666666699	464532.649158804	29.0303166666667	78029.1773865597	29.445333333333298	5837.35284816547	30.015983333333299	288872.823585874	30.229983333333301	9639.28964384594	31.079466666666701	75917.2582996871	42.784233333333297	20797.8365337682	43.037133333333301	7615.19837519462	14	26042013
223_1_A_AH	26042014_223_1_A_AH.D	Sample	46133.276880532401	24.04345	1e+06	28.666983333333299	5432690.37480674	28.783716666666699	938200.594850387	29.036616666666699	68296.2702392554	29.458116666666701	5737.0510528902	30.022283333333299	284612.14114577	30.223299999999998	15838.8111722551	31.079266666666701	192626.536724758	42.7905333333333	17680.1916601788	43.030466666666698	6792.58875297246	14	26042014
QC14c	26042015_QC14c.D	QC	46133.329454861101	24.0241166666667	1e+06	28.647666666666701	6014390.54021269	28.757916666666699	234690.625440103	29.030266666666702	171480.309382376	29.425833333333301	34012.5507180387	30.002966666666701	145572.107086109	30.210466666666701	6529.782579697	31.0729333333333	87392.556681959	42.790666666666702	214239.676441009	43.017633333333301	23523.2267745465	14	26042015
238_3_A_3-6	26042016_238_3_A_3-6.D	Sample	46133.382059444397	24.024149999999999	1e+06	28.654166666666701	6071677.79205171	28.757933333333298	228065.33978707	29.023800000000001	28280.9276396218	29.4323333333333	4417.37561638929	30.0094666666667	133787.874494309	30.2104833333333	5053.28543380358	31.079433333333299	75503.3019196879	42.797166666666698	549790.40495393	43.017650000000003	49854.364924042	14	26042016
238_3_A_BL	26042017_238_3_A_BL.D	Sample	46133.4346516898	24.017700000000001	1e+06	28.6477166666667	5680862.42942852	28.745000000000001	5261.13776758634	29.010866666666701	1462.37074677702	29.399933333333301	132.873828004302	29.9965333333333	5302.06494635871	30.216999999999999	318.863570810044	31.06	582.307005760546	42.777749999999997	603.89830935225	43.004716666666702	179.858175041801	14	26042017
238_3_A_0-3	26042018_238_3_A_0-3.D	Sample	46133.487230752296	24.0177333333333	1e+06	28.641283333333298	5368678.44761055	28.7450333333333	12402.5488237945	29.023866666666699	53391.2262501013	29.419433333333298	12687.4493239329	29.996566666666698	12087.8612578881	30.197600000000001	773.663771976279	31.0665333333333	3740.51662986657	42.784283333333299	15752.6083816052	43.011233333333301	2746.97365011726	14	26042018
238_3_A_AH	26042019_238_3_A_AH.D	Sample	46133.539795069402	24.0240166666667	1e+06	28.647566666666702	4952863.51735374	28.7448333333333	16882.5230962647	29.0171833333333	4351.76132298833	29.438683333333302	493.49731574987	30.002849999999999	17584.7978548493	30.2298166666667	832.618100747393	31.0728166666667	1052.1206514112	42.777583333333297	1108.52022745203	42.998066666666702	266.910963732767	14	26042019
242_3_A_3-6	26042020_242_3_A_3-6.D	Sample	46133.592377592598	24.0242	1e+06	28.647749999999998	5632167.56844492	28.7579833333333	386580.923674403	29.030349999999999	92591.8577199549	29.425899999999999	19106.8644710684	30.003033333333299	310406.136694748	30.210550000000001	8576.81484203288	31.0794833333333	185362.958707591	42.790750000000003	229179.743624973	43.017699999999998	24339.9840588151	14	26042020
QC14d	26042021_QC14d.D	QC	46133.644956435201	24.024100000000001	1e+06	28.654133333333299	5769002.6588159	28.7578833333333	231779.256483496	29.0302333333333	162086.662843887	29.425799999999999	31680.9041061811	30.002933333333299	143373.818756515	30.216933333333301	6345.82888897723	31.0793833333333	84097.7948062556	42.790633333333297	188159.710274105	43.024083333333301	21194.3826710038	14	26042021
242_3_A_AH	26042022_242_3_A_AH.D	Sample	46133.697539513902	24.0304	1e+06	28.653949999999998	6329174.01560917	28.7577	72233.3206496945	29.023583333333299	10477.5920490863	29.425616666666699	557.203322200812	30.002749999999999	42180.0922332096	30.223233333333301	2686.98921557575	31.0792	15255.8045467985	42.790466666666703	6356.712274012	43.017416666666698	1650.88081411338	14	26042022
242_3_A_BL	26042023_242_3_A_BL.D	Sample	46133.750105624997	24.017483333333299	1e+06	28.6475166666667	5538076.36263767	28.744783333333299	23080.87019869	29.017150000000001	3796.08087008744	29.438649999999999	374.937427480192	30.0028166666667	16339.3878715272	30.216799999999999	1039.25603987226	31.066283333333299	5430.68017679505	42.784033333333298	1917.88653666025	43.017483333333303	505.465840304315	14	26042023
242_3_A_0-3	26042024_242_3_A_0-3.D	Sample	46133.802705983799	24.017716666666701	1e+06	28.647749999999998	5267182.10812184	28.7515	69248.9845893287	29.023849999999999	237332.847660871	29.425899999999999	46000.0380323123	30.003033333333299	72580.925714905	30.210550000000001	2651.11702733874	31.073	33759.2004647477	42.7907333333333	39356.9605444769	43.011216666666698	6076.68079882267	14	26042024
164_2_A_0-3	26042025_164_2_A_0-3.D	Sample	46133.855273043999	24.030483333333301	1e+06	28.654033333333299	5889592.84649912	28.7642666666667	137958.957328653	29.036616666666699	909348.970124728	29.432183333333299	148682.809119348	30.002833333333299	96530.9513250561	30.223316666666701	10421.5756796081	31.079283333333301	41039.8714511593	42.7970166666667	587973.339589723	43.023983333333298	52662.5035435503	14	26042025
164_2_A_AH	26042026_164_2_A_AH.D	Sample	46133.907899340302	24.037133333333301	1e+06	28.667166666666699	5762714.83405165	28.7838833333333	428227.424745639	29.0303	56815.6981901686	29.438833333333299	3284.28954305664	30.015966666666699	172274.129523737	30.236450000000001	45576.4400868998	31.079450000000001	86029.9442430057	42.790700000000001	23027.2427756815	43.024149999999999	4772.18316651783	14	26042026
QC14e	26042027_QC14e.D	QC	46133.9604800694	24.0239166666667	1e+06	28.653949999999998	6165186.02545147	28.7577	238508.713355491	29.030049999999999	168210.617977843	29.432099999999998	32645.5321219794	30.002749999999999	147522.003230238	30.210249999999998	6531.18747847859	31.0792	86462.7200304636	42.79045	228779.968152595	43.017416666666698	24098.6646699647	14	26042027
164_2_A_BL	26042028_164_2_A_BL.D	Sample	46134.013079641198	24.037016666666698	1e+06	28.66705	5417014.01550694	28.7837666666667	413813.449517282	29.036666666666701	66782.8903554562	29.458166666666699	5980.84428313157	30.0223333333333	198998.111099693	30.236333333333299	33056.8933076826	31.085816666666702	88999.3060845647	42.790583333333302	28824.5092314967	43.0240333333333	5413.78110815171	14	26042028
164_2_A_3-6	26042029_164_2_A_3-6.D	Sample	46134.065683229201	24.0241166666667	1e+06	28.647666666666701	5231675.69390599	28.770866666666699	865463.423016327	29.036733333333299	582636.280118142	29.432300000000001	97654.3166700009	30.009433333333298	540356.451898312	30.216950000000001	18845.185852701	31.0794	365184.024032956	42.803633333333302	1022471.59812652	43.017616666666697	97176.311019615	14	26042029
235_3_A_0-3	26042030_235_3_A_0-3.D	Sample	46134.118251412001	24.024066666666702	1e+06	28.6476166666667	5783661.04984369	28.757850000000001	164921.410327276	29.030200000000001	327509.012324953	29.4257666666667	62413.6687808975	30.0029	92824.9260084528	30.210416666666699	4180.2313240453	31.079350000000002	48260.5386363741	42.790599999999998	84745.2283608755	43.017566666666703	11721.073234475	14	26042030
235_3_A_BL	26042031_235_3_A_BL.D	Sample	46134.170840949097	24.030516666666699	1e+06	28.660533333333301	4599527.12541182	28.783750000000001	695183.073257007	29.036650000000002	72216.4672369924	29.45815	6115.87679955698	30.015833333333301	245007.838413675	30.2298166666667	16903.976051182	31.085799999999999	135172.541206902	42.790566666666699	32250.2967401863	43.017533333333297	7059.96590952737	14	26042031
235_3_A_3-6	26042032_235_3_A_3-6.D	Sample	46134.223428553203	24.01755	1e+06	28.647583333333301	5764820.09032492	28.751333333333299	131563.315539442	29.017199999999999	35678.1206443235	29.425733333333302	7464.70441687743	30.002866666666701	71487.0767824394	30.203900000000001	3968.65841705903	31.0728333333333	60074.0657196935	42.784100000000002	50138.6496190363	43.011049999999997	7182.70753470734	14	26042032
QC14f	26042033_QC14f.D	QC	46134.276011377297	24.0241166666667	1e+06	28.647666666666701	5136449.27143999	28.757899999999999	211858.295695606	29.030249999999999	156905.093589787	29.425816666666702	32995.7798111399	30.002949999999998	137963.528844491	30.210450000000002	5907.23967766896	31.0729166666667	81516.404366259	42.790649999999999	160073.407992353	43.017616666666697	18637.7212210888	14	26042033
235_3_A_AH	26042034_235_3_A_AH.D	Sample	46134.328564490701	24.036933333333302	1e+06	28.666966666666699	5834729.99361745	28.7837	752882.226076774	29.0366	57790.2422758304	29.458100000000002	5616.91260924801	30.02225	175484.634943957	30.229766666666698	21414.9020686542	31.085733333333302	150673.416514888	42.790500000000002	18654.4417101708	43.023949999999999	4004.47278946219	14	26042034
095_1_A_AH	26042035_095_1_A_AH.D	Sample	46134.381149722198	24.030550000000002	1e+06	28.6541	5314035.05109274	28.7708166666667	153711.158205446	29.030200000000001	49686.1028174166	29.451699999999999	3520.27251341753	30.0158666666667	204962.818304941	30.2104	5636.38384966162	31.072866666666702	10321.7475757107	42.784116666666698	26582.5391423912	43.017566666666703	5284.44822131538	14	26042035
095_1_A_0-3	26042036_095_1_A_0-3.D	Sample	46134.4337325694	24.023966666666698	1e+06	28.641033333333301	5684603.87695689	28.744783333333299	76796.3069671013	29.0301166666667	409265.539707823	29.419183333333301	73207.0932322302	29.996316666666701	77810.0848568503	30.2038333333333	2366.53882673429	31.072766666666698	38979.9667442132	42.784033333333298	26606.8465936635	43.017466666666699	4399.86159960478	14	26042036
095_1_A_BL	26042037_095_1_A_BL.D	Sample	46134.486317627299	24.024166666666702	1e+06	28.6477166666667	3813705.27007843	28.764433333333301	125022.070376253	29.023816666666701	39553.7539069353	29.445316666666699	2484.99006182036	30.0094833333333	194883.111238679	30.191050000000001	3292.49711265436	31.072966666666701	9221.58528888826	42.784216666666701	25223.7008683166	43.017666666666699	5010.07718899009	14	26042037
095_1_A_3-6	26042038_095_1_A_3-6.D	Sample	46134.538908703697	24.030466666666701	1e+06	28.6475333333333	5843917.25966818	28.77075	987320.359785825	29.02365	26105.0209564292	29.432166666666699	4057.74316487903	30.0093	496440.825287279	30.210333333333299	12554.4209893674	31.085750000000001	403556.326280545	42.784050000000001	71312.6873297783	43.017483333333303	11504.5462319567	14	26042038
QC14g	26042039_QC14g.D	QC	46134.591476215297	24.023983333333302	1e+06	28.654016666666699	6182239.48900634	28.757766666666701	233943.169840334	29.0301333333333	168974.55723405	29.4256833333333	33860.0049928164	30.0028166666667	145935.367762223	30.210333333333299	6123.38961598539	31.072783333333302	86210.1438756945	42.7905333333333	211479.70535897	43.017483333333303	23083.2636542619	14	26042039
244_3_A_BL	26042040_244_3_A_BL.D	Sample	46134.644067141198	24.036916666666698	1e+06	28.6604666666667	6339237.84526027	28.777183333333301	637197.676435749	29.030083333333302	39571.026196566	29.458083333333299	4384.40009450504	30.015750000000001	138253.06995045	30.223266666666699	13114.5228700365	31.085716666666698	163740.064646518	42.783999999999999	17901.1241809902	43.004483333333297	3551.00856083569	14	26042040
244_3_A_AH	26042041_244_3_A_AH.D	Sample	46134.696656365697	24.043566666666699	1e+06	28.6736	5743775.73705192	28.7968166666667	1100415.59733091	29.043233333333301	122047.774057832	29.445266666666701	12508.2572618374	30.0289	333155.114669305	30.2299166666667	27108.4944397299	31.0858833333333	304569.939185181	42.790649999999999	36078.4669317636	43.017616666666697	8062.57275979498	14	26042041
244_3_A_0-3	26042042_244_3_A_0-3.D	Sample	46134.749275902803	24.024183333333301	1e+06	28.647733333333299	5673171.28677951	28.751483333333301	117806.95706308	29.023849999999999	79384.3728677078	29.4194	17850.6672643227	30.003033333333299	49974.6383694974	30.204049999999999	4657.08082580172	31.072983333333301	56058.7152598282	42.7907333333333	262415.322843685	43.017699999999998	26762.3159573244	14	26042042
244_3_A_3-6	26042043_244_3_A_3-6.D	Sample	46134.801858009298	24.017433333333301	1e+06	28.640966666666699	4318117.64919138	28.7512166666667	131730.535735053	29.0170833333333	12770.9259824529	29.419133333333299	2473.52268922248	29.996266666666699	64054.2215801783	30.197283333333299	5139.25426356887	31.0727166666667	78738.052576963	42.79045	139945.170928957	43.017416666666698	16913.6735117595	14	26042043
229_3_B_AH	26042044_229_3_B_AH.D	Sample	46134.8544374884	24.023733333333301	1e+06	28.653766666666701	5125316.81006843	28.757533333333299	122416.393046487	29.029883333333299	23276.817479029	29.444900000000001	1495.38217646486	30.009066666666701	92332.7006782765	30.229533333333301	3800.62000248425	31.07255	16194.896836975	42.783799999999999	10326.2727773769	43.023733333333297	2460.39990829839	14	26042044
QC14h	26042045_QC14h.D	QC	46134.907012291696	24.030466666666701	1e+06	28.654016666666699	6380583.9877033	28.764250000000001	237827.433025214	29.0301166666667	173078.153969865	29.432166666666699	33180.761857612	30.0028166666667	148027.400447694	30.210333333333299	6136.33797043686	31.072783333333302	88172.0096844952	42.790516666666697	221831.948206248	43.017483333333303	23670.4338539408	14	26042045
229_3_B_0-3	26042046_229_3_B_0-3.D	Sample	46134.959585115699	24.017683333333299	1e+06	28.6412333333333	5511678.7411882	28.744983333333298	12882.2189817689	29.017333333333301	2835.46983048807	29.43235	292.841258041877	29.9965166666667	12255.453577632	30.191050000000001	417.462503414153	31.066483333333299	1607.29401622494	42.790700000000001	1404.0318248293	43.0047	325.785476937887	14	26042046
229_3_B_BL	26042047_229_3_B_BL.D	Sample	46135.012159259299	24.024166666666702	1e+06	28.6477	5537148.83427323	28.757950000000001	51623.6339138512	29.023816666666701	9701.04410545494	29.438833333333299	815.272321480792	30.003	43726.7219867995	30.223466666666699	2162.30838093748	31.066466666666699	6699.54144220084	42.777733333333302	5485.64521995201	43.017666666666699	1020.99144300166	14	26042047
229_3_B_3-6	26042048_229_3_B_3-6.D	Sample	46135.064727766199	24.017516666666701	1e+06	28.641066666666699	4351112.04044866	28.744816666666701	11510.9803979327	29.0171833333333	2669.10541224215	29.445166666666701	343.4307210536	29.99635	11951.4136036075	30.203866666666698	546.468546702364	31.066316666666701	1155.42039006818	42.777583333333297	871.776358357449	43.011016666666698	202.581414355016	14	26042048
Blank14b	26042049_Blank14b.D	Blank	46135.117299386598	24.0177333333333	1e+06	28.641283333333298	4530814.28148459	28.7450333333333	293.708282044511	29.0044166666667	0	29.490766666666701	0	29.756633333333301	0	29.750150000000001	0	31.06005	0	41.99315	0	NA	0	14	26042049
Std_0_2	26042050_Std_0.D	Std	46135.1698768403	24.0241333333333	1e+06	28.647666666666701	5477979.08277317	28.757916666666699	214504.791205918	29.030266666666702	157548.78351296	29.425833333333301	32091.5047621209	30.002966666666701	139481.014797053	30.216950000000001	6180.82999054075	31.0729333333333	81624.1927614551	42.790666666666702	177983.085121108	43.011150000000001	19644.1793596533	14	26042050
Std_1_2	26042051_Std_1.D	Std	46135.222467361098	24.024100000000001	1e+06	28.647649999999999	5397988.63398359	28.7578833333333	354720.344957827	29.0302333333333	366110.377327752	29.425799999999999	72707.4159009569	30.002933333333299	180528.219539627	30.210433333333299	9209.20738645006	31.0793833333333	219747.42857811	42.790633333333297	351403.427511707	43.011116666666702	32408.6411297032	14	26042051
Std_2_2	26042052_Std_2.D	Std	46135.275046493101	24.017516666666701	1e+06	28.647549999999999	4638064.33987791	28.7577833333333	447255.347716734	29.030149999999999	438221.293507299	29.425699999999999	81208.7804622426	30.002833333333299	216860.219441406	30.210349999999998	10417.5729803687	31.079283333333301	246226.966032027	42.790550000000003	354013.797654093	43.011016666666698	33096.3710553585	14	26042052
Std_3_2	26042053_Std_3.D	Std	46135.327640266201	24.0239333333333	1e+06	28.647466666666698	5212296.51382646	28.764199999999999	572468.27018723	29.030066666666698	536492.839575834	29.425633333333298	95516.2130722769	30.002766666666702	248714.29322727	30.216750000000001	12101.6816973566	31.079216666666699	297649.203277963	42.796950000000002	534623.725634648	43.017433333333301	47253.9123123625	14	26042053
Std_4_2	26042054_Std_4.D	Std	46135.3802335648	24.0241333333333	1e+06	28.647683333333301	5419628.71465658	28.764416666666701	864132.57970657	29.036766666666701	831401.645191123	29.425850000000001	143664.261919216	30.002983333333301	320214.551697825	30.2104833333333	15391.6935648741	31.079433333333299	407664.792577566	42.797166666666698	734248.297421164	43.017650000000003	65045.9904520749	14	26042054
Std_5_2	26042055_Std_5.D	Std	46135.432818622699	24.024049999999999	1e+06	28.647583333333301	5454309.44190347	28.770800000000001	1022556.99911736	29.036666666666701	989459.685779798	29.432233333333301	171787.936347915	30.0093666666667	355878.774786595	30.210383333333301	17327.8548250682	31.085816666666702	477782.231049713	42.797066666666701	810286.936087852	43.01755	73959.7749580518	14	26042055
QC14i	26042056_QC14i.D	QC	46135.485399270801	24.024066666666702	1e+06	28.6476166666667	5302323.87075442	28.757850000000001	215297.563697997	29.023716666666701	158323.335607292	29.419283333333301	31667.7539185318	30.0029	138031.586541148	30.210416666666699	5991.00603606037	31.072866666666702	82912.7611146405	42.7906166666667	181553.655177019	43.017566666666703	20533.7001965621	14	26042056
QC15a	26042101_QC15a.D	QC	46135.5379829745	24.023966666666698	1e+06	28.6475166666667	5862327.9729339	28.757766666666701	188349.34678288	29.0301166666667	146079.222386224	29.4256833333333	30175.3088133287	30.0028166666667	128005.594795052	30.216799999999999	4854.77599851889	31.072783333333302	76771.3402352696	42.790516666666697	175193.919264326	43.017483333333303	19954.2679626352	15	26042101
Std_0_1	26042102_Std_0.D	Std	46135.590567986103	24.024066666666702	1e+06	28.6476166666667	5755864.857434	28.757850000000001	187053.673442562	29.023733333333301	145137.72779847	29.4257666666667	30653.2861986661	30.0029	127165.52108671	30.216899999999999	4620.05060536162	31.072866666666702	77044.1672302946	42.7906166666667	174559.858352544	43.011083333333303	19581.3419190244	15	26042102
Std_1_1	26042103_Std_1.D	Std	46135.643167071801	24.024100000000001	1e+06	28.647649999999999	5405971.03996521	28.7578833333333	375932.493573221	29.0302333333333	361269.770551604	29.425799999999999	71146.5076235066	30.002933333333299	179766.371309971	30.216933333333301	7568.27076493955	31.0793833333333	186170.905068444	42.790633333333297	353310.316124191	43.011116666666702	33774.0159624758	15	26042103
Std_2_1	26042104_Std_2.D	Std	46135.695717928204	24.023983333333302	1e+06	28.6475333333333	5638233.90186199	28.764250000000001	521399.669719425	29.0366	507215.081537102	29.432166666666699	91978.4301905895	30.0093	235764.091337951	30.210333333333299	9689.13117867567	31.079266666666701	245849.78413213	42.796999999999997	476351.300783031	43.017483333333303	43684.642382597	15	26042104
Std_3_1	26042105_Std_3.D	Std	46135.748276203703	24.024166666666702	1e+06	28.6477166666667	5745786.95777697	28.764433333333301	614201.236309774	29.0367833333333	576555.516665158	29.4258666666667	102200.067775574	30.0094833333333	259900.164890614	30.210516666666699	10442.895998218	31.079450000000001	295485.272892345	42.797183333333301	586680.947820365	43.017666666666699	50125.9423258269	15	26042105
Std_4_1	26042106_Std_4.D	Std	46135.800850601903	24.0240333333333	1e+06	28.647583333333301	5665793.71284102	28.770783333333299	839417.867924214	29.036650000000002	814080.768622742	29.432216666666701	139747.890543825	30.009350000000001	318096.953670149	30.210366666666701	12892.4808211526	31.079316666666699	402858.688173162	42.797049999999999	752636.426849785	43.017533333333297	66673.0723876948	15	26042106
Std_5_1	26042107_Std_5.D	Std	46135.8534179977	24.0241166666667	1e+06	28.647666666666701	5750929.35598928	28.770866666666699	1021966.71361715	29.036733333333299	1001094.0627313	29.432300000000001	173596.369931897	30.009433333333298	362510.386227541	30.210466666666701	14147.4444536569	31.0794	479164.914597822	42.803633333333302	844590.275265767	43.017616666666697	78987.5189641501	15	26042107
QC15b	26042108_QC15b.D	QC	46135.905986400503	24.0240166666667	1e+06	28.647566666666702	5740264.93927691	28.7578	187636.61835449	29.023683333333299	144140.377855583	29.425716666666698	30221.2007974362	30.002849999999999	128006.304164717	30.210366666666701	5069.66938779776	31.0728166666667	77510.9855780575	42.784083333333299	173422.336670411	43.017516666666701	19562.0220508978	15	26042108
Blank15a	26042109_Blank15a.D	Blank	46135.958569675902	24.011016666666698	1e+06	28.6345666666667	4245901.90899997	28.744816666666701	796.868956504747	29.0171666666667	804.727453165265	29.425699999999999	196.425996263452	29.9898666666667	897.966115222801	30.1844	36.4589623875479	31.059816666666698	430.035921638177	42.784050000000001	393.344811993063	43.023983333333298	119.224617125753	15	26042109
Bla18_3-6	26042110_Bla18_3-6.D	Blank	46136.0111438889	24.0111833333333	1e+06	28.641216666666701	4442197.20799996	28.744966666666699	331.039406154692	29.010833333333299	421.293169770856	29.419366666666701	60.8805400438595	30.0094666666667	477.068218373369	29.750083333333301	0	31.0599833333333	194.415686838177	42.771233333333299	121.143425742976	43.011166666666703	0	15	26042110
Bla16_3-6	26042111_Bla16_3-6.D	Blank	46136.063717696801	24.017583333333299	1e+06	28.641116666666701	4174430.80220333	28.751366666666701	298.9495655338	29.017233333333301	286.381912381893	29.140433333333299	0	29.989933333333301	414.748687018849	29.7564833333333	0	31.059899999999999	0	NA	0	NA	0	15	26042111
Bla12_0-3	26042112_Bla12_0-3.D	Blank	46136.116333576399	24.017466666666699	1e+06	28.641016666666701	4336786.29199999	28.7382833333333	198.234806845581	29.023616666666701	244.966032009453	29.133849999999999	0	30.002800000000001	298.864027954438	29.989816666666702	0	31.072749999999999	0	NA	0	NA	0	15	26042112
Bla13_3-6	26042113_Bla13_3-6.D	Blank	46136.1689275463	24.011116666666702	1e+06	28.64115	4179562.0695178	28.731933333333298	243.11874408901	29.004300000000001	189.358978556233	29.127500000000001	0	29.98995	256.958306888322	30.002933333333299	0	31.072900000000001	0	NA	0	NA	0	15	26042113
QC15c	26042114_QC15c.D	QC	46136.221507800903	24.024049999999999	1e+06	28.647600000000001	5375787.34384105	28.751349999999999	183433.303956231	29.023700000000002	132497.385023199	29.425750000000001	27150.0444246604	30.002883333333301	124370.591795284	30.2104	4865.60912037442	31.072849999999999	73706.9579369198	42.790583333333302	134031.214835488	43.01755	15387.6520573778	15	26042114
Bla18_0-3	26042115_Bla18_0-3.D	Blank	46136.274111030099	24.011016666666698	1e+06	28.6345666666667	3934351.09299995	28.738316666666702	565.164260093702	29.0171666666667	420.435636783726	29.4127333333333	68.4382564494598	30.002833333333299	468.504873476225	29.756416666666698	0	31.079283333333301	192.946535670031	NA	0	NA	0	15	26042115
Bla19_3-6	26042116_Bla19_3-6.D	Blank	46136.326698634301	24.01755	1e+06	28.641100000000002	4457129.53920329	28.751333333333299	256.898288303806	29.010716666666699	143.936205638896	29.140416666666699	0	29.989899999999999	236.653407884218	30.210383333333301	10.4621434233517	31.06635	0	NA	0	NA	0	15	26042116
Bla06_0-3	26042117_Bla06_0-3.D	Blank	46136.379264548603	24.011099999999999	1e+06	28.6411333333333	4268611.83650005	28.757850000000001	177.937391933904	29.017250000000001	103.33186496909	29.017250000000001	0	29.9964166666667	0	29.762983333333299	0	31.066383333333299	0	41.999483333333302	0	NA	0	15	26042117
Bla07_0-3	26042118_Bla07_0-3.D	Blank	46136.431843472201	24.010999999999999	1e+06	28.641033333333301	3560690.27699997	28.744783333333299	149.079873683007	29.010666666666701	157.432228752058	29.140350000000002	0	29.9963333333333	147.129801219353	30.19735	0	NA	0	NA	0	NA	0	15	26042118
Bla02_0-3	26042119_Bla02_0-3.D	Blank	46136.484402523201	24.011099999999999	1e+06	28.634633333333301	3416519.1140506	28.751366666666701	89.0907051209566	29.010750000000002	61.3980166960358	29.133949999999999	0	29.989933333333301	0	29.7564833333333	0	NA	0	NA	0	NA	0	15	26042119
QC15d	26042120_QC15d.D	QC	46136.536979907403	24.024149999999999	1e+06	28.647683333333301	5123697.41562305	28.757933333333298	182766.013030577	29.023800000000001	132130.057156321	29.425850000000001	27278.3436238084	30.002983333333301	123814.704918971	30.2169666666667	4845.67349681647	31.072949999999999	73963.3399421661	42.790683333333298	123312.980522393	43.017650000000003	14468.5442826692	15	26042120
Bla01_0-3	26042121_Bla01_0-3.D	Blank	46136.589547546297	24.01765	1e+06	28.641183333333299	4514062.85799991	28.744949999999999	436.768129643514	29.017299999999999	202.867161327394	29.140516666666699	0	29.996483333333298	293.59034880748	30.002966666666701	0	31.0599666666667	0	NA	0	NA	0	15	26042121
Bla04_3-6	26042122_Bla04_3-6.D	Blank	46136.642132743102	24.011133333333301	1e+06	28.641166666666699	4237061.42658316	28.738433333333301	173.827972482903	29.0302333333333	99.0397199923233	29.1404833333333	0	30.009416666666699	128.557077826861	29.763000000000002	0	NA	0	NA	0	NA	0	15	26042122
Bla13_0-3	26042123_Bla13_0-3.D	Blank	46136.6947188657	24.0110666666667	1e+06	28.641100000000002	3251541.96301015	28.7383666666667	161.534119449628	29.010716666666699	48.0564005362618	29.146899999999999	0	29.996383333333299	102.882319520973	29.762933333333301	0	NA	0	NA	0	NA	0	15	26042123
Bla15_0-3	26042124_Bla15_0-3.D	Blank	46136.747286794001	24.017499999999998	1e+06	28.64105	4018653.40799996	28.7577833333333	95.440053282877	29.0171666666667	80757.4986757833	29.419216666666699	16629.7821603861	29.749933333333299	0	29.7434333333333	0	NA	0	NA	0	NA	0	15	26042124
Bla15_3-6	26042125_Bla15_3-6.D	Blank	46136.799855671299	24.011016666666698	1e+06	28.64105	3597837.09149996	28.764250000000001	76.3591809743404	29.0171666666667	139.005255622655	29.127400000000002	0	29.9963333333333	0	29.756399999999999	0	NA	0	NA	0	NA	0	15	26042125
QC15e	26042126_QC15e.D	QC	46136.852462419003	24.0241333333333	1e+06	28.647683333333301	4971896.20071118	28.757933333333298	180033.519528915	29.023800000000001	132499.695452042	29.425850000000001	27933.0620000385	30.002983333333301	124297.898252889	30.2104833333333	5125.55108598159	31.0729333333333	72800.1826077226	42.797166666666698	121750.710956491	43.017650000000003	14165.587796211	15	26042126
Bla17_0-3	26042127_Bla17_0-3.D	Blank	46136.905057766198	24.01765	1e+06	28.641200000000001	3949409.28899992	28.751433333333299	487.75905000565	29.023783333333299	211.10614366488	29.1340166666667	0	30.009450000000001	313.115214724969	29.776	0	31.0599666666667	0	NA	0	NA	0	15	26042127
Bla08_0-3	26042128_Bla08_0-3.D	Blank	46136.957663182897	24.010999999999999	1e+06	28.641033333333301	3640040.22749999	28.731816666666699	163.575514611019	29.017133333333302	102.258392355227	29.133866666666702	0	29.989833333333301	150.626380693677	29.769349999999999	0	31.072766666666698	0	NA	0	NA	0	15	26042128
Bla11_3-6	26042129_Bla11_3-6.D	Blank	46137.010221365701	24.017516666666701	1e+06	28.641066666666699	4271408.80050001	28.751300000000001	81.4484836379582	28.848566666666699	0	29.133900000000001	0	30.009316666666699	74.7133269591975	29.749933333333299	0	NA	0	NA	0	NA	0	15	26042129
Bla06_3-6	26042130_Bla06_3-6.D	Blank	46137.062807476897	24.011050000000001	1e+06	28.641083333333299	3406875.56700007	28.738350000000001	77.4979286213776	28.848600000000001	0	NA	0	29.9834	0	NA	0	NA	0	NA	0	NA	0	15	26042130
Bla16_0-3	26042131_Bla16_0-3.D	Blank	46137.115384305602	24.017666666666699	1e+06	28.6477	4555597.62021175	28.751449999999998	90.7116056062958	28.8487166666667	0	29.127566666666699	0	NA	0	NA	0	NA	0	NA	0	NA	0	15	26042131
QC15f	26042132_QC15f.D	QC	46137.167956770798	24.0241333333333	1e+06	28.647683333333301	4843949.57234015	28.757916666666699	183761.994773497	29.023800000000001	133559.115386576	29.425833333333301	26912.4656654463	30.002966666666701	122524.166955418	30.2104833333333	4570.94683349434	31.0729333333333	73240.4709258373	42.790683333333298	107656.859734329	43.017633333333301	13019.5328189462	15	26042132
Bla08_3-6	26042133_Bla08_3-6.D	Blank	46137.220517939801	24.011050000000001	1e+06	28.634599999999999	3398692.97550006	28.731866666666701	633.303392446184	29.0107	200.544471439225	29.1339166666667	0	30.009333333333299	310.913132306055	29.756433333333302	0	31.0728166666667	0	NA	0	NA	0	15	26042133
Bla14_0-3	26042134_Bla14_0-3.D	Blank	46137.273103460597	24.017516666666701	1e+06	28.64105	4181969.26700001	28.738333333333301	124.264262920344	29.010683333333301	60.6838989718955	29.140366666666701	0	29.99635	101.856182776221	29.762899999999998	0	NA	0	NA	0	NA	0	15	26042134
Bla10_0-3	26042135_Bla10_0-3.D	Blank	46137.325688738398	24.0177333333333	1e+06	28.641266666666699	4066602.27450003	28.73855	0	28.848783333333301	0	29.1341	0	29.990083333333299	0	29.756633333333301	0	NA	0	NA	0	NA	0	15	26042135
Bla09_0-3	26042136_Bla09_0-3.D	Blank	46137.378263217601	24.0110833333333	1e+06	28.641116666666701	3569802.30499998	28.7254166666667	118.942148537654	28.8486333333333	0	29.146916666666701	0	NA	0	29.769449999999999	0	NA	0	NA	0	NA	0	15	26042136
Bla01_3-6	26042137_Bla01_3-6.D	Blank	46137.430832048602	24.017600000000002	1e+06	28.64115	4290887.26949996	28.848649999999999	0	28.848649999999999	0	29.14695	0	NA	0	29.756499999999999	0	NA	0	41.993016666666698	0	NA	0	15	26042137
QC15g	26042138_QC15g.D	QC	46137.483419398202	24.017616666666701	1e+06	28.647649999999999	3537742.83498257	28.7514	156975.264284226	29.023766666666699	112393.769486287	29.425799999999999	23678.8046867545	30.002933333333299	113226.083251426	30.210450000000002	4188.0393697187	31.072900000000001	66182.3715177672	42.790649999999999	54477.6387098191	43.017600000000002	7258.3978151889	15	26042138
Bla14_3-6	26042139_Bla14_3-6.D	Blank	46137.536695034702	24.017583333333299	1e+06	28.6411333333333	4039206.97800008	28.738399999999999	390.341472483105	29.017233333333301	170.625503811361	29.140450000000001	0	29.9964166666667	312.130738776088	29.989933333333301	0	31.066383333333299	0	NA	0	NA	0	15	26042139
Bla03_3-6	26042140_Bla03_3-6.D	Blank	46137.589291493103	24.011150000000001	1e+06	28.641183333333299	3169890.04799999	28.744949999999999	124.497699007843	29.140499999999999	0	29.140499999999999	0	29.996483333333298	0	29.750066666666701	0	NA	0	NA	0	NA	0	15	26042140
Bla05_0-3	26042141_Bla05_0-3.D	Blank	46137.641885347199	24.0110833333333	1e+06	28.641100000000002	3369180.3125506	28.738383333333299	109.335964477767	28.8486166666667	0	29.140416666666699	0	29.989916666666701	0	29.7564666666667	0	NA	0	42.018916666666698	0	NA	0	15	26042141
Bla03_0-3	26042142_Bla03_0-3.D	Blank	46137.6944701389	24.017666666666699	1e+06	28.641216666666701	3616261.27103584	28.738483333333299	0	28.8487166666667	0	29.140533333333298	0	NA	0	NA	0	NA	0	NA	0	NA	0	15	26042142
Bla17_3-6	26042143_Bla17_3-6.D	Blank	46137.747051331004	24.017683333333299	1e+06	28.6477	3719121.50450002	28.84225	0	28.8487333333333	0	NA	0	NA	0	NA	0	NA	0	NA	0	NA	0	15	26042143
QC15h	26042144_QC15h.D	QC	46137.799634444404	24.024000000000001	1e+06	28.6475333333333	4289336.92587145	28.751300000000001	170091.89411837	29.02365	124704.103974645	29.419216666666699	24985.7659951997	30.002833333333299	115527.102176948	30.210333333333299	4226.65306868636	31.072800000000001	69152.5443365184	42.7905333333333	95105.5651594645	43.017499999999998	10930.5249328703	15	26042144
Bla11_0-3	26042145_Bla11_0-3.D	Blank	46137.852210474499	24.017600000000002	1e+06	28.6411333333333	3796700.5745	28.738416666666701	247.384430387663	29.023733333333301	140.7887636809	29.140450000000001	0	29.9964333333333	230.23361635588	29.9964333333333	0	31.079366666666701	0	NA	0	NA	0	15	26042145
Bla02_3-6	26042146_Bla02_3-6.D	Blank	46137.904804363403	24.017700000000001	1e+06	28.641249999999999	3620023.69500005	28.745000000000001	0	28.855233333333299	0	29.127600000000001	0	29.9835666666667	0	29.756599999999999	0	NA	0	NA	0	NA	0	15	26042146
Bla04_0-3	26042147_Bla04_0-3.D	Blank	46137.957392465301	24.011133333333301	1e+06	28.641166666666699	3490809.06349998	28.842183333333299	0	28.848666666666698	0	29.1404833333333	0	NA	0	NA	0	NA	0	NA	0	NA	0	15	26042147
Blank15b	26042148_Blank15b.D	Blank	46138.009967604201	24.011216666666702	1e+06	28.6412333333333	3141425.23100001	28.842266666666699	0	28.848749999999999	0	29.763083333333299	0	NA	0	29.763083333333299	0	NA	0	NA	0	NA	0	15	26042148
Std_0_2	26042149_Std_0.D	Std	46138.062558611098	24.0240166666667	1e+06	28.647566666666702	4593090.18832516	28.7578	172966.108502944	29.030149999999999	127042.824593477	29.425716666666698	25751.6512518157	30.002849999999999	117007.474761395	30.210366666666701	4302.19594774824	31.0793	69365.0499179247	42.790550000000003	103681.247518164	43.017516666666701	11597.3107887323	15	26042149
Std_1_2	26042150_Std_1.D	Std	46138.115143321796	24.024100000000001	1e+06	28.641166666666699	3729497.36493006	28.757899999999999	319434.759206024	29.030249999999999	344225.132033771	29.425816666666702	67901.6006602771	30.002949999999998	177038.34822047	30.210450000000002	7432.57056523731	31.0794	212533.601625309	42.790649999999999	221826.518499156	43.017616666666697	21585.8263132497	15	26042150
Std_2_2	26042151_Std_2.D	Std	46138.167701203703	24.023983333333302	1e+06	28.6475333333333	4477958.43315582	28.764250000000001	457366.039052469	29.0301166666667	456774.191409292	29.4256833333333	83626.0738145447	30.0028166666667	220970.667448051	30.210316666666699	8747.86340253447	31.079266666666701	264000.965791394	42.790516666666697	343407.355669477	43.017483333333303	30592.7745944129	15	26042151
Std_3_2	26042152_Std_3.D	Std	46138.220288553202	24.017516666666701	1e+06	28.641066666666699	3433751.8027204	28.7577833333333	569280.440287173	29.0301333333333	546837.036496816	29.425699999999999	95656.9223263926	30.002833333333299	258347.18037095	30.210349999999998	9771.60040024554	31.079283333333301	307087.834203991	42.7970166666667	336522.669273697	43.017499999999998	31236.3566182978	15	26042152
Std_4_2	26042153_Std_4.D	Std	46138.2728835995	24.024100000000001	1e+06	28.654133333333299	4923660.97166166	28.764383333333299	725080.899913159	29.036733333333299	715532.42033346	29.425816666666702	121962.902431059	30.002949999999998	284142.753607294	30.210450000000002	11078.9578860772	31.0794	365954.175166959	42.797133333333299	578552.962817069	43.017616666666697	47163.7393097966	15	26042153
Std_5_2	26042154_Std_5.D	Std	46138.325461898101	24.024149999999999	1e+06	28.6477	4655276.39336112	28.770900000000001	933913.898384642	29.036766666666701	942050.896295812	29.425850000000001	161165.004303206	30.0094666666667	338148.990167746	30.2105	12549.0707635574	31.085916666666702	454250.893604524	42.797166666666698	679888.459969528	43.017650000000003	55366.1190639602	15	26042154
QC15i	26042155_QC15i.D	QC	46138.378048136597	24.01765	1e+06	28.641200000000001	4025686.29465315	28.751433333333299	168941.505525713	29.023783333333299	127116.792144574	29.419350000000001	25818.2133229774	30.002966666666701	115515.989002538	30.2104833333333	4449.87846758291	31.0729333333333	68947.1855023032	42.784183333333303	102274.809196785	43.017633333333301	12018.8910897346	15	26042155
QC16a	26051902_QC16a.D	QC	46161.775511423599	24.0369833333333	1e+06	28.660533333333301	4440405.99016855	28.777249999999999	331187.466683342	29.036633333333299	174448.943276212	29.438683333333302	26491.4754011058	30.015816666666701	199373.163758936	30.223333333333301	13563.6935182407	31.0793	95672.9511638428	42.790550000000003	114298.345309681	43.011033333333302	14303.6715178172	16	26051902
QC13k	26051903_QC13k.D	QC	46161.828102210602	24.024183333333301	1e+06	28.647733333333299	4694585.43521746	28.7579666666667	239249.700650149	29.0238333333333	168800.183393413	29.425883333333299	30654.4427065451	30.003016666666699	145118.547268712	30.210533333333299	6068.31646989753	31.072983333333301	83710.6860670868	42.784233333333297	188391.394893216	43.017683333333302	17650.4413782536	16	26051903
Std_0_1	26051904_Std_0.D	Std	46161.880673634303	24.030483333333301	1e+06	28.660516666666702	4250702.22001537	28.77075	306909.668379521	29.0301333333333	164598.132413817	29.432183333333299	27208.0368381146	30.009316666666699	192305.66901354	30.223316666666701	12919.6955818178	31.079283333333301	89704.3441333653	42.784050000000001	101879.461383379	43.011016666666698	12732.5111773182	16	26051904
Std_1_1	26051905_Std_1.D	Std	46161.933254294003	24.024083333333301	1e+06	28.654116666666699	3712619.71972866	28.7708333333333	394903.965216634	29.0302166666667	332825.570746951	29.432266666666699	58078.1256944147	30.0029166666667	213262.163722775	30.216916666666702	13640.4359901243	31.079366666666701	191161.986186119	42.784133333333301	171436.919519606	43.011099999999999	20074.8791536543	16	26051905
Std_2_1	26051906_Std_2.D	Std	46161.9858367708	24.024183333333301	1e+06	28.654216666666699	3869523.22530483	28.7709333333333	532060.786221597	29.0303166666667	442391.336582535	29.432366666666699	75038.1358890779	30.009499999999999	261057.98244062	30.223500000000001	16139.2955439878	31.072983333333301	272607.642682488	42.790716666666697	275406.845950399	43.017683333333302	28656.9454675285	16	26051906
Std_3_1	26051907_Std_3.D	Std	46162.038422129597	24.024183333333301	1e+06	28.654216666666699	4135244.73011277	28.7709333333333	597133.673790019	29.036816666666699	513805.295065535	29.432366666666699	86585.5787210123	30.009499999999999	284831.957322162	30.223500000000001	18121.3597623221	31.08595	360239.798964714	42.790716666666697	407387.909281741	43.017683333333302	39467.5844611914	16	26051907
Std_4_1	26051908_Std_4.D	Std	46162.091018692103	24.023966666666698	1e+06	28.654	3954108.96986255	28.7707333333333	767774.781748408	29.0366	736432.039867351	29.432166666666699	121518.708093677	30.0092833333333	342194.690566902	30.223283333333299	19502.2998958855	31.085733333333302	488491.666334414	42.790516666666697	458386.012668104	43.017466666666699	45215.9352614765	16	26051908
Std_5_1	26051909_Std_5.D	Std	46162.143611469903	24.030466666666701	1e+06	28.654016666666699	4157956.96750213	28.7772166666667	953684.742140217	29.0430833333333	940187.808764646	29.432166666666699	159585.450889345	30.0093	386638.480592123	30.216816666666698	23680.9807646635	31.085750000000001	613185.03763232	42.796999999999997	668689.434575504	43.017483333333303	60696.1619849973	16	26051909
Std_6_1	26051910_Std_6.D	Std	46162.196202071798	24.030583333333301	1e+06	28.660616666666701	5102215.16362006	28.790299999999998	1992819.27599244	29.056183333333301	1930039.99736852	29.438766666666702	433417.199776636	30.022383333333298	801868.856882827	30.223416666666701	33573.4214412067	31.09235	1414425.19642294	42.803600000000003	1365354.95671806	43.024083333333301	178602.64552572	16	26051910
Std_7_1	26051911_Std_7.D	Std	46162.248796655098	24.030483333333301	1e+06	28.654033333333299	4868184.7694614	28.8291166666667	4451363.5018615	29.056083333333302	2712104.31164756	29.451633333333302	975301.046307513	30.028766666666701	1874416.81917843	30.236283333333301	104672.771035839	31.0987333333333	2132999.25431836	42.7970166666667	1983204.53233878	43.036949999999997	666821.700345729	16	26051911
Std_8_1	26051912_Std_8.D	Std	46162.301402442099	24.030533333333299	1e+06	28.6605666666667	5402236.71216377	28.822683333333298	5784547.65198188	29.0561333333333	3333380.53417557	29.471150000000002	2198945.29679315	30.041799999999999	3056447.4431287	30.242816666666702	201057.739013488	31.092300000000002	2523064.73346854	42.790599999999998	2243473.81316442	43.043500000000002	1250379.79471473	16	26051912
QC16b	26051913_QC16b.D	QC	46162.353974432903	24.030483333333301	1e+06	28.654016666666699	4792416.96266742	28.77075	310874.998437658	29.0301333333333	171829.035137217	29.432183333333299	26638.3502345167	30.009316666666699	186259.218228966	30.216816666666698	11824.3517516248	31.072800000000001	97577.5862799937	42.784050000000001	145227.027792201	43.011016666666698	18265.1628705273	16	26051913
QC13l	26051914_QC13l.D	QC	46162.406567199097	24.023983333333302	1e+06	28.6475166666667	5943612.30076746	28.757766666666701	238654.08245199	29.0301166666667	175799.389376748	29.4192	32185.8677523377	30.0028166666667	143829.810014185	30.210316666666699	5462.08357531491	31.072783333333302	85696.0620099805	42.784033333333298	226751.221195567	43.011000000000003	21155.4909805202	16	26051914
Blank16a	26051915_Blank16a.D	Blank	46162.459142060201	24.01755	1e+06	28.641100000000002	4575425.85592332	28.74485	689.564785444115	29.010716666666699	809.976713554468	29.419250000000002	154.860942793105	29.996383333333299	683.74576496214	29.989899999999999	0	31.06635	380.737463786543	42.7776	270.578936146638	43.004566666666697	84.1164164179611	16	26051915
Bla07_3-6	26051916_Bla07_3-6.D	Blank	46162.511749849502	24.010999999999999	1e+06	28.641016666666701	4543938.61195484	28.744783333333299	206.79773824557	29.010649999999998	499.109603657006	29.406216666666701	59.3654594658142	29.989833333333301	431.736453253578	29.983350000000002	0	31.079249999999998	212.418653781885	42.771050000000002	118.730918931614	42.771050000000002	0	16	26051916
Bla19_0-3	26051917_Bla19_0-3.D	Blank	46162.564340463003	24.0110833333333	1e+06	28.641116666666701	3978121.80659518	28.751366666666701	107.113872925785	29.010750000000002	401.464958911251	29.393333333333299	61.5324471732957	29.9964166666667	419.296813674995	29.762966666666699	0	31.066383333333299	143.563600364322	41.9800166666667	0	NA	0	16	26051917
Bla09_3-6	26051918_Bla09_3-6.D	Blank	46162.616913333302	24.01755	1e+06	28.641100000000002	4336261.3292304	28.7383666666667	220.928520122766	29.010716666666699	275.689385748242	29.425733333333302	34.8270030828441	29.989899999999999	332.52524011285	29.749966666666701	0	31.06635	116.103176389518	NA	0	NA	0	16	26051918
Bla12_3-6	26051919_Bla12_3-6.D	Blank	46162.669508460604	24.0111666666667	1e+06	28.641200000000001	3904797.44988686	28.738466666666699	118.118235118009	29.017299999999999	210.712600334115	29.127549999999999	0	29.996483333333298	281.337513938997	29.756550000000001	0	31.0729333333333	0	NA	0	NA	0	16	26051919
QC16c	26051920_QC16c.D	QC	46162.722074641199	24.036916666666698	1e+06	28.6604666666667	5072883.24755464	28.777183333333301	295959.682240609	29.030083333333302	164068.247252854	29.432133333333301	24854.5491698577	30.009266666666701	181189.748591437	30.22325	12387.9485335055	31.079233333333299	84053.6349466316	42.783999999999999	87353.0631884583	43.010966666666697	7986.12784701069	16	26051920
QC13m	26051921_QC13m.D	QC	46162.774640474498	24.024083333333301	1e+06	28.6476333333333	5511553.12227575	28.7578666666667	215309.989304791	29.023733333333301	156798.63091791	29.4257833333333	28953.3951659003	29.9964333333333	130344.4303316	30.210416666666699	4400.70481779142	31.072883333333301	75265.8762290543	42.784133333333301	153373.429696607	43.011099999999999	11875.5499715457	16	26051921
Bla10_3-6	26051922_Bla10_3-6.D	Blank	46162.827215532401	24.011050000000001	1e+06	28.634599999999999	3091447.87883772	28.738350000000001	569.267563815638	29.010716666666699	370.135787418272	29.1404	0	29.9834	621.926585358279	29.762933333333301	0	31.053366666666701	277.084544190091	42.7776	86.6230584395248	42.7776	0	16	26051922
Bla05_3-6	26051923_Bla05_3-6.D	Blank	46162.879820416703	24.0110666666667	1e+06	28.634616666666702	2802240.11267503	28.751349999999999	310.824017956681	29.010733333333299	190.798812585657	29.7694333333333	0	29.989916666666701	325.860334825757	29.996400000000001	0	31.072849999999999	0	41.992966666666703	0	NA	0	16	26051923
150_3_A_BL	26051924_150_3_A_BL_rep.D	Sample	46162.932402893501	24.037099999999999	1e+06	28.6736166666667	2499695.64706265	28.803316666666699	1292036.26676761	29.0497333333333	345805.72130725	29.45825	13589.5998038766	30.0353833333333	692113.822020391	30.236416666666699	42900.5083303917	31.098866666666702	226877.945458802	42.797150000000002	158010.613151302	43.011150000000001	29309.246474351	16	26051924
077_2_A_BL	26051925_077_2_A_BL_rep.D	Sample	46162.984981365698	24.017716666666701	1e+06	28.641249999999999	553393.762022337	28.7579833333333	1115315.05427225	29.023849999999999	224305.432259955	29.438866666666701	15749.0567504813	30.009516666666698	846224.867410566	30.204049999999999	18761.8658556722	31.073	157196.550137936	42.78425	136320.689418239	43.024183333333298	27633.2041452894	16	26051925
193_3_A_AH	26051926_193_3_A_AH_rep.D	Sample	46163.037586620398	24.030583333333301	1e+06	28.660616666666701	5073894.38801115	28.777349999999998	340232.413156517	29.030249999999999	43295.9174040379	29.432283333333299	2070.90608538187	30.015899999999998	158741.115853028	30.216933333333301	7172.37157785278	31.0793833333333	61798.1313039083	42.7841666666667	9552.84825953967	43.004633333333302	2073.26787542079	16	26051926
QC16d	26051927_QC16d.D	QC	46163.090172523102	24.030633333333299	1e+06	28.6541833333333	4900822.97298786	28.770900000000001	289145.67531635	29.0303	152459.629763089	29.4323333333333	26748.6623940141	30.0094666666667	177585.466043028	30.2169833333333	11912.0821652275	31.079433333333299	84366.8978317236	42.784216666666701	70054.9027708536	43.017650000000003	7366.26132581349	16	26051927
QC14k	26051928_QC14k.D	QC	46163.142787175901	24.024000000000001	1e+06	28.647549999999999	5805992.83399553	28.7578	214220.083120437	29.023666666666699	154512.258411514	29.425716666666698	28071.2539847195	30.002849999999999	127887.902417575	30.210349999999998	4816.16281931376	31.072800000000001	74151.7159013941	42.784066666666703	191800.424365566	43.011016666666698	14732.952736096	16	26051928
177_3_A_AH	26051929_177_3_A_AH_rep.D	Sample	46163.1953710995	24.0501166666667	1e+06	28.680150000000001	5269573.36930851	28.796883333333302	517973.554907417	29.049783333333298	915456.903400019	29.451833333333301	118796.463537486	30.035450000000001	420879.506742618	30.229983333333301	16440.627590563	31.0924333333333	61552.9480875291	42.790716666666697	59776.3971125155	43.017683333333302	11446.0062362462	16	26051929
144_3_A_AH	26051930_144_3_A_AH_rep.D	Sample	46163.247962777801	24.0758166666667	1e+06	28.666933333333301	5247472.77186399	28.783666666666701	764609.383454835	29.036566666666701	72677.5679253474	29.438600000000001	4340.23139309708	30.022216666666701	212485.09378399	30.236216666666699	28469.6374079217	31.079216666666699	174339.440358911	42.777500000000003	18946.0851604388	43.004466666666701	6321.44049232623	16	26051930
124_2_A_AH	26051931_124_2_A_AH_rep.D	Sample	46163.300536932897	24.011033333333302	1e+06	28.6345833333333	823077.279693512	28.744816666666701	240682.209264956	29.0171666666667	59383.5019914958	29.438683333333302	8274.74650347145	30.002833333333299	151100.085012433	30.210349999999998	8909.0053848551	31.072800000000001	48391.4337135486	42.777566666666701	18291.1618176579	43.004533333333299	3963.0627191775	16	26051931
124_2_A_BL	26051932_124_2_A_BL_rep.D	Sample	46163.353128437499	24.0177333333333	1e+06	28.641283333333298	1256185.13527836	28.764483333333299	384799.863840583	29.030366666666701	118466.218008083	29.4453833333333	10239.2375962025	30.009533333333302	303980.176345136	30.204083333333301	10044.7674551399	31.0730166666667	51394.7134720709	42.784266666666703	43758.6211698774	43.011233333333301	7475.45337500264	16	26051932
007_1_A_0-3	26051933_007_1_A_0-3_rep.D	Sample	46163.405700960597	24.017583333333299	1e+06	28.634650000000001	4599368.64500007	28.744883333333298	45932.6650255402	29.023733333333301	590061.905578062	29.419283333333301	93649.855498017	29.9964166666667	50133.0440684376	30.19745	1394.72145538045	31.066383333333299	24330.1124383704	42.784133333333301	56655.8055392238	43.011083333333303	5619.47925806732	16	26051933
QC14l	26051935_QC14l.D	QC	46168.388924999999	24.037050000000001	1e+06	28.6605833333333	7925595.74442681	28.7708333333333	274304.085657909	29.0367	193733.027714172	29.4257833333333	35251.0639755257	30.009399999999999	156385.040969622	30.210416666666699	6167.7188120049	31.079366666666701	93293.2363553827	42.7906166666667	273543.422504612	43.011099999999999	24144.5302800963	16	26051935
007_1_A_AH	26051936_007_1_A_AH_rep.D	Sample	46168.441512708298	24.0370666666667	1e+06	28.660616666666701	6334481.91707547	28.770849999999999	199269.134970519	29.0302333333333	30697.8152499173	29.432283333333299	1608.12490698778	30.015899999999998	90627.4101894811	30.216916666666702	3760.81941832196	31.072900000000001	25523.3568655031	42.777666666666697	9438.3516042531	43.017600000000002	1691.0312818913	16	26051936
007_1_A_BL	26051937_007_1_A_BL_rep.D	Sample	46168.494099872703	24.023949999999999	1e+06	28.653966666666701	6579606.44318869	28.751249999999999	33482.202537311	29.023599999999998	5679.62216832266	29.425650000000001	494.494328281529	30.002783333333301	22040.9293853358	30.203800000000001	975.591626323543	31.072749999999999	3978.09733043451	42.777516666666699	1690.05639150083	43.010966666666697	400.074676940082	16	26051937
007_1_A_3-6	26051938_007_1_A_3-6_rep.D	Sample	46168.546699699102	24.024100000000001	1e+06	28.6476333333333	6191482.75111098	28.7514	195750.592882125	29.0172666666667	27838.0152376342	29.419316666666699	5550.28791009725	29.996449999999999	140651.525008389	30.203949999999999	6718.99402084427	31.072900000000001	137994.712448271	42.777666666666697	104131.333438195	43.011116666666702	9667.65319171903	16	26051938
209_3_A_AH	26051939_209_3_A_AH_rep.D	Sample	46168.5992785532	24.0500166666667	1e+06	28.686533333333301	5795870.97349048	28.809750000000001	639224.63188215	29.049683333333299	150007.370365863	29.464700000000001	8301.56477148523	30.041833333333301	601233.298152207	30.249333333333301	72921.2587423135	31.092333333333301	128073.165551486	42.7906166666667	51502.4513856529	43.024066666666698	10952.7534349767	16	26051939
209_3_A_0-3	26051940_209_3_A_0-3_rep.D	Sample	46168.651859398102	24.024066666666702	1e+06	28.6541	6826207.51120482	28.757850000000001	65629.4191764876	29.030200000000001	128291.50955166	29.419283333333301	24157.4613033955	29.9964166666667	51524.3021491679	30.216899999999999	2616.60795450878	31.066383333333299	12563.7183520612	42.777633333333299	66403.7874557795	43.011083333333303	5021.01392301723	16	26051940
QC16f	26051941_QC16f.D	QC	46168.704466273099	24.036999999999999	1e+06	28.660550000000001	6406123.28660379	28.777266666666701	352261.309761704	29.030166666666702	192341.170439298	29.432216666666701	29458.5555114165	30.015833333333301	201004.54227143	30.22335	14644.9445876216	31.079316666666699	99551.5521464597	42.784083333333299	139774.539108581	43.011049999999997	16679.7267712837	16	26051941
QC15k	26051942_QC15k.D	QC	46168.757053703703	24.030550000000002	1e+06	28.6541	7576011.09118899	28.757850000000001	208802.104231998	29.0302166666667	155950.786358343	29.419283333333301	28762.3459755754	30.0029	127691.193245483	30.2039333333333	4735.68451049942	31.072866666666702	77725.6991033256	42.784133333333301	222563.771518335	43.011083333333303	18626.2398659365	16	26051942
209_3_A_BL	26051943_209_3_A_BL_rep.D	Sample	46168.809637430597	24.04355	1e+06	28.667100000000001	5198270.72329754	28.790316666666701	378093.106960655	29.036716666666699	97535.4308032182	29.451750000000001	4928.62204648915	30.028866666666701	324712.621317419	30.236383333333301	16951.3531461097	31.0858666666667	45778.3687879722	42.784149999999997	42328.6408012037	43.011116666666702	7938.4977268726	16	26051943
209_3_A_3-6	26051944_209_3_A_3-6_rep.D	Sample	46168.8622318403	24.024083333333301	1e+06	28.654116666666699	7027886.13255528	28.76435	278877.311968022	29.023733333333301	49286.2651325096	29.4257833333333	9414.49018302163	30.0029166666667	158788.471006305	30.210433333333299	6526.22853026046	31.072883333333301	93738.6286092561	42.7906166666667	272594.073774916	43.011099999999999	22029.6959469237	16	26051944
027_1_A_0-3	26051945_027_1_A_0-3_rep.D	Sample	46168.914823888903	24.024083333333301	1e+06	28.654116666666699	6538830.76327341	28.7578666666667	103906.112834474	29.049683333333299	1607031.75148886	29.432266666666699	314145.861317934	30.0029166666667	89040.0110230465	30.203949999999999	2490.91876104307	31.072883333333301	20982.257107651	42.784149999999997	389500.142598604	43.011099999999999	31511.0067380308	16	26051945
027_1_A_AH	26051946_027_1_A_AH_rep.D	Sample	46168.967412500002	24.043566666666699	1e+06	28.6800833333333	6741018.54201415	28.790316666666701	373052.377374367	29.036733333333299	78882.8021363383	29.445266666666701	2949.81840251746	30.028883333333301	206418.848167178	30.2364	11048.1634161541	31.0794	27439.7168074717	42.7841666666667	49551.3830830212	43.017616666666697	8004.83221054312	16	26051946
027_1_A_3-6	26051947_027_1_A_3-6_rep.D	Sample	46169.019983935199	24.024166666666702	1e+06	28.6477166666667	6534777.93824314	28.764433333333301	573227.163149619	29.0303	216455.927939649	29.4258666666667	39884.4708104237	30.003	363738.485739275	30.210516666666699	10601.8140065159	31.079450000000001	253055.767818422	42.784216666666701	276746.943350946	43.0111833333333	24353.9380654544	16	26051947
QC16g	26051948_QC16g.D	QC	46169.072560069399	24.0370833333333	1e+06	28.667116666666701	6186527.40285048	28.777349999999998	316948.853758381	29.036750000000001	165683.098020225	29.438783333333301	25379.4289066689	30.009433333333298	181410.580461572	30.223433333333301	12162.1663444428	31.0794	89393.630768411	42.7841666666667	124193.307005068	43.017616666666697	14455.3036911732	16	26051948
QC15l	26051949_QC15l.D	QC	46169.125138009302	24.0304	1e+06	28.647466666666698	7407201.87742678	28.757716666666699	190369.890487846	29.023583333333299	141548.752019163	29.419133333333299	26875.3777503196	30.002766666666702	118796.664418228	30.210266666666701	4306.36889259662	31.0727166666667	72455.3908365654	42.783983333333303	200951.007818832	43.010933333333298	17912.616628406	16	26051949
027_1_A_BL	26051950_027_1_A_BL_rep.D	Sample	46169.177741088002	24.030516666666699	1e+06	28.660550000000001	6103924.51974299	28.770783333333299	184567.672707158	29.030166666666702	38764.0371910325	29.445183333333301	1581.41015537413	30.015833333333301	120810.205187417	30.2298333333333	5135.5370132779	31.0728333333333	11921.4016842609	42.784083333333299	29413.297590726	43.011049999999997	3681.30091141466	16	26051950
Blank16b	26051952_Blank16b.D	Blank	46169.282929363399	24.011033333333302	1e+06	28.641066666666699	5558234.42550002	28.738333333333301	153.972981703126	29.0107	62.770762003975	29.749949999999998	0	29.762916666666701	0	29.99635	0	NA	0	41.992933333333298	0	NA	0	16	26051952
Std_0_2	26051953_Std_0.D	Std	46169.335526458301	24.030583333333301	1e+06	28.660616666666701	6054564.21489968	28.777349999999998	292819.220686313	29.030249999999999	156663.962692967	29.432300000000001	23572.1188172933	30.009416666666699	167968.896014866	30.223416666666701	11472.0011222507	31.072900000000001	80531.7683963583	42.7841666666667	106079.064112145	43.011116666666702	9242.48542238239	16	26051953
Std_1_2	26051954_Std_1.D	Std	46169.388103865698	24.043600000000001	1e+06	28.667149999999999	6727191.92409662	28.7838666666667	508920.364439693	29.04325	398607.054969911	29.4388166666667	64920.4204662141	30.01595	227659.930925721	30.229949999999999	13315.8276060088	31.079433333333299	187812.03295475	42.790683333333298	277087.74574795	43.011166666666703	26086.6514206827	16	26051954
Std_2_2	26051955_Std_2.D	Std	46169.440689768497	24.037099999999999	1e+06	28.66065	6975560.62754906	28.7838666666667	632425.076666829	29.04325	476416.886170607	29.4323333333333	75537.892159274	30.01595	267664.874856955	30.22345	14532.9904057309	31.085899999999999	232447.585260505	42.790683333333298	394597.561697402	43.017633333333301	34571.3301194339	16	26051955
Std_3_2	26051956_Std_3.D	Std	46169.493276388901	24.043516666666701	1e+06	28.6605833333333	7223513.61087157	28.7837833333333	777096.652185236	29.0431666666667	592583.952603042	29.4387333333333	91514.715674411	30.0158666666667	299823.042668113	30.229866666666702	16713.4589142211	31.085833333333301	309728.168546684	42.790599999999998	532089.276739822	43.017566666666703	44000.7329956261	16	26051956
Std_4_2	26051957_Std_4.D	Std	46169.545874421303	24.043500000000002	1e+06	28.66705	7458145.1689626	28.7902666666667	1041132.0057841	29.04965	885800.834545734	29.4387166666667	144568.119668795	30.01585	374783.048752408	30.229849999999999	19465.0698358083	31.085816666666702	444794.038295713	42.797066666666701	732316.929366959	43.01755	63951.7598215063	16	26051957
Std_5_2	26051958_Std_5.D	Std	46169.598456330998	24.037116666666702	1e+06	28.66065	7282353.25375161	28.79035	1148107.01080682	29.0497333333333	1032282.99602839	29.4388166666667	165608.647884187	30.01595	394724.575825548	30.22345	21277.6322258342	31.085916666666702	533986.088605897	42.797166666666698	768782.938562127	43.017650000000003	66998.9285408198	16	26051958
Std_6_2	26051959_Std_6.D	Std	46169.651039155098	24.030533333333299	1e+06	28.6605666666667	6376710.24915602	28.796749999999999	2141188.71759172	29.0547	1940458.8423416	29.4387166666667	422453.640145768	30.022349999999999	732482.905671599	30.223366666666699	36226.0962788133	31.098783333333301	1198390.21334421	42.797083333333298	1332788.6776721	43.0240333333333	199640.462721927	16	26051959
Std_7_2	26051960_Std_7.D	Std	46169.703604629598	24.03715	1e+06	28.667183333333298	7224860.18536456	28.8228166666667	4100265.19100181	29.101649999999999	2435103.09406965	29.4583166666667	1085743.18496948	30.035433333333302	1894095.76101694	30.236466666666701	94419.1010300939	31.0924333333333	1844012.89058684	42.790716666666697	1604083.2832585	43.037133333333301	740016.505275579	16	26051960
Std_8_2	26051961_Std_8.D	Std	46169.7561816667	24.030566666666701	1e+06	28.660599999999999	6468691.57479464	28.816233333333301	5682317.80899124	29.056166666666702	3271697.3369039	29.464700000000001	2170290.27135408	30.035350000000001	2947513.69310642	30.242850000000001	174049.905190426	31.09235	2473956.10795608	42.790633333333297	1997629.70344379	43.0500166666667	1254257.69432791	16	26051961
QC16i	26051962_QC16i.D	QC	46169.8087502083	24.036899999999999	1e+06	28.666933333333301	6793847.82663552	28.777166666666702	320725.165167447	29.036549999999998	174021.277895587	29.432116666666701	27819.0217940606	30.009250000000002	177050.223428487	30.216750000000001	12011.2303524873	31.079216666666699	96118.4386898119	42.790466666666703	143379.268980828	43.010950000000001	16109.9207275146	16	26051962
QC15m	26051963_QC15m.D	QC	46169.861335208298	24.023966666666698	1e+06	28.647500000000001	7605411.60644171	28.757750000000001	174760.599176309	29.023616666666701	134940.863867338	29.4256666666667	25850.149988062	29.996316666666701	110178.980259472	30.2038166666667	4161.66749509594	31.072766666666698	68777.0525067905	42.784016666666702	176418.611058402	43.0109833333333	15352.3696166577	16	26051963
QC17a	26062402_QC17a.D	QC	46197.695453807901	24.030650000000001	1e+06	28.6541833333333	5493255.85700652	28.7709166666667	354926.857670132	29.0303	181065.348619506	29.4258666666667	29840.6255259362	30.0094833333333	195039.327427446	30.223466666666699	12776.1191592186	31.079450000000001	79499.5757686471	42.784216666666701	72682.3153020759	43.0111833333333	11502.7678790499	17	26062402
QC10k	26062403_QC10k.D	QC	46197.748056099503	24.01765	1e+06	28.647683333333301	5785448.84240449	28.757916666666699	205908.435100259	29.023783333333299	151553.429950957	29.419350000000001	29982.0091309906	29.996483333333298	129582.584640401	30.210466666666701	5622.14917151795	31.0729333333333	79073.7163781053	42.784183333333303	103451.827094123	43.004666666666701	11232.4388185345	17	26062403
Std_0_1	26062404_Std_0.D	Std	46197.8006160648	24.030650000000001	1e+06	28.654199999999999	5469965.21518257	28.7709166666667	333161.342178171	29.0303166666667	172912.871461807	29.4258666666667	26785.3415667679	30.0094833333333	188157.018309876	30.216999999999999	12137.2792804015	31.079450000000001	76680.5069103204	42.784216666666701	79077.5409078436	43.0111833333333	10408.18682897	17	26062404
Std_1_1	26062405_Std_1.D	Std	46197.853193425901	24.030550000000002	1e+06	28.6540833333333	5344461.08960311	28.7708166666667	503377.560169888	29.036683333333301	380177.116806938	29.43225	61830.2595603622	30.0093833333333	226794.224169899	30.223366666666699	13205.0079681906	31.072866666666702	162606.675271293	42.784116666666698	170017.844320799	43.011083333333303	19409.5906522683	17	26062405
Std_2_1	26062406_Std_2.D	Std	46197.905775138897	24.037133333333301	1e+06	28.660683333333299	6167280.87185118	28.7774	691260.371435999	29.0367833333333	524614.612557479	29.43235	83363.8052222011	30.015966666666699	289862.282796986	30.223483333333299	15954.4921307333	31.079450000000001	231080.264728288	42.784216666666701	265240.132029617	43.0111833333333	28683.355557535	17	26062406
Std_3_1	26062407_Std_3.D	Std	46197.958354536997	24.0369666666667	1e+06	28.660516666666702	6124429.53746354	28.777233333333299	799333.233695956	29.036616666666699	605306.262413407	29.432183333333299	97185.6487884631	30.015799999999999	311994.984104713	30.223316666666701	17045.4433228894	31.079283333333301	284126.133980036	42.784050000000001	387595.922318824	43.011016666666698	37287.6092986311	17	26062407
Std_4_1	26062408_Std_4.D	Std	46198.010958981497	24.030650000000001	1e+06	28.654199999999999	6128012.81416536	28.777416666666699	1013150.96529941	29.043283333333299	841772.971962329	29.432366666666699	135606.027803306	30.009499999999999	369102.646828794	30.216999999999999	18724.124957149	31.079466666666701	396096.455107059	42.784233333333297	517541.542995004	43.0047	48100.7305172542	17	26062408
Std_5_1	26062409_Std_5.D	Std	46198.063530289299	24.030449999999998	1e+06	28.654	5673693.09657164	28.777200000000001	1159806.2011874	29.036583333333301	1000031.53303828	29.43215	160480.119790356	30.0092833333333	401042.371104068	30.216799999999999	20023.8377735921	31.079249999999998	474963.071479723	42.790500000000002	603330.24445978	43.0109833333333	53394.1633157803	17	26062409
QC17b	26062410_QC17b.D	QC	46198.116133067102	24.030650000000001	1e+06	28.6541833333333	6044650.13947601	28.764433333333301	319184.138540039	29.023816666666701	170846.48158844	29.4258666666667	28288.3052758422	30.003	177341.074432393	30.2169833333333	10903.7841020875	31.072949999999999	71380.4597186381	42.777733333333302	87082.5062262632	43.004683333333297	11020.7901540424	17	26062410
QC10l	26062411_QC10l.D	QC	46198.1687499537	24.01755	1e+06	28.641083333333299	6262602.53566915	28.751333333333299	190960.902112219	29.017199999999999	144891.221174752	29.419250000000002	28478.3771893467	29.996383333333299	120227.785218205	30.203883333333302	4781.4030051461	31.06635	71412.8700872342	42.784083333333299	147552.161279572	43.011049999999997	13531.0518284061	17	26062411
Blank17a	26062412_Blank17a.D	Blank	46198.221338194402	24.011150000000001	1e+06	28.634699999999999	4860572.20644637	28.7449333333333	326.685741585949	29.0043166666667	178.4540902934	29.1340166666667	0	29.9770166666667	351.270627760834	29.750050000000002	0	31.053466666666701	0	42.7776833333333	0	42.7776833333333	0	17	26062412
Blank17b	26062413_Blank17b.D	Blank	46198.273940208303	24.010950000000001	1e+06	28.634499999999999	4661707.21195986	28.738250000000001	201.97049097507	29.010616666666699	112.406969880586	29.743383333333298	0	29.996283333333299	182.372617091284	29.983316666666699	0	31.0597666666667	0	41.992849999999997	0	NA	0	17	26062413
Blank17c	26062414_Blank17c.D	Blank	46198.326558125002	24.010950000000001	1e+06	28.628016666666699	4228876.78466984	28.738250000000001	153.294404639583	28.997633333333301	79.0433995156665	29.756350000000001	0	29.9833	0	29.9119666666667	0	NA	0	NA	0	NA	0	17	26062414
116_3_B_AH	26062415_116_3_B_AH.D	Sample	46198.3791415046	24.017533333333301	1e+06	28.647566666666702	5407119.45254965	28.7513166666667	103378.612939926	29.0171833333333	12581.7777503998	29.438683333333302	1426.51499219482	30.002849999999999	51173.6047627558	30.223333333333301	5119.95137851434	31.066333333333301	10686.7471567595	42.771099999999997	1266.25301140991	42.998066666666702	364.144584863957	17	26062415
116_3_B_BL	26062416_116_3_B_BL.D	Sample	46198.431751863398	24.024149999999999	1e+06	28.6541833333333	5162078.2090447	28.764416666666701	202705.212012651	29.023816666666701	35181.1828652878	29.43235	3828.64935539733	30.015966666666699	117590.615438081	30.229949999999999	11490.0943364746	31.072949999999999	39713.2115826716	42.777733333333302	4629.29560349087	43.017650000000003	992.198590635896	17	26062416
116_3_B_3-6	26062417_116_3_B_3-6.D	Sample	46198.484329421299	24.017666666666699	1e+06	28.634716666666701	5282784.09734956	28.744966666666699	16553.0986450051	29.010833333333299	3295.83284816862	29.419366666666701	353.218834153588	29.996500000000001	9760.37117457036	30.2104833333333	695.490369748652	31.066466666666699	1623.29901437529	42.771233333333299	603.059973226872	42.998199999999997	165.247056986504	17	26062417
116_3_B_0-3	26062418_116_3_B_0-3.D	Sample	46198.536906689798	24.017566666666699	1e+06	28.641116666666701	5283654.24331335	28.738383333333299	15138.1540171205	29.010733333333299	2086.82754225305	29.4387166666667	314.561623888542	29.989916666666701	7137.86893967803	30.2168833333333	614.056184650726	31.0598833333333	1980.04128885237	42.771133333333303	388.106878262703	42.991616666666701	93.7029143825651	17	26062418
QC17c	26062419_QC17c.D	QC	46198.589474189801	24.030583333333301	1e+06	28.654116666666699	5781559.38728789	28.7643666666667	283785.253579545	29.0302333333333	149606.047963565	29.425799999999999	22457.6638662061	30.009416666666699	150941.06885936	30.229883333333301	9359.35061789032	31.072900000000001	55999.1859015347	42.777666666666697	59870.2626914957	43.004633333333302	4902.19223866802	17	26062419
QC10m	26062420_QC10m.D	QC	46198.935297326403	24.0239166666667	1e+06	28.647449999999999	4093843.10585069	28.7577	229396.33376469	29.023566666666699	131654.201884111	29.425616666666699	28059.2715731499	29.996266666666699	174049.311929289	30.210249999999998	5893.32099780811	31.0727166666667	79771.7265270948	42.764516666666701	314035.768223132	42.984983333333297	52142.2547367073	17	26062420
Blank17d	26062421_Blank17d.D	Blank	46198.987872199097	24.011150000000001	1e+06	28.634699999999999	2056643.61680376	28.73845	2509.05067762913	28.99785	1461.71927962451	29.412866666666702	445.697953652375	29.983499999999999	1902.78911268098	30.197500000000002	322.794211205506	31.0664333333333	1015.82574021549	42.790666666666702	775.084078541096	43.0370833333333	262.01580693744	17	26062421
154_3_B_3-6	26062422_154_3_B_3-6.D	Sample	46199.040438750002	24.01745	1e+06	28.640999999999998	2543375.20053026	28.74475	30342.7273282565	29.0041333333333	8794.86772970236	29.412666666666698	683.062451110365	29.989799999999999	38406.911501672	30.203800000000001	1127.934893817	31.06625	3207.91901881876	42.771016666666704	3897.21410950964	42.997983333333302	1222.94097387621	17	26062422
154_3_B_AH	26062423_154_3_B_AH.D	Sample	46199.093040023101	24.030533333333299	1e+06	28.6540833333333	2869184.12391731	28.7708166666667	278367.162013894	29.030200000000001	61955.9117269085	29.43225	4086.76567401329	30.0093833333333	226102.849833918	30.2168833333333	9839.73898296702	31.066366666666699	46742.6618627664	42.784116666666698	39593.4148283981	43.0110666666667	9576.7956283952	17	26062423
154_3_B_BL	26062424_154_3_B_BL.D	Sample	46199.145641122697	24.017499999999998	1e+06	28.6475333333333	2499500.6292367	28.751283333333301	119489.698107511	29.023633333333301	34573.3978455861	29.432166666666699	2882.01994536141	29.9963333333333	144923.396290902	30.216816666666698	4688.44721164494	31.072783333333302	17407.6237404485	42.771066666666698	25132.7887551531	42.998033333333296	5775.98073503867	17	26062424
154_3_B_0-3	26062425_154_3_B_0-3.D	Sample	46199.198226840301	24.011216666666702	1e+06	28.6347666666667	2431896.98155536	28.738516666666701	32330.958571373	29.0044	8631.38670140922	29.40645	802.568271915223	29.990066666666699	37117.0281253951	30.1846	1461.73290082898	31.060016666666701	4017.8827383215	42.771283333333301	5230.51651848809	42.998249999999999	1551.96352638217	17	26062425
QC17d	26062426_QC17d.D	QC	46199.250818703702	24.024183333333301	1e+06	28.647733333333299	2315121.41945277	28.7579666666667	401520.651481544	29.01735	193867.681604121	29.4194	42304.0634268231	30.003016666666699	310887.875181153	30.217016666666701	17137.6489696991	31.066500000000001	113531.392250731	42.777749999999997	154371.528440536	43.004716666666702	30567.0978999487	17	26062426
QC11k	26062427_QC11k.D	QC	46199.303423773097	24.017600000000002	1e+06	28.6411333333333	2911423.23411661	28.751383333333301	310710.11904167	29.017250000000001	196250.138495961	29.4128166666667	52056.4629730819	29.9964333333333	235282.016814137	30.2039333333333	11510.3861415713	31.066400000000002	126326.263677252	42.777650000000001	261484.6882602	43.004616666666699	48590.4179981066	17	26062427
Blank17e	26062428_Blank17e.D	Blank	46199.356024687499	24.010999999999999	1e+06	28.634550000000001	2579380.64602573	28.731816666666699	1157.62329915164	29.004166666666698	709.22817352951	29.419183333333301	145.23379845191	29.983350000000002	1092.04938404617	30.184366666666701	155.813141685806	31.059799999999999	417.448319097094	42.764566666666703	387.486991842007	42.764566666666703	0	17	26062428
102_2_B_BL	26062429_102_2_B_BL.D	Sample	46199.408635544001	24.0242	1e+06	28.654233333333298	2785226.72085537	28.764466666666699	236855.85660221	29.030333333333299	47746.7605307745	29.425899999999999	4367.23719777542	30.009516666666698	208401.953808187	30.223516666666701	13056.9020516079	31.066516666666701	50380.9474196706	42.771283333333301	46038.998037223	43.011216666666698	11265.2851646702	17	26062429
102_2_B_0-3	26062430_102_2_B_0-3.D	Sample	46199.461210960602	24.017533333333301	1e+06	28.634599999999999	2843606.22492175	28.7448333333333	44355.6798675894	29.010716666666699	9406.5162688523	29.419233333333299	834.96927092552	29.996366666666699	45351.3863113513	30.216850000000001	2881.19771834517	31.066333333333301	8234.7980845162	42.7711166666667	7725.97536207115	43.004550000000002	1841.2887242097	17	26062430
102_2_B_AH	26062431_102_2_B_AH.D	Sample	46199.5138017477	24.030650000000001	1e+06	28.654199999999999	2876131.62725735	28.764433333333301	282000.473600238	29.023816666666701	50529.199434558	29.4258666666667	5237.29673258578	30.0094833333333	214549.020661379	30.223483333333299	22281.8211270894	31.072966666666701	63331.8405982817	42.777733333333302	44312.340462633	43.0047	12041.0899318667	17	26062431
102_2_B_3-6	26062432_102_2_B_3-6.D	Sample	46199.566388553198	24.017516666666701	1e+06	28.6475333333333	2980083.38169173	28.744816666666701	67048.9387109073	29.0171666666667	15428.8402676431	29.419216666666699	1342.19488290806	29.99635	72834.4663981	30.210333333333299	4226.00795068549	31.066316666666701	10350.9595981225	42.777566666666701	12937.8103179847	43.011016666666698	2850.0029400953	17	26062432
QC17e	26062433_QC17e.D	QC	46199.618960173597	24.0239166666667	1e+06	28.647466666666698	2714677.11563511	28.7641833333333	388645.983272267	29.023583333333299	195666.899326497	29.425616666666699	43006.1484605154	30.002749999999999	293702.687623731	30.216750000000001	17799.0564244711	31.066233333333301	110870.291316247	42.777483333333301	161005.404707199	43.004449999999999	31361.2504463269	17	26062433
QC11l	26062434_QC11l.D	QC	46199.671543715303	24.0241333333333	1e+06	28.647683333333301	3519887.84337751	28.751433333333299	294715.556434622	29.023783333333299	195891.247807138	29.419350000000001	50756.0682196306	29.996483333333298	222546.425161118	30.203983333333301	11115.9072265699	31.06645	123731.664953578	42.784183333333303	257386.909029795	43.011150000000001	46394.9780079274	17	26062434
Blank17f	26062435_Blank17f.D	Blank	46199.724140648097	24.0109833333333	1e+06	28.634533333333302	2635855.87903992	28.7318	1260.44394614884	29.010633333333299	727.259166274221	29.412683333333302	118.058651957514	29.989816666666702	1216.41114647272	30.197333333333301	208.04191601738	31.0597833333333	337.47417709351	42.783999999999999	337.423665135925	42.783999999999999	0	17	26062435
145_3_B_0-3	26062436_145_3_B_0-3.D	Sample	46199.776717685199	24.0110833333333	1e+06	28.634633333333301	2377503.49231229	28.744866666666699	36698.2402739884	29.010750000000002	8388.2610376396	29.43225	1176.75120285813	29.989916666666701	39346.5449072566	30.2039166666667	1819.59964276204	31.066366666666699	4464.38547407125	42.777633333333299	6354.35215114859	43.011083333333303	1793.48738012097	17	26062436
145_3_B_3-6	26062437_145_3_B_3-6.D	Sample	46199.829293460702	24.01755	1e+06	28.641100000000002	2595599.54292314	28.74485	48992.6197045782	29.010716666666699	11545.8082230134	29.412766666666698	1044.81611086448	29.996383333333299	57791.5390589241	30.197416666666701	2294.67870329318	31.0728333333333	5462.99528964627	42.7711166666667	10159.8173509698	43.004566666666697	2666.93809544668	17	26062437
145_3_B_BL	26062438_145_3_B_BL.D	Sample	46199.881877743101	24.023966666666698	1e+06	28.6475166666667	3038388.56104411	28.757750000000001	127837.270653449	29.023616666666701	30931.4101673776	29.4386333333333	2922.06641044553	30.002800000000001	144632.754435462	30.2038333333333	5218.43348640402	31.066283333333299	17121.0187535316	42.777533333333302	30813.3227968263	43.0045	6516.02641893098	17	26062438
145_3_B_AH	26062439_145_3_B_AH.D	Sample	46199.934453692098	24.0242166666667	1e+06	28.647766666666701	931168.193563968	28.770966666666698	1013655.68405698	29.023866666666699	191142.740768361	29.438883333333301	15523.8251616717	30.009533333333302	765011.451151656	30.2235333333333	61818.1323760823	31.0730166666667	224666.399924016	42.777783333333304	106385.615000235	43.004750000000001	34559.697290419	17	26062439
QC17f	26062440_QC17f.D	QC	46199.987026030103	24.023983333333302	1e+06	28.6475333333333	2822620.33384176	28.764250000000001	374781.276112686	29.02365	197578.569528125	29.4256833333333	41737.1197983259	30.0028166666667	288059.022170992	30.216816666666698	17034.2324549751	31.072783333333302	112035.354921229	42.777566666666701	157636.862286717	43.004516666666703	30904.8990883644	17	26062440
QC11m	26062441_QC11m.D	QC	46200.039629108804	24.017666666666699	1e+06	28.641216666666701	2750343.59879546	28.751466666666701	292923.734935851	29.017333333333301	203019.064736463	29.4193833333333	53086.1249495048	29.990016666666701	226544.003210033	30.1975333333333	12084.1547535469	31.066466666666699	125926.704146812	42.777733333333302	236860.792393741	43.004683333333297	43526.5137175027	17	26062441
Blank17g	26062442_Blank17g.D	Blank	46200.092211215298	24.004566666666701	1e+06	28.634599999999999	2698205.38494586	28.738350000000001	1322.41436368173	29.0042333333333	790.730821513601	29.3933	223.622896662085	29.9834	1062.49495330317	30.190916666666698	238.285224401204	31.053366666666701	441.232498369554	42.751649999999998	471.60900190358	42.7776	0	17	26062442
035_2_B_0-3	26062443_035_2_B_0-3.D	Sample	46200.144800729198	24.017466666666699	1e+06	28.634533333333302	2624955.32068015	28.7382833333333	30598.4900305381	29.017133333333302	8486.09852572427	29.43215	935.149166644791	29.989833333333301	34379.359086317	30.2038166666667	2321.59666808067	31.0597833333333	7091.25040879166	42.777533333333302	5670.72568611828	42.997999999999998	1520.25942430515	17	26062443
035_2_B_AH	26062444_035_2_B_AH.D	Sample	46200.197392962997	24.0240166666667	1e+06	28.647566666666702	2267324.82934429	28.764283333333299	456413.867318055	29.023666666666699	74478.954897815	29.425716666666698	4694.35083915847	30.015816666666701	306514.698951284	30.223333333333301	44598.6462006747	31.0728166666667	150914.57088238	42.771099999999997	46156.098584265	43.011033333333302	14928.5078934343	17	26062444
035_2_B_3-6	26062445_035_2_B_3-6.D	Sample	46200.249976874999	24.010999999999999	1e+06	28.634533333333302	2659508.66923312	28.744783333333299	48282.8345348496	29.010649999999998	12336.5269179605	29.4256666666667	846.871683363976	29.996316666666701	60208.3021186652	30.2038166666667	2463.95378556347	31.059799999999999	9121.68045622959	42.771050000000002	10252.6447241161	42.9980166666667	2484.12872638759	17	26062445
035_2_B_BL	26062446_035_2_B_BL.D	Sample	46200.302574351903	24.030533333333299	1e+06	28.6605666666667	2716228.08776715	28.770800000000001	325612.220436507	29.030200000000001	89112.1131199283	29.445216666666699	5456.26563942646	30.0093666666667	366581.569965304	30.229849999999999	21084.6317776128	31.072849999999999	104734.916803024	42.771133333333303	77239.9433823239	43.0110666666667	18833.6830990746	17	26062446
Blank17h	26062447_Blank17h.D	Blank	46200.355134398102	24.004533333333299	1e+06	28.628083333333301	2548050.28180435	28.738316666666702	1274.54756199126	29.004183333333302	491.692295198143	29.4127166666667	0	29.989850000000001	1239.05619425014	30.203849999999999	335.13621579225	31.053333333333299	333.450316646867	42.777549999999998	576.624478545829	42.777549999999998	0	17	26062447
Std_0_2	26062448_Std_0.D	Std	46200.4077182986	24.024000000000001	1e+06	28.647549999999999	2684992.1415986	28.7578	383245.717584801	29.023666666666699	201014.618559124	29.425716666666698	45494.3348792581	30.002849999999999	293747.411442409	30.223316666666701	17445.5115551899	31.072800000000001	110635.430361506	42.777583333333297	164582.361035628	43.004533333333299	31384.361621575	17	26062448
Std_1_2	26062449_Std_1.D	Std	46200.460291006901	24.030616666666699	1e+06	28.654166666666701	3325182.33792315	28.770900000000001	557586.214875697	29.030283333333301	421334.616026705	29.4323333333333	94376.619064536	30.0094666666667	371670.501471577	30.22345	22641.2347457812	31.079416666666699	270913.658936131	42.784199999999998	315802.21138894	43.011150000000001	57605.6668166209	17	26062449
Std_2_2	26062450_Std_2.D	Std	46200.512869120401	24.024149999999999	1e+06	28.647683333333301	2788676.86324299	28.764416666666701	625588.748220901	29.030283333333301	441002.627745134	29.425850000000001	109978.258691609	30.002983333333301	364695.239219473	30.2169666666667	21699.5675501438	31.072949999999999	266964.660888857	42.784199999999998	313829.129109834	43.004683333333297	56079.0598153437	17	26062450
Std_3_2	26062451_Std_3.D	Std	46201.905284305598	24.024149999999999	1e+06	28.6477	1995282.87254313	28.764433333333301	775853.502626185	29.023816666666701	530554.8663131	29.425850000000001	127375.258113712	30.002983333333301	428896.417260179	30.2169833333333	24125.5847013165	31.072949999999999	322308.2129787	42.790700000000001	659768.830827162	43.011166666666703	119999.609250577	17	26062451
Std_4_2	26062452_Std_4.D	Std	46201.957854641201	24.023983333333302	1e+06	28.6475333333333	2604421.02276237	28.7707333333333	949361.195496948	29.0301166666667	710950.753714357	29.4256833333333	170992.09438776	30.0028166666667	477540.267658373	30.210333333333299	27177.8658646486	31.072783333333302	395922.019576006	42.777549999999998	483490.363119693	43.011000000000003	90381.8276488335	17	26062452
Std_5_2	26062453_Std_5.D	Std	46202.010444166699	24.030550000000002	1e+06	28.6540833333333	2700383.61640311	28.7773	1205618.71515828	29.036683333333301	945545.620071123	29.43225	215658.111154466	30.0093833333333	589054.466306599	30.2168833333333	32719.8384276135	31.079350000000002	513389.540782677	42.784116666666698	685776.331980851	43.011083333333303	116268.846699762	17	26062453
QC17g	26062454_QC17g.D	QC	46202.063042187503	24.0240166666667	1e+06	28.641083333333299	2647790.16089744	28.757816666666699	373861.180339435	29.023683333333299	202618.51600756	29.419233333333299	44160.1373116795	30.002866666666701	284743.208718303	30.216850000000001	17473.0199708602	31.066333333333301	112318.237191254	42.7776	160116.755860291	43.004550000000002	31537.5103921792	17	26062454
QC12k	26062455_QC12k.D	QC	46202.115641099503	24.010999999999999	1e+06	28.641033333333301	2806439.73221833	28.744783333333299	285210.758069354	29.017150000000001	199008.305677131	29.412700000000001	52945.413413831	29.996316666666701	224128.608371902	30.19735	11737.3001791415	31.059799999999999	120421.27794971	42.777549999999998	226925.574405472	43.0109833333333	42087.2685313859	17	26062455
