Name	Type	batch	injection_order	IStd Xylose Resp.	IStd Fructose Resp.	1,4-Galactonolactone Resp.	Galactose Pk1 Resp.	Galactose Pk2 Resp.	Galactitol Resp.	1,5-Galactonolactone Resp.	Galactonate Resp.	Lactose Pk1 Resp.	Lactose Pk2 Resp.
QC1a	QC	1	26022402	1e+06	5096440.00577889	257460.82813108	174195.856582311	38823.1744125991	178860.31664115	6622.49554415834	88051.8493514312	542486.638278553	96547.5156034391
Std_0_1	Std	1	26022403	1e+06	5443892.83984215	260683.926957056	174515.200894477	39527.6692744094	182523.252928294	6505.66806465764	89759.8041272282	529660.277704385	93339.2173881997
Std_1_1	Std	1	26022404	1e+06	4979457.46685444	425321.884034264	358902.282967477	76901.1553768396	220027.628577409	9325.7939629917	167982.416583121	739098.843446839	124552.039586376
Std_2_1	Std	1	26022405	1e+06	5106024.34257797	516285.839196722	428991.582300442	87768.1869596519	250366.287075691	9831.02844394168	207192.859223517	852080.124379154	140187.130178242
Std_3_1	Std	1	26022406	1e+06	5481088.96398517	637409.297015039	520853.443945582	101910.296849148	290031.851272505	12117.3128682267	261967.577783905	1221380.21693182	192126.26183309
Std_4_1	Std	1	26022407	1e+06	5018190.78664921	853990.682278382	777937.724166981	145134.357296695	346758.76672787	15607.713891222	368285.55436918	1431736.15464133	225568.253420645
Std_5_1	Std	1	26022408	1e+06	5367718.27856857	1122577.68659089	1044664.64463709	195076.222884435	412286.161723299	18669.4109141421	505269.564500579	1925453.89801723	304150.260799948
QC1b	QC	1	26022409	1e+06	7415589.31032466	314793.799104171	209226.479905808	45571.4084842956	204535.331575774	7697.14452421423	104651.093139859	775540.523795681	128638.564673591
113_2_A_BL	Sample	1	26022411	1e+06	6843916.52861993	280897.083364869	20389.1938153147	1535.10504212952	82628.0034243679	10502.417181189	77457.8709246345	51813.0210225735	19155.8016780406
113_2_A_3-6	Sample	1	26022412	1e+06	5422939.49140718	473194.72340957	263642.780561857	55576.6591786231	301993.088760714	9581.32968380726	172061.828244626	947576.355665448	134211.841667386
113_2_A_0-3	Sample	1	26022413	1e+06	4956334.69999998	38878.8800294342	51864.6888379327	12021.9278152643	15974.1070953254	2381.69463491318	13221.747082983	30184.3444355772	6150.18868214663
113_2_A_AH	Sample	1	26022414	1e+06	5414268.74860917	749589.159471543	67986.2477745033	7875.85272642346	234644.877578667	24409.0097829371	215256.293075306	99774.4369332823	45619.6534611097
QC1c	QC	1	26022415	1e+06	5051034.95977967	246146.613728699	172979.724793956	39333.6753946157	175879.205792625	6502.60463289743	86308.8807302572	446164.194820769	79662.5879679074
137_3_A_AH	Sample	1	26022416	1e+06	4791993.06213123	479304.570938047	141107.3389246	8893.96314611148	367075.930740187	15256.4801509568	66371.2007206775	127350.621672184	90343.7607379896
137_3_A_BL	Sample	1	26022417	1e+06	5052271.81613211	140442.529675703	50197.6905355726	3230.76890924785	157179.743263202	4999.31800410103	25796.2225385239	64758.7852604695	38642.6726223477
137_3_A_3-6	Sample	1	26022418	1e+06	5332329.49886615	1100282.3519846	77346.4186494032	13416.3337616179	1101166.92417387	16402.6007643746	633646.56677862	3027487.51343545	609203.404096168
137_3_A_0-3	Sample	1	26022419	1e+06	4573698.04821821	97719.1187839805	158170.800667028	35856.7775644719	119195.910784825	2771.90894821481	38234.1273789214	241544.07907941	47232.8558681149
142_3_A_3-6	Sample	1	26022420	1e+06	5038855.04899998	78368.4099523678	8271.68209650811	1172.20679483688	57634.3333163266	2038.84992969531	25994.4195999512	134465.526162116	26919.7421518401
QC1d	QC	1	26022421	1e+06	5002296.28350008	234012.680467117	166737.492027133	37530.9369614301	172064.985987918	6094.48128347579	85387.9229761335	405818.695751829	72893.2773822818
142_3_A_AH	Sample	1	26022422	1e+06	4470280.95850266	267029.346558589	115186.220731301	7444.17055955227	324415.005295106	8737.64810451807	19947.6815850436	115934.764637625	71454.0765541079
142_3_A_0-3	Sample	1	26022423	1e+06	5161159.38699999	103652.36990646	138341.179575246	29608.6391875848	92869.2938520047	2479.05300560555	30074.854570062	309272.666260862	59758.8265388573
142_3_A_BL	Sample	1	26022424	1e+06	5088934.13175922	39008.1951748008	14220.8263908511	1080.57960791034	52307.7303079003	1274.66959101086	2192.04601728516	17229.7747235943	8246.50611897606
107_1_A_3-6	Sample	1	26022425	1e+06	5413436.99134218	1384123.12671969	41196.6947162403	3788.08491634492	660561.840949871	14457.5989160894	496230.430431831	258332.351222393	72723.9625733802
107_1_A_AH	Sample	1	26022426	1e+06	4737838.45957946	264617.313822433	34130.9061577739	2880.61813776	165419.597378726	5689.39040572818	113778.977027577	29534.7145074736	20417.7109901828
QC1e	QC	1	26022427	1e+06	5860268.32647244	254592.082143037	182962.144246702	39885.6758378701	183824.660746021	7048.64855960858	92615.4711196713	501349.49149612	88552.7092105766
107_1_A_0-3	Sample	1	26022428	1e+06	5067519.05755024	323648.761372822	219587.314445391	46036.5816518788	211117.419015311	4851.58881176611	88074.2464827805	147401.263768337	38603.381541044
107_1_A_BL	Sample	1	26022429	1e+06	4902910.25345919	548994.902574134	76892.6131416624	5150.27479677341	317091.708891884	8707.00822909621	141294.664005373	51690.7944907271	45716.6487214438
112_1_A_BL	Sample	1	26022430	1e+06	3782310.16069535	288124.441748571	98445.8659239626	7988.4885696358	325630.516593293	11476.1446102721	18146.9444648704	261340.993528557	90573.7302542928
112_1_A_0-3	Sample	1	26022431	1e+06	4545808.80843035	248346.963033698	859843.344964353	156169.955283573	206345.325241245	5963.45722460135	109541.850729764	175881.525071233	35345.6693470914
112_1_A_3-6	Sample	1	26022432	1e+06	5033567.29530004	116553.412223182	5849.32132618568	751.076117893508	72631.6719308699	3851.8240423926	65912.217448514	30160.1187792457	7220.87018467603
QC1f	QC	1	26022433	1e+06	4995228.09593665	242119.034219574	170964.64503368	38382.1728321767	174424.860697188	6330.06352607837	86704.5827472324	446029.046300846	78144.836817017
112_1_A_AH	Sample	1	26022434	1e+06	5185595.616902	59894.0136433197	18206.7969057803	1163.57218388041	67286.4984832538	1901.75228174998	4577.54309190116	40499.4214066319	15683.8369311053
126_3_A_AH	Sample	1	26022435	1e+06	4815184.99905781	207883.421350738	34380.3736753422	3288.25880841237	95048.409622507	23983.3873072292	53343.9719992007	59208.8206562027	21272.6061125191
126_3_A_BL	Sample	1	26022436	1e+06	3189676.40617802	310366.598461052	78388.4534110327	7979.33686835474	243827.004742523	17759.0992819008	63203.0893710785	195618.573825241	63549.454422373
126_3_A_0-3	Sample	1	26022437	1e+06	4932897.17650235	136310.75956218	359291.730927678	74636.3236812782	112441.559476014	4866.47404970069	36425.5569452726	621316.721990896	111215.136294279
126_3_A_3-6	Sample	1	26022438	1e+06	5119802.42249988	143987.598106388	61211.2047359681	14323.3052992563	95272.2143613055	4424.21380097069	57199.3658496953	381591.25356915	67733.404923573
QC1g	QC	1	26022439	1e+06	5332175.18850233	240715.829747757	171894.528340101	38121.4764740934	174834.190846652	6642.6322684977	86852.5920605438	467741.030718292	83079.6405749706
047_3_A_3-6	Sample	1	26022440	1e+06	5094508.39849998	233221.468643783	18400.3772617788	3163.47304844868	147264.797183981	5354.52818968993	80567.3734433993	1504194.22333858	232087.974364847
047_3_A_BL	Sample	1	26022441	1e+06	4299278.11897318	290169.876014077	48041.4177585876	4997.60605682169	216938.266834755	12782.1245981004	70623.9578800995	79412.1832230101	43474.3704803935
047_3_A_0-3	Sample	1	26022442	1e+06	4780246.66155906	81122.248079374	251052.130700611	54424.3224957896	66756.8302220329	2438.79569357355	23361.2715821388	298720.100837529	53687.7729104303
047_3_A_AH	Sample	1	26022443	1e+06	3692988.65385872	744746.705464524	77228.747340143	7354.4488053867	352784.070517895	30883.8451759363	157326.535270017	90374.2522998294	68677.3090353641
QC1h	QC	1	26022445	1e+06	4781355.61638415	231218.806900574	165760.154860834	37328.8005815603	169282.695585086	6303.76303624637	83672.4666396823	430361.835078122	77711.751175467
Std_0_2	Std	1	26022450	1e+06	5107268.05240916	234983.324483385	167730.626518856	34583.356615676	168546.906931894	6483.90813226339	82810.5364990559	453851.704525114	80639.6724023123
Std_1_2	Std	1	26022451	1e+06	5079457.17113361	380530.391487604	326829.939030844	69763.3558550302	197069.6660931	8664.78653138239	148291.019781331	642029.909698052	107473.52710883
Std_2_2	Std	1	26022452	1e+06	5117742.62263367	491658.303650109	403005.3313874	83658.6586494283	239268.63921244	10205.7802111355	185699.734162406	786391.978282641	128418.935338643
Std_3_2	Std	1	26022453	1e+06	5217957.44638407	617915.664606137	504684.741955144	101674.866416173	279574.05591707	11771.3928769868	225717.548760792	1030760.36210653	161944.161976473
Std_4_2	Std	1	26022454	1e+06	4689680.84280173	792228.008988648	722876.300316043	136448.256052316	319402.901129276	13898.0627395538	308096.511991123	1279907.2421663	201858.347098717
Std_5_2	Std	1	26022455	1e+06	4974454.09845835	1054003.3217973	1022503.37717576	184845.140441055	380476.886861637	17283.8346145451	448929.87822412	1658325.13037725	255897.380807982
QC1i	QC	1	26022456	1e+06	4964316.78052356	237540.187957432	167085.702180778	35859.0425377599	169295.566460241	6336.72594962705	84719.32944158	439520.825280254	76794.9297521918
QC2a	QC	2	26030202	1e+06	4955867.33152793	216653.712454866	154588.64551751	34493.7610322782	157052.371903895	7018.83842117308	83343.6929918321	428049.271430868	78132.7753500609
Std_0_1	Std	2	26030203	1e+06	5202538.10463616	221574.358005794	158171.812679505	36100.1642079006	160056.073042813	7275.75843151071	85306.1940729202	435243.15571348	78751.2980496542
Std_1_1	Std	2	26030204	1e+06	5003062.94430052	397035.223573284	344572.192426166	72863.1943382847	209393.881293874	11212.9348983332	169770.170427108	682957.544789324	116955.913741464
Std_2_1	Std	2	26030205	1e+06	4849652.46426364	506529.611370408	429159.493527518	89869.6529345875	241684.261160908	12930.6995267195	214069.189541136	833856.56368861	137330.873260283
Std_3_1	Std	2	26030206	1e+06	4931762.43665548	548731.731606027	480843.405581505	94743.4380353278	246452.99530436	14378.1927107763	255384.600415986	938486.027146891	152290.010532217
Std_4_1	Std	2	26030207	1e+06	4971061.39929993	796507.383786224	755869.67607192	142240.510043151	320662.590677488	18286.0900084466	370151.107013596	1379129.5009191	214238.390508687
Std_5_1	Std	2	26030208	1e+06	5086496.08573602	1076989.7732766	1083961.55732288	198847.540227162	376054.855563041	24636.7232127079	557851.268087362	1806652.019291	286691.909664063
QC2b	QC	2	26030209	1e+06	5028740.11563969	220079.153737926	158260.644041648	34348.2948573496	157431.606368767	7376.13912914453	84425.1108419628	435537.598876516	77708.4882844391
010_1_A_BL	Sample	2	26030211	1e+06	4980902.07278094	119080.0858605	42740.1040426991	2608.59145435342	163194.222327821	27481.443715651	18061.5188809071	72125.9054617608	62111.6043160584
010_1_A_3-6	Sample	2	26030212	1e+06	4825920.92949999	180169.386652733	9945.69791493451	1635.10453030076	120327.372203702	6946.87658640573	82441.9946825106	25699.3912358316	7181.86810590935
010_1_A_AH	Sample	2	26030213	1e+06	5517068.59517945	136079.905485726	47971.0961845701	2925.77915187598	159629.505553904	43937.2626029277	23769.0654524223	61365.4229699383	18241.1692500153
010_1_A_0-3	Sample	2	26030214	1e+06	5224325.0886066	122607.846933291	1150309.83841172	203572.575954147	140472.731054354	5825.99327466527	55547.2766435166	58508.8631448716	17168.1867826429
QC2c	QC	2	26030215	1e+06	5240379.92644316	216711.790214669	157196.012420384	33369.272103102	155783.312893812	6755.13751984016	82293.6994048887	416767.027938196	71863.1111508821
059_2_A_BL	Sample	2	26030216	1e+06	5779835.14663394	222690.389250692	73705.1572101759	5919.64248756973	264950.3243826	8331.4563049538	34197.6440534724	134105.193522477	57224.7792313059
059_2_A_3-6	Sample	2	26030217	1e+06	5316504.14166783	372071.864494584	44489.5937639526	7279.65467787191	336731.217938247	8982.07848075584	208029.965213237	1084444.35245222	180384.397431584
059_2_A_AH	Sample	2	26030218	1e+06	4995802.0781722	260693.982825007	60220.7159807306	4904.96750716365	210878.79204242	8239.74458331416	33687.111044306	74693.8613356041	40396.394351472
059_2_A_0-3	Sample	2	26030219	1e+06	5403334.12659917	40672.9882120557	355959.744506558	73784.7804197612	51692.8098548973	1950.35658608056	18520.3518133672	116131.858718209	21968.3975296796
123_2_A_BL	Sample	2	26030220	1e+06	5241377.19900001	34399.8469664131	8499.02617428283	1032.17946658231	38119.685275086	1587.96395367878	4861.9998615435	15069.5113195915	6113.45930826846
QC2d	QC	2	26030221	1e+06	5275977.30260249	220375.742674482	157543.04829241	35664.7210209289	155862.137818997	7405.64890318374	82998.5667427562	439141.151839725	76024.0484172381
123_2_A_0-3	Sample	2	26030222	1e+06	5230796.2561992	91874.1173262767	274724.737379809	58712.3958669356	80708.0390023514	3495.67584144647	39392.5206048015	113100.213525743	21935.5582585491
123_2_A_AH	Sample	2	26030223	1e+06	5451575.25331636	130468.97424454	20192.5180879253	1822.87698315988	79298.4118690472	7511.35807422656	27947.2260962742	20893.4600139675	12984.8475232586
123_2_A_3-6	Sample	2	26030224	1e+06	5289388.99649518	142271.339763079	13699.1680501953	2341.61127787849	97944.571674305	5004.52294288589	66448.87316505	163678.797161808	31434.0686560979
065_3_A_AH	Sample	2	26030225	1e+06	5081032.52914285	613714.089684128	96717.9639106691	7460.17618741341	322417.489972077	30841.2868954546	131652.758150583	83521.9496382026	54464.1027892877
065_3_A_0-3	Sample	2	26030226	1e+06	5039896.19974898	92812.9815589689	262601.960920333	55683.9393769256	98686.1305372161	3636.1986498335	35535.812810318	356364.910216586	56457.811805763
QC2e	QC	2	26030227	1e+06	5160863.49127701	210036.674036059	152023.981620133	34565.632566683	152494.405755921	6779.78522299993	79580.480189479	406935.064820341	70367.6359619636
065_3_A_BL	Sample	2	26030228	1e+06	5208883.51781634	281455.651655234	53821.5333201166	4886.90322399546	187898.461331334	15030.6422874177	52705.9451607385	55214.2633147129	31844.0087940828
065_3_A_3-6	Sample	2	26030229	1e+06	4806601.10355562	210968.841067961	21386.2240481897	3791.44037011662	166494.318623818	6544.24028942418	83870.6536958646	875671.408034177	133140.176442368
111_3_B_AH	Sample	2	26030230	1e+06	5557627.83902469	182008.269244545	30783.7839869217	1958.48403485663	109736.00209272	4992.62240623065	30820.3307033342	28685.7309189808	22235.4267640254
111_3_B_BL	Sample	2	26030231	1e+06	5230374.23391773	393167.929181564	85466.8508441274	4208.95428530634	314705.453216294	10058.0758547248	70389.1661218524	93431.3199624547	59712.3389584684
111_3_B_3-6	Sample	2	26030232	1e+06	5114684.28249999	18545.3009346555	4836.99437708247	288.079080664359	18446.8400382784	710.601923855512	2327.73424939792	4038.52885483165	2460.57506885997
QC2f	QC	2	26030233	1e+06	4117393.53114218	204998.364008948	145965.816400644	32591.8968200322	148656.886896931	6630.69822278237	77163.1683437901	423848.853508912	73617.9323787002
111_3_B_0-3	Sample	2	26030234	1e+06	5167159.67656426	16128.0769414324	3795.52987672848	194.896660908511	15435.4788360494	582.20338600867	2518.79643235871	4464.94613723257	2374.34134716102
044_3_A_BL	Sample	2	26030235	1e+06	4802152.69931273	739012.377048571	249190.530488649	26046.0328773812	892307.996654203	43721.2266726747	325722.135668766	275078.355795139	296683.762554867
044_3_A_AH	Sample	2	26030236	1e+06	5144541.94296974	748585.050244997	167652.118515841	13774.7370015601	585417.994972241	35186.8633056967	213032.060458286	132373.394859802	192765.654143879
044_3_A_3-6	Sample	2	26030237	1e+06	5284967.52417964	1257344.31073306	1287849.88714736	300624.767860722	1061833.17122482	23374.3766823575	780096.781158359	3669314.29658562	920853.997531449
044_3_A_0-3	Sample	2	26030238	1e+06	5111327.36453763	510021.245164636	2074250.579858	579308.558463761	593237.595691726	27354.3115532766	213788.470231834	3086247.52991759	822269.619990486
QC2g	QC	2	26030239	1e+06	5627606.79402573	225035.88301056	160129.264058739	36457.2933523028	157616.876686487	6557.28467713134	83290.9681139004	484145.176504329	84490.5440067483
079_3_B_AH	Sample	2	26030240	1e+06	4589312.89516157	475448.612188336	66867.326662084	5412.82130578965	231068.686143803	17676.8846254237	118016.820172179	93421.2652159216	23493.056412209
079_3_B_3-6	Sample	2	26030241	1e+06	5232313.11360501	19851.7758553738	4913.01013228921	306.472077483594	17272.7775944802	804.228795511298	2486.97815650901	5866.85838620619	1668.81640338823
079_3_B_BL	Sample	2	26030242	1e+06	2684633.32676039	325618.332571095	66412.6154050066	4512.5071510992	209032.073842378	10513.1932009202	71806.5894033702	90932.7519640625	20710.2131094406
079_3_B_0-3	Sample	2	26030243	1e+06	4596223.83819149	23580.0034282553	5408.79634015725	209.671512593456	16897.9117947796	947.828129429625	3829.45516499522	5353.79844282913	1559.13168150163
210_3_A_AH	Sample	2	26030244	1e+06	5712500.22583329	271368.777911386	33859.9700800387	4733.53271656028	102857.184775775	21877.2185027041	90659.8250849898	30719.5150561651	33822.7577948012
QC2h	QC	2	26030245	1e+06	5183651.21256699	207769.64521782	154139.759374343	34172.3569956481	150174.419832955	6784.0015751154	79465.8376842493	413240.185943931	72625.808797713
210_3_A_BL	Sample	2	26030246	1e+06	5420664.3068229	307797.635820585	53682.1250516115	2786.37329403366	172780.643130034	11155.8342088727	200840.21091413	82909.3814312972	61482.3558443654
210_3_A_0-3	Sample	2	26030247	1e+06	4973845.40908252	89141.5371018858	185006.57091307	40341.7106785005	70042.1543681054	4740.8239775267	57330.393148251	226083.611157857	45461.7540150779
210_3_A_3-6	Sample	2	26030248	1e+06	5099575.94115657	85700.5414515839	6865.41522903218	748.675150157479	60120.6946286816	4893.45040777138	56813.9097716794	111384.745025895	23540.9124123088
Std_0_2	Std	2	26030250	1e+06	5296103.5006111	211056.684983429	149366.177130546	32595.4125754855	147933.428991619	6715.10578232081	77787.1909924042	389911.621183591	67820.8417476313
Std_1_2	Std	2	26030251	1e+06	5162115.45473162	329573.869596651	323943.77439738	66515.3987648051	182484.851115013	10042.5185195416	174831.863700945	617599.688673511	99432.6858252568
Std_2_2	Std	2	26030252	1e+06	5057668.81096333	460591.656032234	433799.122786336	84294.3651413285	231248.807708656	11917.7852579653	229828.211014733	820745.634635455	129103.928295368
Std_3_2	Std	2	26030253	1e+06	5119306.53734434	570386.315948492	516015.142935796	100818.106688171	266852.344063943	13686.0077681091	268235.848082836	1083849.27790876	163380.873380924
Std_4_2	Std	2	26030254	1e+06	4757733.16958331	771106.837429174	767901.252973244	140102.030958797	314350.538449073	17210.6221062803	380650.819565878	1360570.88224	202786.035334672
Std_5_2	Std	2	26030255	1e+06	4975437.02733705	1013458.61968596	1047786.39196791	186228.892284044	376294.471977944	20273.0625191978	499458.685674777	1662403.93203965	247185.048771437
QC2i	QC	2	26030256	1e+06	5117580.98937068	205154.666659114	152454.490500265	31835.0660173641	148705.414935593	6326.3968468353	78176.1946134579	399480.119258384	70046.8734998733
QC3a	QC	3	26030301	1e+06	5146390.92042989	233643.010088037	168297.064567078	35883.5113700761	166180.112648848	6889.09161160558	85063.1762047782	488960.601890884	82424.2121631112
Std_0_1	Std	3	26030302	1e+06	5054081.26378943	226631.968833923	162319.079698081	34686.8091589725	163337.563710168	6573.93377869198	82228.4632607672	456871.0954704	78219.8425696485
Std_1_1	Std	3	26030303	1e+06	4908467.05166413	370543.442358341	335898.611604452	69895.7951361361	194025.753464035	9146.35265631358	162174.73116752	654587.237185877	105844.104756159
Std_2_1	Std	3	26030304	1e+06	4636603.65746841	471000.59329522	417259.294824789	83102.2828669231	226917.597783927	10715.0003599069	203626.995071204	781190.426191023	125106.076754348
Std_3_1	Std	3	26030305	1e+06	4985008.09242107	562887.160426801	503775.4423638	95634.5501528147	261422.432066598	12367.5325334418	261782.860622759	1031285.18759118	158344.429922236
Std_4_1	Std	3	26030306	1e+06	4901878.79913825	797761.133028037	770142.319370844	141112.448031151	311869.67611465	15667.0049194173	377619.843597601	1380800.23921775	204389.241028653
Std_5_1	Std	3	26030307	1e+06	4772490.93197457	1040285.72770804	1051297.28356706	187426.652212924	385140.68605639	18932.7490281498	502023.98423142	1802095.69666364	272183.093113682
QC3b	QC	3	26030308	1e+06	5116791.8577106	230593.422512125	167847.61182948	35660.3740967693	164032.603019881	6582.73865776475	85481.4010269429	476311.645773858	80913.6762921595
QC3c	QC	3	26030314	1e+06	4968613.64910113	231092.11410678	164740.931561253	34626.8658295311	160600.813135067	6266.65539199964	82905.1199024658	431612.53626543	73031.3735550048
072_1_A_0-3	Sample	3	26030315	1e+06	5028902.19107317	204521.77962589	1081666.48188233	184035.349002659	247867.656594889	4669.45815921453	71358.5599136968	92348.4158080539	21677.6815076691
072_1_A_BL	Sample	3	26030316	1e+06	4869907.90078702	180158.253739568	36891.0645245767	1612.07295092667	141356.138663415	7384.56251939689	35866.3218007025	64517.6209111	29176.4844055925
072_1_A_AH	Sample	3	26030317	1e+06	5434925.78346646	134511.153074183	19798.8052850193	1019.89262736632	77386.9800587064	7347.39199650827	27121.3163690984	22315.6936599902	13351.6642731631
072_1_A_3-6	Sample	3	26030318	1e+06	4775892.76477013	973733.031472083	102556.338788434	21182.8136808659	775097.459753882	12554.9707206289	410688.186259514	97086.7879847111	27697.791136248
150_3_A_AH	Sample	3	26030319	1e+06	3333267.9966929	1031386.70565944	191731.858193872	9407.92727516482	451576.177189484	24132.8651076408	167331.254720292	209395.692533696	171087.173466927
QC3d	QC	3	26030320	1e+06	5276073.01340525	226290.843061894	163273.325215238	34323.6679490407	160812.879268807	6269.59138507097	80429.666764497	430977.138461774	74811.2553970449
150_3_A_0-3	Sample	3	26030321	1e+06	5026726.89839971	95471.5968746543	187169.297492942	40854.9865962469	69045.8478185344	2508.29158996718	26698.3928418397	366741.544328488	60689.7282817128
150_3_A_3-6	Sample	3	26030323	1e+06	4639453.42835234	173518.324867998	17959.1851900821	1569.93255389486	107190.784672388	4179.87974244274	50552.4672714249	585054.745201316	95074.199281812
171_3_A_BL	Sample	3	26030324	1e+06	3454155.59334178	2316086.00557731	136915.664675099	16956.7378774453	408194.999162267	213275.663373566	650687.777628523	114123.847868588	68495.5999338387
171_3_A_0-3	Sample	3	26030325	1e+06	4966579.72918304	651793.180393083	453942.648889963	83977.1578417762	236809.869814948	68746.9264357157	202065.543330561	836820.746347101	121750.286718027
QC3e	QC	3	26030326	1e+06	5479773.20179206	228797.017588547	169032.533892878	35453.2016920622	162881.12922776	6717.19349139781	83830.3654413485	459370.964011452	76586.6758828807
171_3_A_AH	Sample	3	26030327	1e+06	3422625.68153252	2193471.65644937	167061.818183143	17730.2875200994	513362.041015529	355199.998015163	582592.438646427	119658.133848478	74927.2760467535
171_3_A_3-6	Sample	3	26030328	1e+06	5111107.36040809	289604.64131124	15091.6040334647	1817.97125787571	130322.514461243	26026.1340004987	109843.91337077	508104.501537071	79078.0631992441
180_3_A_AH	Sample	3	26030329	1e+06	5224091.52261196	97334.0192862683	24797.8220683351	1485.73375190042	88400.7446937427	3559.23149747216	11697.8841714883	31073.7375150828	14335.4690681828
180_3_A_0-3	Sample	3	26030330	1e+06	5234912.37331078	80314.654270966	129912.089281568	28893.5576589356	61927.6924093835	2277.75978917847	28310.054351762	204946.256825547	32467.8402681941
180_3_A_BL	Sample	3	26030331	1e+06	5270039.75674554	89449.3668860489	25841.9360231144	1476.89234868217	95340.5475392126	2978.7324098697	7589.07252761156	42201.754365384	16068.84945879
QC3f	QC	3	26030332	1e+06	5335072.78526443	222123.824750845	161040.356283009	33877.7438698786	159190.630899318	6451.7052779623	81973.6003090306	459294.254308263	76644.03759932
180_3_A_3-6	Sample	3	26030333	1e+06	5151026.56468278	57575.0781688971	4473.95343194895	380.535164010831	37611.2444031738	1809.55272028891	22426.0753115652	137584.948784313	24482.4335562111
029_2_A_BL	Sample	3	26030334	1e+06	5639084.2998478	265996.203935441	82919.6007222717	4520.9035547898	237829.116234378	7835.7941659032	56892.0972212392	101613.375581479	46413.3923926213
029_2_A_0-3	Sample	3	26030335	1e+06	4957908.06543104	53199.5823239952	148721.929830988	32299.4164062333	45798.2329256848	1694.15007232715	20004.1477000192	349812.928621713	57468.1192312051
029_2_A_3-6	Sample	3	26030336	1e+06	4594548.39279232	105988.881390072	17194.4453057178	2873.4976792233	77980.1873034359	2825.9609700406	44968.0682724384	306390.143208766	49884.8775427958
029_2_A_AH	Sample	3	26030337	1e+06	5312189.57531548	153194.781885708	31769.1597394096	2486.33267932634	98795.0039739317	5172.74285438145	28229.0574822239	34549.778158835	17098.2053984611
QC3g	QC	3	26030338	1e+06	5119948.9726251	223234.5745375	160378.358602989	33836.9360394448	157552.297235341	6090.00032876756	80947.3171938758	420942.737847111	71434.8537826248
172_3_A_0-3	Sample	3	26030339	1e+06	5036533.88776366	131678.410542103	56822.8865464131	10986.2574257063	126423.273711741	4803.25646239498	37140.9412264865	973124.887136612	145755.85920837
172_3_A_3-6	Sample	3	26030340	1e+06	4958775.75187902	107323.593982426	5115.39212812047	181.664871322854	79365.8645313251	3558.4836861959	40678.8986298525	420450.70477505	70029.7082069206
172_3_A_AH	Sample	3	26030341	1e+06	4946936.99544108	309129.068562513	57871.0872728	2800.89780942654	213843.553574318	10267.7653566485	72476.9545924533	73737.1015128493	74638.8210305695
172_3_A_BL	Sample	3	26030342	1e+06	4092869.38102154	359681.942912318	74128.6479933146	3884.50542878426	297638.504315972	17633.8975758802	60166.2862316901	109261.944772374	110368.046468329
106_1_A_BL	Sample	3	26030343	1e+06	5203625.71720125	160355.197751717	40119.9401640154	1935.88823996949	140851.625601146	7421.06984132322	37188.1131487043	43460.5416547189	26285.5402195758
QC3h	QC	3	26030344	1e+06	5495901.53625303	220241.724958525	160163.556912326	34184.3558421795	157217.389162853	5881.91966961019	80637.9654634697	449542.190683894	75834.6855020241
106_1_A_0-3	Sample	3	26030345	1e+06	4753326.72666093	130788.102060685	226495.238777129	47105.6196295767	132007.008812486	4565.69512286668	76027.6409634878	47520.0865954039	13230.7420935989
106_1_A_3-6	Sample	3	26030346	1e+06	4414025.13839868	451099.38832812	17526.7916567072	1877.18467976833	304768.976539154	9320.96042351474	234321.239481963	64803.7950020981	21152.0095963988
106_1_A_AH	Sample	3	26030347	1e+06	4775253.50918389	150540.7317185	30021.7006416705	1551.47043885095	102054.310018792	8273.61532978365	37651.9664006047	28169.7671919801	19809.5849559201
Std_0_2	Std	3	26030349	1e+06	5248842.76866007	228194.61714958	158067.851429177	34097.4534262344	155880.88959679	6072.1665196489	80705.9547879398	446786.760557025	75198.9061534603
Std_1_2	Std	3	26030350	1e+06	4738416.85009118	335359.708775912	326079.781454184	67685.7819620349	183935.634576945	8417.10414739478	170610.979947377	639907.669989317	100486.608477019
Std_2_2	Std	3	26030351	1e+06	4944023.49767267	438321.369877957	415255.242412605	81656.5559257624	218956.710484171	9912.94260948529	216588.854057977	744902.201137352	113732.249778452
Std_3_2	Std	3	26030352	1e+06	4535874.60379246	526111.92189005	466601.529781824	90962.2110215966	245634.873946007	11016.657787891	244857.981221515	948466.5726199	141551.828629667
Std_4_2	Std	3	26030353	1e+06	4619686.95748925	771224.825351117	748910.409114238	136514.830664308	298348.221538819	14650.1556898011	362984.467246224	1374058.15326133	197305.59222698
Std_5_2	Std	3	26030354	1e+06	4765439.52083059	1025094.05270358	1038702.50135874	183557.356566508	361746.990764629	17430.8288486861	496751.194374809	1796117.35701472	258416.538634856
QC3i	QC	3	26030355	1e+06	4701844.61885155	215851.320110612	157914.484822102	33882.8786111247	153443.990991739	6066.04786901682	80365.1390085277	445288.802124603	75828.5009627063
QC4a	QC	4	26030902	1e+06	4638422.19815025	214997.973512486	155506.283011366	33696.8693998626	151342.405127934	6714.04326394828	80657.2366582247	437089.426193519	76360.0788294148
Std_0_1	Std	4	26030903	1e+06	5044399.93195636	224706.913169176	161157.284291989	33658.5201631746	154654.84890115	6822.33326159323	83050.9696898645	450396.058027562	78896.9258964522
Std_1_1	Std	4	26030904	1e+06	4502663.70066002	372319.977374816	342171.571012726	69091.564536756	191648.641655616	9720.90271064718	167398.738914299	657137.03702186	105679.792380414
Std_2_1	Std	4	26030905	1e+06	4460477.92207967	475519.059455935	419972.814709068	81583.0224839595	221424.651353682	11767.1123957693	212209.247345772	815880.645788264	129857.281111301
Std_3_1	Std	4	26030906	1e+06	4494144.90095643	543041.295874991	472605.724301242	92066.7278116178	243393.799518861	12791.9374049883	246930.044498617	928665.075743212	144258.088445695
Std_4_1	Std	4	26030907	1e+06	4478658.92584012	784516.795576628	753247.12211124	135566.276513601	301846.145287364	16554.4767016219	385324.603525853	1386513.54506715	207539.286567099
Std_5_1	Std	4	26030908	1e+06	4564776.44371021	1023770.16647417	1043232.67829804	181980.406620378	355876.59985537	20510.6875958043	516703.599146255	1698700.34099145	251720.576678421
QC4b	QC	4	26030909	1e+06	4574342.47690532	217667.474951831	155140.873690194	32579.0550714941	150835.824270428	6097.52824550124	81047.7281953578	415557.406785074	70815.0454058616
QC4c	QC	4	26030915	1e+06	5094363.95205426	220889.401395154	158494.65939823	32829.3213003897	151882.005006773	6436.10584131612	81274.2404845009	421827.988410802	71974.1517183232
120_3_A_3-6	Sample	4	26030916	1e+06	4659514.46874394	800809.039634834	116439.246693071	24738.9052098899	393642.01887538	12116.0734554468	304770.996541155	809356.024012777	126582.257163276
120_3_A_0-3	Sample	4	26030917	1e+06	4572948.21816222	96901.4020541232	230522.262001181	47701.1574921772	85793.5839528617	2718.31836489673	32442.4998733913	212954.81487407	38466.8700699737
120_3_A_AH	Sample	4	26030918	1e+06	4943894.82511002	107887.102620135	33756.9731239206	1452.10777807485	135996.370122848	2342.76743482923	6186.21547744224	30506.9108313328	16790.9550997328
120_3_A_BL	Sample	4	26030919	1e+06	4862040.79839276	160266.776642567	49641.0871598662	2160.97596265929	221538.834126504	4575.41222922551	10058.3869698604	58873.5563326659	32116.4056055038
077_2_A_3-6	Sample	4	26030920	1e+06	5319006.68474689	627063.553933353	88751.7453230348	14503.9969988484	389666.87460642	9189.02016129873	214239.632707876	1183437.1988364	190518.26341037
QC4d	QC	4	26030921	1e+06	4833537.64384795	216425.659468414	156686.189426098	33439.9729024732	150329.92165279	6902.85736422774	80905.2158339488	417282.373688758	71472.0305762109
077_2_A_AH	Sample	4	26030923	1e+06	4501954.01026191	755782.810019741	106406.65153768	11053.6535519569	496045.865557761	12650.5008534609	80449.7359141227	369203.87750323	158678.562060792
077_2_A_0-3	Sample	4	26030924	1e+06	4830151.21387041	70568.6041793234	220631.807225876	47095.3876607779	63341.7462251452	1992.23502378967	25031.6376541991	204931.415296971	40542.3460784906
099_3_A_3-6	Sample	4	26030925	1e+06	4957073.27880224	115594.159868259	5971.22075434864	767.648893447165	72250.0023781223	3698.819834038	57259.1027305792	225235.197530309	38093.8252315781
099_3_A_BL	Sample	4	26030926	1e+06	5037733.88556217	282737.771941908	74669.2958420215	3434.87622252228	284853.924322581	9684.05295136137	36254.9243152439	125486.166877523	51256.7397975502
QC4e	QC	4	26030927	1e+06	4905515.35462435	213616.960609327	157206.626676217	33247.6467367107	149901.12463352	6343.71086919059	79847.1481790667	416879.069079397	71757.6195398493
099_3_A_AH	Sample	4	26030928	1e+06	4918043.68655548	121663.849943781	24445.5265687981	1625.42746559265	102880.121518496	3769.37833737008	16991.0672474676	35447.2215473388	18129.8453999696
099_3_A_0-3	Sample	4	26030929	1e+06	4769410.03560716	193603.539626777	127730.658329679	27277.4199745136	153453.944554302	4329.00054422312	68246.7750335917	540094.263326019	83705.7770491949
159_3_A_BL	Sample	4	26030930	1e+06	4264661.4027585	536117.042661161	69899.9101871607	2858.43418708933	234260.078706018	15862.4992087461	123332.213833455	123727.93985582	57110.750994529
159_3_A_0-3	Sample	4	26030931	1e+06	4455990.63628247	69349.1897872569	148398.386051467	31586.3412550617	50343.6291206154	2433.44929431429	14634.3485319879	181946.681397852	36428.563557761
159_3_A_3-6	Sample	4	26030932	1e+06	4568568.41940677	130651.005376811	13249.7997538749	1409.68026151759	99309.9828013189	3685.85455746491	47705.5022393212	369471.938084375	61074.8573914522
QC4f	QC	4	26030933	1e+06	4791044.16525555	210878.851841596	154783.089537899	32367.4259942001	150575.818402994	6373.66584460187	79389.577025505	432410.718803027	72139.4160129459
159_3_A_AH	Sample	4	26030934	1e+06	5165164.29193369	544492.470450012	59188.3860956689	2896.57667323983	175656.6290433	15103.627942523	129671.581116752	80101.1590211121	41296.4830850057
225_3_A_3-6	Sample	4	26030935	1e+06	4570093.39017409	147925.887482537	18708.5946582587	2884.16546854844	92101.0448790614	5201.11615952905	49181.0375505023	2442346.17274164	383118.381366034
225_3_A_0-3	Sample	4	26030936	1e+06	4616133.83019906	140477.162599216	194214.507724305	39572.6822206777	104452.342169984	5122.53022732162	50634.4365185823	332638.311170305	61914.000837571
225_3_A_BL	Sample	4	26030937	1e+06	4620641.03820767	93332.4611882186	15992.4589302047	940.434636920503	56791.5094208632	5985.26819163456	22250.0645536394	20010.4844062534	9708.47528107344
QC4g	QC	4	26030938	1e+06	4946310.67310303	211703.96964103	152336.452404693	32914.2372809992	146924.713502796	6572.31163650442	78053.1646613463	413230.505118611	69927.3080515327
049_1_A_BL	Sample	4	26030943	1e+06	2788353.70813748	502307.350747992	100722.038483651	5990.37456534939	292761.219671676	39596.6514394438	122842.258647146	80275.640716948	50642.5283449946
QC4h	QC	4	26030944	1e+06	4935104.78142352	214847.080938174	155536.430102444	33702.3427905656	147901.093455476	6450.37249017667	79059.533206446	419150.671840187	70983.8617275977
049_1_A_AH	Sample	4	26030945	1e+06	2750792.27337214	1281449.00160364	394056.03382677	42352.1979586721	558932.791851511	161979.699583963	281253.902322133	161937.779225277	109036.454424721
049_1_A_0-3	Sample	4	26030946	1e+06	4564679.60053448	45102.8303908049	1088746.80986412	178470.844724278	47739.9780470177	3610.6047831104	25717.2921910729	164154.54403427	31102.6844416345
049_1_A_3-6	Sample	4	26030947	1e+06	4711763.98583379	192621.766546549	53688.5034219331	11219.6405980097	149537.83179479	9232.88286315542	145574.322627346	153400.712387189	31581.2629987535
Std_0_2	Std	4	26030949	1e+06	4814958.9461676	210875.018434173	154281.605487876	31996.1580989479	147372.660198435	6442.38719943952	79005.8834375392	410088.798478669	68496.3657593555
Std_1_2	Std	4	26030950	1e+06	4369246.78910123	288126.16636559	294702.956319758	61059.0900028408	161067.68732604	8362.15104136907	168486.156098979	536079.722614641	84860.7349181616
Std_2_2	Std	4	26030951	1e+06	4624014.85938019	437650.978574306	417617.727000347	81214.4396565401	217476.70106378	11361.6259037567	236285.400258958	851570.147238957	127402.451927243
Std_3_2	Std	4	26030952	1e+06	4574345.06829282	478782.492979759	448300.179605825	85801.2763374008	271874.135499117	12363.4418112054	261772.92644555	935290.866761452	136870.508805457
Std_4_2	Std	4	26030953	1e+06	4749162.57091501	752485.349140949	795658.379366018	139062.950617602	302606.553924572	16261.594731982	423668.324171236	1431440.16814808	203593.403650002
Std_5_2	Std	4	26030954	1e+06	4649391.87341907	978253.672238965	1031242.79522874	175703.669908543	353620.415408976	18758.5118957469	515544.226719738	1682076.65162447	240664.352992862
QC4i	QC	4	26030955	1e+06	4968274.67680963	216411.489914725	158344.816171178	33963.3640464118	149696.743373935	6473.04967369619	82192.8155573109	452568.121884566	74839.4825912601
QC5a	QC	5	26031001	1e+06	4339554.77552223	207959.789885586	151850.180108276	32996.1798502318	148400.680366311	6241.15041793515	78137.2836407273	167548.808022866	20055.2745434109
Std_0_1	Std	5	26031002	1e+06	5037059.85919741	215824.620109996	159897.523087458	33184.6509008102	151491.469378188	6164.64134056602	81421.4333012398	176028.472482545	20351.0773610466
Std_1_1	Std	5	26031003	1e+06	4582449.13455732	336692.810256316	314318.423890678	64114.9676016881	166978.133197888	9025.67865736511	157185.051652111	287962.932138778	29667.6926611286
Std_2_1	Std	5	26031004	1e+06	4627615.72955165	440555.935687848	392864.864931567	76769.1116507831	206136.494816208	10477.8785163097	192503.818419991	362959.439264058	34992.74074646
Std_3_1	Std	5	26031005	1e+06	4553597.23756743	518047.353086292	464951.837570117	88076.8349955668	222640.747138421	11662.3342157165	258517.463588535	466993.691621386	42339.1188965826
Std_4_1	Std	5	26031006	1e+06	4570700.65541666	690231.066497725	727460.493510139	125237.944249365	271151.324051766	15752.5888545565	388590.899263507	639664.08397873	54335.6686708014
Std_5_1	Std	5	26031007	1e+06	4342748.25131645	985512.243617545	1031526.45091846	176238.910237713	348092.96733704	18670.1489622757	499045.678541477	870005.8886197	73814.9973055356
QC5b	QC	5	26031008	1e+06	4631241.36489049	214783.424592193	157271.052020403	34061.635141893	150329.171185837	6670.10850751625	81705.1487655234	192123.643298437	21147.4623996411
QC5c	QC	5	26031014	1e+06	4411534.30253417	211743.038222679	153805.130373446	33145.6600251447	148409.136596702	6558.43712434821	79981.6371658844	163616.296781616	19089.5265539966
QC5d	QC	5	26031020	1e+06	4633793.76385554	212224.670124431	156841.682694729	33463.846073988	150135.747664257	6306.2032452659	79582.1210337178	178989.729383135	20409.652362392
130_3_A_BL	Sample	5	26031024	1e+06	8509184.23193603	879911.717726893	101338.385714047	4980.24215562192	229857.215350335	42903.8391459396	203212.727544526	41128.6493260237	8535.63815249064
130_3_A_0-3	Sample	5	26031025	1e+06	10277135.232243	337902.703352526	312031.155725998	53075.3501726906	134424.162529487	11117.5368529954	90960.5659417523	450544.873285277	40284.1576311514
QC5e	QC	5	26031026	1e+06	10149206.5295709	377658.223460048	281743.537353427	49363.0710519619	224839.645487484	9600.11451447372	129677.462491538	522773.878033973	48326.7180190625
130_3_A_3-6	Sample	5	26031027	1e+06	10646836.8745478	512142.771742782	33577.6459900292	4398.09615870027	232840.827319074	12483.3190582184	161056.283973849	906093.937607164	132950.741288075
130_3_A_AH	Sample	5	26031028	1e+06	6252586.79750744	2259208.49834538	321127.570877894	24880.4026594583	876231.034554147	191147.869436381	758383.212275629	94511.5158167828	25864.0528977364
110_3_A_3-6	Sample	5	26031029	1e+06	10540680.3571131	155354.459227911	7953.26951277391	1520.12936918135	84617.1804563444	5871.02036703289	69815.1073326651	81673.2151299705	10191.027186268
110_3_A_AH	Sample	5	26031030	1e+06	9000826.40879167	382931.375847145	122199.083192557	8565.58597918807	301267.176755954	63960.3152593268	40329.3830172539	35825.789038786	10562.0605437138
110_3_A_BL	Sample	5	26031031	1e+06	9209947.69210635	360511.834411808	131860.853670975	9321.89716835023	300315.271967673	54419.3958253027	39754.5915394487	43888.3270521879	11454.0593273729
QC5f	QC	5	26031032	1e+06	11040744.307974	364684.210797284	282477.002788713	52461.1127201259	221785.541454854	9269.49517015997	131503.819090307	517004.403452838	48561.5983883869
110_3_A_0-3	Sample	5	26031033	1e+06	10317973.6545	112731.813684122	215034.244064275	41495.5767466584	87005.0984680434	4933.31923064782	47046.0036541866	135957.651109375	14848.4052268561
QC5g	QC	5	26031038	1e+06	9047416.97739172	309737.29744281	229183.948157696	44338.1353678264	193656.929246238	7843.23425532279	108765.383606644	407184.177668793	36078.0953763988
136_3_A_AH	Sample	5	26031042	1e+06	5687074.71669049	364590.314600192	110679.48693019	8238.58957543844	270791.488381989	6551.20141399692	75398.1811420822	57011.2041480467	10040.9416679007
QC5h	QC	5	26031043	1e+06	8819787.6273385	295442.567700962	214615.888080086	42903.6376661024	183621.026002004	7586.65178491872	102794.867121835	380382.688856647	34440.1122614315
136_3_A_0-3	Sample	5	26031044	1e+06	9701382.4276031	39533.6811184302	265525.280069679	49138.8969378109	38133.0690967816	1085.91754777467	7982.33780253269	76674.745044502	9339.52783324373
136_3_A_3-6	Sample	5	26031045	1e+06	8914776.95796609	388362.499113252	33587.7716732504	3109.29589878614	265952.863722032	8001.79359158241	234335.740156625	898293.17348772	101829.150083172
136_3_A_BL	Sample	5	26031046	1e+06	8688336.42996588	101336.562023866	28770.4527245187	2003.64463100009	84213.0859346039	2519.98884585157	12254.2786645519	19525.0592291238	2919.05574053425
Std_0_2	Std	5	26031048	1e+06	8910854.31504057	291354.213428516	211567.648373714	38297.5129996362	185768.343351983	7526.27871287484	103427.501099181	379172.846252462	33687.5653454097
Std_1_2	Std	5	26031049	1e+06	8724518.31560295	473407.318212866	492040.68046482	91436.7557377748	238352.172016355	11305.7321435444	266632.975834439	615793.924963809	54094.3546804135
Std_2_2	Std	5	26031050	1e+06	7838948.8316135	549045.103308908	558875.076709528	101998.673138658	260544.608048054	12431.1734700938	315849.304406108	649606.759724485	55090.432163301
Std_3_2	Std	5	26031051	1e+06	8290837.00347701	655278.073856732	652291.812074139	118577.046467668	289104.117559779	14307.8109427452	404967.510008419	774388.924823361	72584.5351880529
Std_4_2	Std	5	26031052	1e+06	8910919.58854841	1016107.18532368	988221.016722045	197324.06536003	405590.716499787	20094.6343403782	558731.602026632	983479.356628282	124613.840898203
Std_5_2	Std	5	26031053	1e+06	8479665.7882489	1253261.6133589	1204794.32537121	257815.817785063	471014.353008612	23345.548407	661412.255467959	1044555.60431972	137162.788479025
QC5i	QC	5	26031054	1e+06	9183459.96552088	312203.946617607	229123.910208899	44263.1917289276	192799.744106393	7776.14065088647	108918.907876383	396324.203956242	34397.9210830759
QC6a	QC	6	26031601	1e+06	9030700.8785002	303474.055078537	220784.374506211	41488.4767493776	188502.373553222	7321.41262810857	99663.8403749527	400723.145935608	35605.991499867
Std_0_1	Std	6	26031602	1e+06	8854013.42876559	300465.994006198	214304.648152882	41883.2618302987	184008.006370434	6908.26442806989	98318.6778609001	361730.829757509	32886.2773616483
Std_1_1	Std	6	26031603	1e+06	8548403.60371039	535889.008400837	504607.382153491	86512.9485084507	248844.087875841	10557.5089380556	206548.442876488	597571.461106513	52643.5480487543
Std_2_1	Std	6	26031604	1e+06	8898807.67079565	697112.648380699	634459.908906299	112338.136818568	305309.311996922	13176.2612880826	282870.900583925	709294.567590033	66895.4996688147
Std_3_1	Std	6	26031605	1e+06	8294505.66163497	677532.859121553	602800.026477408	107742.20068694	287440.050753752	12284.3334222744	292588.509337486	723625.043459623	65698.4113505275
Std_4_1	Std	6	26031606	1e+06	9289471.33025434	1091216.85694342	1004245.23642136	200263.96887723	444639.250951973	19756.0829330083	491272.307678247	954063.519122842	123610.264182156
Std_5_1	Std	6	26031607	1e+06	9175860.27882095	1330051.5371027	1218311.1972872	272121.224118176	515862.154243559	23422.2564326002	627119.691193006	1042155.31529345	172161.737300272
QC6b	QC	6	26031608	1e+06	8853453.38876483	304212.032825151	218187.04228779	41627.3522276747	185612.815876171	6879.77700875093	99910.2020527358	371018.788057796	32723.7304291965
081_2_A_0-3	Sample	6	26031610	1e+06	8873505.84013744	99599.9128555302	130937.864962413	28539.5851645892	80017.9257076382	4153.5916404337	60458.5385336422	159760.392601785	17069.9268632054
081_2_A_3-6	Sample	6	26031611	1e+06	8312277.70938438	103255.143253168	7993.82960178552	1238.92062784438	64160.0803689966	4425.7068907439	65469.8492739618	178051.464772835	18909.7738529132
081_2_A_AH	Sample	6	26031612	1e+06	8419790.43489587	127777.925344024	48283.1367514975	5065.33016880168	211516.814475142	12293.5141649437	8197.09157450061	10083.8081284198	3616.33772509827
081_2_A_BL	Sample	6	26031613	1e+06	8180793.99234859	21068.2290649795	65697.2176181003	15674.9025047388	37719.1364834642	1682.89020199282	3394.46078293673	19456.7591600353	3213.65944994581
QC6c	QC	6	26031614	1e+06	8672288.72961725	304927.244805389	220097.315631448	40463.9559113898	188433.683112472	7351.93317532397	99464.3731169462	389125.329513237	34437.8292253783
219_3_A_AH	Sample	6	26031615	1e+06	5245089.17690001	641350.015878507	94742.1333505861	5511.28130246035	297877.188475742	25835.3686159147	76062.8986596203	47680.6139782649	11853.7423838326
219_3_A_0-3	Sample	6	26031616	1e+06	9143934.08987787	85740.5917084627	205951.693658698	38791.558294422	52932.3790092218	2861.50397911178	28907.9331409919	274410.958801892	25217.1847655639
219_3_A_3-6	Sample	6	26031617	1e+06	8436872.13440009	377140.03653673	25207.7528124593	3196.72348208753	163992.512367775	7566.88413546359	131183.712079777	785490.560792975	78008.3866942493
219_3_A_BL	Sample	6	26031618	1e+06	9202469.98336894	166197.897193315	33981.2185070308	1854.51193381185	104989.534161711	7211.37996779565	20357.0840479581	30621.8661481581	5723.07070009259
016_2_A_0-3	Sample	6	26031619	1e+06	9108313.84858957	54297.4803844988	111899.246385587	20532.0271299593	43426.0314598431	2224.43123886573	6973.13993428432	140311.74720711	15890.587247513
QC6d	QC	6	26031620	1e+06	9236532.21977341	310540.297733768	222812.914365119	40856.5346284091	189872.667110704	7020.97461128015	100438.653562515	392406.767941248	34513.2738823205
016_2_A_AH	Sample	6	26031621	1e+06	9277019.88275888	181205.548691213	48605.3504382961	2795.54554616348	95336.7234179965	9192.47988379837	18452.7061465628	25928.2376991919	4956.79059446708
016_2_A_3-6	Sample	6	26031622	1e+06	10844882.5947417	396345.552920916	118448.076090147	21228.1219640638	293538.015661776	8314.88348705669	120670.36875748	825012.979428681	108425.535793391
016_2_A_BL	Sample	6	26031623	1e+06	8285794.39703961	187659.007073692	66974.7790968098	3146.9062438382	125026.648032226	9078.25727729399	16481.8572936601	39495.391108968	7168.00356978586
178_3_B_3-6	Sample	6	26031624	1e+06	9327239.29252217	32251.3383496363	12061.990666941	905.667125228324	52165.0204252929	701.921555843938	1845.74518184857	8463.68235149068	1588.23598311968
178_3_B_0-3	Sample	6	26031625	1e+06	9151029.04922315	13100.3213463927	4257.22211165022	240.719153529847	18247.1967995826	281.909513438241	757.970502177963	2073.74757910495	570.331116841093
QC6e	QC	6	26031626	1e+06	9776285.01600324	314963.852349472	232055.627106709	43169.4344888252	192768.93428488	7077.33956360419	102230.643659026	412307.26571243	36071.248143076
178_3_B_BL	Sample	6	26031627	1e+06	9331195.17310043	124903.095958166	45752.0614320363	3632.20317537817	152871.080489078	2979.41761048368	6648.31621911289	26070.4914803925	7238.60958994177
178_3_B_AH	Sample	6	26031628	1e+06	7109596.64131725	605363.660232739	192589.221591017	12056.2601411501	566807.293133549	15434.1864766562	22911.3482758581	75781.8452215706	26922.7531927566
196_3_A_BL	Sample	6	26031629	1e+06	9885430.24711099	95134.2957006449	15653.0083027438	1657.03872381315	80358.5605364483	2380.93212426951	15334.1010156863	12514.7799167125	2311.10673820686
196_3_A_3-6	Sample	6	26031630	1e+06	9305139.87825427	404255.155015657	73922.9435665597	13816.1578392996	202489.863612787	8046.25965032807	145593.841716001	1177730.21967061	218345.891153767
196_3_A_AH	Sample	6	26031631	1e+06	7481593.10497089	930092.157964643	126355.862696895	9544.93547080887	430787.636589398	25696.3203387882	209887.193690517	57703.4025416426	9598.734953135
QC6f	QC	6	26031632	1e+06	10060077.4802342	313542.406029104	234547.649535932	42687.8824618619	193643.709030607	7125.36983974678	103799.894263695	421225.933313347	37134.2150219958
196_3_A_0-3	Sample	6	26031633	1e+06	9322750.98825168	93693.2741960585	695527.659536339	113996.576422089	81109.0856387362	2169.55618939434	26323.0146121204	197100.298374272	19832.8291651697
161_3_A_AH	Sample	6	26031634	1e+06	8822825.68464713	135208.401646656	37399.8256999739	2859.82110848112	156188.818606596	4039.82483888512	18450.7283573353	34521.3927571679	6439.2072788679
161_3_A_BL	Sample	6	26031635	1e+06	9278993.03632848	42637.2911823805	11900.5566674197	856.700495262491	45849.1601953731	978.946651276469	4306.39222122143	9980.23004801603	1692.50239262766
161_3_A_0-3	Sample	6	26031636	1e+06	9388056.86028179	59575.2978394694	123086.864939268	25014.7583791045	40967.1523829065	1835.51899619555	19333.3713925243	134536.847304709	14663.4080596842
161_3_A_3-6	Sample	6	26031637	1e+06	9167990.71648537	170753.064661994	14078.7200384113	2408.24838511071	78041.6912383114	3925.46049792837	57666.3406890301	461579.667355219	39292.6192170391
QC6g	QC	6	26031638	1e+06	9749626.22385773	310947.281609713	231407.115628043	43032.9931223168	192780.274835368	7217.4366425838	103563.933682078	399094.956088068	34546.7732466412
046_1_B_3-6	Sample	6	26031639	1e+06	9539144.56208426	72095.0520741943	19507.1011737821	1240.71397929596	65957.3628057392	4551.71149285619	5835.43985562903	15875.9626573365	2833.67728663544
046_1_B_BL	Sample	6	26031640	1e+06	8708395.34295029	229924.381339946	61542.2044923187	2901.51992792556	150904.861177778	18586.3672644958	28906.4720422326	39676.4928742851	7062.90498269447
046_1_B_0-3	Sample	6	26031641	1e+06	9554903.80249092	70141.5924764369	16576.8741641849	705.51581964519	54619.0623266477	4924.8227848012	7730.66997774088	13467.4448844794	2466.76361153798
046_1_B_AH	Sample	6	26031642	1e+06	9403668.08796749	204613.135635818	37091.6362582581	1626.11448300034	105739.443844073	22153.8333448315	29618.705507364	22084.6191570688	5411.00584654129
175_3_A_0-3	Sample	6	26031643	1e+06	9350254.70285137	155753.445248042	320397.738667548	54989.6169728463	107093.636101413	3982.92676288815	48153.5527284971	338413.562145798	29677.2054043995
QC6h	QC	6	26031644	1e+06	9635159.37785643	290528.196742278	221256.97081002	41097.956326895	184792.145773551	6811.64224007927	97907.4297113883	390945.705053653	34273.7518021533
175_3_A_3-6	Sample	6	26031645	1e+06	8444203.73448112	1461887.18005076	293191.839252915	42116.2549368946	1146178.24554514	31215.6849229708	1013672.32177352	1231813.34929308	211197.76461429
175_3_A_AH	Sample	6	26031646	1e+06	5800718.34533338	765505.432180983	190887.523574161	8468.52960376905	545422.086719284	52094.2869536476	171086.129610284	744145.113050423	90156.1976626779
175_3_A_BL	Sample	6	26031647	1e+06	5613038.19822497	386858.832407689	101016.184965481	5599.4612904874	259368.129657026	14851.7373744131	44207.9305267192	612172.112298867	64261.7459783731
Std_0_2	Std	6	26031649	1e+06	9118923.65791688	306734.294932116	221074.776045851	40681.6876598021	185442.628421137	7030.4254048879	100690.997540599	398849.647055951	34322.9646525975
Std_1_2	Std	6	26031650	1e+06	8751796.01567792	496643.044911526	499432.347654614	87851.5164209673	244290.901031788	10672.4565421046	232404.948354314	598288.71417111	51966.9875058691
Std_2_2	Std	6	26031651	1e+06	8752735.99434886	625627.27816952	611539.300394894	110089.431549656	283589.222578548	12008.5361309145	296869.021136905	701154.316168143	64242.7303048564
Std_3_2	Std	6	26031652	1e+06	8735564.47268169	681985.667674415	619187.214646454	112960.98954586	297572.013783786	12573.0995086109	310865.424126813	770676.18317432	73283.0314102816
Std_4_2	Std	6	26031653	1e+06	9241830.71774713	1057457.35264401	996865.91242285	198164.988950181	426028.117412779	17512.3215153079	475776.341718257	957013.238174359	125948.480866746
Std_5_2	Std	6	26031654	1e+06	8705503.66131167	1266059.13017035	1200307.03460709	251908.017094316	485701.35328577	20315.6196196201	601118.171131333	1061039.17942406	147082.08070395
QC6i	QC	6	26031655	1e+06	8751266.56861054	297281.97405159	215333.508444939	41054.9012506127	183498.315146164	6650.31393785176	98371.3211387122	377664.925305268	33196.7903642675
QC7a	QC	7	26031801	1e+06	8505308.3672264	259093.585585335	191632.119025903	34798.4010896553	161935.078065427	6488.64252208236	90375.8823493645	328284.113114697	29350.67342411
Std_0_1	Std	7	26031802	1e+06	9324463.07685377	276605.010352536	208827.777776572	39899.4158383222	174157.785364432	6859.88597982937	97340.1049888369	376411.551181527	32908.9985183819
Std_1_1	Std	7	26031803	1e+06	9475586.22107682	554074.331932027	540567.343247931	97719.7593074559	259083.594919464	11235.1110444919	231963.717785484	612287.843886153	57046.3947033277
Std_2_1	Std	7	26031804	1e+06	8240426.84797625	633772.555897787	595532.246796218	107086.963821641	275870.069840261	12047.8053871667	271412.389319098	661341.724309243	58744.9719568137
Std_3_1	Std	7	26031805	1e+06	8229672.28512093	632215.946164043	582359.821781129	105137.356388012	265141.492582154	11817.2246501695	296358.462237428	714203.996059741	65301.3689219043
Std_4_1	Std	7	26031806	1e+06	8356136.62960458	986991.225207205	959797.041221029	176004.915302434	387391.935002119	16963.5168884658	463949.882587016	915960.132125118	99824.4529886085
Std_5_1	Std	7	26031807	1e+06	8633805.12603006	1255756.00569624	1211915.03598011	253578.708453712	470544.473987819	22558.3119126115	630158.904028679	1063451.72460559	147962.639353191
QC7b	QC	7	26031808	1e+06	9085394.18646052	275577.692233759	208031.689678623	39857.0439335177	171206.000962715	6656.31311683589	96991.7243580995	358802.405525205	31214.8184658849
064_2_A_0-3	Sample	7	26031810	1e+06	8885412.29170274	100233.095533085	71154.1220355227	13295.3215835012	48056.932663083	11373.0089966399	24840.9711830869	196351.47555625	20254.6938213008
064_2_A_BL	Sample	7	26031811	1e+06	7400677.44250234	1005401.42912687	142055.559575649	10380.1885929327	370862.454927829	172584.649933111	223564.861526034	68461.02182854	25845.8243466528
064_2_A_3-6	Sample	7	26031812	1e+06	8435329.92779868	472847.749940513	44306.1123504285	4162.86337057059	255756.564130476	27286.428508818	144194.833264464	985035.65686594	114088.509216893
064_2_A_AH	Sample	7	26031813	1e+06	8129875.09207196	1069665.49622163	110225.367307393	12697.5950377239	298796.901547253	165844.710187236	311155.671605073	48633.9007161427	15500.0382994481
QC7c	QC	7	26031814	1e+06	9325863.69654545	275070.29819522	206011.235157075	38861.2127812657	171931.545145293	6723.36079176913	96485.1846039842	354527.347927154	31550.5248545788
163_3_A_3-6	Sample	7	26031815	1e+06	8970307.95499993	128719.167629348	6697.13740215147	754.219682419722	93628.1939422173	4054.03496608029	52759.5233084328	304881.473811558	28086.4569401618
163_3_A_BL	Sample	7	26031816	1e+06	6729415.84910489	481242.922652382	178231.910031622	7923.84723984016	583381.493599053	32515.807068267	59809.902186774	125841.074781475	20123.2177859646
163_3_A_AH	Sample	7	26031817	1e+06	8361504.79986691	189977.385634273	46098.6041379323	3899.11199851391	157345.857719105	9399.87715393323	14770.8064204969	23300.4988112541	4520.59789082941
163_3_A_0-3	Sample	7	26031818	1e+06	8935936.87301032	125668.833173279	129990.568106048	25269.156754357	113916.893258647	3591.9196116556	39417.4350570894	235009.415470803	22063.3628164874
193_3_A_3-6	Sample	7	26031819	1e+06	7536339.07884996	66912.8104186144	5910.20574446752	1266.71750697848	50112.0680742563	2379.10544165041	32976.5238721258	178769.943990972	18440.8567156275
QC7d	QC	7	26031820	1e+06	8181694.6984662	250030.503155789	182266.725153108	34275.8388462352	156468.237246692	6419.41228988056	87988.1999691499	286942.115274301	26314.2653105575
193_3_A_BL	Sample	7	26031821	1e+06	7777849.57401997	366351.421306167	82928.6952955195	6197.51301670858	261785.319141103	10140.8139754425	69456.238047738	38310.0084768745	7419.41480141505
193_3_A_0-3	Sample	7	26031823	1e+06	9962216.6419583	78682.708020294	117980.307158298	24226.2315033227	60334.733496341	2896.34843675232	29558.3411612241	225720.893275137	24101.0579477354
086_3_A_AH	Sample	7	26031824	1e+06	7438038.87582089	246623.458354083	49758.7600084957	3272.2317873625	145959.188125464	10280.335560323	46508.6330241098	17058.3911748121	5195.47118598689
086_3_A_0-3	Sample	7	26031825	1e+06	9907026.94485124	115700.39785607	357554.665727352	61396.1508369192	79334.0114168373	3427.2041068108	35335.1745103503	174240.355020779	18573.6409282233
QC7e	QC	7	26031826	1e+06	10388379.4458014	306470.033511178	233884.136730667	42803.2911196144	189463.278424533	7720.50275202343	108177.567872319	399149.949163534	35894.9941779927
086_3_A_3-6	Sample	7	26031827	1e+06	10237550.3982409	496484.239725873	35832.5046246156	7376.57192502477	240358.605466362	10140.4494769022	213173.875659138	357742.960067726	31179.5075658794
086_3_A_BL	Sample	7	26031828	1e+06	9259891.93736409	319974.622736231	84218.8902067759	5693.6704222165	218295.377515095	15442.6742285244	45091.9168661024	36590.914433471	8561.90111642418
074_3_A_AH	Sample	7	26031829	1e+06	9728458.68450663	298711.971972466	34381.6517987692	5315.15418993715	110182.879869546	17330.3766266259	55158.4534324181	16885.7815786555	2943.42442941914
074_3_A_0-3	Sample	7	26031830	1e+06	10117026.4262081	15940.7186618746	122358.43471064	24353.8639493338	14892.7767854447	1325.49100296922	6425.7457939412	83185.6778342375	9788.26043974744
074_3_A_BL	Sample	7	26031831	1e+06	10342263.1423658	54898.4830483738	7078.50171126976	1465.88692748047	35089.4792849972	3338.00537131986	15465.3879143086	5937.68276827631	866.93767511906
QC7f	QC	7	26031832	1e+06	10035567.2548101	296701.107934808	226873.613255469	42095.3573816991	185280.50209489	7235.65699386363	102179.674991099	399965.952259985	35612.3809042614
074_3_A_3-6	Sample	7	26031833	1e+06	9958546.77566655	129525.418365766	73998.2711093411	15030.8611301149	92104.6876355729	4591.30876927334	67299.4368520618	332485.319900683	29038.1073081953
040_2_A_BL	Sample	7	26031834	1e+06	9253106.9449402	243386.848234626	63437.2027046904	2594.99446303513	212378.599600701	9828.57407080742	38040.5396378778	35501.3898552155	6965.58347829325
040_2_A_0-3	Sample	7	26031835	1e+06	10185692.965544	224968.09541922	524731.977908772	90541.8445717085	190122.537362458	5151.45832055681	75193.6201538788	299908.94621428	27285.1456690419
040_2_A_AH	Sample	7	26031836	1e+06	8269497.74721749	236388.272016431	34620.3351562258	3466.95246168297	138797.401884866	7241.18178077109	39307.0571796554	14331.917036983	3660.0672198576
040_2_A_3-6	Sample	7	26031837	1e+06	9966959.20736051	207511.592290398	11768.7974767676	2096.69144327745	135522.430295789	5987.5305502673	110018.702050958	427130.400727171	37937.7005177965
QC7g	QC	7	26031838	1e+06	10365865.2507857	305298.323767462	234250.195809866	43062.8858160807	188254.410296461	7367.88458888326	106871.493697702	410755.637530823	36207.6015192595
008_1_A_0-3	Sample	7	26031839	1e+06	9606462.08999998	144589.244974359	1851306.09089287	624708.148385218	176050.959406827	2608.01804824841	40825.9954666359	109303.455415429	12184.5470759686
008_1_A_3-6	Sample	7	26031840	1e+06	9385901.60515909	1944360.73240532	292467.031935085	38223.692223807	1785619.08146174	32713.6853129972	1098817.81096858	452552.417222486	44880.7115124987
008_1_A_BL	Sample	7	26031841	1e+06	5988146.53132875	394174.153505397	176285.321199937	16332.713782633	442430.200702633	14563.4935027103	29386.4308890863	94141.5575430301	13500.2011756629
008_1_A_AH	Sample	7	26031842	1e+06	6415166.56128148	558027.155649093	185993.192582645	19869.6903411848	575473.686175779	16346.2106131332	37430.3753177029	93019.1958884066	13913.1119083599
216_1_B_AH	Sample	7	26031843	1e+06	7133764.989779	779514.437255304	197198.733070252	13908.3863542276	639736.273040253	43073.7789187894	202617.322113815	96156.7646906884	25549.2343534823
QC7h	QC	7	26031844	1e+06	10029977.2132324	293783.580583114	222022.40461405	41010.6756627786	182166.711293664	6927.24782133554	104116.521373382	402727.661031371	34540.6275724404
216_1_B_BL	Sample	7	26031845	1e+06	7796232.6003007	392696.170751567	149539.611100082	12146.5387427078	520010.366642233	27336.9595949958	134427.916145305	113607.071926213	22468.9720182876
216_1_B_0-3	Sample	7	26031846	1e+06	9922264.63349995	30725.2173711738	7471.45816177529	557.530863400783	34968.5796823506	1600.96181046185	5221.40911472537	6463.07809105724	1245.77993874542
216_1_B_3-6	Sample	7	26031847	1e+06	9897396.46489309	76952.4667953745	28013.4459101299	2604.94565703969	109446.009128697	3928.59176982836	10420.216066106	19618.4460620346	3481.34743052944
Std_0_2	Std	7	26031849	1e+06	10577896.9273605	292414.334376161	230283.776550119	41814.8883466016	186403.856868332	7263.80069996926	105923.951873854	400111.854053655	34959.4377054863
Std_1_2	Std	7	26031850	1e+06	9908336.20358236	517730.096542521	568494.04664534	103824.805300865	271952.573750357	11930.7759215829	292319.309258185	637446.854957658	60194.5185130365
Std_2_2	Std	7	26031851	1e+06	10032811.976634	632637.70513777	653622.647033033	121643.282347607	311493.155130554	13497.4754368974	346306.906007411	705407.034304439	72982.4182072485
Std_3_2	Std	7	26031852	1e+06	10162965.2176807	688616.303184794	678249.298476144	127948.678937941	314753.342898534	14023.6754297013	377892.104827265	764834.305830852	85405.3271662478
Std_4_2	Std	7	26031853	1e+06	10713545.801092	1050309.36682385	1009367.73540994	221573.261213093	451571.839442506	20662.5270864978	539543.724169949	894412.255571687	140416.742568456
Std_5_2	Std	7	26031854	1e+06	10491499.281237	1328257.79712987	1214646.63523059	300382.155912553	541169.757638685	25078.9080073489	665608.448993867	1002439.25526935	191675.040082683
QC7i	QC	7	26031855	1e+06	10262360.3374843	293950.334653537	229950.420001847	43111.0062484608	183510.886124472	7447.67767084178	106792.176471826	388326.410333748	33261.9253234153
QC8a	QC	8	26032301	1e+06	10280399.4068264	302289.803048691	235425.234260369	43341.9271529938	187778.709330821	8813.11454822302	113882.057924577	409863.171918907	36958.546131129
Std_0_1	Std	8	26032302	1e+06	10270855.7530275	304143.786090801	232511.712635411	42770.6019169548	187927.345893832	8452.2325110502	114278.195353699	412680.398980928	36106.7860819587
Std_1_1	Std	8	26032303	1e+06	10213147.2891598	570670.376781358	568300.17256391	102919.43513995	267284.542438398	14657.1620573301	255007.999446243	646936.793088538	65005.6543025058
Std_2_1	Std	8	26032304	1e+06	10334796.9573942	707816.1028837	676422.788896904	125406.029701051	316670.594526835	16693.994528018	335724.82013234	708805.088647414	77932.8755290966
Std_3_1	Std	8	26032305	1e+06	9641994.41009451	511491.703954597	514184.21610969	90995.8959944003	203268.270937041	15339.8651625359	320623.558727083	624217.84792668	59933.5344496445
Std_4_1	Std	8	26032306	1e+06	9630441.78219924	1054464.51847879	1025935.26204875	202534.151893504	430006.233010488	24965.4843587037	542123.616772752	925900.06612216	123144.371776438
Std_5_1	Std	8	26032307	1e+06	10032392.46133	1322168.207991	1219910.50060238	296704.973053362	540626.768001712	32415.7597088418	687687.482140431	1009707.83834828	184753.882176046
QC8b	QC	8	26032308	1e+06	10468492.1391382	308982.118199321	237479.003989645	43269.0713864281	190788.141382546	9194.28185628545	117595.838708065	407924.147608728	35242.2569048981
103_3_A_AH	Sample	8	26032310	1e+06	8130425.30847417	328797.082807019	65998.9768627269	3395.09684729764	164479.866548577	11219.2586444387	41575.8152804797	31505.7065935902	6049.81943527734
103_3_A_0-3	Sample	8	26032311	1e+06	10228341.626355	80558.9583944808	57845.2961953262	12150.3817206477	56341.0843502415	2911.33346182816	33995.9288159129	131298.47939987	14149.5820840507
103_3_A_BL	Sample	8	26032312	1e+06	4339366.03199506	442078.460665444	125515.053627978	6997.2978174995	407734.359772033	16812.0214937875	51634.7686611627	97672.1025690731	16807.140840608
103_3_A_3-6	Sample	8	26032313	1e+06	9653891.94771603	78819.2031337374	4988.03513950463	727.598032134237	49546.6287635542	3355.34996739841	36900.7684992994	256310.034881816	24216.7642727878
QC8c	QC	8	26032314	1e+06	10015126.5836548	291397.334353333	227535.42968443	41395.9772426872	183723.131068173	8645.46638855164	112435.130818483	400093.763167396	34603.6673845998
091_1_A_3-6	Sample	8	26032315	1e+06	10196286.2500355	1161423.32989442	117395.563520944	18938.8777481603	869408.98371633	23001.2339244896	616116.010583489	162072.925244361	18066.4966363873
091_1_A_0-3	Sample	8	26032316	1e+06	9779720.88872927	177261.6598787	1178762.37069559	258430.051610781	199427.839042781	4683.70582722779	70636.1847962866	60848.9662725014	7966.26461864027
091_1_A_AH	Sample	8	26032317	1e+06	6376342.90832334	653685.771644781	98412.8424864911	7762.92796740861	288584.589151278	29124.1518744263	180225.451111685	52446.6722013151	7979.5922453988
091_1_A_BL	Sample	8	26032318	1e+06	6816529.83493887	699961.919912509	160915.908186526	14227.4870027035	465101.615737733	25557.0197474229	151448.356123657	146209.827187975	19308.8856851265
129_3_A_0-3	Sample	8	26032319	1e+06	10453604.6386755	115279.962935234	295041.659674238	51694.1105398827	75055.8663934627	3503.41704295283	29956.8911977583	410650.495247252	35099.5023849636
QC8d	QC	8	26032320	1e+06	9912496.28031959	297472.361666789	229664.013487454	42613.098201999	185653.602876719	8998.37122564072	110969.828444263	401675.171702218	34400.6253608055
129_3_A_BL	Sample	8	26032321	1e+06	9896664.79097448	164285.925013314	29407.0919026548	1879.42222042014	100362.796982532	5371.50741266052	30103.0226607654	13492.7574449318	2706.63665436067
129_3_A_3-6	Sample	8	26032322	1e+06	10673008.9138191	581279.265516151	58306.4049687388	9628.84143932412	320159.591557477	11179.6185805365	244519.159055921	992709.024438563	158592.718332918
129_3_A_AH	Sample	8	26032323	1e+06	10342921.2545374	210700.992077095	23632.8317532275	2586.72043202257	69336.9977109029	9157.06584257609	47592.4395399793	8271.08270252326	1840.23561155178
012_1_A_0-3	Sample	8	26032324	1e+06	9855239.14400006	19350.0376089795	166997.774959347	32014.4560266023	13958.9616959958	1217.24638388244	5591.60046013607	7402.84927768388	1237.48731216106
012_1_A_AH	Sample	8	26032325	1e+06	9801409.82073835	632772.89688346	68559.1840456131	4953.62386154319	182190.330813793	51553.6652594175	131514.647859109	46381.753006949	7545.50841481837
QC8e	QC	8	26032326	1e+06	10401165.3875446	297606.029161345	228762.231469799	42031.0519465209	183086.231878071	8746.44722653098	111017.566153817	391149.518964995	33727.7898634998
012_1_A_BL	Sample	8	26032327	1e+06	8031833.04409581	735267.01512849	149645.136314281	10112.9138412551	408546.21095108	48921.9658650384	258831.786528975	263921.106826378	31082.0922251686
012_1_A_3-6	Sample	8	26032328	1e+06	10392097.9453958	533558.853843485	509365.648029926	88034.5141401237	344326.246444583	14884.6837861009	278849.136110565	63993.4263346665	9133.19348899566
034_2_B_3-6	Sample	8	26032329	1e+06	10175703.9345959	41301.3588836517	8247.30061563266	1137.26150533731	38521.2234997202	3176.83910984433	7473.26681528191	6110.21675094012	1018.50057943484
034_2_B_AH	Sample	8	26032330	1e+06	7872966.42692439	1040088.7472018	90583.545594713	6195.07715968093	219623.195993989	96257.7976217501	453375.696067328	35451.7746995153	6621.41513604862
034_2_B_0-3	Sample	8	26032331	1e+06	9676963.29138516	24902.4747852686	4155.43264543385	481.285177090851	19079.7223264472	1974.06179067651	5814.11517807265	2650.63346566887	459.594930146353
QC8f	QC	8	26032332	1e+06	10141233.6359069	299177.766936499	227900.485004125	42953.5364927621	183320.152531157	8728.22823676861	112628.715734029	395365.601641214	33442.6345557914
034_2_B_BL	Sample	8	26032333	1e+06	10493754.4457376	306975.098395823	38702.4735910792	1928.55238915041	122182.170350301	14733.473728935	72399.1538146102	24119.0051003582	4020.84243635328
134_3_A_0-3	Sample	8	26032334	1e+06	9603733.68790357	364794.261419217	1128231.50280278	258281.956141638	344711.346006051	11921.974845589	105203.70479615	930259.969532454	128715.42985041
134_3_A_3-6	Sample	8	26032335	1e+06	10225683.2451414	322568.269640391	36464.8436073656	3935.05049322861	237481.826732491	8128.66258929047	101346.698962668	829652.823857758	101271.716360944
134_3_A_AH	Sample	8	26032336	1e+06	6680133.5144383	718359.839520307	160842.666071086	14393.2231584601	300480.509024479	23644.4852553136	146353.246410233	110743.467420999	21595.4878549891
134_3_A_BL	Sample	8	26032337	1e+06	5474372.45736714	791097.310936566	280848.010823282	24099.003468983	638183.825420458	30564.4660494915	150086.983207747	221918.859015951	33826.0372298708
QC8g	QC	8	26032338	1e+06	10019183.8416924	296083.674719587	227173.512635341	42205.590247172	184597.438921055	8805.40762871908	111837.598780502	390647.344149284	33112.6691533511
140_2_B_3-6	Sample	8	26032339	1e+06	9334103.33950005	13461.3016151231	2369.86587265495	342.419386214454	10826.2848418046	388.28430580324	1273.12683202081	1412.67035953868	290.202620590731
140_2_B_0-3	Sample	8	26032340	1e+06	10014696.1386304	38699.6974350944	5460.32523494018	639.183721739844	24542.9985468539	1306.08151884774	3972.67344162387	3918.797767568	800.346127961043
140_2_B_BL	Sample	8	26032341	1e+06	9612342.21605009	107856.81583121	19335.0857278782	1242.45384763382	64060.4748883023	3399.89373758104	13269.4627624952	10629.9809724314	1761.0030798635
140_2_B_AH	Sample	8	26032342	1e+06	7439966.3793679	467086.295698892	95075.6105198991	4826.50196254044	225430.067036684	15942.6448849232	76812.2864766202	30178.0701331777	5419.88971764707
017_3_A_3-6	Sample	8	26032343	1e+06	10026778.4375469	302214.380906228	79858.338481277	15023.7630607311	211741.420254632	7490.2550671733	128625.776209297	702697.178977719	67395.1376134978
QC8h	QC	8	26032344	1e+06	10348514.7155728	296047.573915487	226730.354044205	43374.779569063	185195.173543326	8625.3905230564	113222.323164985	403991.642012048	34466.741994087
017_3_A_AH	Sample	8	26032345	1e+06	2054746.36246118	603762.470508327	563073.353787462	97159.6652731136	389326.191727729	14482.3203850785	141878.921710275	72948.2037437417	12926.8714437218
017_3_A_BL	Sample	8	26032346	1e+06	3991420.68432035	600133.578348683	510222.94978279	67264.4979684028	474735.723501044	17886.1514063317	133093.471027246	99499.7345115676	15640.1736520228
017_3_A_0-3	Sample	8	26032347	1e+06	10161753.6292894	216125.641592874	582257.115153362	97876.4737753269	190441.609973131	7030.46767912006	52257.2706205187	491828.04278977	43284.2139357958
Std_0_2	Std	8	26032349	1e+06	9955088.60557467	290370.868903614	224531.95604828	42135.7248487835	180935.300419829	8414.94816715253	111090.034470559	393110.136702035	33378.8506136891
Std_1_2	Std	8	26032350	1e+06	9720870.58454113	487356.186470544	545433.782783407	101019.006900385	255306.667300511	13430.6957478053	305590.642934545	615391.238370199	55596.0665874921
Std_2_2	Std	8	26032351	1e+06	9891996.62682358	624495.003563665	667365.227258792	125857.655835008	310626.425661342	16321.8197735277	405800.838398674	708162.555732604	72806.8983912461
Std_3_2	Std	8	26032352	1e+06	9721464.83897867	666714.611387601	665124.008783452	125454.308847163	307865.119509674	17166.3176779951	391884.228157617	760270.465683805	79211.490304674
Std_4_2	Std	8	26032353	1e+06	9592332.78867007	968408.766240188	970496.184460486	192824.151016367	389301.793890987	23190.2670837251	538528.994776241	878316.857562942	111372.862287504
Std_5_2	Std	8	26032354	1e+06	9615181.0668164	1238585.36177121	1190241.0107644	273386.950290605	483178.312820977	29729.1166806484	682267.651635076	993185.080204325	152087.179360674
QC8i	QC	8	26032355	1e+06	10141970.9603122	303857.934683717	229793.482530774	42723.4115259285	184602.326484425	8671.94697065504	115892.034059102	390299.935464613	33199.2799533071
QC9a	QC	9	26032401	1e+06	9924478.39999281	318265.357379922	245619.297357105	45850.959276665	195794.20688014	8646.99199825958	114090.648134281	412667.860812706	35435.2103037564
Std_0_1	Std	9	26032402	1e+06	10160444.0077894	314428.766775892	246195.892736398	46325.0465695706	195839.349520665	8850.4024943042	114403.90476984	407423.518181351	34895.9474142737
Std_1_1	Std	9	26032403	1e+06	9708917.63413309	566221.829867821	559305.539151457	103170.638258669	260142.307259711	13213.2057109965	244748.596243218	622096.234897651	58540.9449970344
Std_2_1	Std	9	26032404	1e+06	9799692.28598536	702664.386353017	673513.941609368	125860.476269297	306773.991636231	15564.8234002956	323856.866519626	688481.782278293	69331.4178108064
Std_3_1	Std	9	26032405	1e+06	9952921.38386475	661347.260685266	633526.82061008	120633.865263947	278242.000264039	15774.5728392498	355648.646180915	706739.462288925	74654.3160151576
Std_4_1	Std	9	26032406	1e+06	9843447.46523663	1010100.1294306	977923.240270098	200085.685974317	411275.151125613	22669.9004079889	519033.496320535	886993.106724332	118069.177078203
Std_5_1	Std	9	26032407	1e+06	9657802.28842175	1244668.00876907	1197417.15085438	276812.027999596	476939.921181624	28508.3020407416	671784.560113262	988771.657127894	161110.543654083
QC9b	QC	9	26032408	1e+06	9663792.85176497	310640.06115924	240073.474510413	44435.6177611537	189555.275026423	8121.65280878502	112898.077543544	389443.252995125	32897.9303036926
078_2_A_0-3	Sample	9	26032410	1e+06	9497197.51609205	59155.0596174208	192464.138716599	36153.5441374339	46821.9815426428	2349.13592589795	23672.7595973025	76142.274161761	8685.62708540104
078_2_A_3-6	Sample	9	26032411	1e+06	8987702.67843338	174404.84671023	47532.9672469191	10384.8189115948	127409.701275735	7020.36836986197	125923.36304848	106226.220889756	11270.5395616961
078_2_A_BL	Sample	9	26032412	1e+06	8926601.691535	218891.71736729	49452.1354997731	2429.53573219644	129084.142040153	8007.13390771242	31882.8428261135	30526.2334097886	5067.577463776
QC9c	QC	9	26032413	1e+06	9899355.15334135	316503.896359996	241451.990611889	45695.2156704673	192398.66124681	8423.9214882928	113751.377125419	398898.319692665	34546.4928310832
115_2_A_BL	Sample	9	26032414	1e+06	9413272.4561513	53753.6537577283	17280.9568667246	1475.76741353276	52147.4541089552	1598.46875324269	3400.54037215456	6898.54542470845	1523.10280209741
115_2_A_AH	Sample	9	26032415	1e+06	10387012.1153113	187761.923267499	62505.3756270652	3789.05838378963	143409.294011018	4558.54734133431	11743.3649767415	15857.6685661474	4468.76830866421
115_2_A_3-6	Sample	9	26032416	1e+06	9676680.70795833	106960.943118102	8065.43271219365	1022.03077255302	64896.595997933	2705.76904386001	46594.7123086929	117671.631157866	12364.7558783325
115_2_A_0-3	Sample	9	26032417	1e+06	8847756.76275113	27036.6015552047	39810.1101292076	8455.02012486641	23258.3653016783	1166.1384127962	12589.2017714014	29764.9329562041	4181.20715744784
177_3_A_BL	Sample	9	26032418	1e+06	8735551.68989517	13069.4901317081	4088.29763761211	475.722892567104	10520.6686466542	468.148348292531	677.761521893834	1110.51379740386	276.84577011675
QC9d	QC	9	26032419	1e+06	9313616.30954885	305571.324097762	230921.669556499	41261.0059864089	186189.43860617	8236.73576636496	107423.412326989	364941.476871891	31330.7615472875
177_3_A_3-6	Sample	9	26032420	1e+06	8804822.6834149	48652.7926152998	21924.3691229233	4401.71588776199	34156.9196409676	1974.9116712202	17708.6511673498	372157.7100227	31611.3060003238
177_3_A_0-3	Sample	9	26032421	1e+06	8912736.65979996	12005.9926402878	21425.4532863877	4505.00039273376	10830.6458074958	539.02524460635	1008.11640610859	21649.9215068088	3190.03118817413
031_1_A_AH	Sample	9	26032423	1e+06	5520505.00417625	513771.58796816	116587.299388365	8899.72896700885	397230.3075053	20383.8088452921	69292.744189471	56901.1022986007	11713.0925643173
031_1_A_0-3	Sample	9	26032424	1e+06	8831657.89341936	64665.797827146	443742.354742228	75693.9322270352	79582.8045753608	2073.01215340868	28003.515039123	21160.8234361341	3206.03938280752
QC9e	QC	9	26032425	1e+06	9435040.2571199	307787.214060276	234762.040278669	42665.2242866003	187202.543916931	8531.52323924708	112662.787534436	388484.265419459	32803.4039140519
031_1_A_3-6	Sample	9	26032426	1e+06	9297617.63708517	1482002.9846062	89129.3220980179	11086.8421007976	1069089.57760398	23900.9202869311	718047.677718397	188357.821631083	21047.1551850103
031_1_A_BL	Sample	9	26032427	1e+06	6796073.77541994	378691.120920424	120095.102585281	7769.7495926033	390997.120794218	11647.824661024	35901.3272049081	70781.2013874656	11554.9249965931
100_3_A_3-6	Sample	9	26032428	1e+06	9868291.0082986	307005.750741603	18390.3152147438	2701.25888982554	154854.971485428	6862.66217945012	94896.4710322471	832411.498591461	97912.8088397289
100_3_A_0-3	Sample	9	26032429	1e+06	8692519.19185126	144168.813936707	257943.604109523	49064.2302266403	88631.068176635	3833.04821766177	40627.6484139058	210740.789768012	19921.880212155
100_3_A_BL	Sample	9	26032430	1e+06	6294362.75916666	359219.077049963	96151.8843475484	6304.75672780139	277231.673082097	15307.3984697886	47555.8441780997	34773.7976455862	7935.61382924647
QC9f	QC	9	26032431	1e+06	9887146.48539102	309860.969202238	239928.68186461	46300.4211745374	188842.643494309	8338.06352401618	112278.265374531	403442.336518327	34243.0109683619
100_3_A_AH	Sample	9	26032432	1e+06	6284589.79388295	1067017.72620571	246203.075646924	24020.2098780223	849376.419487166	47713.3159044927	224722.93681731	80126.6185160269	26269.4619077211
082_3_A_BL	Sample	9	26032433	1e+06	7090809.86044789	383209.325567721	188385.806803081	10386.4278736269	375502.894084716	16261.6960527225	21861.269946829	75205.5729077143	13136.3088194906
082_3_A_0-3	Sample	9	26032434	1e+06	8983219.21143074	74029.5538834909	178385.035319996	33508.16178442	67475.229972976	2399.20202343082	30993.7664056535	58231.3429793083	7224.17987356058
082_3_A_AH	Sample	9	26032435	1e+06	7043007.16386289	261106.78410308	101871.935337789	5442.92216764865	179704.9284615	10457.5613130826	14219.4935746689	27653.6951930464	5527.60767300782
082_3_A_3-6	Sample	9	26032436	1e+06	8882498.92188401	438356.727830016	37870.3479307686	6435.0196765879	261559.658825406	8402.94636168982	180055.186478549	181659.284496952	17721.4092674725
QC9g	QC	9	26032437	1e+06	9012530.41143576	299353.33664385	224674.512493734	41271.7272696461	182062.843004045	7579.42902316214	106934.708765834	380594.107866771	31940.5999026641
023_3_A_3-6	Sample	9	26032438	1e+06	8694690.56771008	202701.16087656	12994.3881178385	1885.97499549957	125158.854948293	5416.4591542117	84642.4153629492	249324.459784084	21425.5009327859
023_3_A_AH	Sample	9	26032439	1e+06	8967531.05553281	254901.440376431	51545.2354947845	4193.7422844268	180219.159223629	6455.75330712418	31182.030259071	34314.1406881882	6945.82922192738
023_3_A_BL	Sample	9	26032440	1e+06	6991881.44213024	460541.736024943	174596.297122156	14073.1013886979	478237.062018585	14931.5562772447	69089.0388876605	115641.91458216	17513.9759283862
023_3_A_0-3	Sample	9	26032441	1e+06	9390411.96005303	538989.423456812	974505.947447493	171659.502288454	457224.052954396	9855.07202276875	208905.568626184	951396.180614487	123095.033222575
097_1_B_3-6	Sample	9	26032442	1e+06	9667547.40159732	40169.9305517893	7456.10666323476	798.151487598704	28066.6584707619	2043.04239086026	7028.09341500975	4167.6318880167	726.09485197197
QC9h	QC	9	26032443	1e+06	10088186.1128885	308892.844172915	244575.229485652	45622.0323124906	189658.748248832	8708.67691223879	113190.60632888	400482.791051823	34420.3848433305
097_1_B_0-3	Sample	9	26032444	1e+06	9369172.4838129	32302.8750947632	5368.69152482753	597.578883155697	20475.6272025936	1927.89904701975	6939.13549509405	2359.19229681764	514.850284828882
097_1_B_BL	Sample	9	26032445	1e+06	9383275.24129319	172958.640104653	27469.4831993122	2252.77794936671	90167.9973960665	7734.92399236396	35336.7244288422	11838.7065083684	2455.02540148521
097_1_B_AH	Sample	9	26032446	1e+06	9713194.92092733	151035.609568843	22364.7909003003	1941.6073895991	73526.9126527888	12691.9195926781	39461.1579874077	8634.33923254361	2070.54402624301
Std_0_2	Std	9	26032448	1e+06	9095194.31544598	292219.096546785	222322.269536458	40785.993240613	182208.531649884	7597.22274075297	108010.755554737	351005.013035869	30260.6745175424
Std_1_2	Std	9	26032449	1e+06	9282754.74926106	503169.058507484	549120.093755959	98171.0373485737	253832.525450863	12506.1056992792	280392.37286523	578154.396169328	51177.6218359112
Std_2_2	Std	9	26032450	1e+06	9532511.81281337	632329.274414661	654817.764464954	122557.919614376	297378.681602421	15434.9129987292	365782.112219388	677327.789501416	64860.6899118142
Std_3_2	Std	9	26032451	1e+06	9003988.23248484	628460.891684869	641420.989271138	120485.350563776	287673.280584481	14721.6381753172	378906.785315907	724184.76175509	69610.9062947793
Std_4_2	Std	9	26032452	1e+06	9283143.72485053	1047914.1367443	1036957.26984368	212598.588700127	436106.893763366	21892.800582104	584672.827284114	917589.846836503	118020.836087284
Std_5_2	Std	9	26032453	1e+06	9039296.55162675	1266287.0578955	1205966.6545178	273177.331660554	493420.86114294	26508.246474462	680881.862338269	1002384.73607964	147179.167355855
QC9i	QC	9	26032454	1e+06	9032596.96788579	294985.257015666	226602.563617452	42475.2677001448	182285.951540443	8364.62388511987	109164.07785737	355763.730434609	30843.0139054495
QC10a	QC	10	26033102	1e+06	8982871.34172331	299203.547589916	227075.249534097	41393.5181441575	184738.266547579	8075.28150525634	111155.051628715	335363.314414022	32344.3581071318
Std_0_1	Std	10	26033103	1e+06	9484950.80533007	308386.778814439	238671.223172476	44038.6697331943	193112.028565315	8744.7595045021	115964.490645379	372350.760154286	35325.1613760131
Std_1_1	Std	10	26033104	1e+06	8765563.62890043	529194.170230756	527670.165386155	93229.8384874602	245304.746473102	12573.1077758704	239619.761022291	553232.163217296	52699.7116032806
Std_2_1	Std	10	26033105	1e+06	8616666.58672472	583302.803898074	580146.83743176	103538.518473691	248270.404839036	14346.6607203991	298315.970666063	564938.490952471	54283.8481714969
Std_3_1	Std	10	26033106	1e+06	8645785.00594075	657905.756063913	624321.026084016	113139.520664803	276243.394504844	15745.546718108	350259.754210756	680665.841986897	69782.1045827946
Std_4_1	Std	10	26033107	1e+06	8942511.19400529	1027439.66673664	1001603.19454331	199373.533265525	411824.224147225	22918.329495622	537272.436026032	868246.385638635	113429.576219383
Std_5_1	Std	10	26033108	1e+06	9028508.28916972	1282456.40489082	1235605.40683001	279158.972685128	504163.499961128	28805.3129931652	690738.630437467	984249.310362504	162391.874371746
QC10b	QC	10	26033109	1e+06	9164701.09322625	300157.31425386	232354.496629165	42317.8187999654	183422.466320784	8338.85841736269	112881.751492544	356587.702474081	32883.9593403952
058_3_A_BL	Sample	10	26033111	1e+06	6788248.90464435	680958.273674599	177835.607272454	11793.0517719068	395698.658537071	26509.6826798372	102511.529963009	99668.7536331971	21035.6303430563
058_3_A_3-6	Sample	10	26033112	1e+06	9381983.41537169	95916.2955332752	15513.6349128534	2636.53624156107	56731.0800462789	3344.38230281276	29887.2906374201	465271.921633388	43199.1551505826
058_3_A_0-3	Sample	10	26033113	1e+06	9157267.21148441	127186.487081425	142383.568707992	25661.3853433551	79151.0951446019	4393.78358168764	27029.0185202797	520291.549252054	47425.9140590094
058_3_A_AH	Sample	10	26033114	1e+06	8036064.42353821	567882.160888936	105259.115690323	7335.72530208224	264015.250463451	19577.4873641081	94339.836625502	54237.5720816841	12947.5291655329
QC10c	QC	10	26033115	1e+06	9134216.65681268	295350.12250807	226496.061372037	43668.3564893372	181753.208158206	8102.20904810145	109863.260201838	368843.981702945	33537.2318559167
083_2_A_3-6	Sample	10	26033116	1e+06	9438149.10168182	235833.180252308	104948.80336708	20947.9704761189	172904.348715479	7106.63668296674	103272.335395571	556420.783985665	54265.6723239373
083_2_A_AH	Sample	10	26033117	1e+06	8282888.84703816	341803.410193735	120017.363835577	15845.7106811734	309402.77612978	29335.1964512292	30534.137870048	36896.1978723304	11054.6757387384
083_2_A_BL	Sample	10	26033118	1e+06	7450067.18471575	135640.013368393	59576.2036909149	4366.04859047369	141316.000280647	8842.3339890867	9167.37168637173	22252.7934144672	4872.77590891154
083_2_A_0-3	Sample	10	26033119	1e+06	10221941.9958841	153546.800413509	1095451.45752915	234308.903981601	158582.085184498	5005.01427595571	50148.3225007477	274702.410664009	25030.6177408026
052_1_A_0-3	Sample	10	26033120	1e+06	9840240.36508028	182287.414430728	1179369.49994768	260105.337773861	131012.807298479	4931.61356554855	81357.2907541604	27626.8339222443	4173.25159972851
QC10d	QC	10	26033121	1e+06	10231202.7131524	314173.390602889	246297.823667355	45767.7787785757	189394.384546641	8697.76339459183	116973.486696575	393427.555694178	34211.4120916083
052_1_A_AH	Sample	10	26033122	1e+06	9264019.49489883	238696.764225585	57790.0242699229	4038.75938793769	145327.678017007	10577.3646454389	29595.873692858	12141.2718377409	3059.76413833273
052_1_A_BL	Sample	10	26033123	1e+06	10207774.140801	139434.737444101	34941.7149955324	2961.3131912731	105326.010404389	5764.43192699778	17113.7756611688	9881.8683653355	2289.75807864561
052_1_A_3-6	Sample	10	26033124	1e+06	9921294.89205087	406787.598660571	13910.0368589342	1956.4845191595	193447.626210772	9303.72484059317	206130.17198698	17015.0455075818	3215.78420972225
089_2_A_3-6	Sample	10	26033125	1e+06	8818814.14883335	2253214.17949126	802986.052244914	167161.330053245	1737436.87033784	53592.4336468238	1197304.56388884	1306381.03189867	782960.167378658
089_2_A_AH	Sample	10	26033126	1e+06	6569688.46595235	286084.211276783	117927.889510556	15435.4726771922	271399.080993891	16903.3721917533	20920.635611791	81034.6390108763	13748.171557198
QC10e	QC	10	26033127	1e+06	10199847.9615724	303186.247911693	242568.311816687	45376.3766483293	184232.231931284	8253.56657595239	112441.537127638	392419.021086015	34059.155996094
089_2_A_0-3	Sample	10	26033128	1e+06	9177119.57222001	23428.62043036	101806.228472491	20773.960288006	24030.4980637098	935.992224041908	6980.9728567448	58693.4793468928	7538.54643295974
089_2_A_BL	Sample	10	26033129	1e+06	9324982.46330097	97535.412383397	35478.3792360103	2566.03746030246	101359.890728948	5323.10598424241	6645.57020256705	26393.2395521518	4251.89525354242
109_3_A_BL	Sample	10	26033130	1e+06	10167633.8851715	194142.869571413	40000.5199931404	3744.08834220007	136128.03376961	13908.8965576618	21519.2877553918	36125.2271073533	6121.84394709829
109_3_A_0-3	Sample	10	26033131	1e+06	9965722.12194294	58237.416299613	192644.208222791	37832.7300787508	47794.3363373339	3462.97385116427	22770.2416173044	142640.353117011	15789.0337247584
109_3_A_AH	Sample	10	26033132	1e+06	9901198.63222027	132213.101906394	15290.465478693	1748.91441719312	67845.4329654474	11903.1145963915	21138.5998012715	9994.97482070105	1945.02246578278
QC10f	QC	10	26033133	1e+06	9745674.8936076	293447.864177815	228927.624262645	42750.189123347	181891.345184917	8195.21695538839	111285.165295861	357173.607446476	31401.3670158924
109_3_A_3-6	Sample	10	26033134	1e+06	9572868.42079639	214069.66236451	9232.94793769353	979.586099125448	120085.960590815	7434.6786889309	104253.74838158	311547.574496525	29218.7799273426
087_3_B_0-3	Sample	10	26033135	1e+06	9600516.37274137	18507.3144040084	4546.04061775452	348.913128635734	20020.0063842494	696.560753960378	2074.23571385275	2321.56083199765	510.077234997229
087_3_B_AH	Sample	10	26033136	1e+06	8084682.3639905	308152.743273648	85785.7467233339	7596.64888436128	226301.716455152	10818.684588213	32679.9248048385	36444.9646843727	8667.60934907417
087_3_B_3-6	Sample	10	26033137	1e+06	9372433.92464474	55648.6615505366	18827.4881350914	1639.09763232742	67352.2268620488	2359.3136576434	5407.94527496727	10812.4018598798	1966.86226560989
087_3_B_BL	Sample	10	26033138	1e+06	9625801.79496319	169172.852263694	53054.5893409035	4938.79956799993	167889.618579433	6701.57856859693	19359.2733584768	32864.1819204252	6358.3834555476
QC10g	QC	10	26033139	1e+06	10212783.4058821	302707.51505762	239733.034768469	46108.4167628184	186842.842852652	8419.06727851686	115233.941669345	388309.252863917	34009.6276413112
001_1_A_3-6	Sample	10	26033140	1e+06	9414443.09468984	302923.426792813	187359.731728838	35290.4934383025	180354.124375121	8190.39252688424	146743.695959474	40586.2694331371	6082.62429293998
001_1_A_BL	Sample	10	26033141	1e+06	9771303.11105386	245419.484308983	30867.2349861575	2766.6944506424	103709.872909133	11576.331731697	51135.1267290035	13407.7114448827	2868.0143360781
001_1_A_0-3	Sample	10	26033142	1e+06	9669053.07334739	112844.889087845	870290.724312994	156931.316012507	82053.0965264523	4662.39072126835	42766.8180954154	37949.3841441802	5427.80692139705
001_1_A_AH	Sample	10	26033143	1e+06	5421332.18166851	890514.324139679	81564.6724729928	8309.34951197646	243187.466003565	45866.9976478328	276435.444359228	22338.0891381769	7379.07433203878
187_3_A_BL	Sample	10	26033144	1e+06	9838846.35631133	507766.060557721	19308.9679599515	3109.42471221172	49541.5860969328	79111.773689434	263787.252241267	12606.3629030057	2429.76261176245
QC10h	QC	10	26033145	1e+06	10304310.2599378	302895.937654212	236925.567136974	46239.9560047122	187298.288809521	8575.23479425954	115217.605086728	385547.76197264	33810.0681368969
187_3_A_0-3	Sample	10	26033146	1e+06	9272902.17578189	372982.62476098	157611.250320628	31119.9663740899	102819.563019501	52592.1806202449	278873.097126403	300463.15915285	26896.3957363376
187_3_A_AH	Sample	10	26033147	1e+06	5427252.30347567	1208999.34789938	52839.4997915647	9075.82438649508	129425.777143106	200380.916205873	728977.881783072	38041.7100326215	6945.37128635132
187_3_A_3-6	Sample	10	26033148	1e+06	10026588.5830129	699473.277975853	24347.1671730677	2733.61174214426	203376.847313176	75314.9218656057	412650.291845396	778011.563860166	88930.5603731937
Std_0_2	Std	10	26033150	1e+06	9808396.7562256	295327.3792282	228997.685413406	42082.0292691167	182040.039601941	8101.08046647292	112149.681498924	368416.789011721	32191.8994540218
Std_1_2	Std	10	26033151	1e+06	10178218.7189179	519591.404510751	566502.984888548	106198.081989786	259633.10382872	13758.6044950383	289505.308557317	586355.20597689	54762.2670988192
Std_2_2	Std	10	26033152	1e+06	9283634.04217548	621067.959627097	634490.143280878	118384.92604151	284210.392127806	15116.045043887	346436.996835752	638934.958815882	61148.8843091298
Std_3_2	Std	10	26033153	1e+06	9530088.63245485	642302.894434959	635176.262832331	119371.012924032	285089.346422116	14736.0630244062	369449.801328428	705807.396106126	71846.6952352161
Std_4_2	Std	10	26033154	1e+06	9651461.26720586	1036561.12379987	1002636.63422674	206314.408047422	417558.161308388	21868.5715868236	558715.119195131	878952.250681216	114275.600669972
Std_5_2	Std	10	26033155	1e+06	9542499.42438203	1299496.48941847	1238881.61505847	290717.662723617	503967.839490179	28203.8956982728	696527.254746053	979761.792804323	158423.262546991
QC10i	QC	10	26033156	1e+06	9591782.1264074	293219.647350671	225414.173865403	42628.2986070376	179393.662538001	8307.11193232881	112055.349773654	325793.912728336	30056.1856247855
QC11a	QC	11	26040702	1e+06	9205488.72097896	307574.866392684	235950.636799154	43470.0227110547	189832.508527187	9349.10604740053	117675.52734274	297693.774625138	32098.1101586843
Std_0_1	Std	11	26040703	1e+06	9279601.38483396	319464.952814037	239957.293334653	43714.5007739296	191616.584479249	9866.02119526381	119451.791398097	327582.887079284	33667.9555104641
Std_1_1	Std	11	26040704	1e+06	8485441.59326186	534245.032190289	521753.974845685	97300.0194085081	239055.722386546	14000.6025175339	245584.574014085	473375.275763385	48315.2694781141
Std_2_1	Std	11	26040705	1e+06	8804128.99791549	641801.98048656	661777.986250918	123394.079168899	293100.778279775	15593.5671975406	403576.031848046	591900.304971255	63772.56209902
Std_3_1	Std	11	26040706	1e+06	9057217.10373551	574481.826155653	573770.424110518	107079.590126991	234090.512751556	16158.3305065575	367605.222870235	595863.062549758	63171.6724173145
Std_4_1	Std	11	26040707	1e+06	7728954.31880379	920848.163085034	988773.748031908	187876.617194751	388851.275749599	20975.9822964396	638584.228426293	746521.41797155	86569.7331119262
Std_5_1	Std	11	26040708	1e+06	8287220.98357307	1243628.96348326	1210399.87036443	264407.961081934	466777.77069097	29343.8907423123	698580.864472922	908802.194377722	128018.471787545
QC11b	QC	11	26040709	1e+06	8379746.13035507	284374.687244144	216584.191612524	41139.0026911803	177218.556136276	8641.65190834541	109903.28701466	277502.77765092	29660.947904039
197_1_A_BL	Sample	11	26040711	1e+06	3202269.28151897	448711.361478615	141119.304608439	8352.6116001848	581802.988549045	16988.7943590054	28293.9693179574	99702.3089959834	17645.9272477196
197_1_A_AH	Sample	11	26040712	1e+06	8575638.67202191	62120.9523958911	12070.1599923284	935.077117996523	55846.4875836589	1734.63022577555	3790.77658924122	7066.66202841702	1518.25375175583
197_1_A_0-3	Sample	11	26040713	1e+06	8448058.16521275	335256.647567567	1730159.4105248	496506.749126862	367268.516996249	8730.46799866474	101840.118321867	298262.913302997	28916.1014951624
197_1_A_3-6	Sample	11	26040714	1e+06	8607621.45581978	995582.97955517	107592.03452023	17515.6040868862	724365.619903408	20033.6439758871	520743.327173438	288573.764850968	29348.1444888807
QC11c	QC	11	26040715	1e+06	9078876.02560484	315123.380650975	240360.126335084	44358.7678306328	187642.307988132	9207.73920098851	116339.263940572	338050.248988183	32905.7078599102
158_3_A_0-3	Sample	11	26040716	1e+06	7842154.31280862	173876.517878185	725497.982261894	119442.21335855	98846.8084397851	4781.29830731035	47017.4682501377	184818.102031514	20699.1312534562
158_3_A_3-6	Sample	11	26040717	1e+06	7580346.85151678	498358.593923118	248893.145479469	46612.5571091099	258994.739171149	11306.2227390516	207245.44515488	768144.085196507	80484.4063974546
158_3_A_AH	Sample	11	26040718	1e+06	6360496.59118733	853026.320995327	91181.365972958	5621.48263403472	237109.374285297	14894.9525932946	259274.95941741	27197.7347106685	7298.75641661969
158_3_A_BL	Sample	11	26040719	1e+06	6899236.05952889	541736.020383966	82476.3695711851	3970.93840582833	214634.741077303	11276.2996558055	180034.563987265	29667.6111660746	7082.04183296938
038_2_A_3-6	Sample	11	26040720	1e+06	8163351.67401163	171020.770157208	26895.4850525225	5008.95659084973	142775.97208521	4914.03695121867	56752.1131558619	473716.419300564	47519.6840640228
QC11d	QC	11	26040721	1e+06	8158741.08132059	283773.07138335	214581.671851834	40498.698478524	173697.076592825	8178.8194948699	106576.25058827	270417.656181521	26782.9822587844
038_2_A_BL	Sample	11	26040722	1e+06	8368018.84389853	101564.876225194	29351.9601504053	1895.55491575791	94798.5298661858	4030.85377856846	13511.0335266421	12140.6621007099	2623.79282942691
038_2_A_0-3	Sample	11	26040723	1e+06	7239429.0430541	42838.5541766011	161033.089513586	33012.6485147828	49761.2458876752	1942.37754384304	16599.2865666323	71534.4028253439	9998.44654165158
038_2_A_AH	Sample	11	26040724	1e+06	7566491.09553675	253298.635097344	67102.3625445644	4346.2356452042	185952.228344872	12442.9105735546	53441.3761250372	20823.2474214997	6597.57557575147
011_2_A_3-6	Sample	11	26040725	1e+06	7664057.16876174	343812.798093246	43170.1129744234	7945.04690935093	240062.97703544	7846.27798177426	145000.486281625	440075.349902974	40845.7624067015
011_2_A_AH	Sample	11	26040726	1e+06	5836765.97040407	438917.121787192	117776.778531132	8256.94759434871	225324.578270529	15670.8755136335	61782.5878362644	30187.7340093653	7615.48713577685
QC11e	QC	11	26040727	1e+06	7998071.54298585	285095.391419536	211284.60647419	41746.6985018191	171197.05574238	8147.11777063621	106006.425806046	275658.705455469	27357.9392818783
011_2_A_BL	Sample	11	26040728	1e+06	7372772.25166475	23905.9893041794	10132.8604330121	929.941162150841	24351.7541312729	1218.24063409309	3521.24527016122	2537.59561836413	626.859852148991
011_2_A_0-3	Sample	11	26040729	1e+06	7347739.10297501	40200.3470624925	259178.449995245	48174.8865086903	43573.0416605658	2021.75853878361	20167.8788460762	40977.4781159151	6075.12521705819
015_1_A_0-3	Sample	11	26040730	1e+06	6744612.55100001	20555.6396375478	228202.361166761	44523.238992592	19404.6091037907	1564.02826225302	2532.78430786914	12217.2188593896	2176.53752002889
015_1_A_AH	Sample	11	26040731	1e+06	5712263.40461738	126617.669272414	34966.1378870138	3288.69976330726	105040.123529434	14352.6650590678	15978.9213538983	12822.0651045715	3559.88388643692
015_1_A_3-6	Sample	11	26040732	1e+06	7145708.02549999	139729.945650757	403612.875702351	70040.7760815461	122933.199316507	5503.32813572847	98316.7369856486	49466.804699621	7206.73478970889
QC11f	QC	11	26040733	1e+06	7233189.35074075	269437.506148491	201219.886066647	39585.4363361327	166593.858652402	7727.89917176054	102295.2637846	243308.335195492	25192.3387566832
015_1_A_BL	Sample	11	26040734	1e+06	7050410.45398519	64413.9278147957	14858.8749664341	1260.3768629633	55710.9671373965	4521.18744239619	4999.20643383875	7637.11306919118	1780.84575373589
042_3_A_BL	Sample	11	26040735	1e+06	7026536.23099537	34697.5582109808	6225.04312434244	300.215831954158	22846.3603141859	1743.25997919709	9464.34753036395	2279.05953555443	440.0805955028
042_3_A_0-3	Sample	11	26040736	1e+06	6715940.53090115	35601.9580587232	113857.99193548	23946.3369028023	25227.7676334445	2015.64731129386	12149.3441847657	26400.6068434506	3705.18602605155
042_3_A_AH	Sample	11	26040737	1e+06	3077392.41906054	487349.739160101	69714.1764574087	5751.73509402916	219823.415222428	14520.8295154154	101261.874171888	31054.822826609	4897.37780143571
042_3_A_3-6	Sample	11	26040738	1e+06	7085194.71899998	258524.207974417	37880.6618480971	6836.27409302994	130484.423028502	7147.88522432536	142410.094118829	170735.220712562	18485.3320022474
QC11g	QC	11	26040739	1e+06	7279289.44037554	272988.963877515	198819.356872958	39854.4924878163	167122.539173845	7807.42662167022	102160.957619676	241647.412020635	24402.7273876458
144_3_A_BL	Sample	11	26040740	1e+06	6702822.20852931	682273.312925474	68432.3382980215	4470.78894270804	327319.985864178	17360.146308626	122873.248674036	26295.2401077603	8869.66019260679
144_3_A_0-3	Sample	11	26040741	1e+06	6940852.24412921	317987.955769168	31093.34884243	6247.27280129711	222926.04413745	8402.7107986805	143752.414795064	143826.707531782	16652.8981796072
144_3_A_3-6	Sample	11	26040742	1e+06	5571141.15196209	1394930.38602432	50020.0264743861	5559.62115389241	804922.979794328	25877.5318011861	741900.618025801	1288344.35929237	174471.732645091
168_3_A_0-3	Sample	11	26040744	1e+06	7246720.1940427	886281.263422425	197122.516229169	33761.2509867494	696099.186132149	20311.2520038358	566993.962014984	621457.387928668	67640.2818036891
QC11h	QC	11	26040745	1e+06	7555625.52532381	275510.203922994	204456.565363284	40871.309255797	168870.17089776	8737.09771053126	104666.895916781	200700.682492643	23667.2760658879
168_3_A_3-6	Sample	11	26040746	1e+06	7130660.95096662	94819.95274792	558644.814014672	94048.1810883381	92255.3028170765	4121.03005001238	43100.3478106805	104879.529465304	13822.117544827
168_3_A_AH	Sample	11	26040747	1e+06	6128411.46159997	758706.900529422	216036.611331553	11863.2567047624	486248.035119425	31489.7299316635	223067.269699584	99716.207930272	18507.0374348859
168_3_A_BL	Sample	11	26040748	1e+06	3898639.61917082	723925.797030926	229515.775396848	8700.93866181112	576063.330745385	26695.0386905722	132636.546320875	113523.065965567	21037.9737840714
Std_0_2	Std	11	26040750	1e+06	7197645.50782629	260160.605883852	196672.173954321	37593.2225637862	163191.801820923	7747.73639242036	99860.8730237501	266970.88001429	26727.361193997
Std_1_2	Std	11	26040751	1e+06	7014579.144611	437352.507243484	466448.082002832	85627.1969202456	216009.847395094	11717.0983226081	251964.082494663	440960.236208036	39533.0502159375
Std_2_2	Std	11	26040752	1e+06	7117622.35534302	568790.479877799	569088.35432748	103477.938354712	254328.872585868	13803.9996427907	316041.904408409	522017.507170321	46376.1591294043
Std_3_2	Std	11	26040753	1e+06	6923119.70441003	489718.376046902	488547.971713554	88664.1284254762	200386.463321263	12913.8597075965	315951.726589739	515943.816338791	47028.8979971484
Std_4_2	Std	11	26040754	1e+06	7031692.39139715	914684.542226016	923097.244360105	165031.981178291	351007.651360207	19221.4089671306	492885.378243412	792316.315633896	78757.6064001285
Std_5_2	Std	11	26040755	1e+06	6969900.39214505	1204086.76207723	1190984.03644786	240732.409367395	436315.337751019	23899.1534349272	666942.681679639	943586.450243249	106964.369661869
QC11i	QC	11	26040756	1e+06	6878534.90467322	252977.997613117	195265.155978667	36501.2090305799	160780.407994482	7232.87755794176	98974.9692146633	229545.352209309	23500.3609069224
QC12a	QC	12	26041302	1e+06	6268204.0585454	264019.407989342	187663.449724296	37381.4100404493	163941.554752618	7590.16871340322	95306.8818915156	205630.143153715	23819.0983315499
Std_0_1	Std	12	26041303	1e+06	6600870.04672426	267017.869454718	194303.926107812	37241.53389768	165625.421244175	7943.2381774361	96933.1716053694	217923.972788056	24208.6813159564
Std_1_1	Std	12	26041304	1e+06	6566374.30674961	500062.538262793	459288.384428008	82135.6185381732	227699.66832258	11723.329657024	199005.156176511	402868.852785496	38729.5902624811
Std_2_1	Std	12	26041305	1e+06	6523348.26202968	621683.136430214	567776.751046726	99114.6676946667	268026.10828243	14120.4592096174	261264.412621736	490189.627411844	46268.1625662801
Std_3_1	Std	12	26041306	1e+06	6621537.6084697	714763.633088881	649186.014386167	114265.884294073	293591.058866322	16173.834110984	326706.743003658	621536.342145049	58526.5259373287
Std_4_1	Std	12	26041307	1e+06	6386113.74930863	952898.426768625	899503.925259793	157384.354698132	356047.837816571	19688.1275766908	433665.004353971	716550.535228037	71114.6104687181
Std_5_1	Std	12	26041308	1e+06	6184397.0129632	1081220.58530986	1050362.10812955	187977.919598538	383353.793248337	22186.2102050479	520327.785521673	788672.511083884	80328.7523878347
QC12b	QC	12	26041309	1e+06	6898923.0423007	273201.0241224	196551.335539225	40464.7404990459	164982.850768618	8037.2174948805	98595.5509288586	255305.653689554	26638.650566788
245_3_A_0-3	Sample	12	26041311	1e+06	6023006.15508353	24259.9023866617	3661.25047227601	429.600479489021	17708.6327694104	923.61609347956	3150.93475739169	1751.19935669488	377.676411748624
245_3_A_BL	Sample	12	26041312	1e+06	5934123.1267225	269680.899385721	49356.1965195943	2489.61047237555	150684.608800963	7978.24214762909	38023.0209803984	23823.7811759968	4454.92894891566
245_3_A_3-6	Sample	12	26041313	1e+06	6274243.66992034	31363.0047240347	5217.67105486163	636.458992194728	24767.1435904115	1318.95747566492	2972.48692615808	2711.27664293039	657.17310830929
245_3_A_AH	Sample	12	26041314	1e+06	5131790.05908329	752957.956437649	90271.2444023359	5993.57557278184	267191.855904902	22576.7485935341	112642.6912755	30509.0454747109	8026.45372102858
QC12c	QC	12	26041315	1e+06	6391702.5752167	247305.098429661	179590.270957249	36405.320497386	154217.799000986	7353.29934205276	90497.1049763641	204190.789871168	21936.6018594578
118_1_A_BL	Sample	12	26041316	1e+06	6735138.52182244	162372.901182883	51646.5643865155	2719.40461673709	210075.251727123	8501.52687673303	19428.8847660945	19990.6617628955	3646.49837234216
118_1_A_AH	Sample	12	26041317	1e+06	6950678.39241464	67597.9012014414	14525.7936081808	1490.86889622455	69937.9879884783	2099.17181663443	8977.54959985815	5050.56787943436	1070.87454708611
118_1_A_3-6	Sample	12	26041318	1e+06	6081532.95311574	114888.655879549	5541.88175274323	679.924306716964	86179.6079450835	3466.18628698795	57288.9702955893	5620.03115455791	1090.37900501518
118_1_A_0-3	Sample	12	26041319	1e+06	6114886.35988456	101591.066379076	291232.157822958	56135.1716078635	107432.505597901	3332.06144115267	53952.5294126409	11683.5986064067	1977.17453569811
202_3_A_AH	Sample	12	26041320	1e+06	5257872.63397551	746163.785431764	104620.470246383	8478.39744942816	305606.375057312	21262.6791541432	132962.912379573	28700.1296758932	7312.68398888944
QC12d	QC	12	26041321	1e+06	6370881.82323299	239956.863857973	176703.9205352	34974.2875462636	151950.57478309	7057.25510301303	89391.170370359	208116.329020602	22445.6880088491
202_3_A_3-6	Sample	12	26041322	1e+06	5818266.25410306	1400860.95779825	109988.717657903	7821.65123898542	970432.415668792	23264.4748592556	1006533.96159756	1330620.27652816	209592.46111512
202_3_A_BL	Sample	12	26041323	1e+06	4603061.27433351	606656.567742771	132270.289468522	9066.65364383961	321390.199129329	14519.3332601503	101610.992867091	47539.1408061833	10343.9299724153
202_3_A_0-3	Sample	12	26041324	1e+06	5819371.96770508	1057724.38419982	943339.899181448	154553.564262564	764606.638789801	18476.0513967849	610672.495116165	1030855.33938767	112623.252607979
009_1_B_3-6	Sample	12	26041325	1e+06	6268670.59688529	30109.8497646692	8879.27866389272	835.834463611223	39417.7090027224	1144.5043437896	3155.76182762283	6177.65129767493	1168.05539216729
009_1_B_BL	Sample	12	26041326	1e+06	4847204.72711516	570253.164815495	214963.02086497	8859.45236424349	527568.650855342	19990.5695307989	66717.4967422393	80670.2435614994	14841.3325409567
QC12e	QC	12	26041327	1e+06	6987975.76465705	256592.25113495	189636.129467188	38855.1491841898	159281.99622004	7359.17283127626	94660.7997047534	255035.465566975	25641.5216636313
009_1_B_AH	Sample	12	26041328	1e+06	5123887.85832263	588668.921309425	236061.688381221	12183.3185470856	517694.949475903	21142.491295001	78477.8561982513	71347.0288152572	14230.5540256469
009_1_B_0-3	Sample	12	26041329	1e+06	6224534.59505637	31839.2297688516	8848.49812082337	639.989743711969	37620.3650393395	1101.63453640227	3387.57276841273	5457.37640838953	1044.01968848329
094_2_A_BL	Sample	12	26041330	1e+06	6450197.74263461	79749.3473540551	11788.1653269231	988.321911452534	54254.9804407887	1984.62675136207	9221.59460129278	5164.84501139678	1030.47042972285
094_2_A_0-3	Sample	12	26041331	1e+06	6432499.45518412	59545.8830179049	141584.937131319	31063.5268820637	53940.7372748797	2236.76265194506	26985.2574203512	67876.7834786868	9161.06832449408
094_2_A_3-6	Sample	12	26041332	1e+06	6533305.93603198	215108.484627548	14985.5835736909	1940.97664032088	137325.359487328	4899.39824718109	79238.8665584119	254332.682130016	26021.6565113262
QC12f	QC	12	26041333	1e+06	6978603.16056239	260702.087748441	191517.043647218	37032.0359551167	162748.100750856	7311.53504481202	94735.9053693721	244138.136437929	24746.9192256789
094_2_A_AH	Sample	12	26041334	1e+06	4714321.79741235	1168706.18433397	116627.110762448	7182.31093899877	587401.222468429	12550.1677349257	151667.60323034	39907.2204000107	13651.7805042818
170_3_A_AH	Sample	12	26041335	1e+06	6095047.99034988	685582.241747492	98789.2639149636	8390.6163262247	297325.141711796	465886.250327973	135456.782614828	43883.9038297985	7729.41496305797
170_3_A_3-6	Sample	12	26041336	1e+06	6949365.41273978	634636.861292364	153502.691700799	27668.5297643595	360838.917084618	37499.1084424235	240730.637697175	512812.48958951	45226.7125853332
170_3_A_0-3	Sample	12	26041337	1e+06	6831126.42511515	299131.617803825	878269.057305889	141909.051593842	206534.657280612	72059.010864101	82887.7303351233	471179.023793107	41531.1720009256
170_3_A_BL	Sample	12	26041338	1e+06	5432373.47427464	618232.650396932	136368.887774755	8009.9260836728	391762.740139265	314712.805634212	153590.049329027	66334.1667375393	11947.7598935948
QC12g	QC	12	26041339	1e+06	6800429.43955623	248748.293595874	186142.157268052	36601.822563537	154257.305588699	7036.12641263315	91474.5299958301	229814.187342982	23250.9263906151
062_3_A_3-6	Sample	12	26041340	1e+06	6356415.98951745	273860.350857699	79900.3438716058	15468.9453450654	157544.054408294	7297.81188768362	104511.47744325	476638.268403179	40925.8674194542
062_3_A_AH	Sample	12	26041341	1e+06	6114291.23831129	221832.735625994	80260.6165935414	4870.03642509637	246941.690658918	14395.5817704633	16153.3866264212	54793.5476678431	10394.3723690094
062_3_A_0-3	Sample	12	26041342	1e+06	6389156.55274612	63471.2520511973	240052.352868586	44396.7375505954	65279.7392479115	2443.30152972802	17811.8312558589	97509.2007254786	11650.7674464832
062_3_A_BL	Sample	12	26041343	1e+06	5607440.0507845	387167.654212345	184047.234380184	7808.93556143524	537307.200225438	27581.9341444847	40499.896983643	166120.623273531	27924.3753751962
117_2_A_BL	Sample	12	26041344	1e+06	6567322.04106612	45202.0541411724	10714.8378585066	1047.60230481699	36144.3885386069	3117.69458715537	8011.11850036574	4976.33248013269	843.220613643495
QC12h	QC	12	26041345	1e+06	7067779.72457237	261207.593906521	191206.075972144	38453.7003107949	159382.627383665	7443.68709667768	95274.3037222272	268653.17806043	25606.1160870416
117_2_A_0-3	Sample	12	26041346	1e+06	6083237.43096579	40121.392781589	80033.0324480744	16813.5280598786	33983.2147282223	2468.3332016059	12624.3138394515	121699.208548015	13873.4926444727
117_2_A_3-6	Sample	12	26041347	1e+06	6279559.62981423	73085.1924439433	22276.5770617153	4568.76997238418	50003.3304111667	3229.01657371847	39828.7675739219	126966.624038281	14606.0581036001
117_2_A_AH	Sample	12	26041348	1e+06	6458970.57365657	42775.4761450325	8627.91945633998	803.592387112088	30463.9588655769	3857.44851124706	9612.13907111129	3051.85703522022	549.660262703512
Std_0_2	Std	12	26041350	1e+06	6535160.8775302	243440.993614403	178109.21782028	35205.7067136901	151590.187497278	6768.27948882818	89418.2180201767	228594.327638341	22682.425062184
Std_1_2	Std	12	26041351	1e+06	6469430.42751191	401449.060120231	422493.842578624	76725.8756762612	210199.940987088	10968.1967707093	228773.595963961	422610.356084729	37124.1289742869
Std_2_2	Std	12	26041352	1e+06	6454053.98269717	525242.494692612	530178.097093243	93000.683783082	251202.980148268	12818.4306536062	290676.549076227	484222.83424362	42285.4163075919
Std_3_2	Std	12	26041353	1e+06	6371266.18526455	641454.641395619	603577.306433946	104261.427922756	275860.184405491	13797.9668079944	333003.82874447	613270.878492958	53058.8854977924
Std_4_2	Std	12	26041354	1e+06	6110168.58902914	878882.808742382	858912.4689677	146236.694830115	330095.632179139	17372.1463593434	413025.442666351	752811.453101962	66674.4455381102
Std_5_2	Std	12	26041355	1e+06	6555353.43960612	1081985.89114504	1059892.36063845	186636.625745619	379128.624174199	19646.9871118839	516408.697780288	860881.485773475	84198.5916000251
QC12i	QC	12	26041356	1e+06	6360991.5642948	246177.623946881	179138.694745973	35897.5907093899	151542.95884658	6725.41622977954	91114.6368490397	216123.844619131	22612.550198379
QC13a	QC	13	26041401	1e+06	6518097.2356657	253039.202317816	187882.563363783	36801.345127572	156739.070749132	7024.27355274908	91586.8788104884	243002.117272633	24970.9212327287
Std_0_1	Std	13	26041402	1e+06	6493605.91936142	252180.791507841	189238.319561358	37131.3669810325	158111.119015383	6931.92055946539	92716.0300238285	239994.518365757	24733.0280403491
Std_1_1	Std	13	26041403	1e+06	6215632.98109849	440031.423868773	417877.489922653	76851.9239510871	205239.909000814	9715.53704946776	178281.652804175	377705.387178147	34976.0642541455
Std_2_1	Std	13	26041404	1e+06	6235974.21266482	564413.28453156	527928.73751003	91264.7462046984	243155.604288706	11990.0202621572	242106.640834243	493566.192372778	43418.3058186255
Std_3_1	Std	13	26041405	1e+06	6301214.71782859	675555.501882816	612041.106276906	105431.596268612	274883.481998134	13298.4408157452	303539.292685326	614360.460323155	53899.6095595013
Std_4_1	Std	13	26041406	1e+06	6209910.90689099	823023.826579718	808252.776465472	138743.661589838	301110.851208652	15472.5724791065	386217.722454223	677607.819099935	61617.5596532121
Std_5_1	Std	13	26041407	1e+06	6435955.52322464	1067030.21584496	1035577.3179852	180413.089066297	388795.40393255	18177.5231451707	491642.057586944	851280.89655271	84809.1869084487
QC13b	QC	13	26041408	1e+06	6782471.92960954	266704.92252531	198167.287277919	37251.4900736717	163891.88655491	7318.20751602404	97118.1482102178	265319.013461971	26428.3103909808
024_1_A_0-3	Sample	13	26041410	1e+06	6276441.65882405	607305.441539699	1829974.16580515	448933.495953107	213670.660833553	14908.9830229276	229622.896985357	187613.109942084	21234.0502379591
024_1_A_AH	Sample	13	26041411	1e+06	6144956.75804548	844538.070205562	52937.5258183058	8279.49069843366	160836.005174589	26557.2244669105	265906.422555711	13095.0296217425	3710.64192490898
024_1_A_BL	Sample	13	26041412	1e+06	6267849.25270349	909883.399781157	44910.4681575864	4919.33536210656	148335.235570111	31248.2785131166	412406.020143052	15152.0976211572	3602.11219038349
024_1_A_3-6	Sample	13	26041413	1e+06	6704873.12586028	823280.445930917	19982.105680608	3128.85551452059	326738.88845747	15131.8248114154	342745.233540641	56101.6280299191	9131.09681431224
QC13c	QC	13	26041414	1e+06	6441229.10437067	247817.795561781	182904.240693613	36314.9520468707	154190.679116307	6674.16064130587	90727.76825602	232281.688302044	23961.0060785195
240_3_B_AH	Sample	13	26041415	1e+06	6575638.19722791	610480.989378852	58682.5314437709	3671.29080220003	177611.666415609	80983.449391094	145930.950345988	21419.0171339936	4359.77819105538
240_3_B_3-6	Sample	13	26041416	1e+06	6738117.04743201	77892.8263758773	17650.0273151058	1139.30706928856	68997.842232334	4913.90565631482	13840.4885239989	9627.26454190547	1642.57121104677
240_3_B_0-3	Sample	13	26041417	1e+06	6357810.11592338	18285.6706772908	3031.17050611627	337.74667442193	14153.3227285548	1889.48065280698	5156.13775756874	1106.66231464788	226.818998913664
240_3_B_BL	Sample	13	26041418	1e+06	6586046.48387764	339743.637810474	50868.4255714549	2472.2780923569	166878.616895187	28503.1135765865	84175.3474112603	25972.6121384671	4676.44708716742
212_3_B_3-6	Sample	13	26041419	1e+06	5962961.25468655	39837.9173341826	2695.10218523598	378.338079743794	14219.9233454449	1633.95909633923	17741.9572651324	968.291460330848	230.463951663708
QC13d	QC	13	26041420	1e+06	6555866.46169343	250855.824410234	187259.188230836	36612.7657130335	157882.500719418	6676.14827814149	90648.7290759134	238595.127461073	24196.8773112827
212_3_B_BL	Sample	13	26041421	1e+06	4560636.00810115	2742380.83689898	135777.270869294	12575.9908856483	421154.812575663	43443.5613662717	1355925.38536396	59585.4822511436	11990.3666749578
212_3_B_AH	Sample	13	26041422	1e+06	3654108.3001084	3268573.77887188	226103.012045438	22525.4863022015	638269.371201977	72757.4609979788	1404528.08787414	58778.9991629222	13742.6154188769
212_3_B_0-3	Sample	13	26041423	1e+06	6122240.28219812	63154.0221450499	2965.59890114462	378.677769968831	14742.4001762811	2289.73481369454	29543.5970148929	1560.35540598602	379.847113558996
149_2_A_AH	Sample	13	26041424	1e+06	4558868.52933401	158197.410937524	30852.769035647	2349.97684276075	105206.629516193	4979.37347495663	18433.2808036222	73301.5038341104	10535.9254882877
149_2_A_BL	Sample	13	26041425	1e+06	6009591.78570684	228370.25678885	69861.4057804762	3630.40596756209	191624.784670239	7689.13492599879	23920.2026621295	205464.318113728	25115.3860955553
QC13e	QC	13	26041426	1e+06	6734313.50610384	257223.962290123	189597.98989608	36575.0663419901	158504.927926726	6641.70429279944	92127.6628646441	261912.15760312	25951.5261002894
149_2_A_3-6	Sample	13	26041427	1e+06	6048060.19645361	77071.3749658627	6413.29922406497	926.361104449006	53316.723100689	2613.11025970891	30337.85724369	100074.716795311	12568.1813938078
149_2_A_0-3	Sample	13	26041428	1e+06	5545352.75814935	33170.0917442608	30064.9002881943	6936.33213526073	30572.569909848	1423.04581336655	13573.1145975639	49274.3700906339	6589.81688246424
230_3_B_AH	Sample	13	26041429	1e+06	4491901.94381209	792430.908021189	158745.753476202	7219.37483339148	336059.502349636	45792.7248451563	161609.189552666	49348.091694987	23026.0314579214
230_3_B_0-3	Sample	13	26041430	1e+06	5970842.57378461	19303.2006238249	4553.78931643524	242.333771149467	14267.6839201619	786.689601529931	2452.33940101098	2165.76105013747	621.671633523756
230_3_B_3-6	Sample	13	26041431	1e+06	6190093.21427152	21540.0137328446	6314.63854699228	383.903860988073	18545.6484277975	1162.95263200035	2169.69929903783	2570.38584137264	614.821373120737
QC13f	QC	13	26041432	1e+06	6123482.06190608	242767.786919787	175517.87648294	35612.769538236	151923.52834502	6782.64000653735	88130.3627522075	228472.460990367	24119.1072276925
230_3_B_BL	Sample	13	26041433	1e+06	3813829.97134554	392188.729983085	104916.808608518	3861.78514088012	232155.635197564	13578.7136120399	53192.3634024282	47164.7834047402	15949.5964206218
211_3_A_3-6	Sample	13	26041434	1e+06	5671989.34315535	62751.772535109	3511.88525066547	598.083875194676	42601.0327803748	2922.99856085809	38479.6889239419	32048.8469901031	4651.60337170353
211_3_A_AH	Sample	13	26041435	1e+06	5622292.69392605	770907.393652267	71990.4899840541	4964.32203246903	299493.376313842	18863.0048882335	143290.729898264	24910.0881016286	6437.37228574054
211_3_A_BL	Sample	13	26041436	1e+06	4864335.52309053	1105888.26891211	156943.281690345	8594.49411378498	586043.986009125	28749.4570724124	263343.876660812	54910.9579158278	12900.3690475926
211_3_A_0-3	Sample	13	26041437	1e+06	6416303.59568265	346274.048776295	757495.239005545	129604.094876274	202004.928857669	7524.7489486872	125457.250951075	435013.471041149	39532.115385728
QC13g	QC	13	26041438	1e+06	6196582.61322594	247203.23519001	177885.67786569	35638.1575161674	155050.304836822	6238.74580794051	89952.9846372325	247290.586883487	25846.4770272008
124_2_A_0-3	Sample	13	26041439	1e+06	6451121.93692333	91829.0570627536	193223.847516768	37510.1480627962	71090.8614427686	2444.21214890515	29399.5613481507	197356.153667771	20644.5460252557
124_2_A_3-6	Sample	13	26041441	1e+06	6329704.84792083	131272.364306515	11595.8901308014	1807.3598677178	77226.3386886674	3475.99222442305	58407.1504268568	187299.879853776	19878.7992740182
231_3_A_AH	Sample	13	26041443	1e+06	5326850.68596318	562635.251809248	63319.4701108609	6151.7539668333	174613.915987378	44764.9353209894	310593.1772616	43680.6927748631	7619.67954758115
QC13h	QC	13	26041444	1e+06	4940294.36060718	217210.220587713	160218.37875507	32351.9639653525	143914.887603122	5928.59125594607	82135.4457629631	184530.277727519	20797.581909927
231_3_A_BL	Sample	13	26041445	1e+06	6238904.33805047	49052.4635144939	5527.31789601896	539.379864036988	17964.1772413414	4141.95383272479	17957.2218459459	3639.04208794907	665.804759836663
231_3_A_3-6	Sample	13	26041446	1e+06	6272397.57227021	201261.901880893	58314.2772553275	12888.1971909201	117081.236279753	6776.92934794735	108039.124380346	359391.877442117	33026.4309280723
231_3_A_0-3	Sample	13	26041447	1e+06	5329329.74756882	24630.2251936348	72056.6811830982	16016.6377840524	15111.2365286215	1959.53386602962	11476.8903767461	35446.4704889938	5055.61127388972
Std_0_2	Std	13	26041449	1e+06	6314380.07100424	257642.594123145	180489.654208371	35608.0843525411	157088.919654855	6633.98868919613	91132.9777103847	265601.657273684	25960.5037854035
Std_1_2	Std	13	26041450	1e+06	5841836.96718934	400928.645378229	399453.358862292	72942.4260560125	200621.235531166	9067.26760644695	192693.306985183	398829.918596426	35676.9738172451
Std_2_2	Std	13	26041451	1e+06	5742362.91267395	565513.694647725	530038.99777569	93996.6167226657	254749.102679156	11181.9667712157	257919.749897178	519281.189569969	45550.429080261
Std_3_2	Std	13	26041452	1e+06	5563435.40646038	612791.722419442	552749.179767889	98397.663789913	250401.947011865	11763.7345573087	280052.42116039	571049.740051941	49726.5578601129
Std_4_2	Std	13	26041453	1e+06	5944566.97469646	845115.75844132	787669.11912273	132923.575407432	300917.28648159	14894.7381596817	383954.625226831	729085.092947891	65454.9332152482
Std_5_2	Std	13	26041454	1e+06	5467992.17767112	948102.99393354	963014.552439197	164052.649620892	321011.163404109	17470.7259681897	484167.638908189	787948.575260108	70618.8829462483
QC13i	QC	13	26041455	1e+06	6379254.9630043	253013.00574514	182034.086668878	36323.9168713664	155053.311029768	6558.57496409405	92288.6285281579	255772.797054873	25410.5489723119
QC14a	QC	14	26042002	1e+06	5972975.41208144	248001.455558067	178269.321900396	34234.2458802619	152935.7705585	7238.14120956528	90815.1325124493	241722.970072019	26888.1604687045
Std_0_1	Std	14	26042003	1e+06	5826639.98494305	240654.468434481	171517.985168566	34755.6556142	150340.56462244	6879.44954587198	88738.1881392878	210244.474123295	24130.4412549665
Std_1_1	Std	14	26042004	1e+06	5437137.24756529	429023.480084456	396355.280865685	73714.3225329593	192945.510613093	10268.0243293519	193708.198633972	402669.343131043	39458.1487092628
Std_2_1	Std	14	26042005	1e+06	5750872.4524611	578107.628045966	504117.856079989	88954.7830327999	237997.891784086	12243.7832048351	237393.629630701	515686.792669397	48932.3682776576
Std_3_1	Std	14	26042006	1e+06	6075269.70613317	725909.468771119	639705.743032173	111637.300273827	283080.616816032	14556.5657990467	325487.517852258	666741.229089346	63855.7179896465
Std_4_1	Std	14	26042007	1e+06	5716944.55994914	867070.754545339	823088.96537853	144263.252666425	320686.084333665	16116.797647204	393557.795168449	718726.466751947	68480.4609748642
Std_5_1	Std	14	26042008	1e+06	5883054.96444305	1089769.82020134	1027176.97108686	179909.830433171	370604.133928818	19097.5854169321	512071.047674739	867406.963178029	89567.9189711115
QC14b	QC	14	26042009	1e+06	5934102.09312532	229176.713860319	164930.773781431	31573.6425798617	145261.652623014	6713.73422688183	85096.664892219	226300.303700995	24807.0425292646
223_1_A_0-3	Sample	14	26042011	1e+06	5462594.41787333	70351.7219973016	587105.503549973	97310.9927603738	78677.4280371021	2541.9546959298	37290.4438093284	19093.3301963286	3600.92869031855
223_1_A_3-6	Sample	14	26042012	1e+06	5518753.94094215	221853.603294058	12446.2147048475	1697.91236221291	142575.409876834	4932.6169007156	108628.944211662	16989.8755002112	3472.57258844287
223_1_A_BL	Sample	14	26042013	1e+06	4539379.74507343	463583.471760846	77302.7831977697	5543.83571860778	288078.675220935	9639.28964384594	75551.6933329975	20429.8293057507	7495.13549086006
223_1_A_AH	Sample	14	26042014	1e+06	5432690.37480674	937251.417452429	67569.8760504653	5443.53392333251	283817.992780832	15838.8111722551	192260.971758069	17312.1844321612	6672.5258686379
QC14c	QC	14	26042015	1e+06	6014390.54021269	233741.448042145	170753.915193586	33719.033588481	144777.958721171	6529.782579697	87026.9917152693	213871.669212992	23403.1638902119
238_3_A_3-6	Sample	14	26042016	1e+06	6071677.79205171	227116.162389112	27554.5334508318	4123.8584868316	132993.726129371	5053.28543380358	75137.7369529982	549422.397725913	49734.3020397075
238_3_A_BL	Sample	14	26042017	1e+06	5680862.42942852	4311.96036962837	735.976557986998	0	4507.91658142055	318.863570810044	216.742039070855	235.891081334727	59.7952907072404
238_3_A_0-3	Sample	14	26042018	1e+06	5368678.44761055	11453.3714258365	52664.8320613113	12393.9321943752	11293.7128929499	773.663771976279	3374.95166317688	15384.6011535876	2626.9107657827
238_3_A_AH	Sample	14	26042019	1e+06	4952863.51735374	15933.3456983067	3625.36713419831	199.980186192179	16790.6494899111	832.618100747393	686.555684721507	740.512999434511	146.848079398206
242_3_A_3-6	Sample	14	26042020	1e+06	5632167.56844492	385631.746276445	91865.4635311648	18813.3473415107	309611.98832981	8576.81484203288	184997.393740901	228811.736396956	24219.9211744806
QC14d	QC	14	26042021	1e+06	5769002.6588159	230830.079085538	161360.268655097	31387.3869766234	142579.670391576	6345.82888897723	83732.2298395659	187791.703046088	21074.3197866692
242_3_A_AH	Sample	14	26042022	1e+06	6329174.01560917	71284.1432517365	9751.19786029622	263.686192643121	41385.9438682715	2686.98921557575	14890.2395801088	5988.70504599448	1530.81792977882
242_3_A_BL	Sample	14	26042023	1e+06	5538076.36263767	22131.692800732	3069.68668129741	81.4202979225005	15545.2395065891	1039.25603987226	5065.11521010536	1549.87930864273	385.402955969754
242_3_A_0-3	Sample	14	26042024	1e+06	5267182.10812184	68299.8071913707	236606.453472081	45706.5209027546	71786.7773499668	2651.11702733874	33393.635498058	38988.9533164593	5956.61791448811
164_2_A_0-3	Sample	14	26042025	1e+06	5889592.84649912	137009.779930695	908622.575935938	148389.29198979	95736.802960118	10421.5756796081	40674.3064844696	587605.332361706	52542.4406592157
164_2_A_AH	Sample	14	26042026	1e+06	5762714.83405165	427278.247347681	56089.3040013786	2990.77241349895	171479.981158799	45576.4400868998	85664.379276316	22659.2355476639	4652.12028218327
QC14e	QC	14	26042027	1e+06	6165186.02545147	237559.535957533	167484.223789053	32352.0149924217	146727.8548653	6531.18747847859	86097.1550637739	228411.960924577	23978.6017856302
164_2_A_BL	Sample	14	26042028	1e+06	5417014.01550694	412864.272119324	66056.4961666661	5687.32715357388	198203.962734755	33056.8933076826	88633.741117875	28456.5020034792	5293.71822381715
164_2_A_3-6	Sample	14	26042029	1e+06	5231675.69390599	864514.245618369	581909.885929352	97360.7995404432	539562.303533374	18845.185852701	364818.459066266	1022103.5908985	97056.2481352804
235_3_A_0-3	Sample	14	26042030	1e+06	5783661.04984369	164627.702045232	327509.012324953	62413.6687808975	92824.9260084528	4180.2313240453	48260.5386363741	84745.2283608755	11721.073234475
235_3_A_BL	Sample	14	26042031	1e+06	4599527.12541182	694889.364974962	72216.4672369924	6115.87679955698	245007.838413675	16903.976051182	135172.541206902	32250.2967401863	7059.96590952737
235_3_A_3-6	Sample	14	26042032	1e+06	5764820.09032492	131269.607257397	35678.1206443235	7464.70441687743	71487.0767824394	3968.65841705903	60074.0657196935	50138.6496190363	7182.70753470734
QC14f	QC	14	26042033	1e+06	5136449.27143999	211564.587413561	156905.093589787	32995.7798111399	137963.528844491	5907.23967766896	81516.404366259	160073.407992353	18637.7212210888
235_3_A_AH	Sample	14	26042034	1e+06	5834729.99361745	752588.517794729	57790.2422758304	5616.91260924801	175484.634943957	21414.9020686542	150673.416514888	18654.4417101708	4004.47278946219
095_1_A_AH	Sample	14	26042035	1e+06	5314035.05109274	153417.449923402	49686.1028174166	3520.27251341753	204962.818304941	5636.38384966162	10321.7475757107	26582.5391423912	5284.44822131538
095_1_A_0-3	Sample	14	26042036	1e+06	5684603.87695689	76502.5986850568	409265.539707823	73207.0932322302	77810.0848568503	2366.53882673429	38979.9667442132	26606.8465936635	4399.86159960478
095_1_A_BL	Sample	14	26042037	1e+06	3813705.27007843	124728.362094208	39553.7539069353	2484.99006182036	194883.111238679	3292.49711265436	9221.58528888826	25223.7008683166	5010.07718899009
095_1_A_3-6	Sample	14	26042038	1e+06	5843917.25966818	987026.651503781	26105.0209564292	4057.74316487903	496440.825287279	12554.4209893674	403556.326280545	71312.6873297783	11504.5462319567
QC14g	QC	14	26042039	1e+06	6182239.48900634	233649.46155829	168974.55723405	33860.0049928164	145935.367762223	6123.38961598539	86210.1438756945	211479.70535897	23083.2636542619
244_3_A_BL	Sample	14	26042040	1e+06	6339237.84526027	636903.968153704	39571.026196566	4384.40009450504	138253.06995045	13114.5228700365	163740.064646518	17901.1241809902	3551.00856083569
244_3_A_AH	Sample	14	26042041	1e+06	5743775.73705192	1100121.88904887	122047.774057832	12508.2572618374	333155.114669305	27108.4944397299	304569.939185181	36078.4669317636	8062.57275979498
244_3_A_0-3	Sample	14	26042042	1e+06	5673171.28677951	117513.248781035	79384.3728677078	17850.6672643227	49974.6383694974	4657.08082580172	56058.7152598282	262415.322843685	26762.3159573244
244_3_A_3-6	Sample	14	26042043	1e+06	4318117.64919138	131436.827453009	12770.9259824529	2473.52268922248	64054.2215801783	5139.25426356887	78738.052576963	139945.170928957	16913.6735117595
229_3_B_AH	Sample	14	26042044	1e+06	5125316.81006843	122122.684764442	23276.817479029	1495.38217646486	92332.7006782765	3800.62000248425	16194.896836975	10326.2727773769	2460.39990829839
QC14h	QC	14	26042045	1e+06	6380583.9877033	237533.724743169	173078.153969865	33180.761857612	148027.400447694	6136.33797043686	88172.0096844952	221831.948206248	23670.4338539408
229_3_B_0-3	Sample	14	26042046	1e+06	5511678.7411882	12588.5106997244	2835.46983048807	292.841258041877	12255.453577632	417.462503414153	1607.29401622494	1404.0318248293	325.785476937887
229_3_B_BL	Sample	14	26042047	1e+06	5537148.83427323	51329.9256318067	9701.04410545494	815.272321480792	43726.7219867995	2162.30838093748	6699.54144220084	5485.64521995201	1020.99144300166
229_3_B_3-6	Sample	14	26042048	1e+06	4351112.04044866	11217.2721158882	2669.10541224215	343.4307210536	11951.4136036075	546.468546702364	1155.42039006818	871.776358357449	202.581414355016
Std_0_2	Std	14	26042050	1e+06	5477979.08277317	214211.082923873	157548.78351296	32091.5047621209	139481.014797053	6180.82999054075	81624.1927614551	177983.085121108	19644.1793596533
Std_1_2	Std	14	26042051	1e+06	5397988.63398359	354426.636675782	366110.377327752	72707.4159009569	180528.219539627	9209.20738645006	219747.42857811	351403.427511707	32408.6411297032
Std_2_2	Std	14	26042052	1e+06	4638064.33987791	446961.63943469	438221.293507299	81208.7804622426	216860.219441406	10417.5729803687	246226.966032027	354013.797654093	33096.3710553585
Std_3_2	Std	14	26042053	1e+06	5212296.51382646	572174.561905185	536492.839575834	95516.2130722769	248714.29322727	12101.6816973566	297649.203277963	534623.725634648	47253.9123123625
Std_4_2	Std	14	26042054	1e+06	5419628.71465658	863838.871424526	831401.645191123	143664.261919216	320214.551697825	15391.6935648741	407664.792577566	734248.297421164	65045.9904520749
Std_5_2	Std	14	26042055	1e+06	5454309.44190347	1022263.29083532	989459.685779798	171787.936347915	355878.774786595	17327.8548250682	477782.231049713	810286.936087852	73959.7749580518
QC14i	QC	14	26042056	1e+06	5302323.87075442	215003.855415952	158323.335607292	31667.7539185318	138031.586541148	5991.00603606037	82912.7611146405	181553.655177019	20533.7001965621
QC15a	QC	15	26042101	1e+06	5862327.9729339	187552.477826376	145274.494933059	29978.8828170653	127107.628679829	4818.31703613135	76341.3043136314	174800.574452333	19835.0433455094
Std_0_1	Std	15	26042102	1e+06	5755864.857434	186256.804486057	144333.000345305	30456.8602024027	126267.554971487	4583.59164297407	76614.1313086564	174166.513540551	19462.1173018987
Std_1_1	Std	15	26042103	1e+06	5405971.03996521	375135.624616716	360465.043098439	70950.0816272431	178868.405194748	7531.811802552	185740.869146805	352916.971312198	33654.7913453501
Std_2_1	Std	15	26042104	1e+06	5638233.90186199	520602.80076292	506410.354083937	91782.004194326	234866.125222729	9652.67221628813	245419.748210492	475957.955971038	43565.4177654713
Std_3_1	Std	15	26042105	1e+06	5745786.95777697	613404.36735327	575750.789211993	102003.64177931	259002.198775391	10406.4370358304	295055.236970707	586287.603008372	50006.7177087012
Std_4_1	Std	15	26042106	1e+06	5665793.71284102	838620.99896771	813276.041169577	139551.464547562	317198.987554927	12856.021858765	402428.652251524	752243.082037791	66553.8477705691
Std_5_1	Std	15	26042107	1e+06	5750929.35598928	1021169.84466064	1000289.33527814	173399.943935633	361612.420112318	14110.9854912693	478734.878676184	844196.930453774	78868.2943470243
QC15b	QC	15	26042108	1e+06	5740264.93927691	186839.749397985	143335.650402418	30024.7748011728	127108.338049494	5033.21042541021	77080.9496564193	173028.991858418	19442.797433772
QC15c	QC	15	26042114	1e+06	5375787.34384105	183190.185212142	132308.026044643	27150.0444246604	124113.633488396	4865.60912037442	73706.9579369198	134031.214835488	15387.6520573778
QC15d	QC	15	26042120	1e+06	5123697.41562305	182676.922325456	132068.659139625	27278.3436238084	123814.704918971	4845.67349681647	73963.3399421661	123312.980522393	14468.5442826692
QC15e	QC	15	26042126	1e+06	4971896.20071118	179957.16034794	132360.69019642	27933.0620000385	124297.898252889	5125.55108598159	72800.1826077226	121750.710956491	14165.587796211
QC15f	QC	15	26042132	1e+06	4843949.57234015	183671.283167891	133559.115386576	26912.4656654463	122524.166955418	4570.94683349434	73240.4709258373	107656.859734329	13019.5328189462
QC15g	QC	15	26042138	1e+06	3537742.83498257	156975.264284226	112393.769486287	23678.8046867545	113226.083251426	4188.0393697187	66182.3715177672	54477.6387098191	7258.3978151889
QC15h	QC	15	26042144	1e+06	4289336.92587145	170091.89411837	124704.103974645	24985.7659951997	115527.102176948	4226.65306868636	69152.5443365184	95105.5651594645	10930.5249328703
Std_0_2	Std	15	26042149	1e+06	4593090.18832516	172966.108502944	127042.824593477	25751.6512518157	117007.474761395	4302.19594774824	69365.0499179247	103681.247518164	11597.3107887323
Std_1_2	Std	15	26042150	1e+06	3729497.36493006	319434.759206024	344225.132033771	67901.6006602771	177038.34822047	7432.57056523731	212533.601625309	221826.518499156	21585.8263132497
Std_2_2	Std	15	26042151	1e+06	4477958.43315582	457366.039052469	456774.191409292	83626.0738145447	220970.667448051	8747.86340253447	264000.965791394	343407.355669477	30592.7745944129
Std_3_2	Std	15	26042152	1e+06	3433751.8027204	569280.440287173	546837.036496816	95656.9223263926	258347.18037095	9771.60040024554	307087.834203991	336522.669273697	31236.3566182978
Std_4_2	Std	15	26042153	1e+06	4923660.97166166	725080.899913159	715532.42033346	121962.902431059	284142.753607294	11078.9578860772	365954.175166959	578552.962817069	47163.7393097966
Std_5_2	Std	15	26042154	1e+06	4655276.39336112	933913.898384642	942050.896295812	161165.004303206	338148.990167746	12549.0707635574	454250.893604524	679888.459969528	55366.1190639602
QC15i	QC	15	26042155	1e+06	4025686.29465315	168941.505525713	127116.792144574	25818.2133229774	115515.989002538	4449.87846758291	68947.1855023032	102274.809196785	12018.8910897346
QC16a	QC	16	26051902	1e+06	4440405.99016855	330497.901897897	173638.966562657	26336.6144583127	198689.417993974	13563.6935182407	95292.2137000563	114027.766373534	14219.5551013992
QC13k	QC	16	26051903	1e+06	4694585.43521746	238560.135864705	167990.206679858	30499.581763752	144434.80150375	6068.31646989753	83329.9486033003	188120.81595707	17566.3249618356
Std_0_1	Std	16	26051904	1e+06	4250702.22001537	306220.103594077	163788.155700263	27053.1758953215	191621.923248577	12919.6955818178	89323.6066695788	101608.882447233	12648.3947609002
Std_1_1	Std	16	26051905	1e+06	3712619.71972866	394214.40043119	332015.594033396	57923.2647516216	212578.417957813	13640.4359901243	190781.248722332	171166.34058346	19990.7627372364
Std_2_1	Std	16	26051906	1e+06	3869523.22530483	531371.221436153	441581.359868981	74883.2749462847	260374.236675658	16139.2955439878	272226.905218701	275136.267014252	28572.8290511105
Std_3_1	Std	16	26051907	1e+06	4135244.73011277	596444.109004575	512995.318351981	86430.7177782192	284148.211557199	18121.3597623221	359859.061500928	407117.330345595	39383.4680447734
Std_4_1	Std	16	26051908	1e+06	3954108.96986255	767085.216962964	735622.063153796	121363.847150884	341510.94480194	19502.2998958855	488110.928870628	458115.433731958	45131.8188450585
Std_5_1	Std	16	26051909	1e+06	4157956.96750213	952995.177354772	939377.832051091	159430.589946552	385954.73482716	23680.9807646635	612804.300168533	668418.855639358	60612.0455685794
Std_6_1	Std	16	26051910	1e+06	5102215.16362006	1992129.711207	1929230.02065496	433262.338833843	801185.111117865	33573.4214412067	1414044.45895915	1365084.37778191	178518.529109302
Std_7_1	Std	16	26051911	1e+06	4868184.7694614	4450673.93707606	2711294.334934	975146.18536472	1873733.07341346	104672.771035839	2132618.51685457	1982933.95340263	666737.583929311
Std_8_1	Std	16	26051912	1e+06	5402236.71216377	5783858.08719643	3332570.55746201	2198790.43585036	3055763.69736374	201057.739013488	2522683.99600475	2243203.23422827	1250295.67829831
QC16b	QC	16	26051913	1e+06	4792416.96266742	310185.433652214	171019.058423662	26483.4892917236	185575.472464004	11824.3517516248	97196.8488162072	144956.448856054	18181.0464541094
QC13l	QC	16	26051914	1e+06	5943612.30076746	237964.517666546	174989.412663194	32031.0068095446	143146.064249223	5462.08357531491	85315.324546194	226480.64225942	21071.3745641023
QC16c	QC	16	26051920	1e+06	5072883.24755464	295841.564005491	163857.53465252	24854.5491698577	180908.411077498	12387.9485335055	84053.6349466316	87353.0631884583	7986.12784701069
QC13m	QC	16	26051921	1e+06	5511553.12227575	214740.721740976	156428.495130492	28953.3951659003	129722.503746241	4400.70481779142	74988.7916848642	153286.806638167	11875.5499715457
150_3_A_BL	Sample	16	26051924	1e+06	2499695.64706265	1291725.44274965	345614.922494664	13589.5998038766	691787.961685565	42900.5083303917	226877.945458802	158010.613151302	29309.246474351
077_2_A_BL	Sample	16	26051925	1e+06	553393.762022337	1115004.2302543	224114.633447369	15749.0567504813	845899.00707574	18761.8658556722	157196.550137936	136320.689418239	27633.2041452894
193_3_A_AH	Sample	16	26051926	1e+06	5073894.38801115	339921.58913856	43105.1185914522	2070.90608538187	158415.255518202	7172.37157785278	61798.1313039083	9552.84825953967	2073.26787542079
QC16d	QC	16	26051927	1e+06	4900822.97298786	288834.851298394	152268.830950504	26748.6623940141	177259.605708203	11912.0821652275	84366.8978317236	70054.9027708536	7366.26132581349
QC14k	QC	16	26051928	1e+06	5805992.83399553	213909.259102481	154321.459598929	28071.2539847195	127562.042082749	4816.16281931376	74151.7159013941	191800.424365566	14732.952736096
177_3_A_AH	Sample	16	26051929	1e+06	5269573.36930851	517662.73088946	915266.104587433	118796.463537486	420553.646407792	16440.627590563	61552.9480875291	59776.3971125155	11446.0062362462
144_3_A_AH	Sample	16	26051930	1e+06	5247472.77186399	764298.559436878	72486.7691127617	4340.23139309708	212159.233449164	28469.6374079217	174339.440358911	18946.0851604388	6321.44049232623
124_2_A_AH	Sample	16	26051931	1e+06	823077.279693512	240371.385246999	59192.7031789101	8274.74650347145	150774.224677607	8909.0053848551	48391.4337135486	18291.1618176579	3963.0627191775
124_2_A_BL	Sample	16	26051932	1e+06	1256185.13527836	384489.039822627	118275.419195497	10239.2375962025	303654.31601031	10044.7674551399	51394.7134720709	43758.6211698774	7475.45337500264
007_1_A_0-3	Sample	16	26051933	1e+06	4599368.64500007	45621.8410075835	589871.106765476	93649.855498017	49807.1837336119	1394.72145538045	24330.1124383704	56655.8055392238	5619.47925806732
QC14l	QC	16	26051935	1e+06	7925595.74442681	273993.261639952	193542.228901586	35251.0639755257	156059.180634796	6167.7188120049	93293.2363553827	273543.422504612	24144.5302800963
007_1_A_AH	Sample	16	26051936	1e+06	6334481.91707547	198958.310952562	30507.0164373316	1608.12490698778	90301.5498546554	3760.81941832196	25523.3568655031	9438.3516042531	1691.0312818913
007_1_A_BL	Sample	16	26051937	1e+06	6579606.44318869	33171.3785193543	5488.82335573701	494.494328281529	21715.06905051	975.591626323543	3978.09733043451	1690.05639150083	400.074676940082
007_1_A_3-6	Sample	16	26051938	1e+06	6191482.75111098	195596.619900422	27775.2444756302	5550.28791009725	140651.525008389	6718.99402084427	137994.712448271	104131.333438195	9667.65319171903
209_3_A_AH	Sample	16	26051939	1e+06	5795870.97349048	639070.658900447	149944.599603859	8301.56477148523	601233.298152207	72921.2587423135	128073.165551486	51502.4513856529	10952.7534349767
209_3_A_0-3	Sample	16	26051940	1e+06	6826207.51120482	65475.4461947844	128228.738789656	24157.4613033955	51524.3021491679	2616.60795450878	12563.7183520612	66403.7874557795	5021.01392301723
QC16f	QC	16	26051941	1e+06	6406123.28660379	352107.33678	192278.399677294	29458.5555114165	201004.54227143	14644.9445876216	99551.5521464597	139774.539108581	16679.7267712837
QC15k	QC	16	26051942	1e+06	7576011.09118899	208648.131250295	155888.015596339	28762.3459755754	127691.193245483	4735.68451049942	77725.6991033256	222563.771518335	18626.2398659365
209_3_A_BL	Sample	16	26051943	1e+06	5198270.72329754	377939.133978952	97472.6600412142	4928.62204648915	324712.621317419	16951.3531461097	45778.3687879722	42328.6408012037	7938.4977268726
209_3_A_3-6	Sample	16	26051944	1e+06	7027886.13255528	278723.338986319	49223.4943705056	9414.49018302163	158788.471006305	6526.22853026046	93738.6286092561	272594.073774916	22029.6959469237
027_1_A_0-3	Sample	16	26051945	1e+06	6538830.76327341	103752.139852771	1606968.98072685	314145.861317934	89040.0110230465	2490.91876104307	20982.257107651	389500.142598604	31511.0067380308
027_1_A_AH	Sample	16	26051946	1e+06	6741018.54201415	372898.404392664	78820.0313743344	2949.81840251746	206418.848167178	11048.1634161541	27439.7168074717	49551.3830830212	8004.83221054312
027_1_A_3-6	Sample	16	26051947	1e+06	6534777.93824314	573073.190167916	216393.157177645	39884.4708104237	363738.485739275	10601.8140065159	253055.767818422	276746.943350946	24353.9380654544
QC16g	QC	16	26051948	1e+06	6186527.40285048	316794.880776678	165620.327258221	25379.4289066689	181410.580461572	12162.1663444428	89393.630768411	124193.307005068	14455.3036911732
QC15l	QC	16	26051949	1e+06	7407201.87742678	190215.917506142	141485.981257159	26875.3777503196	118796.664418228	4306.36889259662	72455.3908365654	200951.007818832	17912.616628406
027_1_A_BL	Sample	16	26051950	1e+06	6103924.51974299	184413.699725455	38701.2664290285	1581.41015537413	120810.205187417	5135.5370132779	11921.4016842609	29413.297590726	3681.30091141466
Std_0_2	Std	16	26051953	1e+06	6054564.21489968	292665.24770461	156601.191930963	23572.1188172933	167968.896014866	11472.0011222507	80531.7683963583	106079.064112145	9242.48542238239
Std_1_2	Std	16	26051954	1e+06	6727191.92409662	508766.39145799	398544.284207907	64920.4204662141	227659.930925721	13315.8276060088	187812.03295475	277087.74574795	26086.6514206827
Std_2_2	Std	16	26051955	1e+06	6975560.62754906	632271.103685126	476354.115408603	75537.892159274	267664.874856955	14532.9904057309	232447.585260505	394597.561697402	34571.3301194339
Std_3_2	Std	16	26051956	1e+06	7223513.61087157	776942.679203533	592521.181841038	91514.715674411	299823.042668113	16713.4589142211	309728.168546684	532089.276739822	44000.7329956261
Std_4_2	Std	16	26051957	1e+06	7458145.1689626	1040978.0328024	885738.06378373	144568.119668795	374783.048752408	19465.0698358083	444794.038295713	732316.929366959	63951.7598215063
Std_5_2	Std	16	26051958	1e+06	7282353.25375161	1147953.03782512	1032220.22526639	165608.647884187	394724.575825548	21277.6322258342	533986.088605897	768782.938562127	66998.9285408198
Std_6_2	Std	16	26051959	1e+06	6376710.24915602	2141034.74461002	1940396.0715796	422453.640145768	732482.905671599	36226.0962788133	1198390.21334421	1332788.6776721	199640.462721927
Std_7_2	Std	16	26051960	1e+06	7224860.18536456	4100111.21802011	2435040.32330765	1085743.18496948	1894095.76101694	94419.1010300939	1844012.89058684	1604083.2832585	740016.505275579
Std_8_2	Std	16	26051961	1e+06	6468691.57479464	5682163.83600954	3271634.5661419	2170290.27135408	2947513.69310642	174049.905190426	2473956.10795608	1997629.70344379	1254257.69432791
QC16i	QC	16	26051962	1e+06	6793847.82663552	320571.192185744	173958.507133583	27819.0217940606	177050.223428487	12011.2303524873	96118.4386898119	143379.268980828	16109.9207275146
QC15m	QC	16	26051963	1e+06	7605411.60644171	174606.626194606	134878.093105334	25850.149988062	110178.980259472	4161.66749509594	68777.0525067905	176418.611058402	15352.3696166577
QC17a	QC	17	26062402	1e+06	5493255.85700652	354600.171928546	180886.894529213	29840.6255259362	194688.056799685	12776.1191592186	79499.5757686471	72682.3153020759	11502.7678790499
QC10k	QC	17	26062403	1e+06	5785448.84240449	205581.749358673	151374.975860663	29982.0091309906	129231.31401264	5622.14917151795	79073.7163781053	103451.827094123	11232.4388185345
Std_0_1	Std	17	26062404	1e+06	5469965.21518257	332834.656436585	172734.417371514	26785.3415667679	187805.747682115	12137.2792804015	76680.5069103204	79077.5409078436	10408.18682897
Std_1_1	Std	17	26062405	1e+06	5344461.08960311	503050.874428302	379998.662716645	61830.2595603622	226442.953542138	13205.0079681906	162606.675271293	170017.844320799	19409.5906522683
Std_2_1	Std	17	26062406	1e+06	6167280.87185118	690933.685694413	524436.158467185	83363.8052222011	289511.012169225	15954.4921307333	231080.264728288	265240.132029617	28683.355557535
Std_3_1	Std	17	26062407	1e+06	6124429.53746354	799006.54795437	605127.808323114	97185.6487884631	311643.713476952	17045.4433228894	284126.133980036	387595.922318824	37287.6092986311
Std_4_1	Std	17	26062408	1e+06	6128012.81416536	1012824.27955782	841594.517872036	135606.027803306	368751.376201033	18724.124957149	396096.455107059	517541.542995004	48100.7305172542
Std_5_1	Std	17	26062409	1e+06	5673693.09657164	1159479.51544582	999853.078947987	160480.119790356	400691.100476307	20023.8377735921	474963.071479723	603330.24445978	53394.1633157803
QC17b	QC	17	26062410	1e+06	6044650.13947601	318857.452798453	170668.027498147	28288.3052758422	176989.803804632	10903.7841020875	71380.4597186381	87082.5062262632	11020.7901540424
QC10l	QC	17	26062411	1e+06	6262602.53566915	190634.216370633	144712.767084459	28478.3771893467	119876.514590444	4781.4030051461	71412.8700872342	147552.161279572	13531.0518284061
116_3_B_AH	Sample	17	26062415	1e+06	5407119.45254965	103225.318535287	12502.7343508842	1426.51499219482	51173.6047627558	5119.95137851434	10686.7471567595	1266.25301140991	364.144584863957
116_3_B_BL	Sample	17	26062416	1e+06	5162078.2090447	202551.917608011	35102.1394657721	3828.64935539733	117590.615438081	11490.0943364746	39713.2115826716	4629.29560349087	992.198590635896
116_3_B_3-6	Sample	17	26062417	1e+06	5282784.09734956	16399.8042403655	3216.78944865295	353.218834153588	9760.37117457036	695.490369748652	1623.29901437529	603.059973226872	165.247056986504
116_3_B_0-3	Sample	17	26062418	1e+06	5283654.24331335	12629.1033394913	625.108262628545	0	5235.07982699704	291.26197344522	964.215548636879	0	0
QC17c	QC	17	26062419	1e+06	5781559.38728789	281276.202901916	148144.328683941	22011.9659125537	149038.279746679	9036.55640668481	54983.3601613192	59095.1786129546	4640.17643173058
QC10m	QC	17	26062420	1e+06	4093843.10585069	226887.283087061	130192.482604487	27613.5736194975	172146.522816608	5570.5267866026	78755.9007868793	313260.684144591	51880.2389297698
154_3_B_3-6	Sample	17	26062422	1e+06	2543375.20053026	27833.6766506274	7333.14845007786	237.364497457989	36504.122388991	805.140682611498	2192.09327860327	3122.13003096854	960.92516693877
154_3_B_AH	Sample	17	26062423	1e+06	2869184.12391731	275858.111336265	60494.192447284	3641.06772036091	224200.060721237	9516.94477176151	45726.8361225509	38818.330749857	9314.77982145777
154_3_B_BL	Sample	17	26062424	1e+06	2499500.6292367	116980.647429882	33111.6785659616	2436.32199170904	143020.607178221	4365.65300043944	16391.798000233	24357.704676612	5513.96492810123
154_3_B_0-3	Sample	17	26062425	1e+06	2431896.98155536	31173.3352722213	7922.15852787971	657.334473463313	36024.9787413489	1305.91975914317	3600.4344192244	4843.02952664608	1551.96352638217
QC17d	QC	17	26062426	1e+06	2315121.41945277	400363.028182392	193158.453430592	42158.8296283711	309795.825797107	16981.8358280133	113113.943931634	153984.041448694	30567.0978999487
QC11k	QC	17	26062427	1e+06	2911423.23411661	309552.495742518	195540.910322431	51911.22917463	234189.967430091	11354.5729998855	125908.815358155	261097.201268358	48590.4179981066
102_2_B_BL	Sample	17	26062429	1e+06	2785226.72085537	235698.233303059	47037.532357245	4222.00339932351	207309.90442414	12901.0889099221	49963.4991005735	45651.511045381	11265.2851646702
102_2_B_0-3	Sample	17	26062430	1e+06	2843606.22492175	43198.0565684378	8697.28809532279	689.73547247361	44259.3369273052	2725.38457665937	7817.34976541911	7338.48837022914	1841.2887242097
102_2_B_AH	Sample	17	26062431	1e+06	2876131.62725735	280842.850301086	49819.9712610284	5092.06293413387	213456.971277333	22126.0079854036	62914.3922791846	43924.853470791	12041.0899318667
102_2_B_3-6	Sample	17	26062432	1e+06	2980083.38169173	65788.4947647584	14701.5811013689	1224.13623095054	71618.0552516273	4017.96603466811	10013.485421029	12600.3866528488	2850.0029400953
QC17e	QC	17	26062433	1e+06	2714677.11563511	387385.539326118	194939.640160223	42888.0898085579	292486.276477258	17591.0145084538	110532.817139153	160667.981042063	31361.2504463269
QC11l	QC	17	26062434	1e+06	3519887.84337751	293455.112488473	195163.988640863	50638.0095676731	221330.014014645	10907.8653105525	123394.190776485	257049.485364659	46394.9780079274
145_3_B_0-3	Sample	17	26062436	1e+06	2377503.49231229	35437.7963278396	7661.00187136538	1058.69255090062	38130.1337607839	1611.55772674466	4126.91129697774	6016.92848601267	1793.48738012097
145_3_B_3-6	Sample	17	26062437	1e+06	2595599.54292314	47732.1757584293	10818.5490567392	926.757458906965	56575.1279124514	2086.6367872758	5125.52111255276	9822.39368583384	2666.93809544668
145_3_B_BL	Sample	17	26062438	1e+06	3038388.56104411	126576.8267073	30204.1510011034	2804.00775848801	143416.34328899	5010.39157038665	16783.5445764381	30475.8991316903	6516.02641893098
145_3_B_AH	Sample	17	26062439	1e+06	931168.193563968	1012333.2696933	190352.009946847	15300.2022650096	763948.956198353	61579.8471516811	224225.167425646	105914.005998331	34559.697290419
QC17f	QC	17	26062440	1e+06	2822620.33384176	373458.861749005	196787.838706612	41513.4969016638	286996.527217688	16795.9472305739	111594.12242286	157165.253284813	30904.8990883644
QC11m	QC	17	26062441	1e+06	2750343.59879546	291601.320572169	202228.333914949	52862.5020528427	225481.50825673	11845.8695291457	125485.471648442	236389.183391837	43526.5137175027
035_2_B_0-3	Sample	17	26062443	1e+06	2624955.32068015	29276.0756668564	7695.36770421067	711.526269982706	33316.8641330138	2083.31144367947	6650.01791042211	5199.1166842147	1520.25942430515
035_2_B_AH	Sample	17	26062444	1e+06	2267324.82934429	455091.452954373	73688.2240763014	4470.72794249639	305452.203997981	44360.3609762735	150473.33838401	45684.4895823614	14928.5078934343
035_2_B_3-6	Sample	17	26062445	1e+06	2659508.66923312	47008.2869728584	11844.8346227624	846.871683363976	58969.2459244151	2128.81756977122	8788.23013958272	9676.02024557026	2484.12872638759
035_2_B_BL	Sample	17	26062446	1e+06	2716228.08776715	324337.672874516	88620.4208247302	5456.26563942646	365342.513771054	20749.4955618205	104401.466486377	76663.3189037781	18833.6830990746
Std_0_2	Std	17	26062448	1e+06	2684992.1415986	381971.170022809	200522.926263926	45494.3348792581	292508.355248158	17110.3753393977	110301.980044859	164005.736557082	31384.361621575
Std_1_2	Std	17	26062449	1e+06	3325182.33792315	556311.667313706	420842.923731507	94376.619064536	370431.445277327	22306.0985299889	270580.208619484	315225.586910395	57605.6668166209
Std_2_2	Std	17	26062450	1e+06	2788676.86324299	624314.20065891	440510.935449935	109978.258691609	363456.183025223	21364.4313343516	266631.21057221	313252.504631288	56079.0598153437
Std_3_2	Std	17	26062451	1e+06	1995282.87254313	774578.955064194	530063.174017901	127375.258113712	427657.361065929	23790.4484855243	321974.762662054	659192.206348617	119999.609250577
Std_4_2	Std	17	26062452	1e+06	2604421.02276237	948086.647934957	710459.061419159	170992.09438776	476301.211464123	26842.7296488564	395588.569259359	482913.738641147	90381.8276488335
Std_5_2	Std	17	26062453	1e+06	2700383.61640311	1204344.16759629	945053.927775925	215658.111154466	587815.410112348	32384.7022118213	513056.09046603	685199.707502306	116268.846699762
QC17g	QC	17	26062454	1e+06	2647790.16089744	372586.632777444	202126.823712362	44160.1373116795	283504.152524053	17137.883755068	111984.786874607	159540.131381745	31537.5103921792
QC12k	QC	17	26062455	1e+06	2806439.73221833	283936.210507363	198516.613381933	52945.413413831	222889.552177652	11402.1639633492	120087.827633063	226348.949926926	42087.2685313859
