Type	batch	Name	injection_order	galactose_ion_area	lactose_ion_area	galactitol_ion_area	galactonate_ion_area	galactose_concentration_ug_per_100ul	lactose_concentration_ug_per_100ul	galactitol_concentration_ug_per_100ul	galactonate_concentration_ug_per_100ul	batch.y	closest_standard	injection_order.y
QC	1	QC1a	26022402	213019.03099491	639034.153881992	178860.31664115	2816124.41150912	0.578762893288481	1.68827859578064	0.363111885136132	1.2975119627257	1	1	26022402
QC	1	QC1b	26022409	254797.888390103	904179.088469272	204535.331575774	3403233.01451484	0.671523978493932	2.295743308367	0.411154650292705	1.52173541899742	1	1	26022409
QC	1	QC1c	26022415	212313.400188572	525826.782788676	175879.205792625	2718925.73214674	0.577196189854465	1.4289129652401	0.357533667995224	1.26039068104101	1	1	26022415
QC	1	QC1d	26022421	204268.428988563	478711.973134111	172064.985987918	2621054.8863073	0.559334038865022	1.32096979691248	0.350396547849445	1.22301269133006	1	1	26022421
QC	1	QC1e	26022427	222847.820084572	589902.200706696	183824.660746021	2854817.74293146	0.60058563328322	1.57571401723836	0.37240110341289	1.31228938629225	1	1	26022427
QC	1	QC1f	26022433	209346.817865856	524173.883117863	174424.860697188	2693760.88148512	0.604704308812878	1.67170649433508	0.414214031898462	1.37100885348488	1	2	26022433
QC	1	QC1g	26022439	210016.004814194	550820.671293262	174834.190846652	2690839.16517113	0.606267905307927	1.75177977481784	0.415155236095201	1.36971831929143	1	2	26022439
QC	1	QC1h	26022445	203088.955442394	508073.586253589	169282.695585086	2586269.002575	0.590082428072191	1.62332529438774	0.402390257397182	1.32352924549323	1	2	26022445
QC	1	QC1i	26022456	202944.744718538	516315.755032446	169295.566460241	2640873.63059463	0.589745470839343	1.64809291321187	0.402419852387258	1.34764833578348	1	2	26022456
Sample	1	113_2_A_BL	26022411	21924.2988574442	70968.8227006141	82628.0034243679	2913500.64952386	0.154477600791336	0.386803070051594	0.183043190488058	1.33470105608018	1	1	26022411
Sample	1	113_2_A_3-6	26022412	319219.43974048	1081788.19733283	301993.088760714	5251082.22952893	0.81455835967275	2.70265761143096	0.593516380287581	2.22745006112371	1	1	26022412
Sample	1	113_2_A_0-3	26022413	63886.616653197	36334.5331177238	15974.1070953254	445665.984681728	0.247646020876415	0.307453604824765	0.0583212576572296	0.392206915770884	1	1	26022413
Sample	1	113_2_A_AH	26022414	75862.1005009267	145394.090394392	234644.877578667	7815464.4241325	0.274235040941468	0.557316317529387	0.467495254232812	3.20681680167558	1	1	26022414
Sample	1	137_3_A_AH	26022416	150001.302070712	217694.382410174	367075.930740187	4190151.77917498	0.438845401843058	0.722961104135029	0.715298575970962	1.82226864967033	1	1	26022416
Sample	1	137_3_A_BL	26022417	53428.4594448204	103401.457882817	157179.743263202	1307331.78682023	0.224425902558632	0.461108398343242	0.322543468801856	0.721286890612878	1	1	26022417
Sample	1	137_3_A_3-6	26022418	90762.7524110211	3636690.91753162	1101166.92417387	14747367.4065726	0.307318775816611	8.5561099846679	2.0889204138118	5.85418942967952	1	1	26022418
Sample	1	137_3_A_0-3	26022419	194027.5782315	288776.934947524	119195.910784825	1126994.43797581	0.536596403398677	0.885815968453746	0.251468599005214	0.652414005007449	1	1	26022419
Sample	1	142_3_A_3-6	26022420	9443.88889134498	161385.268313956	57634.3333163266	848466.511338534	0.126767499451957	0.593953171685949	0.136275349205046	0.546041020419796	1	1	26022420
Sample	1	142_3_A_AH	26022422	122630.391290854	187388.841191733	324415.005295106	2146479.74206832	0.378074103983359	0.653529089849369	0.635471988615948	1.04176704349397	1	1	26022422
Sample	1	142_3_A_0-3	26022423	167949.81876283	369031.492799719	92869.2938520047	1070412.70377181	0.47869627355169	1.06968450810854	0.202206564381629	0.630804796864155	1	1	26022423
Sample	1	142_3_A_BL	26022424	15301.4059987615	25476.2808425704	52307.7303079003	305412.746809678	0.13977287292002	0.282576625342643	0.126308276622314	0.338642608268027	1	1	26022424
Sample	1	107_1_A_3-6	26022425	44984.7796325852	331056.313795774	660561.840949871	15071622.3638461	0.205678503722387	0.982680842604028	1.26446572141836	5.9780260876009	1	1	26022425
Sample	1	107_1_A_AH	26022426	37011.5242955339	49952.4254976563	165419.597378726	3139137.24453413	0.187975582584813	0.338653103670498	0.337961780230478	1.42087423926226	1	1	26022426
Sample	1	107_1_A_0-3	26022428	265623.89609727	186004.645309381	211117.419015311	3232247.71201614	0.695560830767323	0.650357804849544	0.423470969558843	1.45643418630955	1	1	26022428
Sample	1	107_1_A_BL	26022429	82042.8879384358	97407.4432121709	317091.708891884	5398935.32362798	0.28795816756277	0.447375711332607	0.621768728455522	2.28391684019939	1	1	26022429
Sample	1	112_1_A_BL	26022430	106434.354493598	351914.72378285	325630.516593293	2309560.2720358	0.364243003604613	1.15406977615493	0.761892789709278	1.20130585348375	1	2	26022430
Sample	1	112_1_A_0-3	26022431	1016013.30024793	211227.194418324	206345.325241245	2986756.12728323	2.48953019739074	0.731305429282107	0.487611203423895	1.50042606671959	1	2	26022431
Sample	1	112_1_A_3-6	26022432	6600.39744407919	37380.9889639217	72631.6719308699	1581094.90210054	0.130974817909773	0.208899656451893	0.180153148301667	0.879539683325554	1	2	26022432
Sample	1	112_1_A_AH	26022434	19370.3690896608	56183.2583377371	67286.4984832538	481719.336999505	0.160812642685784	0.265400251546942	0.167862581169526	0.393940944185091	1	2	26022434
Sample	1	126_3_A_AH	26022435	37668.6324837545	80481.4267687218	95048.409622507	2360721.4090722	0.203567661413423	0.33841595772453	0.231697672007543	1.2239039395487	1	2	26022435
Sample	1	126_3_A_BL	26022436	86367.7902793875	259168.028247614	243827.004742523	3062011.97582589	0.317356241167097	0.875367062846402	0.573795702888792	1.53366688662257	1	2	26022436
Sample	1	126_3_A_0-3	26022437	433928.054608956	732531.858285175	112441.559476014	1397217.31450547	1.12945219204244	2.29781972331302	0.271691075029714	0.798320191527818	1	2	26022437
Sample	1	126_3_A_3-6	26022438	75534.5100352245	449324.658492723	95272.2143613055	1675533.30448081	0.292043615059066	1.44678546753537	0.232212283402973	0.921253516685208	1	2	26022438
Sample	1	047_3_A_3-6	26022440	21563.8503102275	1736282.19770342	147264.797183981	2550142.7077102	0.165937846572308	5.31407751520318	0.351762815451751	1.3075721114682	1	2	26022440
Sample	1	047_3_A_BL	26022441	53039.0238154093	122886.553703404	216938.266834755	2933751.32082947	0.239481526848772	0.46584285812982	0.511968366209687	1.47701362423915	1	2	26022441
Sample	1	047_3_A_0-3	26022442	305476.4531964	352407.873747959	66756.8302220329	843428.131277511	0.829317118800366	1.15555168591517	0.166644674325885	0.553709216296247	1	2	26022442
Sample	1	047_3_A_AH	26022443	84583.1961455297	159051.561335194	352784.070517895	7230862.31796765	0.313186427126768	0.574518274495185	0.824329038159807	3.37506534413994	1	2	26022443
Std	1	Std_0_1	26022403	0	0	0	0	0	0	0	0	1	1	26022403
Std	1	Std_1_1	26022404	221760.568175431	240651.38794063	37504.375649115	2025641.20946503	0.6372	0.856	0.11585	1.0385	1	1	26022404
Std	1	Std_2_1	26022405	302716.899091208	369267.759464811	67843.0341473972	3083536.9635622	0.8496	1.284	0.173775	1.55775	1	1	26022405
Std	1	Std_3_1	26022406	408720.870625844	790506.983672326	107508.598344211	4545843.46987589	1.062	1.926	0.2317	2.077	1	1	26022406
Std	1	Std_4_1	26022407	709029.21129479	1034304.91296939	164235.513799576	7245634.64772245	1.6992	2.889	0.34755	3.1155	1	1	26022407
Std	1	Std_5_1	26022408	1037426.88438699	1695112.78188975	243739.254791405	10882590.164737	2.3364	3.852	0.4634	4.154	1	1	26022408
Std	1	Std_0_2	26022450	0	0	0	0	0	0	0	0	1	2	26022450
Std	1	Std_1_2	26022451	194279.311751342	215012.059879456	28522.7591612062	1744642.74013744	0.6372	0.856	0.11585	1.0385	1	2	26022451
Std	1	Std_2_2	26022452	284350.006902297	380319.536693858	70721.7322805458	2933187.57501472	0.8496	1.284	0.173775	1.55775	1	2	26022452
Std	1	Std_3_2	26022453	404045.625236785	658213.147155575	111027.148985176	4252752.36666838	1.062	1.926	0.2317	2.077	1	2	26022453
Std	1	Std_4_2	26022454	645281.686199474	858766.094172437	136879.648200982	6128681.17783954	1.6992	2.889	0.34755	3.1155	1	2	26022454
Std	1	Std_5_2	26022455	993305.647447926	1291223.01609265	197953.633933343	9517750.23731827	2.3364	3.852	0.4634	4.154	1	2	26022455
QC	2	QC2a	26030202	189082.406549788	506182.046780929	157052.371903895	2496058.76046467	0.531696487047798	1.4026769489177	0.336860510900433	1.15380520709926	2	1	26030202
QC	2	QC2b	26030209	192608.938898998	513246.087160955	157431.606368767	2536652.84005873	0.539180312503292	1.41960410709049	0.337637524401719	1.16883045757206	2	1	26030209
QC	2	QC2c	26030215	190565.284523486	488630.139089078	155783.312893812	2480578.72466515	0.534843374365998	1.36061831083657	0.334260335873893	1.14807551898855	2	1	26030215
QC	2	QC2d	26030221	193207.769313339	515165.200256963	155862.137818997	2523042.36037027	0.540451119589288	1.42420276864676	0.334421840264395	1.16379275580818	2	1	26030221
QC	2	QC2e	26030227	186589.614186816	477302.700782305	152494.405755921	2405743.97904865	0.526406411388785	1.3334750147063	0.327521693985213	1.12037663264354	2	1	26030227
QC	2	QC2f	26030233	178557.713220676	497466.785887612	148656.886896931	2342524.43819803	0.483565977284381	1.34685092454346	0.322016642628418	1.08883283800298	2	2	26030233
QC	2	QC2g	26030239	196586.557411042	568635.720511077	157616.876686487	2544483.12067205	0.523526936485916	1.54064238274494	0.340899267965862	1.17089613285993	2	2	26030239
QC	2	QC2h	26030245	188312.116369991	485865.994741644	150174.419832955	2389341.98499317	0.505186625960982	1.31526222303538	0.325214749606349	1.1078565417629	2	2	26030245
QC	2	QC2i	26030256	184289.556517629	469526.992758257	148705.414935593	2350288.37845622	0.496270616235197	1.27077147666311	0.322118912474026	1.09198761456844	2	2	26030256
Sample	2	010_1_A_BL	26030211	45348.6954970526	134237.509777819	163194.222327821	1423050.80813298	0.226672202829865	0.511407410431422	0.349444548334586	0.75664844423363	2	1	26030211
Sample	2	010_1_A_3-6	26030212	11580.8024452353	32881.2593417409	120327.372203702	2240556.64594778	0.155011718088751	0.268533192472123	0.261614658413343	1.05923517853019	2	1	26030212
Sample	2	010_1_A_AH	26030213	50896.8753364461	79606.5922199535	159629.505553904	1854150.25937625	0.238446264543213	0.380498449995544	0.342140800078136	0.916213023561188	2	1	26030213
Sample	2	010_1_A_0-3	26030214	1353882.41436586	75677.0499275145	140472.731054354	1535373.63904672	3.00357511620797	0.371082311305449	0.302890484492321	0.798222946850006	2	1	26030214
Sample	2	059_2_A_BL	26030216	79624.7996977456	191329.972753783	264950.3243826	2003722.84610045	0.299411187115603	0.648214832144425	0.557932627500854	0.971574928594357	2	1	26030216
Sample	2	059_2_A_3-6	26030217	51769.2484418246	1264828.74988381	336731.217938247	4969555.41535945	0.24029756985002	3.22057889310727	0.705004501482416	2.0693305042625	2	1	26030217
Sample	2	059_2_A_AH	26030218	65125.6834878943	115090.255687076	210878.79204242	2250989.9495038	0.268641908904454	0.465525934515045	0.447145464003653	1.06309689927261	2	1	26030218
Sample	2	059_2_A_0-3	26030219	429744.524926319	138100.256247888	51692.8098548973	510657.315027674	1.04241724878503	0.520663490091598	0.120989302493004	0.41894055922314	2	1	26030219
Sample	2	123_2_A_BL	26030220	9531.20564086513	21182.9706278599	38119.685275086	309418.912695602	0.150662169234767	0.240501248604609	0.0931793273191718	0.344455377393144	2	1	26030220
Sample	2	123_2_A_0-3	26030222	333437.133246745	135035.771784292	80708.0390023514	1112027.9432919	0.838038658704796	0.51332024027383	0.18043860596834	0.641528296326941	2	1	26030222
Sample	2	123_2_A_AH	26030223	22015.3950710851	33878.3075372261	79298.4118690472	1303395.83348265	0.17715547353411	0.270922362352662	0.177550420911831	0.712360065671636	2	1	26030223
Sample	2	123_2_A_3-6	26030224	16040.7793280738	195112.865817905	97944.571674305	1777033.29445204	0.164476451492992	0.657279563629849	0.21575453804215	0.887669410175313	2	1	26030224
Sample	2	065_3_A_AH	26030225	104178.140098082	137986.05242749	322417.489972077	6064135.11557332	0.351517022454566	0.520389829972485	0.675677104018146	2.4744717052114	2	1	26030225
Sample	2	065_3_A_0-3	26030226	318285.900297259	412822.722022349	98686.1305372161	1077083.0840959	0.805885491910538	1.17896530910869	0.217273918008511	0.628594014594059	2	1	26030226
Sample	2	065_3_A_BL	26030228	58708.4365441121	87058.2721087957	187898.461331334	2708399.28825056	0.255023557709453	0.398354486675067	0.40006106403341	1.23239966341934	2	1	26030228
Sample	2	065_3_A_3-6	26030229	25177.6644183064	1008811.58447654	166494.318623818	2456630.28718674	0.18386627879389	2.60709952143636	0.356206115689493	1.13921138719535	2	1	26030229
Sample	2	111_3_B_AH	26030230	32742.2680217783	50921.1576830062	109736.00209272	1642023.35069306	0.160365832282258	0.130916909216243	0.239993280680352	0.804193293976802	2	2	26030230
Sample	2	111_3_B_BL	26030231	89675.8051294337	153143.658920923	314705.453216294	3578754.10087508	0.286559099556369	0.409266552648558	0.671953745155361	1.59115874980043	2	2	26030231
Sample	2	111_3_B_3-6	26030232	5125.07345774683	6499.10392369162	18446.8400382784	161272.170166799	0.0991522806213109	0.00995662479062697	0.047607007377621	0.202509230441022	2	2	26030232
Sample	2	111_3_B_0-3	26030234	3990.42653763699	6839.28748439359	15435.4788360494	145264.613506036	0.0966373340832024	0.0108829372137846	0.0412607495499967	0.196004767121598	2	2	26030234
Sample	2	044_3_A_BL	26030235	275236.56336603	571762.118350006	892307.996654203	9284499.8269809	0.697854788342738	1.54915549593582	1.88921544721731	3.90961462485511	2	2	26030235
Sample	2	044_3_A_AH	26030236	181426.855517401	325139.049003681	585417.994972241	7949471.78496	0.489925435331285	0.877606252047144	1.24246371449518	3.36714327124668	2	2	26030236
Sample	2	044_3_A_3-6	26030237	1588474.65500808	4590168.29411707	1061833.17122482	17553759.3269275	3.60864891623551	12.4911879510768	2.24647928700571	7.26972111931113	2	2	26030237
Sample	2	044_3_A_0-3	26030238	2653559.13832176	3908517.14990807	593237.595691726	6240418.32968676	5.96941021266017	10.6350667386424	1.25894304026924	2.67269153533572	2	2	26030238
Sample	2	079_3_B_AH	26030240	72280.1479678736	116914.321628131	231068.686143803	4782619.92713985	0.248001600319204	0.31061485664117	0.495694421857274	2.08033403584775	2	2	26030240
Sample	2	079_3_B_3-6	26030241	5219.48220977281	7535.67478959442	17272.7775944802	173250.123134956	0.0993615377566071	0.0127791846714974	0.0451327432579403	0.207376316491333	2	2	26030241
Sample	2	079_3_B_BL	26030242	70925.1225561058	111642.965073503	209032.073842378	3149478.45465951	0.244998184535865	0.296261067606306	0.449253621860008	1.41672815093362	2	2	26030242
Sample	2	079_3_B_0-3	26030243	5618.4678527507	6912.93012433076	16897.9117947796	215521.859312138	0.100245890010844	0.011083464517653	0.0443427367273727	0.224552888983925	2	2	26030243
Sample	2	210_3_A_AH	26030244	38593.502796599	64542.2728509663	102857.184775775	3173180.0873517	0.173335102616303	0.168006909013136	0.225496597847968	1.42635900239483	2	2	26030244
Sample	2	210_3_A_BL	26030246	56468.4983456452	144391.737275663	172780.643130034	4491800.11474482	0.212955056082025	0.385435260713762	0.37285596961208	1.96216317177566	2	2	26030246
Sample	2	210_3_A_0-3	26030247	225348.281591571	271545.365172935	70042.1543681054	1314700.41944619	0.587277339695797	0.731671818787759	0.156340947096323	0.671189860347215	2	2	26030247
Sample	2	210_3_A_3-6	26030248	7614.09037918966	134925.657438204	60120.6946286816	1288200.46058324	0.104669190224582	0.359659331583189	0.135432083195781	0.660421945290397	2	2	26030248
Std	2	Std_0_1	26030203	0	0	0	0	0	0	0	0	2	1	26030203
Std	2	Std_1_1	26030204	223163.409877045	285919.004767654	49337.8082510617	2185497.13131018	0.6372	0.856	0.11585	1.0385	2	1	26030204
Std	2	Std_2_1	26030205	324757.1695747	457192.983185758	81628.1881180952	3443346.65217492	0.8496	1.284	0.173775	1.55775	2	1	26030205
Std	2	Std_3_1	26030206	381314.866729427	576781.583915974	86396.9222615471	4212971.91696114	1.062	1.926	0.2317	2.077	2	1	26030206
Std	2	Std_4_1	26030207	703838.209227665	1079373.43766466	160606.517634675	7223072.55024743	1.6992	2.889	0.34755	3.1155	2	1	26030207
Std	2	Std_5_1	26030208	1100847.50784401	1635611.46602384	228121.426571422	11473899.2254242	2.3364	3.852	0.4634	4.154	2	1	26030208
Std	2	Std_0_2	26030250	0	0	0	0	0	0	0	0	2	2	26030250
Std	2	Std_1_2	26030251	208497.583456153	259299.911567546	34551.4221233944	1936444.29925754	0.6372	0.856	0.11585	1.0385	2	2	26030251
Std	2	Std_2_2	26030252	336131.898221633	492117.099999601	83315.3787170371	3461162.48567347	0.8496	1.284	0.173775	1.55775	2	2	26030252
Std	2	Std_3_2	26030253	434871.659917934	789497.688358461	118918.915072324	4655514.98288629	1.062	1.926	0.2317	2.077	2	2	26030253
Std	2	Std_4_2	26030254	713731.307044635	1049362.46381154	154294.46540626	7154615.54505849	1.6992	2.889	0.34755	3.1155	2	2	26030254
Std	2	Std_5_2	26030255	1039743.30736455	1395594.52704795	216238.398935131	10160871.6216699	2.3364	3.852	0.4634	4.154	2	2	26030255
QC	3	QC3a	26030301	204180.575937154	571384.814053995	166180.112648848	2627146.80121297	0.56786562020109	1.62749334580525	0.364173161177887	1.25166241823452	3	1	26030301
QC	3	QC3b	26030308	203507.98592625	557225.322066017	164032.603019881	2606724.77357066	0.566392133386879	1.59278994437513	0.35988371211468	1.24359907363015	3	1	26030308
QC	3	QC3c	26030314	199367.797390784	504643.909820435	160600.813135067	2576216.82483219	0.557321952271413	1.46391852310731	0.353029033696488	1.23155344779127	3	1	26030314
QC	3	QC3d	26030320	197596.993164279	505788.393858819	160812.879268807	2516268.02370253	0.553442535931591	1.46672353115761	0.353452615908387	1.20788352379579	3	1	26030320
QC	3	QC3e	26030326	204485.73558494	535957.639894333	162881.12922776	2578190.62931	0.568534153348999	1.5406651285612	0.357583751214717	1.23233277616968	3	1	26030326
QC	3	QC3f	26030332	194918.100152888	535938.291907583	159190.630899318	2508542.58286914	0.567458901995633	1.60865914608157	0.390736854436403	1.26589152594994	3	2	26030332
QC	3	QC3g	26030338	194215.294642434	492377.591629736	157552.297235341	2498869.38408829	0.565880642579401	1.50002968605391	0.386975316762199	1.2619725543774	3	2	26030338
QC	3	QC3h	26030344	194347.912754506	525376.876185918	157217.389162853	2472152.66392433	0.566178457239399	1.58232162442433	0.386206383449187	1.25114862020568	3	2	26030344
QC	3	QC3i	26030355	191797.363433227	521117.303087309	153443.990991739	2442522.54972482	0.560450800835177	1.57169931755831	0.37754283725435	1.23914436206217	3	2	26030355
Sample	3	072_1_A_0-3	26030315	1265701.83088498	114026.097315723	247867.656594889	2243864.71223649	2.89340948319594	0.506556015708363	0.527336368517516	1.10032898463873	3	1	26030315
Sample	3	072_1_A_BL	26030316	38503.1374755033	93694.1053166925	141356.138663415	1723195.94161998	0.204905247570461	0.456724476496688	0.314589601448703	0.894750390987488	3	1	26030316
Sample	3	072_1_A_AH	26030317	20818.6979123856	35667.3579331533	77386.9800587064	1318643.01439022	0.166162792151108	0.314507120828504	0.186817206973773	0.735018472096114	3	1	26030317
Sample	3	072_1_A_3-6	26030318	123739.1524693	124784.579120959	775097.459753882	11332509.8304548	0.391637346104561	0.532923904696381	1.58042845003838	4.68885010793598	3	1	26030318
Sample	3	150_3_A_AH	26030319	201139.785469036	380482.866000623	451576.177189484	9158560.0264644	0.56120396215249	1.15961307561528	0.934225032039834	3.83049721912423	3	1	26030319
Sample	3	150_3_A_0-3	26030321	228024.284089189	427431.272610201	69045.8478185344	978106.623652211	0.620101587126436	1.27467860215111	0.170156577661066	0.600562564145084	3	1	26030321
Sample	3	150_3_A_3-6	26030323	19529.117743977	680128.944483128	107190.784672388	1794690.63901612	0.163337624748662	1.89401358640819	0.246347511311288	0.922979046466126	3	1	26030323
Sample	3	171_3_A_BL	26030324	153872.402552544	182619.447802427	408194.999162267	26106238.0696945	0.457652222845415	0.674670986174676	0.847575197766841	10.5220447334026	3	1	26030324
Sample	3	171_3_A_0-3	26030325	537919.806731739	958571.033065128	236809.869814948	7694224.12992562	1.29900992503473	2.57644538433612	0.505249476563894	3.252325200305	3	1	26030325
Sample	3	171_3_A_AH	26030327	184792.105703242	194585.409895232	513362.041015529	26701917.1221314	0.525390033626475	0.703998280286411	1.05763649997142	10.7572400606017	3	1	26030327
Sample	3	171_3_A_3-6	26030328	16909.5752913404	587182.564736315	130322.514461243	3574907.8343093	0.157598822208261	1.66621194419048	0.292550971977902	1.62587226391182	3	1	26030328
Sample	3	180_3_A_AH	26030329	26283.5558202356	45409.2065832656	88400.7446937427	837968.52300352	0.188763724544357	0.385402648211697	0.228206577625428	0.589080018324648	3	2	26030329
Sample	3	180_3_A_0-3	26030330	158805.646940503	237414.097093741	61927.6924093835	891223.135636815	0.486362754515387	0.864214683963755	0.167425684387186	0.610655436936883	3	2	26030330
Sample	3	180_3_A_BL	26030331	27318.8283717965	58270.603824174	95340.5475392126	730028.048966427	0.191088590568547	0.417475746866438	0.244140041259093	0.545349329143044	3	2	26030331
Sample	3	180_3_A_3-6	26030333	4854.48859595978	162067.382340524	37611.2444031738	665588.61298211	0.140641411009922	0.676318876818941	0.111596253979122	0.519242523783827	3	2	26030333
Sample	3	029_2_A_BL	26030334	87440.5042770615	148026.7679741	237829.116234378	2541350.72187996	0.326101193210033	0.641305106439845	0.571287148759331	1.27918331980676	3	2	26030334
Sample	3	029_2_A_0-3	26030335	181021.346237221	407281.047852919	45798.2329256848	607272.498934058	0.53625157308852	1.28782025090404	0.130393197753658	0.495616503234408	3	2	26030335
Sample	3	029_2_A_3-6	26030336	20067.9429849411	356275.020751562	77980.1873034359	1258951.81417666	0.17480559624422	1.16062401331293	0.204281463912816	0.759635962433387	3	2	26030336
Sample	3	029_2_A_AH	26030337	34255.492418736	51647.9835572961	98795.0039739317	1422742.56462443	0.206665951853396	0.400960593093187	0.252071312103855	0.825993669887885	3	2	26030337
Sample	3	172_3_A_0-3	26030339	67809.1439721195	1118880.74634498	126423.273711741	1373281.7410655	0.282015911017644	3.062371406188	0.315504530731359	0.805955255928551	3	2	26030339
Sample	3	172_3_A_3-6	26030340	5297.05699944333	490480.412981971	79365.8645313251	1230895.90113982	0.141635267403669	1.49529859838158	0.207462914194647	0.748269471562703	3	2	26030340
Sample	3	172_3_A_AH	26030341	60671.9850822266	148375.922543419	213843.553574318	3042856.01290539	0.265988307284364	0.642175810356205	0.516217415672238	1.48236171234585	3	2	26030341
Sample	3	172_3_A_BL	26030342	78013.1534220988	219629.991240703	297638.504315972	3356069.69777879	0.304930606133443	0.819865584808602	0.708606714051002	1.60925619213029	3	2	26030342
Sample	3	106_1_A_BL	26030343	42055.8284039849	69746.0818742947	140851.625601146	1606053.79724141	0.2241828232145	0.446092710693756	0.348631353674698	0.900259848618161	3	2	26030343
Sample	3	106_1_A_0-3	26030345	273600.858406706	60750.8286890028	132007.008812486	1801177.6067008	0.744153310707691	0.42366080555684	0.328324526075438	0.97931174031605	3	2	26030345
Sample	3	106_1_A_3-6	26030346	19403.9763364756	85955.8045984969	304768.976539154	5799630.3073387	0.173314555551713	0.486515693232985	0.724977945682328	2.59923321850831	3	2	26030346
Sample	3	106_1_A_AH	26030347	31573.1710805215	47979.3521479002	102054.310018792	1558679.3659284	0.200642380827802	0.391811946572327	0.259554526756079	0.881066709534925	3	2	26030347
Std	3	Std_0_1	26030302	0	0	0	0	0	0	0	0	3	1	26030302
Std	3	Std_1_1	26030303	208788.517883534	225340.403901987	30688.1897538661	1902467.3762299	0.6372	0.856	0.11585	1.0385	3	1	26030303
Std	3	Std_2_1	26030304	303355.688834658	371205.564905322	63580.034073759	3065493.7859756	0.8496	1.284	0.173775	1.55775	3	1	26030304
Std	3	Std_3_1	26030305	402404.103659561	654538.679473365	98084.8683564294	4360363.29456459	1.062	1.926	0.2317	2.077	3	1	26030305
Std	3	Std_4_1	26030306	714248.878544942	1050098.54220636	148532.112404481	7286778.1991069	1.6992	2.889	0.34755	3.1155	3	1	26030306
Std	3	Std_5_1	26030307	1046558.63092458	1552293.12306684	229259.7964596	10374665.7573227	2.3364	3.852	0.4634	4.154	3	1	26030307
Std	3	Std_0_2	26030349	0	0	0	0	0	0	0	0	3	2	26030349
Std	3	Std_1_2	26030350	201600.258560807	218408.61175585	28054.7449801542	1765008.83346965	0.6372	0.856	0.11585	1.0385	3	2	26030350
Std	3	Std_2_2	26030351	304746.493482956	336648.784205318	63075.8208873803	2994599.47449642	0.8496	1.284	0.173775	1.55775	3	2	26030351
Std	3	Std_3_2	26030352	365398.43594801	568032.734539082	89753.9843492162	3917355.01096111	1.062	1.926	0.2317	2.077	3	2	26030352
Std	3	Std_4_2	26030353	688419.350921492	1036272.80744826	135010.65782865	6928827.22909673	1.6992	2.889	0.34755	3.1155	3	2	26030353
Std	3	Std_5_2	26030354	1025253.9690682	1519442.95760953	198409.427054461	10176155.8380151	2.3364	3.852	0.4634	4.154	3	2	26030354
QC	4	QC4a	26030902	189203.152411229	513449.505022933	151342.405127934	2450061.64450064	0.544164205654944	1.5223419890645	0.353518293721744	1.1807231233408	4	1	26030902
QC	4	QC4b	26030909	187719.928761688	486372.452190936	150835.824270428	2462844.9777025	0.540861567371393	1.45259807105505	0.352407827674908	1.18571658075691	4	1	26030909
QC	4	QC4c	26030915	191323.980698619	493802.140129125	151882.005006773	2492170.20563594	0.548886574191166	1.47173514441425	0.354701140123164	1.19717167424395	4	1	26030915
QC	4	QC4d	26030921	190126.162328571	488754.404264969	150329.92165279	2465313.3130588	0.546219437103051	1.45873340163126	0.351298848384495	1.1866807680542	4	1	26030921
QC	4	QC4e	26030927	190454.273412928	488636.688619247	149901.12463352	2426006.61579751	0.546950029707064	1.45843019469088	0.350358890776881	1.17132668818765	4	1	26030927
QC	4	QC4f	26030933	187150.515532099	504550.134815973	150575.818402994	2402988.48527453	0.561384671430243	1.49167876605003	0.348359946718411	1.19247171986467	4	2	26030933
QC	4	QC4g	26030938	185250.689685692	483157.813170144	146924.713502796	2396531.55966914	0.557196848525776	1.43558781676527	0.340413876339682	1.1899050187437	4	2	26030938
QC	4	QC4h	26030944	189238.77289301	490134.533567784	147901.093455476	2427020.86558269	0.565987857571218	1.45388086959408	0.34253881770194	1.20202486345749	4	2	26030944
QC	4	QC4i	26030955	192308.18021759	527407.604475826	149696.743373935	2473095.01263189	0.572753811577649	1.55161135273674	0.346446774612973	1.22033985918549	4	2	26030955
Sample	4	120_3_A_3-6	26030916	141178.151902961	935938.281176053	393642.01887538	8976429.18098019	0.437228744306794	2.61057056204694	0.884658565292718	3.73006904593265	4	1	26030916
Sample	4	120_3_A_0-3	26030917	278223.419493358	251421.684944044	85793.5839528617	1055534.99916857	0.742382284343442	0.847421904032919	0.209829997477187	0.635989656009792	4	1	26030917
Sample	4	120_3_A_AH	26030918	35209.0809019954	47297.8659310656	135996.370122848	827898.62164035	0.201271401752011	0.321648475685763	0.319878548803972	0.547069767934015	4	1	26030918
Sample	4	120_3_A_BL	26030919	51802.0631225255	90989.9619381698	221538.834126504	1256464.7281894	0.238218370833012	0.434188713372908	0.507394520699454	0.714477326608108	4	1	26030919
Sample	4	077_2_A_3-6	26030920	103255.742321883	1373955.46224677	389666.87460642	6749687.31521099	0.352788341994089	3.73879653822204	0.875944728840838	2.86025359891211	4	1	26030920
Sample	4	077_2_A_AH	26030923	117460.305089637	527882.439564021	496045.865557761	6159400.4241715	0.384417107360931	1.55951772637664	1.10913604627412	2.62967426509134	4	1	26030923
Sample	4	077_2_A_0-3	26030924	267727.194886654	245473.761375462	63341.7462251452	784700.346409844	0.719010736007103	0.83210149614852	0.160613760589593	0.530195550200134	4	1	26030924
Sample	4	099_3_A_3-6	26030925	6738.86964779581	263329.022761887	72250.0023781223	1474964.77761167	0.137877853747301	0.878092317007004	0.180141375673816	0.799828359470908	4	1	26030925
Sample	4	099_3_A_BL	26030926	78104.1720645438	176742.906675073	284853.924322581	2449668.21665523	0.29678428700952	0.655067491573307	0.646186298701779	1.1805694415771	4	1	26030926
Sample	4	099_3_A_AH	26030928	26070.9540343908	53577.0669473084	102880.121518496	1063633.55409534	0.180923878543198	0.337822173892836	0.247285064212365	0.639153133681874	4	1	26030928
Sample	4	099_3_A_0-3	26030929	155008.078304193	623800.040375214	153453.944554302	2130524.43397657	0.490532474591776	1.80435359002077	0.354623747289003	1.08416417094295	4	2	26030929
Sample	4	159_3_A_BL	26030930	72758.34437425	180838.690850349	234260.078706018	5220674.19636441	0.309227793276062	0.642903093779267	0.530485916838737	2.31253373004943	4	2	26030930
Sample	4	159_3_A_0-3	26030931	179984.727306529	218375.244955613	50343.6291206154	666343.591644455	0.545588985674962	0.74132443333749	0.130219944712828	0.502135688815975	4	2	26030931
Sample	4	159_3_A_3-6	26030932	14659.4800153925	430546.795475827	99309.9828013189	1468079.55351036	0.181159341451528	1.2976410350102	0.236787710682923	0.820834821778392	4	2	26030932
Sample	4	159_3_A_AH	26030934	62084.9627689087	121397.642106118	175656.6290433	5336397.60371865	0.285700251507164	0.487047880598354	0.402944488097274	2.35853509626159	4	2	26030934
Sample	4	225_3_A_3-6	26030935	21592.7601268071	2825464.55410768	92101.0448790614	1623633.67363427	0.196442505068122	7.57714696076236	0.221098561876753	0.882669347819663	4	2	26030935
Sample	4	225_3_A_0-3	26030936	233787.189944982	394552.312007876	104452.342169984	1588910.35902941	0.664186795984891	1.20326302498597	0.247979267916435	0.868866436656247	4	2	26030936
Sample	4	225_3_A_BL	26030937	16932.8935671252	29718.9596873269	56791.5094208632	967211.11023488	0.186170670969588	0.246665167062993	0.144252768216915	0.621733937955458	4	2	26030937
Sample	4	049_1_A_BL	26030943	106712.413049001	130918.169061943	292761.219671676	5353827.90835197	0.384073404396105	0.512010827747545	0.657804686377187	2.36546383993548	4	2	26030943
Sample	4	049_1_A_AH	26030945	436408.231785442	270974.233649998	558932.791851511	14234340.504827	1.11082828238815	0.879239674896201	1.23708632937873	5.89556826255808	4	2	26030945
Sample	4	049_1_A_0-3	26030946	1267217.6545884	195257.228475905	47739.9780470177	646818.761815996	2.94219758218047	0.680708689455372	0.124553497092729	0.494374347634413	4	2	26030946
Sample	4	049_1_A_3-6	26030947	64908.1440199428	184981.975385942	149537.83179479	3069372.40547173	0.291923444611366	0.653766840435937	0.346100927910018	1.45736688197349	4	2	26030947
Std	4	Std_0_1	26030903	0	0	0	0	0	0	0	0	4	1	26030903
Std	4	Std_1_1	26030904	216447.331094318	233523.84547826	36993.7927544664	1981784.99026058	0.6372	0.856	0.11585	1.0385	4	1	26030904
Std	4	Std_2_1	26030905	306740.032737863	416444.942975551	66769.8024525326	3208295.42873339	0.8496	1.284	0.173775	1.55775	4	1	26030905
Std	4	Std_3_1	26030906	369856.647657695	543630.180264894	88738.9506177111	4066735.00737749	1.062	1.926	0.2317	2.077	4	1	26030906
Std	4	Std_4_1	26030907	693997.594169677	1064759.84771023	147191.296386214	7298259.15437715	1.6992	2.889	0.34755	3.1155	4	1	26030907
Std	4	Std_5_1	26030908	1038935.32133159	1471835.75343185	208503.939656935	10582908.1048413	2.3364	3.852	0.4634	4.154	4	1	26030908
Std	4	Std_0_2	26030949	0	0	0	0	0	0	0	0	4	2	26030949
Std	4	Std_1_2	26030950	169484.282735775	142355.293294778	13695.0271276051	1553427.22046678	0.6372	0.856	0.11585	1.0385	4	2	26030950
Std	4	Std_2_2	26030951	312554.403070063	500387.434928175	70104.040865345	3363377.06502	0.8496	1.284	0.173775	1.55775	4	2	26030951
Std	4	Std_3_2	26030952	347823.692356401	593576.211328884	124501.475300682	3940903.17913172	1.062	1.926	0.2317	2.077	4	2	26030952
Std	4	Std_4_2	26030953	739905.525528456	1105740.58787407	147951.705023422	7510715.61709627	1.6992	2.889	0.34755	3.1155	4	2	26030953
Std	4	Std_5_2	26030954	1012130.66068212	1393448.02069332	198965.566507826	10094245.3067839	2.3364	3.852	0.4634	4.154	4	2	26030954
QC	5	QC5a	26031001	184846.359958508	187604.082566277	148400.680366311	2367318.95173053	0.569247144298886	1.19389719446254	0.432855530051085	1.22776602226257	5	1	26031001
QC	5	QC5b	26031008	191332.687162296	213271.105698078	150329.171185837	2459739.56723853	0.584698412112388	1.36749111191501	0.438077250538367	1.26815453179032	5	1	26031008
QC	5	QC5c	26031014	186950.790398591	182705.823335613	148409.136596702	2418276.74971279	0.574260168974178	1.16076877110848	0.432878426748871	1.25003496624229	5	1	26031014
QC	5	QC5d	26031020	190305.528768717	199399.381745527	150135.747664257	2413127.06701855	0.582251588366462	1.27367240569508	0.437553523095575	1.24778451587018	5	1	26031020
QC	5	QC5e	26031026	331106.608405389	571100.596053036	224839.645487484	4134924.33098581	0.640184297781808	2.13550059181019	0.345428455453067	1.3537162415385	5	2	26031026
QC	5	QC5f	26031032	334938.115508839	565566.001841224	221785.541454854	4063531.08618262	0.64700526885206	2.11518782893823	0.341277807958747	1.33290208529203	5	2	26031032
QC	5	QC5g	26031038	273522.083525522	443262.273045192	193656.929246238	3417917.53882772	0.537670491153038	1.66631541908942	0.303049917705169	1.14467837748149	5	2	26031038
QC	5	QC5h	26031043	257519.525746188	414822.801118078	183621.026002004	3251099.45301092	0.509182227731941	1.56193843545681	0.289410730497113	1.09604383632147	5	2	26031043
QC	5	QC5i	26031054	273387.101937826	430722.125039318	192799.744106393	3435126.3812671	0.537430192628246	1.62029125849621	0.301884969388133	1.14969548430079	5	2	26031054
Sample	5	130_3_A_BL	26031024	106318.627869668	49664.2874785144	229857.215350335	8836864.71114194	0.240009569984977	0.221753768907906	0.352247530231239	2.72453111350495	5	2	26031024
Sample	5	130_3_A_0-3	26031025	365106.505898689	490829.030916428	134424.162529487	3456511.67498983	0.700711999005314	1.84089231420571	0.222550258188722	1.15593020365202	5	2	26031025
Sample	5	130_3_A_3-6	26031027	37975.7421487295	1039044.67889524	232840.827319074	5432634.5591084	0.118343386477088	3.85292319378307	0.356302376238369	1.73205376528106	5	2	26031027
Sample	5	130_3_A_AH	26031028	346007.973537352	120375.568714519	876231.034554147	26596824.1585376	0.95315488968803	0.739210220281452	2.40358136045013	11.8162434579397	5	1	26031028
Sample	5	110_3_A_3-6	26031029	9473.39888195526	91864.2423162385	84617.1804563444	1915819.54403684	0.0676026065155866	0.376633719094138	0.154860610706902	0.70675315854412	5	2	26031029
Sample	5	110_3_A_AH	26031030	130764.669171745	46387.8495824997	301267.176755954	4000994.77401262	0.283529191899165	0.209728766983748	0.449296476243232	1.31467010023277	5	2	26031030
Sample	5	110_3_A_BL	26031031	141182.750839325	55342.3863795608	300315.271967673	3697705.30672013	0.302075792947643	0.242593214787133	0.448002800198769	1.22624836821124	5	2	26031031
Sample	5	110_3_A_0-3	26031033	256529.820810933	150806.056336231	87005.0984680434	1359881.48112854	0.507420323460543	0.592958718834231	0.158105885198539	0.544673654570993	5	2	26031033
Sample	5	136_3_A_AH	26031042	118918.076505628	67052.1458159475	270791.488381989	3389859.54143779	0.412197471639777	0.378567623537569	0.76424968718136	1.67462401084986	5	1	26031042
Sample	5	136_3_A_0-3	26031044	314664.17700749	86014.2728777457	38133.0690967816	371173.747858894	0.610912957324497	0.355163483433725	0.09168687520906	0.256423452481178	5	2	26031044
Sample	5	136_3_A_3-6	26031045	36697.0675720366	1000122.32357089	265952.863722032	5359503.06452588	0.116067049239441	3.71007250882507	0.401302935963709	1.7107328355632	5	2	26031045
Sample	5	136_3_A_BL	26031046	30774.0973555188	22444.114969658	84213.0859346039	855041.494195271	0.105522788872428	0.121851790850252	0.15431143035934	0.397491405095407	5	2	26031046
Std	5	Std_0_1	26031002	0	0	0	0	0	0	0	0	5	1	26031002
Std	5	Std_1_1	26031003	185351.217504097	121251.074956315	15486.6638197	1705580.41678171	0.6372	0.856	0.11585	1.0385	5	1	26031003
Std	5	Std_2_1	26031004	276551.802594082	201572.630166926	54645.0254380199	2820610.57885145	0.8496	1.284	0.173775	1.55775	5	1	26031004
Std	5	Std_3_1	26031005	359946.498577416	312953.260674377	71149.2777602327	4100317.65677436	1.062	1.926	0.2317	2.077	5	1	26031005
Std	5	Std_4_1	26031006	659616.263771235	497620.202805939	119659.854673578	6779376.19979228	1.6992	2.889	0.34755	3.1155	5	1	26031006
Std	5	Std_5_1	26031007	957900.199782827	530960.474327363	162324.623985057	9269595.20067662	2.3364	3.852	0.4634	4.154	5	1	26031007
Std	5	Std_0_2	26031048	0	0	0	0	0	0	0	0	5	2	26031048
Std	5	Std_1_2	26031049	333612.274829245	257027.86804635	52583.8286643714	3113115.66748081	0.6372	0.856	0.11585	1.0385	5	2	26031049
Std	5	Std_2_2	26031050	411008.588474836	291836.780289913	74776.264696071	4190521.07012809	0.8496	1.284	0.173775	1.55775	5	2	26031050
Std	5	Std_3_2	26031051	521003.697168458	434113.048413542	103335.774207796	5933235.19327551	1.062	1.926	0.2317	2.077	5	2	26031051
Std	5	Std_4_2	26031052	992462.908093807	911713.647682894	254099.247121599	10942019.0232469	1.6992	2.889	0.34755	3.1155	5	2	26031052
Std	5	Std_5_2	26031053	1269527.96916801	985338.842955152	319522.883630424	13734933.7249103	2.3364	3.852	0.4634	4.154	5	2	26031053
QC	6	QC6a	26031601	262272.851255589	436329.137435475	188502.373553222	3265561.64325738	0.468991143948978	1.90308864414081	0.26483459185706	1.07654881251789	6	1	26031601
QC	6	QC6b	26031608	259814.394515464	403742.518486993	185612.815876171	3266481.97048591	0.464372102896393	1.73960768911224	0.2609265063264	1.0768375666484	6	1	26031608
QC	6	QC6c	26031614	260561.271542838	423563.158738615	188433.683112472	3273515.46531111	0.465775363565725	1.83904412351912	0.264741689016005	1.07904433682718	6	1	26031614
QC	6	QC6d	26031620	263669.448993528	426920.041823568	189872.667110704	3316964.65571477	0.471615124342939	1.8558849763095	0.266687894342518	1.09267658936421	6	1	26031620
QC	6	QC6e	26031626	275225.061595534	448378.513855506	192768.93428488	3367607.20561565	0.493326244219602	1.96353810555194	0.270605054372309	1.10856576987492	6	1	26031626
QC	6	QC6f	26031632	277235.531997794	458360.148335343	193643.709030607	3376485.21029106	0.547220404899209	2.02647963258945	0.30748167903101	1.23075032448022	6	2	26031632
QC	6	QC6g	26031638	274440.108750359	433641.72933471	192780.274835368	3357872.85364179	0.54187785587822	1.91053863625754	0.306213546484073	1.22457393763526	6	2	26031638
QC	6	QC6h	26031644	262354.927136915	425219.456855807	184792.145773551	3151292.40114196	0.518780932985912	1.87103422205703	0.29448131893473	1.15602158753318	6	2	26031644
QC	6	QC6i	26031655	256388.409695552	410861.715669536	183498.315146164	3199244.80509706	0.507377861216971	1.80368967149458	0.292581059786018	1.17193427406469	6	2	26031655
Sample	6	081_2_A_0-3	26031610	159477.450127003	176830.319464991	80017.9257076382	1410879.05496236	0.27585527538542	0.601231748288242	0.118110923977351	0.494639203045799	6	1	26031610
Sample	6	081_2_A_3-6	26031611	9232.7502296299	196961.238625748	64160.0803689966	1495916.17938969	0	0.702224793783591	0.0966634144129712	0.521319735972798	6	1	26031611
Sample	6	081_2_A_AH	26031612	53348.4669202992	13700.145853518	211516.814475142	1136719.163188	0.0764561473470557	0	0.295961294839145	0.408621101316604	6	1	26031612
Sample	6	081_2_A_BL	26031613	81372.120122839	22670.4186099811	37719.1364834642	205116.912240214	0.129108041713674	0	0.0609024150611661	0.116329414613111	6	1	26031613
Sample	6	219_3_A_AH	26031615	100253.414653046	59534.3563620975	297877.188475742	5546726.83072338	0.164582928514635	0.0127799024746772	0.41276246850477	1.79226801523061	6	1	26031615
Sample	6	219_3_A_0-3	26031616	244743.25195312	299628.143567456	52932.3790092218	943252.140800446	0.436055873015812	1.2172853987587	0.0814781085181667	0.347920515591708	6	1	26031616
Sample	6	219_3_A_3-6	26031617	28404.4762945469	863498.947487225	163992.512367775	4117132.54256746	0.0295904389393455	4.04611945740315	0.231685354304871	1.34373053546212	6	1	26031617
Sample	6	219_3_A_BL	26031618	35835.7304408427	36344.9368482507	104989.534161711	1452579.9640583	0.0435525589204334	0	0.151884668122251	0.507722929544225	6	1	26031618
Sample	6	016_2_A_0-3	26031619	132431.273515546	156202.334454623	43426.0314598431	476167.499299489	0.225039900827536	0.497745016659488	0.0686209090920382	0.201371967046754	6	1	26031619
Sample	6	016_2_A_AH	26031621	51400.8959844596	30885.028293659	95336.7234179965	1562092.91213266	0.0727969777718331	0	0.138829379315487	0.542082791036575	6	1	26031621
Sample	6	016_2_A_3-6	26031622	139676.198054211	933438.515222072	293538.015661776	4138926.32684739	0.238651937728897	4.39699315024176	0.406893799184212	1.35056836991385	6	1	26031622
Sample	6	016_2_A_BL	26031623	70121.685340648	46663.3946787539	125026.648032226	1581366.24928428	0.107970301410894	0	0.178984578747137	0.548129831196389	6	1	26031623
Sample	6	178_3_B_3-6	26031624	12967.6577921693	10051.9183346104	52165.0204252929	247473.261571619	0.000587163339639641	0	0.0804402669819009	0.129618786527018	6	1	26031624
Sample	6	178_3_B_0-3	26031625	4497.94126518006	2644.07869594604	18247.1967995826	100565.684015738	0	0	0.0345668944599257	0.0835263006086485	6	1	26031625
Sample	6	178_3_B_BL	26031627	49384.2646074145	33309.1010703343	152871.080489078	956805.245916725	0.0690080548404373	0	0.216643776366995	0.352172823860046	6	1	26031627
Sample	6	178_3_B_AH	26031628	204645.481732167	102704.598414327	566807.293133549	4547847.00787374	0.36071867315997	0.229356909456313	0.776486598020848	1.47886788342783	6	1	26031628
Sample	6	196_3_A_BL	26031629	17310.047026557	14825.8866549193	80358.5605364483	846031.516714334	0.0504567586294552	0	0.1410988965535	0.39103608520916	6	2	26031629
Sample	6	196_3_A_3-6	26031630	87739.1014058593	1396076.11082438	202489.863612787	4468158.35177877	0.185059157700345	6.42480797893422	0.320474095364253	1.59301480055576	6	2	26031630
Sample	6	196_3_A_AH	26031631	135900.798167704	67302.1374947775	430787.636589398	8983262.96181523	0.277104691814091	0.192233866334433	0.655776817796807	3.09132225525057	6	2	26031631
Sample	6	196_3_A_0-3	26031633	809524.235958427	216933.127539441	81109.0856387362	956768.545710504	1.56451841042932	0.89407349723735	0.142201198633674	0.427783432255539	6	2	26031633
Sample	6	161_3_A_AH	26031634	40259.646808455	40960.6000360358	156188.818606596	1174891.56057827	0.0943175092186049	0.068679681991068	0.252471388900538	0.50016610496049	6	2	26031634
Sample	6	161_3_A_BL	26031635	12757.2571626822	11672.7324406437	45849.1601953731	348948.640479882	0.0417555706958108	0	0.0904146707154194	0.226082436647471	6	2	26031635
Sample	6	161_3_A_0-3	26031636	148101.623318372	149200.255364393	40967.1523829065	644583.114229103	0.300422629991706	0.576374509927699	0.0832444277072901	0.324186771793686	6	2	26031636
Sample	6	161_3_A_3-6	26031637	16486.968423522	500872.286572258	78041.6912383114	1852302.73816128	0.0488837096148289	2.22588153055313	0.137696092517977	0.724960501752551	6	2	26031637
Sample	6	046_1_B_3-6	26031639	20747.8151530781	18709.6399439719	65957.3628057392	618307.798640138	0.0570269425025355	0	0.119947744956892	0.3154674829573	6	2	26031639
Sample	6	046_1_B_BL	26031640	64443.7244202443	46739.3978569796	150904.861177778	2150333.3916599	0.140537565622203	0.0957849583011635	0.244710799351198	0.823859993222129	6	2	26031640
Sample	6	046_1_B_0-3	26031641	17282.3899838301	15934.2084960174	54619.0623266477	632291.173888078	0.0504039011214984	0	0.1032950944784	0.320107773091267	6	2	26031641
Sample	6	046_1_B_AH	26031642	38717.7507412584	27495.6250036101	105739.443844073	2043760.7832826	0.0913706726950746	0.0055226240577231	0.17837599812059	0.788494581478835	6	2	26031642
Sample	6	175_3_A_0-3	26031643	375387.355640394	368090.767550197	107093.636101413	1645741.76957647	0.734805926981121	1.6030738336091	0.180364910866707	0.656414617258175	6	2	26031643
Sample	6	175_3_A_3-6	26031645	335308.09418981	1443011.11390737	1146178.24554514	21671629.686292	0.658207358509875	6.64495519062054	1.70647659317358	7.3018724181252	6	2	26031645
Sample	6	175_3_A_AH	26031646	199356.05317793	834301.310713101	545422.086719284	7850841.061748	0.398378924917263	3.78982027857235	0.82414133012627	2.71553557448157	6	2	26031646
Sample	6	175_3_A_BL	26031647	106615.646255968	676433.85827724	259368.129657026	3315677.17931532	0.221135578793692	3.04934777006261	0.404011648986514	1.21057158356827	6	2	26031647
Std	6	Std_0_1	26031602	0	0	0	0	0	0	0	0	6	1	26031602
Std	6	Std_1_1	26031603	334932.420678761	255597.90203611	64836.0815054067	2849881.83965526	0.6372	0.856	0.11585	1.0385	6	1	26031603
Std	6	Std_2_1	26031604	490610.135741686	381572.96013969	121301.305626488	4828189.95555459	0.8496	1.284	0.173775	1.55775	6	1	26031604
Std	6	Std_3_1	26031605	454354.317181167	394706.347690993	103432.044383318	4792724.32545077	1.062	1.926	0.2317	2.077	6	1	26031605
Std	6	Std_4_1	26031606	948321.295315408	683056.67618584	260631.244581539	9912479.03643867	1.6992	2.889	0.34755	3.1155	6	1	26031606
Std	6	Std_5_1	26031607	1228675.95769972	781144.440885175	330419.525822422	13025650.1521705	2.3364	3.852	0.4634	4.154	6	1	26031607
Std	6	Std_0_2	26031649	0	0	0	0	0	0	0	0	6	2	26031649
Std	6	Std_1_2	26031650	325527.400369929	217083.08996843	58848.2726106509	2809285.7545886	0.6372	0.856	0.11585	1.0385	6	2	26031650
Std	6	Std_2_2	26031651	459872.268238897	332224.43476445	98146.5941574111	4418618.00336027	0.8496	1.284	0.173775	1.55775	6	2	26031651
Std	6	Std_3_2	26031652	470391.740486662	410786.602876053	112129.385362649	4962073.17256155	1.062	1.926	0.2317	2.077	6	2	26031652
Std	6	Std_4_2	26031653	938842.99138985	688344.611921948	242020.111042345	9477619.9058598	1.6992	2.889	0.34755	3.1155	6	2	26031653
Std	6	Std_5_2	26031654	1196027.14171822	813504.153008853	301693.346915335	12327458.321502	2.3364	3.852	0.4634	4.154	6	2	26031654
QC	7	QC7a	26031801	226430.520115558	357634.786538807	161935.078065427	2851144.05996817	0.393148543723369	1.64734810737848	0.261701450708499	1.02941653255138	7	1	26031801
QC	7	QC7b	26031808	247888.733612141	390017.22399109	171206.000962715	3038512.39373645	0.435743043421854	1.81528252454176	0.277041933647386	1.09268548402319	7	1	26031808
QC	7	QC7c	26031814	244872.447938341	386077.872781733	171931.545145293	3030447.67486925	0.429755723962865	1.79485315907724	0.278242482748867	1.08996225808431	7	1	26031814
QC	7	QC7d	26031820	216542.563999343	313256.380584859	156468.237246692	2762541.48425046	0.373520975758411	1.41720293225096	0.252655535944831	0.999497965466857	7	1	26031820
QC	7	QC7e	26031826	276687.427850281	435044.943341526	189463.278424533	3387543.33621081	0.492908378888322	2.04879502082774	0.307252027778948	1.21054329551914	7	1	26031826
QC	7	QC7f	26031832	268968.970637168	435578.333164247	185280.50209489	3247205.51166358	0.461055250047514	1.95656510875013	0.248791613564733	1.01716404842779	7	2	26031832
QC	7	QC7g	26031838	277313.081625947	446963.239050082	188254.410296461	3359581.67602285	0.476429522114229	2.01485465158075	0.252512194270012	1.05139769117027	7	2	26031838
QC	7	QC7h	26031844	263033.080276828	437268.288603812	182166.711293664	3244721.7928932	0.450118195940639	1.96521750614051	0.244896029306551	1.01640742230922	7	2	26031844
QC	7	QC7i	26031855	273061.426250308	421588.335657164	183510.886124472	3283945.4000162	0.46859572093794	1.88493776575171	0.246577692155924	1.02835628140204	7	2	26031855
Sample	7	064_2_A_0-3	26031810	84449.4436190239	216606.169377551	48056.932663083	1125417.38205735	0.111316464786073	0.915977633453619	0.0732686737335476	0.446687769144729	7	1	26031810
Sample	7	064_2_A_BL	26031811	152435.748168582	94306.8461751927	370862.454927829	11900335.6679814	0.246269107935906	0.281736755455615	0.607411030621138	4.08507088562146	7	1	26031811
Sample	7	064_2_A_3-6	26031812	48468.9757209991	1099124.16608283	255756.564130476	5207520.2757913	0.039895326708672	5.49269134227162	0.416946718329358	1.82509768875264	7	1	26031812
Sample	7	064_2_A_AH	26031813	122922.962345117	64133.9390155907	298796.901547253	13212381.7594187	0.187686302472665	0.125260900744677	0.488165039217251	4.52811149348956	7	1	26031813
Sample	7	163_3_A_3-6	26031815	7451.35708457119	332967.93075172	93628.1939422173	1517671.03182035	0	1.51942648146755	0.148674883439011	0.579140658234243	7	1	26031815
Sample	7	163_3_A_BL	26031816	186155.757271462	145964.29256744	583381.493599053	4394741.61328791	0.313203241003148	0.549630831212215	0.959063689481893	1.55064547625206	7	1	26031816
Sample	7	163_3_A_AH	26031817	49997.7161364462	27821.0967020835	157345.857719105	1582582.43286798	0.0429298725796595	0	0.254107723826558	0.601059390179253	7	1	26031817
Sample	7	163_3_A_0-3	26031818	155259.724860405	257072.77828729	113916.893258647	1340032.85160866	0.251874694550447	1.12583633824831	0.182246346513839	0.519157302576856	7	1	26031818
Sample	7	193_3_A_3-6	26031819	7176.923251446	197210.8007066	50112.0680742563	855562.728393647	0	0.815393792653411	0.0766692812093607	0.355565536034589	7	1	26031819
Sample	7	193_3_A_BL	26031821	89126.208312228	45729.4232782896	261785.319141103	3390002.62172923	0.120599830912815	0.0298155956137583	0.426922425646513	1.21137372621674	7	1	26031821
Sample	7	193_3_A_0-3	26031823	142206.538661621	249821.951222873	60334.733496341	903855.484149618	0.225964152850555	1.08823375138903	0.0935846008851727	0.371872624638704	7	1	26031823
Sample	7	086_3_A_AH	26031824	53030.9917958582	22253.862360799	145959.188125464	2332428.40617478	0.0489509171172592	0	0.235266340658214	0.854261025388085	7	1	26031824
Sample	7	086_3_A_0-3	26031825	418950.816564271	192813.995949003	79334.0114168373	1224835.25693445	0.775300846865611	0.792592085850585	0.125022474117382	0.480258354816956	7	1	26031825
Sample	7	086_3_A_3-6	26031827	43209.0765496404	388922.467633605	240358.605466362	5878143.42515518	0.0294544401127687	1.80960514861535	0.391467904105845	2.05154803198648	7	1	26031827
Sample	7	086_3_A_BL	26031828	89912.5606289924	45152.8155498952	218295.377515095	2886943.22979593	0.122160738279341	0.0268253240215582	0.354960150162365	1.04150489291095	7	1	26031828
Sample	7	074_3_A_AH	26031829	39696.8059887064	19829.2060080746	110182.879869546	2886885.46709853	0.0386144841744011	0	0.15483889366694	0.907398176377194	7	2	26031829
Sample	7	074_3_A_0-3	26031830	146712.298659974	92973.938273985	14892.7767854447	199398.062959464	0.235793704572372	0.202465975198098	0.0356238759500271	0.0886971271574808	7	2	26031830
Sample	7	074_3_A_BL	26031831	8544.38863875023	6804.62044339537	35089.4792849972	592862.107244229	0	0	0.0608914553562781	0.208559800891337	7	2	26031831
Sample	7	074_3_A_3-6	26031833	89029.132239456	361523.427208878	92104.6876355729	1694918.27677998	0.129510758982215	1.57741163521341	0.132221728424073	0.544283994764169	7	2	26031833
Sample	7	040_2_A_BL	26031834	66032.1971677255	42466.9733335088	212378.599600701	2208539.14731047	0.0871382237931675	0	0.282693352252104	0.700750568321623	7	2	26031834
Sample	7	040_2_A_0-3	26031835	615273.822480481	327194.091883322	190122.537362458	2431306.59707927	1.0991322144386	1.40164898228753	0.2548493603981	0.768613191445672	7	2	26031835
Sample	7	040_2_A_AH	26031836	38087.2876179087	17991.9842568406	138797.401884866	2136143.56387978	0.0356488988217739	0	0.1906377923837	0.678696384915107	7	2	26031836
Sample	7	040_2_A_3-6	26031837	13865.488920045	465068.101244967	135522.430295789	2719112.0426602	0	2.1075496769884	0.186540558952546	0.856288623860854	7	2	26031837
Sample	7	008_1_A_0-3	26031839	2476014.23927809	121488.002491398	176050.959406827	1467414.74197489	4.52760164058231	0.348455040381665	0.23724476809532	0.474978597328907	7	2	26031839
Sample	7	008_1_A_3-6	26031840	330690.724158892	497433.128734984	1785619.08146174	25882630.4678535	0.57477941219658	2.27325527657889	2.25093439563198	7.9126926126271	7	2	26031840
Sample	7	008_1_A_BL	26031841	192618.03498257	107641.758718693	442430.200702633	3193462.94758396	0.320376385770593	0.277563701663049	0.570505043220321	1.00079221593771	7	2	26031841
Sample	7	008_1_A_AH	26031842	205862.88292383	106932.307796766	575473.686175779	4408322.76504353	0.344780411077186	0.27393138618196	0.736952354792671	1.3708802787421	7	2	26031842
Sample	7	216_1_B_AH	26031843	211107.11942448	121705.999044171	639736.273040253	8160652.79424897	0.354443072426205	0.349571160227292	0.817349638284131	2.51396899692467	7	2	26031843
Sample	7	216_1_B_BL	26031845	161686.14984279	136076.043944501	520010.366642233	4561822.63708962	0.263383469651084	0.423144306645472	0.667563610244931	1.4176416165276	7	2	26031845
Sample	7	216_1_B_0-3	26031846	8028.98902517607	7708.85802980265	34968.5796823506	289062.049151919	0	0	0.0607402009467958	0.116011859669316	7	2	26031846
Sample	7	216_1_B_3-6	26031847	30618.3915671696	23099.793492564	109446.009128697	692826.315953155	0.021887236246037	0	0.153917013476004	0.239012335265404	7	2	26031847
Std	7	Std_0_1	26031802	0	0	0	0	0	0	0	0	7	1	26031802
Std	7	Std_1_1	26031803	389559.908940492	260013.688889572	84925.809555032	3439486.99596763	0.6372	0.856	0.11585	1.0385	7	1	26031803
Std	7	Std_2_1	26031804	453892.017002965	310766.146566148	101712.284475829	4429371.15688759	0.8496	1.284	0.173775	1.55775	7	1	26031804
Std	7	Std_3_1	26031805	438769.984554247	370184.815281737	90983.707217722	4696069.36216787	1.062	1.926	0.2317	2.077	7	1	26031805
Std	7	Std_4_1	26031806	887074.762908569	606464.035413818	213234.149637687	9035869.45863593	1.6992	2.889	0.34755	3.1155	7	1	26031806
Std	7	Std_5_1	26031807	1193395.0795371	776343.072199638	284140.617119487	12582576.1670236	2.3364	3.852	0.4634	4.154	7	1	26031807
Std	7	Std_0_2	26031849	0	0	0	0	0	0	0	0	7	2	26031849
Std	7	Std_1_2	26031850	400220.187049484	262570.081711553	85548.7168820255	3677300.81752496	0.6372	0.856	0.11585	1.0385	7	2	26031850
Std	7	Std_2_2	26031851	503167.264483919	343318.160752545	125089.298262222	5078071.85597736	0.8496	1.284	0.173775	1.55775	7	2	26031851
Std	7	Std_3_2	26031852	534099.312517363	415168.341237958	128349.486030203	5816283.91999287	1.062	1.926	0.2317	2.077	7	2	26031852
Std	7	Std_4_2	26031853	982213.803008134	625508.448440234	277414.054078074	10367148.4866336	1.6992	2.889	0.34755	3.1155	7	2	26031853
Std	7	Std_5_2	26031854	1266301.59752825	784793.74565212	367011.972274253	13714180.8589654	2.3364	3.852	0.4634	4.154	7	2	26031854
QC	8	QC8a	26032301	278767.161413363	446821.718050036	187778.709330821	3440542.05012902	0.450613426111982	2.05591474095053	0.254043764325923	1.03235424993636	8	1	26032301
QC	8	QC8b	26032308	280748.075376074	443166.404513626	190788.141382546	3532990.22337011	0.454353079157461	2.03660675321464	0.258000675544592	1.06052759356944	8	1	26032308
QC	8	QC8c	26032314	268931.406927117	434697.430551996	183723.131068173	3348763.08165673	0.432045073365989	1.99187219248327	0.248711341845588	1.00438484473983	8	1	26032314
QC	8	QC8d	26032320	272277.111689453	436075.797063023	185653.602876719	3378374.81013296	0.43836123612685	1.99915295880479	0.251249596714038	1.01340894302844	8	1	26032320
QC	8	QC8e	26032326	270793.283416319	424877.308828495	183086.231878071	3375932.38669607	0.435560002441264	1.94000063949235	0.247873923519751	1.01266462075173	8	1	26032326
QC	8	QC8f	26032332	270854.021496887	428808.236197005	183320.152531157	3404301.31323904	0.450443838081534	2.12095148547381	0.29071906080423	1.05098378172226	8	2	26032332
QC	8	QC8g	26032338	269379.102882513	423760.013302635	184597.438921055	3375873.57762045	0.447481979207574	2.09100908038706	0.292807440527667	1.04159425937315	8	2	26032338
QC	8	QC8h	26032344	270105.133613268	438458.384006135	185195.173543326	3388442.75723574	0.44893995834059	2.1781891789937	0.29378474434537	1.04574578922031	8	2	26032344
QC	8	QC8i	26032355	272516.894056703	423499.21541792	184602.326484425	3471483.14175852	0.453783136805921	2.08946221606009	0.292815431756823	1.0731735645738	8	2	26032355
Sample	8	103_3_A_AH	26032310	69394.0737100245	37555.5260288676	164479.866548577	2841494.93935868	0.0553500679801886	0	0.22340959455485	0.849796179696065	8	1	26032310
Sample	8	103_3_A_0-3	26032311	69995.6779159739	145448.061483921	56341.0843502415	966573.592754682	0.0564858018097755	0.464007834213828	0.0812247726019918	0.278418709152541	8	1	26032311
Sample	8	103_3_A_BL	26032312	132512.351445477	114479.243409681	407734.359772033	3799060.30324922	0.174507418577986	0.300425270470274	0.543249490150993	1.14161176784907	8	1	26032312
Sample	8	103_3_A_3-6	26032313	5715.63317163886	280526.799154604	49546.6287635542	994437.107303114	0	1.17751669859614	0.0722911741443369	0.28691004373144	8	1	26032313
Sample	8	091_1_A_3-6	26032315	136334.441269104	180139.421880748	869408.98371633	15060933.1266729	0.181722921178343	0.647253499575048	1.15027615413984	4.57363862011454	8	1	26032315
Sample	8	091_1_A_0-3	26032316	1437192.42230637	68815.2308911417	199427.839042781	2053458.98047133	2.63753756133821	0.0592201905510648	0.26936046570104	0.609644242815112	8	1	26032316
Sample	8	091_1_A_AH	26032317	106175.7704539	60426.2644467139	288584.589151278	6851809.89827698	0.124788108619724	0.0149082431319403	0.386587018306579	2.07192937555517	8	1	26032317
Sample	8	091_1_A_BL	26032318	175143.39518923	165518.712873101	465101.615737733	6782986.28621896	0.254988103539248	0.570024428143071	0.618678054349607	2.05095555633731	8	1	26032318
Sample	8	129_3_A_0-3	26032319	346735.770214121	445749.997632216	75055.8663934627	1162682.24183462	0.578927436555385	2.05025373144274	0.105831651823375	0.338182316871852	8	1	26032319
Sample	8	129_3_A_BL	26032321	31286.514123075	16199.3940992925	100362.796982532	1521134.69123028	0	0	0.13910612881333	0.447419781268316	8	1	26032321
Sample	8	129_3_A_3-6	26032322	67935.2464080629	1151301.74277148	320159.591557477	6814461.71179978	0.0525960321839323	5.77709803809145	0.428102985141238	2.0605476115375	8	1	26032322
Sample	8	129_3_A_AH	26032323	26219.5521852501	10111.318314075	69336.9977109029	2086858.22503795	0	0	0.0983122743265013	0.619822576915957	8	1	26032323
Sample	8	012_1_A_0-3	26032324	199012.230985949	8640.33658984494	13958.9616959958	211172.746413546	0.300048699889986	0	0.0254992092002722	0.0482122390994809	8	1	26032324
Sample	8	012_1_A_AH	26032325	73512.8079071563	53927.2614217674	182190.330813793	6508712.23614705	0.063125588358038	0	0.246695960066471	1.9673712431875	8	1	26032325
Sample	8	012_1_A_BL	26032327	159758.050155537	295003.199051546	408546.21095108	8586833.32869192	0.225942999363059	1.25398350476362	0.5443169417442	2.60067331502754	8	1	26032327
Sample	8	012_1_A_3-6	26032328	597400.16217005	73126.6198236621	344326.246444583	6938212.57157609	1.05214226285125	0.0819936801038978	0.459878185975451	2.09826036858976	8	1	26032328
Sample	8	034_2_B_3-6	26032329	9384.56212096998	7128.71733037496	38521.2234997202	409436.844169887	0	0	0.0539709440495927	0.0617967693566023	8	2	26032329
Sample	8	034_2_B_AH	26032330	96778.622754394	42073.1898355639	219623.195993989	13544289.0576643	0.10087420116816	0	0.350075005145652	4.4001651172803	8	2	26032330
Sample	8	034_2_B_0-3	26032331	4636.7178225247	3110.22839581522	19079.7223264472	262487.135078766	0	0	0.0221838388517623	0.013260100934666	8	2	26032331
Sample	8	034_2_B_BL	26032333	40631.0259802296	28139.8475367114	122182.170350301	3096239.32189457	0	0	0.190757671308362	0.949232626039354	8	2	26032333
Sample	8	134_3_A_0-3	26032334	1386513.45894442	1058975.39938286	344711.346006051	3809161.20891416	2.69085613806675	5.8586470800018	0.554595743950617	1.18470674473634	8	2	26032334
Sample	8	134_3_A_3-6	26032335	40399.8941005942	930924.540218702	237481.826732491	3424739.55236208	0	5.09914204683927	0.379274096764891	1.05773441798808	8	2	26032335
Sample	8	134_3_A_AH	26032336	175235.889229546	132338.955275988	300480.509024479	6819416.66207916	0.258428217146638	0.362510249644862	0.482277754943978	2.17897731321359	8	2	26032336
Sample	8	134_3_A_BL	26032337	304947.014292265	255744.896245822	638183.825420458	7454801.177829	0.518907706031079	1.09446498935175	1.03442703334911	2.3888412711086	8	2	26032337
Sample	8	140_2_B_3-6	26032339	2712.2852588694	1702.87298012941	10826.2848418046	110414.243586804	0	0	0.00868936210175085	0	8	2	26032339
Sample	8	140_2_B_0-3	26032340	6099.50895668002	4719.14389552904	24542.9985468539	323864.174145951	0	0	0.0311163659439403	0.0335325942410456	8	2	26032340
Sample	8	140_2_B_BL	26032341	20577.539575512	12390.9840522949	64060.4748883023	923646.335517723	0	0	0.0957279495054645	0.231637293270035	8	2	26032341
Sample	8	140_2_B_AH	26032342	99902.1124824395	35597.9598508247	225430.067036684	4236378.51387422	0.107146639307169	0	0.359569314204364	1.32581423520509	8	2	26032342
Sample	8	017_3_A_3-6	26032343	94882.101542008	770092.316591217	211741.420254632	3585572.5193362	0.0970657007344316	4.14520168175983	0.337188200143315	1.11085664897187	8	2	26032343
Sample	8	017_3_A_AH	26032345	660233.019060576	85875.0751874635	389326.191727729	5860978.8377734	1.23237555148456	0.0869201363270519	0.627541592200731	1.86241065126447	8	2	26032345
Sample	8	017_3_A_BL	26032346	577487.447751193	115139.90816359	474735.723501044	5790188.52813891	1.06620997307563	0.26049794818331	0.76718727836349	1.83902900724853	8	2	26032346
Sample	8	017_3_A_0-3	26032347	680133.588928689	535112.256725565	190441.609973131	2142952.67415459	1.27233889514725	2.75147000884699	0.302362735582859	0.634367368948415	8	2	26032347
Std	8	Std_0_1	26032302	0	0	0	0	0	0	0	0	8	1	26032302
Std	8	Std_1_1	26032303	395937.293151494	263155.262328156	79357.1965445654	3463068.34978231	0.6372	0.856	0.11585	1.0385	8	1	26032303
Std	8	Std_2_1	26032304	526546.504045589	337950.779113624	128743.248633002	5320673.82344675	0.8496	1.284	0.173775	1.55775	8	1	26032304
Std	8	Std_3_1	26032305	329897.797551724	235364.197313437	15340.9250432086	3815619.00678433	1.062	1.926	0.2317	2.077	8	1	26032305
Std	8	Std_4_1	26032306	953187.099389891	600257.252835711	242078.887116656	10090747.3239431	1.6992	2.889	0.34755	3.1155	8	1	26032306
Std	8	Std_5_1	26032307	1249947.79275867	767972.733208603	359691.467581883	13763883.9142089	2.3364	3.852	0.4634	4.154	8	1	26032307
Std	8	Std_0_2	26032349	0	0	0	0	0	0	0	0	8	2	26032349
Std	8	Std_1_2	26032350	379785.108786729	244498.317641967	74371.3668806825	3584192.89870683	0.6372	0.856	0.11585	1.0385	8	2	26032350
Std	8	Std_2_2	26032351	526555.202196737	354480.466808126	129691.125241513	5674208.05058803	0.8496	1.284	0.173775	1.55775	8	2	26032351
Std	8	Std_3_2	26032352	523910.636733552	412992.968672755	126929.819089845	5813267.87989054	1.062	1.926	0.2317	2.077	8	2	26032352
Std	8	Std_4_2	26032353	888038.020924487	540902.534787559	201374.447997155	9446888.52336597	1.6992	2.889	0.34755	3.1155	8	2	26032353
Std	8	Std_5_2	26032354	1188345.64650264	696485.074502112	295250.966927145	12973380.1002136	2.3364	3.852	0.4634	4.154	8	2	26032354
QC	9	QC9a	26032401	291470.25663377	448103.071116463	195794.20688014	3547285.10782516	0.508407165535635	2.21326269207024	0.312170935341457	1.20262801804822	9	1	26032401
QC	9	QC9b	26032408	284509.092271566	422341.183298818	189555.275026423	3474739.53388158	0.49472253686013	2.07609239216695	0.302388974366392	1.17914152208999	9	1	26032408
QC	9	QC9c	26032413	287147.206282356	433444.812523748	192398.66124681	3528244.97775804	0.499908682275303	2.13521415224835	0.306847092149532	1.19646381100489	9	1	26032413
QC	9	QC9d	26032419	272182.675542907	396272.238419178	186189.43860617	3380981.0784304	0.470490608542634	1.93728715348979	0.29711171196261	1.14878739481108	9	1	26032419
QC	9	QC9e	26032425	277427.264565269	421287.669333511	187202.543916931	3459296.90012255	0.480800701738584	2.070482910921	0.298700149991083	1.17414199785094	9	1	26032425
QC	9	QC9f	26032431	286229.103039147	437685.347486689	188842.643494309	3465878.54778678	0.472507853731971	2.08915329610314	0.286755305184691	1.10636695937659	9	2	26032431
QC	9	QC9g	26032437	265946.23976338	412534.707769435	182062.843004045	3323746.54901739	0.432723554833422	1.94622535485322	0.276466833694361	1.06137464720692	9	2	26032437
QC	9	QC9h	26032443	290197.261798142	434903.175895154	189658.748248832	3475361.62648499	0.480291291996991	2.07334256276783	0.287993759105584	1.10936885649204	9	2	26032443
QC	9	QC9i	26032454	269077.831317596	386606.744340058	182285.951540443	3331661.69039244	0.43886608869204	1.79887998012616	0.276805404987022	1.06388020904167	9	2	26032454
Sample	9	078_2_A_0-3	26032410	228617.682854033	84827.901247162	46821.9815426428	698490.690226979	0.384848219255676	0.278988140798439	0.0785988225523027	0.280336071928872	9	1	26032410
Sample	9	078_2_A_3-6	26032411	57917.7861585139	117496.760451452	127409.701275735	2692298.94784255	0.0492772458264899	0.452934912334393	0.204951529711472	0.925827823367874	9	1	26032411
Sample	9	078_2_A_BL	26032412	51881.6712319695	35593.8108735646	129084.142040153	1947260.6380457	0.037411128735371	0.016839070442411	0.207576869208142	0.684623042696005	9	1	26032412
Sample	9	115_2_A_BL	26032414	18756.7242802573	8421.64822680586	52147.4541089552	422705.098399406	0	0	0.0869485795361717	0.191050994484507	9	1	26032414
Sample	9	115_2_A_AH	26032415	66294.4340108548	20326.4368748116	143409.294011018	1459233.76828797	0.0657445075431008	0	0.230037136578656	0.526625242403041	9	1	26032415
Sample	9	115_2_A_3-6	26032416	9087.46348474667	130036.387036199	64896.595997933	1281912.17802069	0	0.519702703246315	0.106937835926153	0.46921770412428	9	1	26032416
Sample	9	115_2_A_0-3	26032417	48265.130254074	33946.1401136519	23258.3653016783	340574.94237617	0.0303015393337812	0.00806597532302707	0.0416536563115081	0.164461507729749	9	1	26032417
Sample	9	177_3_A_BL	26032418	4564.02053017922	1387.35956752061	10520.6686466542	102321.050572267	0	0	0.0216823447932633	0.0873272490465288	9	1	26032418
Sample	9	177_3_A_3-6	26032420	26326.0850106853	403769.016023024	34156.9196409676	555324.755707009	0	1.97720407415597	0.0587413943620619	0.233986364294391	9	1	26032420
Sample	9	177_3_A_0-3	26032421	25930.4536791215	24839.9526949829	10830.6458074958	100008.095974615	0	0	0.022168354988856	0.0865784342552694	9	1	26032421
Sample	9	031_1_A_AH	26032423	125487.028355374	68614.194862918	397230.3075053	4532620.91325461	0.182108470782164	0.192657551091139	0.628000651306536	1.52162867037918	9	1	26032423
Sample	9	031_1_A_0-3	26032424	519436.286969263	24366.8628189417	79582.8045753608	779861.533955768	0.956554962865128	0	0.129964200461694	0.306679732726716	9	1	26032424
Sample	9	031_1_A_3-6	26032426	100216.164198816	209404.976816093	1069089.57760398	18367765.5292221	0.132429656391671	0.942304235403922	1.68140230962511	6.0007312598392	9	1	26032426
Sample	9	031_1_A_BL	26032427	127864.852177884	82336.1263840588	390997.120794218	3118267.01313443	0.186782923843996	0.265720576414852	0.6182276980851	1.0637342000077	9	1	26032427
Sample	9	100_3_A_3-6	26032428	21091.5741045693	930324.30743119	154854.971485428	3228512.88034279	0	4.88875891711108	0.235178390054484	1.03122814263956	9	2	26032428
Sample	9	100_3_A_0-3	26032429	307007.834336164	230662.669980167	88631.068176635	1481208.42642558	0.513264784615632	0.912669301234639	0.134682403166761	0.478113656621206	9	2	26032429
Sample	9	100_3_A_BL	26032430	102456.64107535	42709.4114748327	277231.673082097	3175312.81079412	0.112043038844361	0	0.420887277398014	1.0143875004386	9	2	26032430
Sample	9	100_3_A_AH	26032432	270223.285524946	106396.080423748	849376.419487166	10405452.0394895	0.441112866769682	0.206477808249938	1.28912741516966	3.30310984321953	9	2	26032432
Sample	9	082_3_A_BL	26032433	198772.234676708	88341.8817272048	375502.894084716	3061509.24481863	0.300963523705381	0.103878054143339	0.570015656183991	0.978362638966712	9	2	26032433
Sample	9	082_3_A_0-3	26032434	211893.197104416	65455.5228528689	67475.229972976	881208.271140526	0.326699943852936	0	0.102578030991656	0.288181800866236	9	2	26032434
Sample	9	082_3_A_AH	26032435	107314.857505437	33181.3028660542	179704.9284615	2068833.76200517	0.121572301648167	0	0.272888655165	0.664128225937854	9	2	26032435
Sample	9	082_3_A_3-6	26032436	44305.3676073565	199380.693764425	261559.658825406	5089663.17347249	0	0.734897741186495	0.397104708558772	1.62038087185026	9	2	26032436
Sample	9	023_3_A_3-6	26032438	14880.363113338	270749.96071687	125158.854948293	2392619.59653306	0	1.1404803628894	0.190113988999526	0.766623606776275	9	2	26032438
Sample	9	023_3_A_AH	26032439	55738.9777792112	41259.9699101156	180219.159223629	2156590.17199387	0.0204075801250787	0	0.273669009770303	0.691907781754182	9	2	26032439
Sample	9	023_3_A_BL	26032440	188669.398510853	133155.890510546	478237.062018585	4090121.8283019	0.281147078251861	0.358550463535959	0.725916638725929	1.30397304941915	9	2	26032440
Sample	9	023_3_A_0-3	26032441	1146165.44973595	1074491.21383706	457224.052954396	6110290.50163064	2.15925021281434	5.70804142286879	0.694029012387451	1.94346352568594	9	2	26032441
Sample	9	097_1_B_3-6	26032442	8254.25815083346	4893.72673998867	28066.6584707619	379416.893421721	0	0	0.0427748015371263	0.129338229356329	9	2	26032442
Sample	9	097_1_B_0-3	26032444	5966.27040798322	2874.04258164652	20475.6272025936	323977.896770035	0	0	0.0312552724747426	0.11178884803951	9	2	26032444
Sample	9	097_1_B_BL	26032445	29722.2611486789	14293.7319098536	90167.9973960665	1674426.72860572	0	0	0.137014721422953	0.539277491956322	9	2	26032445
Sample	9	097_1_B_AH	26032446	24306.3982898994	10704.8832587866	73526.9126527888	1650297.13112425	0	0	0.111761570361169	0.531639195219385	9	2	26032446
Std	9	Std_0_1	26032402	0	0	0	0	0	0	0	0	9	1	26032402
Std	9	Std_1_1	26032403	369955.238104157	238317.71429906	64302.9577390464	3219260.25538791	0.6372	0.856	0.11585	1.0385	9	1	26032403
Std	9	Std_2_1	26032404	506853.478572696	315493.734493475	110934.642115566	5058901.75577878	0.8496	1.284	0.173775	1.55775	9	1	26032404
Std	9	Std_3_1	26032405	461639.746568058	339074.312708458	82402.6507433744	5143208.58827631	1.062	1.926	0.2317	2.077	9	1	26032405
Std	9	Std_4_1	26032406	885487.986938446	562742.81820691	215435.801604948	9422261.67211482	1.6992	2.889	0.34755	3.1155	9	1	26032406
Std	9	Std_5_1	26032407	1211120.9160769	768616.513228565	294731.389531741	13040877.7013047	2.3364	3.852	0.4634	4.154	9	1	26032407
Std	9	Std_0_2	26032448	0	0	0	0	0	0	0	0	9	2	26032448
Std	9	Std_1_2	26032449	384182.868327461	248066.330451828	71623.9938009789	3427179.92850911	0.6372	0.856	0.11585	1.0385	9	2	26032449
Std	9	Std_2_2	26032450	514267.421302259	360922.791859819	115170.149952538	5297617.31395369	0.8496	1.284	0.173775	1.55775	9	2	26032450
Std	9	Std_3_2	26032451	498798.077057843	412529.980496457	105464.748934597	5408414.36697641	1.062	1.926	0.2317	2.077	9	2	26032451
Std	9	Std_4_2	26032452	957034.919237833	593291.217328162	240267.544242701	10401963.2019836	1.6992	2.889	0.34755	3.1155	9	2	26032452
Std	9	Std_5_2	26032453	1186623.04687238	707244.437839875	297581.511622275	13017315.833315	2.3364	3.852	0.4634	4.154	9	2	26032453
QC	10	QC10a	26033102	268468.767678255	367707.672521154	184738.266547579	3377852.12576329	0.558624312733594	1.91614081056169	0.310102015801198	1.2292983432367	10	1	26033102
QC	10	QC10b	26033109	274672.31542913	389471.661814476	183422.466320784	3407717.76125237	0.570116169908188	2.02848649328117	0.308258566051991	1.23843306194455	10	1	26033109
QC	10	QC10c	26033115	270164.417861375	402381.213558861	181753.208158206	3337935.0478783	0.561765445921412	2.09512558158335	0.305919918072986	1.21708928516218	10	1	26033115
QC	10	QC10d	26033121	292065.602445931	427638.967785787	189394.384546641	3553106.04010871	0.602336631202384	2.22550607407217	0.31662528535448	1.28290159606489	10	1	26033121
QC	10	QC10e	26033127	287944.688465017	426478.177082109	184232.231931284	3421730.95581263	0.594702780896199	2.21951407406052	0.309393056061335	1.242719144876	10	1	26033127
QC	10	QC10f	26033133	271677.813385992	388574.974462369	181891.345184917	3342628.12538734	0.493985398295646	1.89050858956216	0.290594835453793	1.09310537544244	10	2	26033133
QC	10	QC10g	26033139	285841.451531287	422318.880505228	186842.842852652	3452488.2704831	0.520833919050813	2.07441033330577	0.298048248235373	1.12730272051049	10	2	26033139
QC	10	QC10h	26033145	283165.523141686	419357.830109537	187298.288809521	3455967.61862454	0.515761442744193	2.05827283190363	0.298733823983166	1.12838577450519	10	2	26033145
QC	10	QC10i	26033156	268042.47247244	355850.098353121	179393.662538001	3351486.39247891	0.487094264466305	1.71216048212491	0.286835112433793	1.09586278320092	10	2	26033156
Sample	10	058_3_A_BL	26033111	189628.659044361	120704.383976253	395698.658537071	6119831.82898764	0.412575744328159	0.641110175711714	0.605659710492515	2.06796167255895	10	1	26033111
Sample	10	058_3_A_3-6	26033112	18150.1711544145	508471.076783971	56731.0800462789	1029820.00366047	0.0949177894799253	2.6427613092529	0.13076262138004	0.511128024702728	10	1	26033112
Sample	10	058_3_A_0-3	26033113	168044.954051347	567717.463311064	79151.0951446019	1223144.40679738	0.372592678985709	2.94859107480469	0.162173294800361	0.57025832657308	10	1	26033113
Sample	10	058_3_A_AH	26033114	112594.840992405	67185.101247217	264015.250463451	5164274.66768805	0.269873266614219	0.364843712067792	0.421169891563502	1.77569446528865	10	1	26033114
Sample	10	083_2_A_3-6	26033116	125896.773843199	610686.456309602	172904.348715479	2850024.02669053	0.294514636134713	3.17039695740868	0.293522574321036	1.06785656802675	10	1	26033116
Sample	10	083_2_A_AH	26033117	135863.07451675	47950.8736110687	309402.77612978	3082946.93643584	0.312976862670059	0.265556655534093	0.48475828522913	1.13909848959631	10	1	26033117
Sample	10	083_2_A_BL	26033118	63942.2522813886	27125.5693233787	141316.000280647	1147193.56760154	0.179746032474316	0.158056463519238	0.24926697091388	0.547027963638629	10	1	26033118
Sample	10	083_2_A_0-3	26033119	1329760.36151076	299733.028404811	158582.085184498	1669130.75844553	2.52463020270168	1.56525579137052	0.273456934737899	0.706667942612792	10	1	26033119
Sample	10	052_1_A_0-3	26033120	1439474.83772154	31800.0855219728	131012.807298479	2211539.25345748	2.72787246684347	0.182186309690199	0.234832090806523	0.872569285261122	10	1	26033120
Sample	10	052_1_A_AH	26033122	61828.7836578606	15201.0359760736	145327.678017007	2093646.39894202	0.175830905108505	0.0965020388244419	0.254887372982824	0.836510515841724	10	1	26033122
Sample	10	052_1_A_BL	26033123	37903.0281868055	12171.6264439811	105326.010404389	1214666.55859625	0.131509272438102	0.0808642309973515	0.198844622247025	0.567665287540192	10	1	26033123
Sample	10	052_1_A_3-6	26033124	15866.5213780937	20230.829717304	193447.626210772	5185538.07564279	0.090687407427564	0.122465827180562	0.322303918916827	1.78219810223647	10	1	26033124
Sample	10	089_2_A_3-6	26033125	970147.382298159	2089341.19927733	1737436.87033784	29379462.2554342	1.85845962399405	10.8032107015356	2.4854488454067	9.18216425739573	10	1	26033125
Sample	10	089_2_A_AH	26033126	133363.362187749	94782.8105680743	271399.080993891	2410574.16889352	0.308346232228245	0.507303049524676	0.431514714631886	0.933446207374978	10	1	26033126
Sample	10	089_2_A_0-3	26033128	122580.188760497	66232.0257798525	24030.4980637098	249783.728260156	0.288370777231971	0.359923937819553	0.0849487672499528	0.272545726318068	10	1	26033128
Sample	10	089_2_A_BL	26033129	38044.4166963127	30645.1348056942	101359.890728948	809600.667037328	0.131771189751007	0.176224455685452	0.193288047493402	0.44377162457463	10	1	26033129
Sample	10	109_3_A_BL	26033130	43744.6083353405	42247.0710544516	136128.03376961	1755740.18025554	0.0619163688685672	0.003047628081037	0.221708031274739	0.599137753274327	10	2	26033130
Sample	10	109_3_A_0-3	26033131	230476.938301542	158429.38684177	47794.3363373339	699323.117594044	0.415885228093026	0.636232489321477	0.0887406840867965	0.270295489356709	10	2	26033131
Sample	10	109_3_A_AH	26033132	17039.3798958861	11939.9972864838	67845.4329654474	1306010.5784858	0.0112940730521266	0	0.118923289415793	0.459145599016481	10	2	26033132
Sample	10	109_3_A_3-6	26033134	10212.534036819	340766.354423868	120085.960590815	2720411.23380191	0	1.62995521497984	0.197560146877455	0.899421253414678	10	2	26033134
Sample	10	087_3_B_0-3	26033135	4894.95374639026	2831.63806699488	20020.0063842494	157949.839633566	0	0	0.0469324152025955	0.10177642558798	10	2	26033135
Sample	10	087_3_B_AH	26033136	93382.3956076952	45112.5740334469	226301.716455152	2597040.80997074	0.156009507096971	0.0186644032661745	0.3574450797783	0.861018419054064	10	2	26033136
Sample	10	087_3_B_3-6	26033137	20466.5857674188	12779.2641254896	67352.2268620488	469677.76556421	0.0177906671496424	0	0.118180873904021	0.198811318825239	10	2	26033137
Sample	10	087_3_B_BL	26033138	57993.3889089034	39222.5653759728	167889.618579433	1453429.74732404	0.0889262851796666	0	0.269518253165257	0.505034344038722	10	2	26033138
Sample	10	001_1_A_3-6	26033140	222650.22516714	46668.8937260771	180354.124375121	3804929.43909084	0.401048950303514	0.0271462282491413	0.288280880767618	1.23701086124304	10	2	26033140
Sample	10	001_1_A_BL	26033141	33633.9294367999	16275.7257809608	103709.872909133	2396351.6399978	0.0427506171406849	0	0.172909475620092	0.798547749722593	10	2	26033141
Sample	10	001_1_A_0-3	26033142	1027222.0403255	43377.1910655772	82053.0965264523	1308327.22367999	1.92619120942546	0.00920669693399007	0.140309865415218	0.459866726000582	10	2	26033142
Sample	10	001_1_A_AH	26033143	89874.0219849692	29717.1634702157	243187.466003565	9777236.64353345	0.149359051821261	0	0.382862937153214	3.09607494808439	10	2	26033143
Sample	10	187_3_A_BL	26033144	22418.3926721632	15036.1255147681	49541.5860969328	7583836.27909159	0.0214905024359255	0	0.0913707920995032	2.41331170332609	10	2	26033144
Sample	10	187_3_A_0-3	26033146	188731.216694718	327359.554889188	102819.563019501	6443386.25261543	0.33675224958125	1.55688916834857	0.17156930592675	2.05831159792596	10	2	26033146
Sample	10	187_3_A_AH	26033147	61915.3241780598	44987.0813189728	129425.777143106	19377181.4370893	0.0963606858184137	0.0179804774340676	0.211619228137269	6.08435267567408	10	2	26033147
Sample	10	187_3_A_3-6	26033148	27080.778915212	866942.124233359	203376.847313176	10483700.9324056	0.0303284981917461	4.49757348835627	0.322936629175105	3.31598366060023	10	2	26033148
Std	10	Std_0_1	26033103	0	0	0	0	0	0	0	0	10	1	26033103
Std	10	Std_1_1	26033104	338190.110967945	198255.953290278	52192.7179077871	2928340.07945281	0.6372	0.856	0.11585	1.0385	10	1	26033104
Std	10	Std_2_1	26033105	400975.462999781	211546.417593669	55158.3762737204	3978239.35344521	0.8496	1.284	0.173775	1.55775	10	1	26033105
Std	10	Std_3_1	26033106	454750.653843149	342772.025039393	83131.3659395284	5083608.51003546	1.062	1.926	0.2317	2.077	10	1	26033106
Std	10	Std_4_1	26033107	918266.834903161	574000.04032772	218712.19558191	9771884.77281599	1.6992	2.889	0.34755	3.1155	10	1	26033107
Std	10	Std_5_1	26033108	1243684.66483261	746032.496268508	322123.460359187	13436551.9157456	2.3364	3.852	0.4634	4.154	10	1	26033108
Std	10	Std_0_2	26033150	0	0	0	0	0	0	0	0	10	2	26033150
Std	10	Std_1_2	26033151	401621.352195812	240508.784609966	77593.064226779	3583788.63507122	0.6372	0.856	0.11585	1.0385	10	2	26033151
Std	10	Std_2_2	26033152	481795.354639866	299475.154659269	102170.352525866	4924548.61374847	0.8496	1.284	0.173775	1.55775	10	2	26033152
Std	10	Std_3_2	26033153	483467.561073841	377045.402875599	103049.306820175	5319780.03790994	1.062	1.926	0.2317	2.077	10	2	26033153
Std	10	Std_4_2	26033154	926241.149368488	585551.929820889	224446.132743073	10058054.6401826	1.6992	2.889	0.34755	3.1155	10	2	26033154
Std	10	Std_5_2	26033155	1246889.38487641	730509.133821015	310855.810924863	13466259.936511	2.3364	3.852	0.4634	4.154	10	2	26033155
QC	11	QC11a	26040702	279420.659510208	329791.884783823	189832.508527187	3526846.76803017	0.506196087190413	1.81145630327561	0.31187174629141	1.09801680331287	11	1	26040702
QC	11	QC11b	26040709	257723.194303705	307163.725554959	177218.556136276	3273204.6408049	0.464941263262943	1.68608443194867	0.292544032189866	1.02104462096092	11	1	26040709
QC	11	QC11c	26040715	284718.894165717	370955.956848093	187642.307988132	3560173.33336727	0.516269970741287	2.03952685439459	0.308515814024342	1.10813033804921	11	1	26040715
QC	11	QC11d	26040721	255080.370330358	297200.638440306	173697.076592825	3224626.96221695	0.459916287457979	1.63088370337309	0.287148249193308	1.00630286660248	11	1	26040721
QC	11	QC11e	26040727	253031.304976009	303016.644737347	171197.05574238	3226580.88106219	0.456020264138895	1.66310742894151	0.283317595109017	1.00689581777862	11	1	26040727
QC	11	QC11f	26040733	240805.32240278	268500.673952175	166593.858652402	3073555.4465331	0.482461952810366	1.40783610800986	0.331378369573171	1.08302792575526	11	2	26040733
QC	11	QC11g	26040739	238673.849360775	266050.139408281	167122.539173845	3097043.28311532	0.47805604155238	1.39364780843323	0.332410622078893	1.09118816986205	11	2	26040739
QC	11	QC11h	26040745	245327.874619081	224367.958558531	168870.17089776	3156413.71022846	0.441373223114152	1.22735245373936	0.279752228471321	0.985602350768156	11	1	26040745
QC	11	QC11i	26040756	231766.365009247	253045.713116231	160780.407994482	2918395.2276573	0.46377776429107	1.31835374799503	0.32002756551451	1.02912150243452	11	2	26040756
Sample	11	197_1_A_BL	26040711	149471.916208624	117348.236243703	581802.988549045	3583579.41387025	0.293669097047828	0.53268171637329	1.14207717036243	1.26022262221937	11	2	26040711
Sample	11	197_1_A_AH	26040712	13005.237110325	8584.91578017285	55846.4875836589	485205.945162014	0	0.0318012115845441	0.106571819183231	0.174977185926944	11	1	26040712
Sample	11	197_1_A_0-3	26040713	2226666.15965167	327179.014798159	367268.516996249	3524490.70141528	4.20862259126966	1.79697963302049	0.583747867013124	1.09730181329486	11	1	26040713
Sample	11	197_1_A_3-6	26040714	125107.638607116	317921.909339849	724365.619903408	12832020.9943711	0.212790546659115	1.74569041313119	1.13090949388374	3.9218362342646	11	1	26040714
Sample	11	158_3_A_0-3	26040716	844940.195620444	205517.23328497	98846.8084397851	1766566.06581677	1.58145573930774	1.12290954791069	0.172459011557664	0.563828540962176	11	1	26040716
Sample	11	158_3_A_3-6	26040717	295505.702588579	848628.491593961	258994.739171149	5841920.12437642	0.536779642170147	4.68608325153118	0.417845494969482	1.80056669316054	11	1	26040717
Sample	11	158_3_A_AH	26040718	96802.8486069927	34496.4911272882	237109.374285297	8856872.83995728	0.184798267663406	0.0529801006227697	0.46906041903787	3.09229265782999	11	2	26040718
Sample	11	158_3_A_BL	26040719	86447.3079770134	36749.652999044	214634.741077303	5825711.04848057	0.163392604938611	0.0660256362226542	0.425178536685152	2.03919353313876	11	2	26040719
Sample	11	038_2_A_3-6	26040720	31904.4416433723	521236.103364587	142775.97208521	1859012.52750589	0.0355771512868233	2.87215769287779	0.239769422231999	0.5918830521933	11	1	26040720
Sample	11	038_2_A_BL	26040722	31247.5150661633	14764.4549301369	94798.5298661858	893945.386611101	0.0343280933891335	0.0660390998428552	0.166256041350616	0.29901638700853	11	1	26040722
Sample	11	038_2_A_0-3	26040723	194045.738028369	81532.8493669955	49761.2458876752	503418.673876189	0.385806459095961	0.325314944202758	0.103261856130854	0.190100074384068	11	2	26040723
Sample	11	038_2_A_AH	26040724	71448.5981897686	27420.8229972511	185952.228344872	2488374.5277707	0.132389170691694	0.0120128351810577	0.369175725086108	0.879721881496083	11	2	26040724
Sample	11	011_2_A_3-6	26040725	51115.1598837744	480921.112309676	240062.97703544	4053765.43222048	0.0721037589336231	2.64879149592104	0.388837324123596	1.25791957635927	11	1	26040725
Sample	11	011_2_A_AH	26040726	126033.726125481	37803.2211451421	225324.578270529	3874518.25806078	0.245220637452494	0.0721256687720762	0.446050520389695	1.36130183317315	11	2	26040726
Sample	11	011_2_A_BL	26040728	11062.801595163	3164.45547051312	24351.7541312729	218395.305592085	0.00756729596212987	0	0.053649641436279	0.09107604323517	11	2	26040728
Sample	11	011_2_A_0-3	26040729	307353.336503935	47052.6033329733	43573.0416605658	527127.371864854	0.620021583519579	0.125678476548935	0.0911793430435203	0.198337051100269	11	2	26040729
Sample	11	015_1_A_0-3	26040730	272725.600159353	14393.7563794185	19404.6091037907	190162.680559699	0.548443510331457	0	0.0439903053274878	0.0812673445398564	11	2	26040730
Sample	11	015_1_A_AH	26040731	38254.8376503211	16381.9489910084	105040.123529434	1248172.05209167	0.0637752307668177	0	0.211194260758627	0.448845461355797	11	2	26040731
Sample	11	015_1_A_3-6	26040732	473653.651783897	56673.5394893299	122933.199316507	2126232.27589595	0.963776543990148	0.181382537009606	0.24613061942353	0.753904879732801	11	2	26040732
Sample	11	015_1_A_BL	26040734	16119.2518293974	9417.95882292706	55710.9671373965	557007.41326605	0.0180193498110025	0	0.114878729496283	0.208718102198834	11	2	26040734
Sample	11	042_3_A_BL	26040735	6525.2589562966	2719.14013105723	22846.3603141859	365580.781621114	0	0	0.0507103492233842	0.142211847470126	11	2	26040735
Sample	11	042_3_A_0-3	26040736	137804.328838282	30105.7928695021	25227.7676334445	406033.103527433	0.269551337387981	0.0275584870457289	0.0553600640752573	0.156265965238125	11	2	26040736
Sample	11	042_3_A_AH	26040737	75465.9115514379	35952.2006280448	219823.415222428	4625248.70201535	0.140693252337683	0.0614084831341474	0.435309460126517	1.62212379775145	11	2	26040737
Sample	11	042_3_A_3-6	26040738	44716.9359411271	189220.552714809	130484.423028502	3442901.63508122	0.0771328623430015	0.948813763929783	0.260874437820129	1.21134774984442	11	2	26040738
Sample	11	144_3_A_BL	26040740	72903.1272407295	35164.900300367	327319.985864178	6217010.87794963	0.135395789022962	0.0568501091525583	0.645197284437891	2.17514058455133	11	2	26040740
Sample	11	144_3_A_0-3	26040741	37340.6216437271	160479.605711389	222926.04413745	3875392.20186492	0.0618854791648487	0.78240714574246	0.441367365311137	1.3616054624475	11	2	26040741
Sample	11	144_3_A_3-6	26040742	55579.6476282786	1462816.09193746	804922.979794328	18083608.467698	0.0995868848764745	8.32277839339317	1.57772055175842	6.29788440177893	11	2	26040742
Sample	11	168_3_A_0-3	26040744	230883.767215919	689097.669732357	696099.186132149	12624911.9471967	0.461953369857144	3.84304200707781	1.36524131499109	4.40140083436945	11	2	26040744
Sample	11	168_3_A_3-6	26040746	652692.99510301	118701.647010131	92255.3028170765	1183083.0746349	1.33386401064184	0.540517801545877	0.186231806723973	0.426231971907788	11	2	26040746
Sample	11	168_3_A_AH	26040747	227899.868036315	118223.245365158	486248.035119425	8073280.45137839	0.455785431192651	0.537747913696817	0.955505439210591	2.82005365664981	11	2	26040747
Sample	11	168_3_A_BL	26040748	238216.714058659	134561.039749639	576063.330745385	6749268.82039797	0.477111109322733	0.632341773524672	1.13087044738039	2.36005990323581	11	2	26040748
Std	11	Std_0_1	26040703	0	0	0	0	0	0	0	0	11	1	26040703
Std	11	Std_1_1	26040704	335382.200145611	160439.702651751	47439.1379072973	2920573.01677743	0.6372	0.856	0.11585	1.0385	11	1	26040704
Std	11	Std_2_1	26040705	501500.271311235	294422.024480526	101484.193800526	5442672.93354034	0.8496	1.284	0.173775	1.55775	11	1	26040705
Std	11	Std_3_1	26040706	397178.220128927	297783.892377324	42473.9282723074	4595968.99339752	1.062	1.926	0.2317	2.077	11	1	26040706
Std	11	Std_4_1	26040707	892978.571118077	471840.308493728	197234.69127035	10037621.3308034	1.6992	2.889	0.34755	3.1155	11	1	26040707
Std	11	Std_5_1	26040708	1240542.43492826	743122.42495698	303585.968870047	13652253.9304573	2.3364	3.852	0.4634	4.154	11	1	26040708
Std	11	Std_0_2	26040750	0	0	0	0	0	0	0	0	11	2	26040750
Std	11	Std_1_2	26040751	317809.88240497	186795.045215686	52818.0455741715	2958581.86872413	0.6372	0.856	0.11585	1.0385	11	2	26040751
Std	11	Std_2_2	26040752	438300.896164085	274695.425091438	91137.0707649456	4591542.42116725	0.8496	1.284	0.173775	1.55775	11	2	26040752
Std	11	Std_3_2	26040753	342946.703620923	269274.473127653	37194.6615003397	4047476.65518615	1.062	1.926	0.2317	2.077	11	2	26040753
Std	11	Std_4_2	26040754	804457.431429813	509823.079444276	159391.066880958	8330133.50527031	1.6992	2.889	0.34755	3.1155	11	2	26040754
Std	11	Std_5_2	26040755	1148044.65170668	689299.97731537	244698.75327177	12297823.6051752	2.3364	3.852	0.4634	4.154	11	2	26040755
QC	12	QC12a	26041302	225044.859764745	229449.241485265	163941.554752618	2956539.43313776	0.429573721467251	1.05516162945588	0.310388987730011	1.07747716988401	12	1	26041302
QC	12	QC12b	26041309	237016.076038271	281944.304256342	164982.850768618	3061882.97191474	0.456564130612287	1.38228838619268	0.312440666557104	1.11780359704823	12	1	26041309
QC	12	QC12c	26041315	215995.591454635	226127.391730626	154217.799000986	2786885.57480342	0.409171161813124	1.03446128395213	0.291230147699024	1.01253219043223	12	1	26041315
QC	12	QC12d	26041321	211678.208081464	230562.017029451	151950.57478309	2720695.92744132	0.399437151415568	1.06209597024013	0.286763006893091	0.987194215038939	12	1	26041321
QC	12	QC12e	26041327	228491.278651378	280676.987230607	159281.99622004	2895995.56034644	0.43734404769894	1.37439100905848	0.301208200098062	1.05430044633072	12	1	26041327
QC	12	QC12f	26041333	228549.079602334	268885.055663608	162748.100750856	2923621.93482616	0.483102442414012	1.28214817697508	0.337805005722278	1.11134694140193	12	2	26041333
QC	12	QC12g	26041339	222743.979831589	253065.113733597	154257.305588699	2802666.33620169	0.469792820318299	1.19506630056556	0.31914392377032	1.06249052404666	12	2	26041339
QC	12	QC12h	26041345	229659.776282939	294259.294147471	159382.627383665	2935095.97280268	0.485648988324611	1.42182228636264	0.330408363462882	1.11598153785308	12	2	26041345
QC	12	QC12i	26041356	215036.285455363	238736.39481751	151542.95884658	2776628.98178257	0.452121031128075	1.11619295606926	0.313178328554167	1.05197350897011	12	2	26041356
Sample	12	245_3_A_0-3	26041311	4090.85095176504	2128.8757684435	17708.6327694104	212067.244677557	0	0	0.0222643956381408	0.0268692341996162	12	1	26041311
Sample	12	245_3_A_BL	26041312	51845.8069919698	28278.7101249124	150684.608800963	2355915.51449527	0.039077618894285	0	0.284268657964985	0.847553085413074	12	1	26041312
Sample	12	245_3_A_3-6	26041313	5854.13004705636	3368.44975123968	24767.1435904115	263692.481999692	0	0	0.0361718695742119	0.0466318261618454	12	1	26041313
Sample	12	245_3_A_AH	26041314	96264.8199751178	38535.4991957395	267191.855904902	6655345.26443773	0.139225114924839	0	0.513824373547444	2.4934123632735	12	1	26041314
Sample	12	118_1_A_BL	26041316	54365.9690032526	23637.1601352377	210075.251727123	1436371.16938359	0.0447595982556239	0	0.401286799537366	0.49554347487661	12	1	26041316
Sample	12	118_1_A_AH	26041317	16016.6625044054	6121.44242652047	69937.9879884783	585834.415155976	0	0	0.125172560664368	0.169950573137595	12	1	26041317
Sample	12	118_1_A_3-6	26041318	6221.80605946019	6710.41015957308	86179.6079450835	1466999.99414275	0	0	0.157173631705302	0.507268456637387	12	1	26041318
Sample	12	118_1_A_0-3	26041319	347367.329430822	13660.7731421048	107432.505597901	1338376.3997766	0.705363033804709	0	0.199048487134175	0.458030220766195	12	1	26041319
Sample	12	202_3_A_AH	26041320	113098.867695811	36012.8136647827	305606.375057312	6818271.69005888	0.177179306476233	0	0.58951299079647	2.55578202269654	12	1	26041320
Sample	12	202_3_A_3-6	26041322	117810.368896889	1540212.73764328	970432.415668792	21060483.6769522	0.18780189838326	9.22327856679581	1.89942822168567	8.00782522358779	12	1	26041322
Sample	12	202_3_A_BL	26041323	141336.943112361	57883.0707785986	321390.199129329	5427873.36670113	0.240845118833711	0	0.620612060764598	2.0235253948378	12	1	26041323
Sample	12	202_3_A_0-3	26041324	1097893.46344401	1143478.59199565	764606.638789801	14235865.1941499	2.39750583435341	6.75100122295461	1.49388706719748	5.39530163300505	12	1	26041324
Sample	12	009_1_B_3-6	26041325	9715.11312750394	7345.70668984223	39417.7090027224	254682.088917402	0	0	0.0650380655449254	0.0431825689546881	12	1	26041325
Sample	12	009_1_B_BL	26041326	223822.473229213	95511.5761024561	527568.650855342	4875724.91318717	0.426817718069305	0.220519440862915	1.02684809500395	1.81215814200982	12	1	26041326
Sample	12	009_1_B_AH	26041328	248245.006928306	85577.5828409042	517694.949475903	5149042.3003144	0.481880976625138	0.158615047848508	1.00739381518921	1.91678642612353	12	1	26041328
Sample	12	009_1_B_0-3	26041329	9488.48786453533	6501.39609687283	37620.3650393395	268208.493229347	0	0	0.0614967358000548	0.0483605947226876	12	1	26041329
Sample	12	094_2_A_BL	26041330	12776.4872383756	6195.31544111963	54254.9804407887	668168.447636463	0	0	0.0993586681692242	0.200323572920625	12	2	26041330
Sample	12	094_2_A_0-3	26041331	172648.464013383	77037.8518031809	53940.7372748797	736647.442004094	0.354936502500952	0.226113042965435	0.0986680240823188	0.227983626419111	12	2	26041331
Sample	12	094_2_A_3-6	26041332	16926.5602140118	280354.338641343	137325.359487328	2406935.885122	0	1.34528157450532	0.28193086801177	0.902646975686702	12	2	26041332
Sample	12	094_2_A_AH	26041334	123809.421701446	53559.0009042925	587401.222468429	9723506.72511538	0.242960959898876	0.0968722150749309	1.27110825402631	3.85795820256028	12	2	26041334
Sample	12	170_3_A_AH	26041335	107179.880241188	51613.3187928564	297325.141711796	13278684.7098554	0.204833637165091	0.0861620841585305	0.633578622004615	5.29396663350515	12	2	26041335
Sample	12	170_3_A_3-6	26041336	181171.221465158	558039.202174844	360838.917084618	7533820.09356515	0.374477024692871	2.87381556495843	0.773169289860182	2.97349939978578	12	2	26041336
Sample	12	170_3_A_0-3	26041337	1020178.10889973	512710.195794033	206534.657280612	4043353.01676747	2.2981071169317	2.62429916667561	0.434039163323616	1.56362901587488	12	2	26041337
Sample	12	170_3_A_BL	26041338	144378.813858427	78281.9266311341	391762.740139265	10706899.1192083	0.290121361469853	0.232961131971785	0.8411337131291	4.25517031821412	12	2	26041338
Sample	12	062_3_A_3-6	26041340	95369.2892166711	517564.135822633	157544.054408294	3121484.91605258	0.177754946105289	2.65101798824523	0.326367545104554	1.19126780905824	12	2	26041340
Sample	12	062_3_A_AH	26041341	85130.6530186378	65187.9200368524	246941.690658918	1888228.35993885	0.154280348948828	0.160884339971338	0.522845800029288	0.693130495061888	12	2	26041341
Sample	12	062_3_A_0-3	26041342	284449.090419181	109159.968171962	65279.7392479115	662893.743908162	0.611266995737952	0.402931275296087	0.123588899104155	0.198193013197009	12	2	26041342
Sample	12	062_3_A_BL	26041343	191856.16994162	194044.998648727	537307.200225438	3471805.47039657	0.398974902757007	0.870186323746828	1.16101153911015	1.33276937993052	12	2	26041343
Sample	12	117_2_A_BL	26041344	11762.4401633236	5819.55309377618	36144.3885386069	440692.423630581	0	0	0.059555182956047	0.108441397200483	12	2	26041344
Sample	12	117_2_A_0-3	26041346	96846.560507953	135572.701192487	33983.2147282223	448594.972507932	0.181141954666088	0.548321843902883	0.0548053520135042	0.111633396831033	12	2	26041346
Sample	12	117_2_A_3-6	26041347	26845.3470340995	141572.682141881	50003.3304111667	987049.474565321	0.0206469185129563	0.581349120602511	0.0900143855527473	0.329126081572436	12	2	26041347
Sample	12	117_2_A_AH	26041348	9431.51184345206	3601.51729792373	30463.9588655769	453836.958998601	0	0	0.047070726362019	0.113750741399381	12	2	26041348
Std	12	Std_0_1	26041303	0	0	0	0	0	0	0	0	12	1	26041303
Std	12	Std_1_1	26041304	309878.542960689	199465.788943964	62074.2470784047	2766691.45389393	0.6372	0.856	0.11585	1.0385	12	1	26041304
Std	12	Std_2_1	26041305	435345.9587359	294325.135874112	102400.687038255	4318238.50693554	0.8496	1.284	0.173775	1.55775	12	1	26041305
Std	12	Std_3_1	26041306	531906.438674748	437930.213978365	127965.637622147	5709244.75260534	1.062	1.926	0.2317	2.077	12	1	26041306
Std	12	Std_4_1	26041307	825342.819952432	545532.491592742	190422.416572396	8560900.08934037	1.6992	2.889	0.34755	3.1155	12	1	26041307
Std	12	Std_5_1	26041308	1025025.10319412	617724.510771194	231763.60575106	10693884.7282836	2.3364	3.852	0.4634	4.154	12	1	26041308
Std	12	Std_0_2	26041350	0	0	0	0	0	0	0	0	12	2	26041350
Std	12	Std_1_2	26041351	285904.793720915	208457.732358491	58609.7534898101	2690273.82820182	0.6372	0.856	0.11585	1.0385	12	2	26041351
Std	12	Std_2_2	26041352	409863.856342355	275231.497850687	99612.7926509906	4243947.79085184	0.8496	1.284	0.173775	1.55775	12	2	26041352
Std	12	Std_3_2	26041353	494523.809822732	415053.011290225	124269.996908213	5513233.35990073	1.062	1.926	0.2317	2.077	12	2	26041353
Std	12	Std_4_2	26041354	773603.703792322	577353.244536059	164470.210934964	7797558.91558511	1.6992	2.889	0.34755	3.1155	12	2	26041354
Std	12	Std_5_2	26041355	1014983.52637857	702947.423269487	213503.202930024	10355404.8337076	2.3364	3.852	0.4634	4.154	12	2	26041355
QC	13	QC13a	26041401	224683.908491355	267973.038505362	156739.070749132	2832474.28828815	0.499272648639757	1.46055764807101	0.331833294525104	1.17971604385614	13	1	26041401
QC	13	QC13b	26041408	235418.777351591	291747.323852952	163891.88655491	2990713.87983556	0.52453981507375	1.6056216461057	0.346707019835719	1.24506742554747	13	1	26041408
QC	13	QC13c	26041414	219219.192740484	256242.694380563	154190.679116307	2782468.50879181	0.486410089796287	1.38898238966945	0.326534111915106	1.15906415294388	13	1	26041414
QC	13	QC13d	26041420	223871.95394387	262792.004772356	157882.500719418	2801948.41540836	0.497361512979391	1.4289444384088	0.334210968402324	1.16710916115049	13	1	26041420
QC	13	QC13e	26041426	226173.05623807	287863.68370341	158504.927926726	2860690.584516	0.502777725828026	1.58192476694471	0.335505257470954	1.1913690943138	13	1	26041426
QC	13	QC13f	26041432	211130.646021176	252591.56821806	151923.52834502	2721105.58627656	0.479252863116896	1.43037651986187	0.395691610597783	1.17932768830303	13	2	26041432
QC	13	QC13g	26041438	213523.835381857	273137.063910687	155050.304836822	2762940.92533057	0.485471108969157	1.5596674854533	0.4044692822409	1.19784365327071	13	2	26041438
QC	13	QC13h	26041444	192570.342720423	205327.859637446	143914.887603122	2469423.48740347	0.431027456923479	1.13295023182089	0.373209281296546	1.06793533363101	13	2	26041444
QC	13	QC13i	26041455	218358.003540245	281183.346027185	155053.311029768	2833032.17042517	0.498031772405948	1.61030201867785	0.404477721403293	1.22886544174093	13	2	26041455
Sample	13	024_1_A_0-3	26041410	2278907.66175825	208847.160180043	213670.660833553	6878456.6870269	5.33439584783607	1.09978817921912	0.450218117426329	2.85066664143243	13	1	26041410
Sample	13	024_1_A_AH	26041411	61217.0165167394	16805.6715466515	160836.005174589	9054012.32975371	0.114512925931844	0	0.34035255168403	3.74914954200265	13	1	26041411
Sample	13	024_1_A_BL	26041412	49829.803519693	18754.2098115407	148335.235570111	11211871.7966395	0.087710306378522	0	0.314358171524251	4.64032409748329	13	1	26041412
Sample	13	024_1_A_3-6	26041413	23110.9611951286	65232.7248442314	326738.88845747	9600491.14622579	0.0248209087782284	0.223493314380234	0.685334721110928	3.97483987254671	13	1	26041413
Sample	13	240_3_B_AH	26041415	62353.8222459709	25778.7953250489	177611.666415609	6974276.17698373	0.117188679118732	0	0.375236237211242	2.89023914032732	13	1	26041415
Sample	13	240_3_B_3-6	26041416	18789.3343843943	11269.8357529522	68997.842232334	752756.075150993	0.0146488922110852	0	0.149382219758102	0.320813051071218	13	1	26041416
Sample	13	240_3_B_0-3	26041417	3368.9171805382	1333.48131356154	14153.3227285548	209486.207067252	0	0	0.0353372981437591	0.0964479843811842	13	1	26041417
Sample	13	240_3_B_BL	26041418	53340.7036638118	30649.0592256345	166878.616895187	3659871.64873697	0.0959740774063342	0.0124735201790565	0.352917693766713	1.52142294656189	13	1	26041418
Sample	13	212_3_B_3-6	26041419	3073.44026497977	1198.75541199456	14219.9233454449	491443.244873726	0	0	0.0354757889574525	0.212893444193475	13	1	26041419
Sample	13	212_3_B_BL	26041421	148353.261754942	71575.8489261014	421154.812575663	34282814.5806445	0.319609610347094	0.262197272286564	0.881665307332274	14.1683946208743	13	1	26041421
Sample	13	212_3_B_AH	26041422	248628.498347639	72521.6145817991	638269.371201977	38803148.2500381	0.555632157541959	0.267968068136514	1.33313818090106	16.0352475880232	13	1	26041422
Sample	13	212_3_B_0-3	26041423	3344.27667111345	1940.20251954502	14742.4001762811	790400.98441379	0	0	0.0365622389757431	0.336360025187562	13	1	26041423
Sample	13	149_2_A_AH	26041424	33202.7458784077	83837.4293223981	105206.629516193	1343048.52888251	0.0485744176965323	0.337013984902949	0.224675582611861	0.564597979205093	13	1	26041424
Sample	13	149_2_A_BL	26041425	73491.8117480383	230579.704209283	191624.784670239	1916239.04956171	0.143404689593836	1.23239404636734	0.404375429009825	0.801319978626679	13	1	26041425
Sample	13	149_2_A_3-6	26041427	7339.66032851398	112642.898189119	53316.723100689	897482.425918387	0	0.51277684876939	0.116774549595719	0.380583598361586	13	1	26041427
Sample	13	149_2_A_0-3	26041428	37001.232423455	55864.1869730981	30572.569909848	396657.534023861	0.0575150943811363	0.166329133019731	0.0694798482964333	0.173747885815453	13	1	26041428
Sample	13	230_3_B_AH	26041429	165965.128309594	72374.1231529084	336059.502349636	7827561.68056987	0.361898884451652	0.296284267356297	0.912608992360002	3.43940169006754	13	2	26041429
Sample	13	230_3_B_0-3	26041430	4796.1230875847	2787.43268366123	14267.6839201619	168918.139004825	0	0	0.00925599382590392	0.0497512480679378	13	2	26041430
Sample	13	230_3_B_3-6	26041431	6698.54240798035	3185.20721449337	18545.6484277975	186499.514810223	0	0	0.0212653484591449	0.0575326153487487	13	2	26041431
Sample	13	230_3_B_BL	26041433	108778.593749398	63114.379825362	232155.635197564	3432863.8665176	0.213310587521859	0.238013531334243	0.62092391966545	1.49434584473271	13	2	26041433
Sample	13	211_3_A_3-6	26041434	4109.96912586015	36700.4503618066	42601.0327803748	897986.025025479	0	0.0717930372415806	0.088795044185556	0.372430488678295	13	2	26041434
Sample	13	211_3_A_AH	26041435	76954.8120165231	31347.4603873692	299493.376313842	7063214.09951963	0.130622563742837	0.0381071504199422	0.809958403664411	3.10110795673382	13	2	26041435
Sample	13	211_3_A_BL	26041436	165537.77580413	67811.3269634204	586043.986009125	10808549.2757192	0.360788490519517	0.267570999301756	1.61438019960495	4.7587614258555	13	2	26041436
Sample	13	211_3_A_0-3	26041437	887099.333881819	474545.586426876	202004.928857669	3845419.21453106	2.23562850083549	2.82711329177703	0.536283076051107	1.67693933013957	13	2	26041437
Sample	13	124_2_A_0-3	26041439	230733.995579565	218000.699693027	71090.8614427686	983126.065409373	0.530188425962277	1.21269928008357	0.168773373887984	0.41011274584993	13	2	26041439
Sample	13	124_2_A_3-6	26041441	13403.2499985192	207178.679127794	77226.3386886674	1589414.82646388	0	1.14459727322708	0.185997247989478	0.678450990832128	13	2	26041441
Sample	13	231_3_A_AH	26041443	69471.2240776942	51300.3723224443	174613.915987378	7949550.48547244	0.111177888605468	0.163669039460784	0.459389406939111	3.49339289676268	13	2	26041443
Sample	13	231_3_A_BL	26041445	6066.69776005595	4304.84684778573	17964.1772413414	594124.304675103	0	0	0.0196330082013661	0.237943877687397	13	2	26041445
Sample	13	231_3_A_3-6	26041446	71202.4744462475	392418.308370189	117081.236279753	2667140.7107282	0.115676212307031	2.31029368127935	0.297880270438253	1.15544329372816	13	2	26041446
Sample	13	231_3_A_0-3	26041447	88073.3189671506	40502.0817628835	15111.2365286215	324152.30343788	0.159511882266882	0.0957163634061735	0.0116240645307226	0.118456567910571	13	2	26041447
Std	13	Std_0_1	26041402	0	0	0	0	0	0	0	0	13	1	26041402
Std	13	Std_1_1	26041403	268359.72733135	147953.905026186	47128.7899854312	2263096.25838034	0.6372	0.856	0.11585	1.0385	13	1	26041403
Std	13	Std_2_1	26041404	392823.797172338	272256.951785298	85044.4852733225	3848858.71742878	0.8496	1.284	0.173775	1.55775	13	1	26041404
Std	13	Std_3_1	26041405	491103.016003128	403532.52347655	116772.362982751	5304213.03526986	1.062	1.926	0.2317	2.077	13	1	26041405
Std	13	Std_4_1	26041406	720626.751512919	474497.832347042	142999.732193269	7255106.27068974	1.6992	2.889	0.34755	3.1155	13	1	26041406
Std	13	Std_5_1	26041407	999892.668490582	644527.922402071	231706.484277696	10102192.6874961	2.3364	3.852	0.4634	4.154	13	1	26041407
Std	13	Std_0_2	26041449	0	0	0	0	0	0	0	0	13	2	26041449
Std	13	Std_1_2	26041450	256298.046357392	142944.731354584	43532.3158763116	2139317.78505098	0.6372	0.856	0.11585	1.0385	13	2	26041450
Std	13	Std_2_2	26041451	407937.875937443	273269.457591142	97660.1830243015	4007537.56578942	0.8496	1.284	0.173775	1.55775	13	2	26041451
Std	13	Std_3_2	26041452	435049.10499689	329214.136852966	93313.0273570104	4582007.49899984	1.062	1.926	0.2317	2.077	13	2	26041452
Std	13	Std_4_2	26041453	694223.007987772	529812.479757034	142806.167466207	7368656.01725064	1.6992	2.889	0.34755	3.1155	13	2	26041453
Std	13	Std_5_2	26041454	900697.515517698	593839.911800251	162900.044388726	9225222.80193682	2.3364	3.852	0.4634	4.154	13	2	26041454
QC	14	QC14a	26042002	212503.567780657	268611.130540723	152935.7705585	2793354.51288396	0.452318522925262	1.15304858663056	0.304994396202448	1.06796747982037	14	1	26042002
QC	14	QC14b	26042009	196504.416361293	251107.346230259	145261.652623014	2594926.35571624	0.415874489343089	1.06040645013737	0.289906748592149	0.991944817368809	14	1	26042009
QC	14	QC14c	26042015	204472.948782067	237274.833103203	144777.958721171	2644374.60370354	0.43402579346737	0.987195220700855	0.288955785471224	1.01088964616336	14	1	26042015
QC	14	QC14d	26042021	192747.65563172	208866.022832757	142579.670391576	2584985.9237016	0.407317065852301	0.836836142229428	0.284633855584092	0.988136395628377	14	1	26042021
QC	14	QC14e	26042027	199836.238781475	252390.562710207	146727.8548653	2659495.56384756	0.423463957370998	1.06719811953737	0.292789365583835	1.01668285447301	14	1	26042027
QC	14	QC14f	26042033	189900.873400927	178711.129213442	137963.528844491	2424334.7086599	0.467281488644852	0.943986659609833	0.302361281035078	1.01851313305025	14	2	26042033
QC	14	QC14g	26042039	202834.562226866	234562.969013232	145935.367762223	2628318.55150255	0.497734643006554	1.26229003145175	0.319457017949735	1.10319162491611	14	2	26042039
QC	14	QC14h	26042045	206258.915827477	245502.382060189	148027.400447694	2676594.26520491	0.505797491138426	1.32463447831867	0.323943415727806	1.12323200935587	14	2	26042045
QC	14	QC14i	26042056	189991.089525824	202087.355373581	138031.586541148	2464357.97091401	0.467493907979689	1.07720933650613	0.302507231861364	1.03512773075564	14	2	26042056
Sample	14	223_1_A_0-3	26042011	684416.496310347	22694.2588866472	78677.4280371021	929624.991032945	1.5272761981418	0	0.158999284646103	0.353927283292566	14	1	26042011
Sample	14	223_1_A_3-6	26042012	14144.1270670604	20462.448088654	142575.409876834	2783267.39935629	0.00048092671639624	0	0.284625479227928	1.06410286081785	14	1	26042012
Sample	14	223_1_A_BL	26042013	82846.6189163775	27924.9647966107	288078.675220935	4101805.29719717	0.156976471667924	0	0.570691188944023	1.56926686056423	14	1	26042013
Sample	14	223_1_A_AH	26042014	73013.4099737978	23984.7103007991	283817.992780832	8681281.27762759	0.134577671410921	0	0.562314503079134	3.3237757046444	14	1	26042014
Sample	14	238_3_A_3-6	26042016	31678.3919376634	599156.69976562	132993.726129371	2443548.64554968	0.0404217536410999	2.90252442558086	0.265787474767953	0.93394832772266	14	1	26042016
Sample	14	238_3_A_BL	26042017	735.976557986998	295.686372041967	4507.91658142055	36209.5360933321	0	0	0.0131788188050892	0.0116380511123095	14	1	26042017
Sample	14	238_3_A_0-3	26042018	65058.7642556865	18011.5119193703	11293.7128929499	126546.00292226	0.116457999430427	0	0.0265199877008922	0.0462481529387224	14	1	26042018
Sample	14	238_3_A_AH	26042019	3825.34732039049	887.361078832717	16790.6494899111	127197.79046452	0	0	0.0373272026809499	0.0464978686293917	14	1	26042019
Sample	14	242_3_A_3-6	26042020	110678.810872676	253031.657571436	309611.98832981	4794964.98848447	0.220374667718067	1.07059123708188	0.613026613392825	1.83483322971225	14	1	26042020
Sample	14	242_3_A_AH	26042022	10014.8840529393	7519.5229757733	41385.9438682715	686075.691516197	0	0	0.08568261467382	0.260617611662516	14	1	26042022
Sample	14	242_3_A_BL	26042023	3151.10697921991	1935.28226461248	15545.2395065891	221134.246557946	0	0	0.0348786728151494	0.0824872140701712	14	1	26042023
Sample	14	242_3_A_0-3	26042024	282312.974374836	44945.5712309474	71786.7773499668	873724.391367467	0.611335478986474	0	0.145451967515045	0.332510401334546	14	1	26042024
Sample	14	164_2_A_0-3	26042025	1057011.86792573	640147.773020921	95736.802960118	1535131.89136034	2.37600110109371	3.11947754475578	0.192538753214898	0.585911732237339	14	1	26042025
Sample	14	164_2_A_AH	26042026	59080.0764148775	27311.3558298472	171479.981158799	4525212.92881475	0.102839308367597	0	0.34145311590165	1.73148464213981	14	1	26042026
Sample	14	164_2_A_BL	26042028	71743.82332024	33750.2202272963	198203.962734755	4269584.20524364	0.13168571436739	0	0.393993618947314	1.63354704879441	14	1	26042028
Sample	14	164_2_A_3-6	26042029	679270.685469795	1119159.83903378	539562.303533374	10181989.3646326	1.51555469503423	5.65474080065194	1.06511887374576	3.89873354311426	14	1	26042029
Sample	14	235_3_A_0-3	26042030	389922.681105851	96466.3015953505	92824.9260084528	1709390.04592655	0.938244959911314	0.475267884342306	0.205560820470882	0.721722784539598	14	2	26042030
Sample	14	235_3_A_BL	26042031	78332.3440365493	39310.2626497137	245007.838413675	6432833.56086132	0.204586623137705	0.149531794309467	0.531919526440064	2.68253530618047	14	2	26042031
Sample	14	235_3_A_3-6	26042032	43142.8250612009	57321.3571537436	71487.0767824394	1615727.41883381	0.121730767573816	0.252178226938132	0.159801459242306	0.68284122462837	14	2	26042032
Sample	14	235_3_A_AH	26042034	63407.1548850784	22658.914499633	175484.634943957	7062883.00193207	0.169444360537744	0.0546346471271417	0.382825897197423	2.94408365102638	14	2	26042034
Sample	14	095_1_A_AH	26042035	53206.3753308341	31866.9873637066	204962.818304941	1229890.62005874	0.145426006721154	0.107112070454774	0.446042336046987	0.52267129268023	14	2	26042035
Sample	14	095_1_A_0-3	26042036	482472.632940053	31006.7081932683	77810.0848568503	987113.955584535	1.15615943174571	0.102209281904612	0.173361251865427	0.421888987957402	14	2	26042036
Sample	14	095_1_A_BL	26042037	42038.7439687556	30233.7780573066	194883.111238679	989401.901009876	0.119131141713896	0.0978043013461068	0.424426241948757	0.422838767927175	14	2	26042037
Sample	14	095_1_A_3-6	26042038	30162.7641213083	82817.2335617349	496440.825287279	11341258.0520914	0.091168427258803	0.397480932414253	1.0711216151446	4.72013778274265	14	2	26042038
Sample	14	244_3_A_BL	26042040	43955.4262910711	21452.1327418259	138253.06995045	6307771.8032828	0.123644086428227	0.0477571171484647	0.302982206598744	2.63061922854282	14	2	26042040
Sample	14	244_3_A_AH	26042041	134556.031319669	44141.0396915586	333155.114669305	11208538.2450756	0.336968703042318	0.177062715878886	0.720952779640625	4.66504266862865	14	2	26042041
Sample	14	244_3_A_0-3	26042042	97235.0401320305	289177.638801009	49974.6383694974	1489044.25563774	0.249094166947908	1.57354268862111	0.11366768869128	0.630252063375458	14	2	26042042
Sample	14	244_3_A_3-6	26042043	15244.4486716754	156858.844440717	64054.2215801783	1844835.9767833	0.0560423492064935	0.819449026641216	0.143861581583722	0.777949576791794	14	2	26042043
Sample	14	229_3_B_AH	26042044	24772.1996554939	12786.6726856753	92332.7006782765	1058228.15204808	0.0784760164560229	0	0.204505235324937	0.45141016386461	14	2	26042044
Sample	14	229_3_B_0-3	26042046	3128.31108852995	1729.81730176719	12255.453577632	108779.608089555	0.0275141688046936	0	0.0327782895837941	0.057271737574298	14	2	26042046
Sample	14	229_3_B_BL	26042047	10516.3164269357	6506.63666295367	43726.7219867995	452267.080580407	0.0449096752238924	0	0.100268931410098	0.199861467917699	14	2	26042047
Sample	14	229_3_B_3-6	26042048	3012.53613329575	1074.35777271246	11951.4136036075	96499.6441107373	0.0272415696544887	0	0.0321262709641128	0.0521740356416227	14	2	26042048
Std	14	Std_0_1	26042003	0	0	0	0	0	0	0	0	14	1	26042003
Std	14	Std_1_1	26042004	263795.962615878	207752.576462044	42604.945990653	2494186.85400302	0.6372	0.856	0.11585	1.0385	14	1	26042004
Std	14	Std_2_1	26042005	386798.998330023	330244.245568793	87657.3271616461	4014141.0555202	0.8496	1.284	0.173775	1.55775	14	1	26042005
Std	14	Std_3_1	26042006	545069.402523233	496222.03170073	132740.052193592	6030328.087415	1.062	1.926	0.2317	2.077	14	1	26042006
Std	14	Std_4_1	26042007	761078.577262189	552832.012348549	170345.519711226	7765201.92906316	1.6992	2.889	0.34755	3.1155	14	1	26042007
Std	14	Std_5_1	26042008	1017446.51324495	759347.617668379	231123.119131766	10903131.7707182	2.3364	3.852	0.4634	4.154	14	1	26042008
Std	14	Std_0_2	26042050	0	0	0	0	0	0	0	0	14	2	26042050
Std	14	Std_1_2	26042051	249177.504953628	186184.804160649	41047.204742574	2539278.87443641	0.6372	0.856	0.11585	1.0385	14	2	26042051
Std	14	Std_2_2	26042052	329789.785694461	189482.90422869	77379.2046443529	3475271.91094283	0.8496	1.284	0.173775	1.55775	14	2	26042052
Std	14	Std_3_2	26042053	442368.764373031	384250.373466249	109233.278430218	4917976.71467204	1.062	1.926	0.2317	2.077	14	2	26042053
Std	14	Std_4_2	26042054	768792.266327573	564919.372494977	169873.987075385	7891130.22782329	1.6992	2.889	0.34755	3.1155	14	2	26042054
Std	14	Std_5_2	26042055	954973.981344947	649871.795667642	205538.210164155	9770388.8831237	2.3364	3.852	0.4634	4.154	14	2	26042055
QC	15	QC15a	26042101	175253.377750124	194635.617797842	127107.628679829	2188610.43713051	0.36953917802185	0.818573288727504	0.232359303210119	0.834936371592358	15	1	26042101
QC	15	QC15b	26042108	173360.425203591	192471.78929219	127108.338049494	2195465.49400296	0.365256740886373	0.808173390466791	0.232360626373332	0.837633152736735	15	1	26042108
QC	15	QC15c	26042114	159458.070469303	149418.866892865	124113.633488396	2130494.92093457	0.333805365999182	0.601250331818748	0.226774705376256	0.812073712508821	15	1	26042114
QC	15	QC15d	26042120	159347.002763433	137781.524805063	123814.704918971	2129636.72653621	0.333554096906863	0.545318369825396	0.226217124039429	0.81173609861082	15	1	26042120
QC	15	QC15e	26042126	160293.752196458	135916.298752702	124297.898252889	2102646.54963474	0.335695933445452	0.53635362926157	0.227118408201025	0.80111815604584	15	1	26042126
QC	15	QC15f	26042132	160471.581052022	120676.392553275	122524.166955418	2123935.66975497	0.34301604949732	0.685847318384547	0.244554856053	0.795446296760127	15	2	26042132
QC	15	QC15g	26042138	136072.574173042	61736.036525008	113226.083251426	1859916.01510622	0.28044318943023	0.261475663737937	0.223644805121679	0.675701532471847	15	2	26042138
QC	15	QC15h	26042144	149689.869969845	106036.090092335	115527.102176948	1981738.42618727	0.315365641340335	0.580436869609916	0.228819465240725	0.73095346407269	15	2	26042144
QC	15	QC15i	26042155	152935.005467551	114293.70028652	115515.989002538	1975159.50144193	0.323688005049805	0.639891815892434	0.228794473312246	0.7279696263961	15	2	26042155
Std	15	Std_0_1	26042102	0	0	0	0	0	0	0	0	15	1	26042102
Std	15	Std_1_1	26042103	256625.264177975	192943.131815099	52600.8502232612	2537594.42727213	0.6372	0.856	0.11585	1.0385	15	1	26042103
Std	15	Std_2_1	26042104	423402.497730555	325894.742894059	108598.570251242	4215506.13419886	0.8496	1.284	0.173775	1.55775	15	1	26042104
Std	15	Std_3_1	26042105	502964.570443596	442665.689874624	132734.643803904	5406817.23756363	1.062	1.926	0.2317	2.077	15	1	26042105
Std	15	Std_4_1	26042106	778037.645169431	625168.298965911	190931.43258344	8160286.29371814	1.6992	2.889	0.34755	3.1155	15	1	26042106
Std	15	Std_5_1	26042107	1020894.80336848	807786.666493902	244604.945350923	10435066.0999862	2.3364	3.852	0.4634	4.154	15	1	26042107
Std	15	Std_0_2	26042149	0	0	0	0	0	0	0	0	15	2	26042149
Std	15	Std_1_2	26042150	259332.256848756	128133.78650551	60030.8734590741	2639474.17570201	0.6372	0.856	0.11585	1.0385	15	2	26042150
Std	15	Std_2_2	26042151	387605.789378544	258721.571956994	103963.192686656	4162159.82480299	0.8496	1.284	0.173775	1.55775	15	2	26042151
Std	15	Std_3_2	26042152	489699.482977916	252480.467585099	141339.705609555	5411899.22289195	1.062	1.926	0.2317	2.077	15	2	26042152
Std	15	Std_4_2	26042153	662705.462216812	432088.071284416	157875.198635807	6962473.10051774	1.6992	2.889	0.34755	3.1155	15	2	26042153
Std	15	Std_5_2	26042154	928426.040051311	541625.948191039	211881.435196259	9376566.04393803	2.3364	3.852	0.4634	4.154	15	2	26042154
QC	16	QC16a	26051902	199975.58102097	128247.321474934	198689.417993974	3493293.62125492	0.5489050307352	0.92521219303534	0.441604629762909	1.49732809874848	16	1	26051902
QC	16	QC13k	26051903	198489.78844361	205687.140918905	144434.80150375	2627942.17764931	0.545195744742089	1.41450934207494	0.330281399196092	1.16625260348878	16	1	26051903
QC	16	QC16b	26051913	197502.547715386	163137.495310163	185575.472464004	3351987.60481275	0.542731095058929	1.14566289539558	0.414696564121407	1.44326571782514	16	1	26051913
QC	16	QC13l	26051914	207020.419472738	247552.016823522	143146.064249223	2636968.60081614	0.56649249280161	1.67902912753036	0.327637082383871	1.1697060298885	16	1	26051914
QC	16	QC16c	26051920	188712.083822377	95339.191035469	180908.411077498	3116755.02225832	0.520785673411165	0.71728486934235	0.405120377164244	1.35326789746452	16	1	26051920
QC	16	QC13m	26051921	185381.890296392	165162.356609713	129722.503746241	2348987.26652801	0.512471834461831	1.1584568154768	0.300093728148379	1.05952702275848	16	1	26051921
QC	16	QC16d	26051927	179017.493344518	77421.1640966671	177259.605708203	3066053.46489106	0.496583096809007	0.604071285419756	0.397633515626984	1.33386994841175	16	1	26051927
QC	16	QC14k	26051928	182392.713583648	206533.377101662	127562.042082749	2340392.44481145	0.50500934509389	1.41985621600376	0.295660749215811	1.05623872309999	16	1	26051928
QC	16	QC14l	26051935	228793.292877112	297687.952784709	156059.180634796	2978779.7417195	0.49007668453512	1.31228454539939	0.317183273417632	1.09162974588742	16	2	26051935
QC	16	QC16f	26051941	221736.95518871	156454.265879865	201004.54227143	3702511.67170935	0.474326704926595	0.597857532558185	0.416298226073892	1.36032401788507	16	2	26051941
QC	16	QC15k	26051942	184650.361571914	241190.011384271	127691.193245483	2344143.70942638	0.391548198708809	1.02649114588567	0.254625278005858	0.856013408381247	16	2	26051942
QC	16	QC16g	26051948	190999.75616489	138648.610696241	181410.580461572	3313637.88000882	0.405720257896142	0.507788078709773	0.373088993209477	1.21594989808991	16	2	26051948
QC	16	QC15l	26051949	168361.359007478	218863.624447238	118796.664418228	2154848.00865349	0.355190605072842	0.913553685450271	0.235010777832505	0.785735079619147	16	2	26051949
QC	16	QC16i	26051962	201777.528927643	159489.189708342	177050.223428487	3412257.79230516	0.429776603940591	0.613209617549357	0.363473394065063	1.25256373871361	16	2	26051962
QC	16	QC15m	26051963	160728.243093396	191770.980675059	110178.980259472	2006739.0286063	0.338153237346819	0.776506236047	0.216006784399165	0.730747821324969	16	2	26051963
Sample	16	150_3_A_BL	26051924	359204.522298541	187319.859625653	691787.961685565	11860024.8347407	0.946420599582791	1.29845718135292	1.45337701749016	4.69836243072802	16	1	26051924
Sample	16	077_2_A_BL	26051925	239863.69019785	163953.893563529	845899.00707574	9521725.99849275	0.648485824794878	1.15082124081427	1.76959231028382	3.80375082408373	16	1	26051925
Sample	16	193_3_A_AH	26051926	45176.0246768341	11626.1161349605	158415.255518202	3081251.0833733	0.162447435754243	0.188350670111774	0.358967424577179	1.33968441732256	16	1	26051926
Sample	16	177_3_A_AH	26051929	1034062.56812492	71222.4033487618	420553.646407792	4410948.55825416	2.63120590196321	0.564904923936656	0.896840409720744	1.84841442903604	16	1	26051929
Sample	16	144_3_A_AH	26051930	76827.0005058588	25267.525652765	212159.233449164	7516037.26840237	0.241464199668558	0.274542797545292	0.469242892985741	3.0363927818013	16	1	26051930
Sample	16	124_2_A_AH	26051931	67467.4496823816	22254.2245368354	150774.224677607	2290666.13301526	0.218098050651297	0.255503501537003	0.343289049296635	1.03721389402388	16	1	26051931
Sample	16	124_2_A_BL	26051932	128514.6567917	51234.0745448801	303654.31601031	3306742.78535649	0.37050260139383	0.438610307445697	0.656978588684921	1.42595546645837	16	1	26051932
Sample	16	007_1_A_0-3	26051933	683520.962263493	62275.2847972911	49807.1837336119	600607.990302539	1.75607764487179	0.50837328903891	0.136118159411479	0.3906132085441	16	1	26051933
Sample	16	007_1_A_AH	26051936	32115.1413443194	11129.3828861444	90301.5498546554	1676958.57828257	0.0510845312577501	0	0.172172437499714	0.608312822471133	16	2	26051936
Sample	16	007_1_A_BL	26051937	5983.31768401853	2090.13106844092	21715.06905051	281832.279473991	0	0	0.0209233308016503	0.090355233936367	16	2	26051937
Sample	16	007_1_A_3-6	26051938	33325.5323857275	113798.986629914	140651.525008389	2965349.31586765	0.0537861641815617	0.382086887435946	0.283205817183071	1.08664353711681	16	2	26051938
Sample	16	209_3_A_AH	26051939	158246.164375344	62455.2048206296	601233.298152207	6840769.17304238	0.332613155377623	0.122365673114807	1.29889551189624	2.52544024354847	16	2	26051939
Sample	16	209_3_A_0-3	26051940	152386.200093051	71424.8013787967	51524.3021491679	619930.565266808	0.319533520866297	0.167738149157011	0.0866596074652848	0.215878330265736	16	2	26051940
Sample	16	209_3_A_BL	26051943	102401.282087703	50267.1385280763	324712.621317419	3305921.84748185	0.305310476666366	0.432500801512924	0.700187420093251	1.42564138318569	16	1	26051943
Sample	16	209_3_A_3-6	26051944	58637.9845535272	294623.76972184	158788.471006305	3020970.67304565	0.110284396421761	1.29678445331528	0.32320199205971	1.10729364174143	16	2	26051944
Sample	16	027_1_A_0-3	26051945	1921114.84204479	421011.149336635	89040.0110230465	968963.37325535	4.26739447564189	1.93611179835487	0.169390451616948	0.345461000809363	16	2	26051945
Sample	16	027_1_A_AH	26051946	81769.8497768518	57556.2152935644	206418.848167178	2975063.83502952	0.161915486324576	0.0975842592010024	0.428238027045172	1.09025017038231	16	2	26051946
Sample	16	027_1_A_3-6	26051947	256277.627988069	301100.8814164	363738.485739275	6846682.9913394	0.55142263149326	1.32954875807284	0.775164336280806	2.52763582044123	16	2	26051947
Sample	16	027_1_A_BL	26051950	40282.6765844026	33094.5985021407	120810.205187417	1447695.19338437	0.150231176354884	0.323997515518849	0.281806881212079	0.714700973533476	16	1	26051950
Std	16	Std_0_1	26051904	0	0	0	0	0	0	0	0	16	1	26051904
Std	16	Std_1_1	26051905	199097.527189433	76899.8261125633	20956.4947092358	1741665.0734955	0.6372	0.856	0.11585	1.0385	16	1	26051905
Std	16	Std_2_1	26051906	325623.303219681	189451.81885723	68752.3134270809	3614650.44891013	0.8496	1.284	0.173775	1.55775	16	1	26051906
Std	16	Std_3_1	26051907	408584.704534616	332243.521182236	92526.288308622	5066713.42820745	1.062	1.926	0.2317	2.077	16	1	26051907
Std	16	Std_4_1	26051908	666144.578709096	388989.975368884	149889.021553363	7673283.55993989	1.6992	2.889	0.34755	3.1155	16	1	26051908
Std	16	Std_5_1	26051909	918635.111249387	613709.35167341	217985.838812294	10596989.7506636	2.3364	3.852	0.4634	4.154	16	1	26051909
Std	16	Std_0_2	26051953	0	0	0	0	0	0	0	0	16	1	26051953
Std	16	Std_1_2	26051954	283291.393925866	187852.847634105	59691.0349108547	2682079.80773331	0.6372	0.856	0.11585	1.0385	16	2	26051954
Std	16	Std_2_2	26051955	371718.696819621	313847.342282309	99695.978842089	4029811.28940513	0.8496	1.284	0.173775	1.55775	16	2	26051955
Std	16	Std_3_2	26051956	503862.586767193	460768.46020092	131854.146653247	5901348.13410612	1.062	1.926	0.2317	2.077	16	2	26051956
Std	16	Std_4_2	26051957	839464.85185694	682011.411980332	183161.125503831	9018979.63428397	1.6992	2.889	0.34755	3.1155	16	2	26051957
Std	16	Std_5_2	26051958	1006987.54155499	721524.589894814	203102.65257697	10766506.831407	2.3364	3.852	0.4634	4.154	16	2	26051958
QC	17	QC17a	26062402	210727.520055149	84185.0831811258	194688.056799685	3464857.02797997	0.448238556226247	0.581049096180868	0.368684342615436	1.3831622084251	17	1	26062402
QC	17	QC10k	26062403	181356.984991654	114684.265912657	129231.31401264	2352414.74390176	0.375881660475101	0.758765225866474	0.247940567042177	0.914934759893605	17	1	26062403
QC	17	QC17b	26062410	198956.332773989	98103.2963803057	176989.803804632	3105429.21660308	0.419239201290126	0.662149334297746	0.336037531963311	1.23187888392282	17	1	26062410
QC	17	QC10l	26062411	173191.144273806	161083.213107978	119876.514590444	2153224.71937145	0.355764393824547	1.02912792343851	0.230684379919617	0.83109559062287	17	1	26062411
QC	17	QC17c	26062419	170156.294596495	63735.3550446852	149038.279746679	2640636.97942945	0.348287774782814	0.461890279057094	0.284477182271546	1.03624762608243	17	1	26062419
QC	17	QC10m	26062420	157806.056223984	365140.923074361	172146.522816608	2490678.63637972	0.317861876565787	2.21815474972924	0.327103448051456	0.973130093283535	17	1	26062420
QC	17	QC17d	26062426	235317.283058963	184551.139348643	309795.825797107	4214095.82490367	0.604117110620608	0.693058479618763	0.380130886618863	1.65298694116483	17	2	26062426
QC	17	QC11k	26062427	247452.139497061	309687.619266464	234189.967430091	3663560.45320324	0.633645227533885	1.35051958661104	0.293459496938565	1.44319601727883	17	2	26062427
QC	17	QC17e	26062433	237827.729968781	192029.23148839	292486.276477258	4107544.51742462	0.610225857785095	0.73234801964432	0.360287944197546	1.61238374219462	17	2	26062433
QC	17	QC11l	26062434	245801.998208537	303444.463372587	221330.014014645	3520632.0680908	0.62962988832163	1.31771834281859	0.278717384914257	1.38873071040916	17	2	26062434
QC	17	QC17f	26062440	238301.335608276	188070.152373178	286996.527217688	4014023.18388918	0.611378296857211	0.711547206488421	0.353994725555499	1.57674583775834	17	2	26062440
QC	17	QC11m	26062441	255090.835967792	279915.69710934	225481.50825673	3546175.99686102	0.65223270103251	1.19409932521672	0.283476484049995	1.39846466156262	17	2	26062441
QC	17	QC17g	26062454	246286.961024042	191077.641773925	283504.152524053	4017837.90864375	0.630809963157115	0.727348412595394	0.349991213466366	1.57819950390183	17	2	26062454
QC	17	QC12k	26062455	251462.026795764	268436.218458312	222889.552177652	3427308.5518125	0.64340260880734	1.13378669099083	0.280505174151317	1.35316818762367	17	2	26062455
Sample	17	116_3_B_AH	26062415	13929.249343079	1630.39759627387	51173.6047627558	890035.17052005	0	0.100010002815776	0.103952612155792	0.299418551790754	17	1	26062415
Sample	17	116_3_B_BL	26062416	38930.7888211695	5621.49419412677	117590.615438081	1979534.5719141	0.0250022023290102	0.123265781398936	0.226467731145418	0.757989330870798	17	1	26062416
Sample	17	116_3_B_3-6	26062417	3570.00828280654	768.307030213376	9760.37117457036	138750.858440153	0	0.0949866748076997	0.0275603266672993	0	17	1	26062417
Sample	17	116_3_B_0-3	26062418	625.108262628545	0	5235.07982699704	99875.306716114	0	0.0905098154432485	0.0192128174633561	0	17	1	26062418
Sample	17	154_3_B_3-6	26062422	7570.51294753585	4083.05519790731	36504.122388991	223382.619708831	0.049933936820727	0	0.0668407232099022	0.132257387138189	17	2	26062422
Sample	17	154_3_B_AH	26062423	64135.2601676449	48133.1105713147	224200.060721237	2507608.54618607	0.187574664389733	0	0.282007486261961	1.00270076301046	17	2	26062423
Sample	17	154_3_B_BL	26062424	35548.0005576706	29871.6696047132	143020.607178221	1034708.94512225	0.118012412186791	0	0.188946760492463	0.441427166467341	17	2	26062424
Sample	17	154_3_B_0-3	26062425	8579.49300134302	6394.99305302825	36024.9787413489	269287.162080897	0.0523891188118747	0	0.0662914529986438	0.14975009850577	17	2	26062425
Sample	17	102_2_B_BL	26062429	51259.5357565685	56916.7962100511	207309.90442414	2338462.85957747	0.156243770802914	0.0224737182027579	0.262645318437868	0.938244904787674	17	2	26062429
Sample	17	102_2_B_0-3	26062430	9387.0235677964	9179.77709443885	44259.3369273052	419062.862456272	0.0543541076107876	0	0.0757309763704665	0.206824692024387	17	2	26062430
Sample	17	102_2_B_AH	26062431	54912.0341951623	55965.9434026577	213456.971277333	2928271.44424456	0.16513150684417	0.0174779828284997	0.269692058440972	1.16300155849917	17	2	26062431
Sample	17	102_2_B_3-6	26062432	15925.7173323194	15450.389592944	71618.0552516273	614885.634057093	0.0702649109172668	0	0.107093865282198	0.281446309969052	17	2	26062432
Sample	17	145_3_B_0-3	26062436	8719.694422266	7810.41586613364	38130.1337607839	308460.097728778	0.052730275212821	0	0.0687047145496359	0.164677615943047	17	2	26062436
Sample	17	145_3_B_3-6	26062437	11745.3065156462	12489.3317812805	56575.1279124514	409308.45308999	0.0600925895577242	0	0.0898492833740464	0.20310760742255	17	2	26062437
Sample	17	145_3_B_BL	26062438	33008.1587595914	36991.9255506213	143416.34328899	1113275.2128815	0.11183213754263	0	0.189400415796533	0.471366187185625	17	2	26062438
Sample	17	145_3_B_AH	26062439	205652.212211857	140473.70328875	763948.956198353	10247012.6600752	0.531932187405214	0.461477729350342	0.900753015508095	3.95193313361172	17	2	26062439
Sample	17	035_2_B_0-3	26062443	8406.89397419338	6719.37610851985	33316.8641330138	302851.756206828	0.0519691283258899	0	0.0631869838267109	0.162540461438834	17	2	26062443
Sample	17	035_2_B_AH	26062444	78158.9520187978	60612.9974757957	305452.203997981	5421868.85704456	0.221698942221033	0.0418933836547394	0.37515154049798	2.11322952190006	17	2	26062444
Sample	17	035_2_B_3-6	26062445	12691.7063061264	12160.1489719579	58969.2459244151	446319.668698986	0.0623954930821748	0	0.0925937999979863	0.217211364448683	17	2	26062445
Sample	17	035_2_B_BL	26062446	94076.6864641566	95497.0020028527	365342.513771054	3665051.50995454	0.260432051763341	0.225172282403882	0.443807283432846	1.44376420996817	17	2	26062446
Std	17	Std_0_1	26062404	0	0	0	0	0	0	0	0	17	1	26062404
Std	17	Std_1_1	26062405	242309.163338725	99941.7072362537	38637.2058600232	2122707.25987403	0.6372	0.856	0.11585	1.0385	17	1	26062405
Std	17	Std_2_1	26062406	408280.204751105	204437.759850338	101705.26448711	4193193.56699669	0.8496	1.284	0.173775	1.55775	17	1	26062406
Std	17	Std_3_1	26062407	502793.698173295	335397.803880641	123837.965794837	5530296.37264507	1.062	1.926	0.2317	2.077	17	1	26062407
Std	17	Std_4_1	26062408	777680.78673706	476156.545775445	180945.628518918	8247316.97871027	1.6992	2.889	0.34755	3.1155	17	1	26062408
Std	17	Std_5_1	26062409	914315.93759516	461334.309596903	108182.745228149	9352726.89007398	2.3364	3.852	0.4634	4.154	17	1	26062409
Std	17	Std_0_2	26062448	0	0	0	0	0	0	0	0	17	2	26062448
Std	17	Std_1_2	26062449	269202.281652859	177441.155548359	77923.0900291686	3050329.21906968	0.6372	0.856	0.11585	1.0385	17	2	26062449
Std	17	Std_2_2	26062450	304471.932998361	173941.466267975	70947.8277770644	3446671.95938441	0.8496	1.284	0.173775	1.55775	17	2	26062450
Std	17	Std_3_2	26062451	411421.170988429	583801.717420537	135149.005817771	5112618.66236896	1.062	1.926	0.2317	2.077	17	2	26062451
Std	17	Std_4_2	26062452	681931.396868637	483809.838553167	288495.463782008	7933062.92803315	1.6992	2.889	0.34755	3.1155	17	2	26062452
Std	17	Std_5_2	26062453	961192.27999211	711982.826465254	400009.662430233	11055466.3300377	2.3364	3.852	0.4634	4.154	17	2	26062453
