Type	batch	Name	injection_order	galactose_ion_area	lactose_ion_area	galactitol_ion_area	galactonate_ion_area	galactose_concentration_ug_per_100ul	lactose_concentration_ug_per_100ul	galactitol_concentration_ug_per_100ul	galactonate_concentration_ug_per_100ul	batch.y	closest_standard	injection_order.y	extracted_digits	study_id	treatment	study_id_lb	sex	age	height_cm	weight_kg	bmi_calculated	ethnicity_id___1	ethnicity_id___2	ethnicity_id___3	ethnicity_id___4	ethnicity_id___5	ethnicity_id___6	ethnicity_id___7	ethnicity_id___0	ethnicity_ns	occupation	education	education_ns	arrival_time	urine_b1_coll_time	urine_b1_deliv_time	int_diet_stand_y_n	int_diet_exceptions	int_pulse	int_bp_sys	int_bp_dias	int_health_changes	int_wt_empty_urine_b2	int_urine_b2_collect_time	int_wt_urine_b2	int_water_wt_full	int_urine_wt_empty_pool1	int_urine_wt_empty_pool2	int_carbo_cons_y_n	int_carb_start_time	int_carb_end_time	int_water_200_capsule	int_prot_exceptions_0_25	int_urine_3_00_wt_pool1	int_water_wt_3_00	int_urine_6_00_wt_pool2	int_water_wt_6_00	int_comments	int_prot_exceptions_3_00	screen_group	urine_b2_ml	urine_p1_ml	urine_p2_ml	water_consumed_b2_ml	water_consumed_p1_ml	water_consumed_p2_ml	galactose_ug	lactose_ug	galactitol_ug	galactonate_ug
QC	1	QC1a	26022402	213019.03099491	639034.153881992	178860.31664115	2816124.41150912	0.578762893288481	1.68827859578064	0.363111885136132	1.2975119627257	1	1	26022402	NA	NA	NA	NA	NA	NA	NA	NA	NA	NA	NA	NA	NA	NA	NA	NA	NA	NA	NA	NA	NA	NA	NA	NA	NA	NA	NA	NA	NA	NA	NA	NA	NA	NA	NA	NA	NA	NA	NA	NA	NA	NA	NA	NA	NA	NA	NA	NA	NA	NA	NA	650	NA	NA	NA	NA	NA	NA
QC	1	QC1b	26022409	254797.888390103	904179.088469272	204535.331575774	3403233.01451484	0.671523978493932	2.295743308367	0.411154650292705	1.52173541899742	1	1	26022409	NA	NA	NA	NA	NA	NA	NA	NA	NA	NA	NA	NA	NA	NA	NA	NA	NA	NA	NA	NA	NA	NA	NA	NA	NA	NA	NA	NA	NA	NA	NA	NA	NA	NA	NA	NA	NA	NA	NA	NA	NA	NA	NA	NA	NA	NA	NA	NA	NA	NA	NA	650	NA	NA	NA	NA	NA	NA
QC	1	QC1c	26022415	212313.400188572	525826.782788676	175879.205792625	2718925.73214674	0.577196189854465	1.4289129652401	0.357533667995224	1.26039068104101	1	1	26022415	NA	NA	NA	NA	NA	NA	NA	NA	NA	NA	NA	NA	NA	NA	NA	NA	NA	NA	NA	NA	NA	NA	NA	NA	NA	NA	NA	NA	NA	NA	NA	NA	NA	NA	NA	NA	NA	NA	NA	NA	NA	NA	NA	NA	NA	NA	NA	NA	NA	NA	NA	650	NA	NA	NA	NA	NA	NA
QC	1	QC1d	26022421	204268.428988563	478711.973134111	172064.985987918	2621054.8863073	0.559334038865022	1.32096979691248	0.350396547849445	1.22301269133006	1	1	26022421	NA	NA	NA	NA	NA	NA	NA	NA	NA	NA	NA	NA	NA	NA	NA	NA	NA	NA	NA	NA	NA	NA	NA	NA	NA	NA	NA	NA	NA	NA	NA	NA	NA	NA	NA	NA	NA	NA	NA	NA	NA	NA	NA	NA	NA	NA	NA	NA	NA	NA	NA	650	NA	NA	NA	NA	NA	NA
QC	1	QC1e	26022427	222847.820084572	589902.200706696	183824.660746021	2854817.74293146	0.60058563328322	1.57571401723836	0.37240110341289	1.31228938629225	1	1	26022427	NA	NA	NA	NA	NA	NA	NA	NA	NA	NA	NA	NA	NA	NA	NA	NA	NA	NA	NA	NA	NA	NA	NA	NA	NA	NA	NA	NA	NA	NA	NA	NA	NA	NA	NA	NA	NA	NA	NA	NA	NA	NA	NA	NA	NA	NA	NA	NA	NA	NA	NA	650	NA	NA	NA	NA	NA	NA
QC	1	QC1f	26022433	209346.817865856	524173.883117863	174424.860697188	2693760.88148512	0.604704308812878	1.67170649433508	0.414214031898462	1.37100885348488	1	2	26022433	NA	NA	NA	NA	NA	NA	NA	NA	NA	NA	NA	NA	NA	NA	NA	NA	NA	NA	NA	NA	NA	NA	NA	NA	NA	NA	NA	NA	NA	NA	NA	NA	NA	NA	NA	NA	NA	NA	NA	NA	NA	NA	NA	NA	NA	NA	NA	NA	NA	NA	NA	650	NA	NA	NA	NA	NA	NA
QC	1	QC1g	26022439	210016.004814194	550820.671293262	174834.190846652	2690839.16517113	0.606267905307927	1.75177977481784	0.415155236095201	1.36971831929143	1	2	26022439	NA	NA	NA	NA	NA	NA	NA	NA	NA	NA	NA	NA	NA	NA	NA	NA	NA	NA	NA	NA	NA	NA	NA	NA	NA	NA	NA	NA	NA	NA	NA	NA	NA	NA	NA	NA	NA	NA	NA	NA	NA	NA	NA	NA	NA	NA	NA	NA	NA	NA	NA	650	NA	NA	NA	NA	NA	NA
QC	1	QC1h	26022445	203088.955442394	508073.586253589	169282.695585086	2586269.002575	0.590082428072191	1.62332529438774	0.402390257397182	1.32352924549323	1	2	26022445	NA	NA	NA	NA	NA	NA	NA	NA	NA	NA	NA	NA	NA	NA	NA	NA	NA	NA	NA	NA	NA	NA	NA	NA	NA	NA	NA	NA	NA	NA	NA	NA	NA	NA	NA	NA	NA	NA	NA	NA	NA	NA	NA	NA	NA	NA	NA	NA	NA	NA	NA	650	NA	NA	NA	NA	NA	NA
QC	1	QC1i	26022456	202944.744718538	516315.755032446	169295.566460241	2640873.63059463	0.589745470839343	1.64809291321187	0.402419852387258	1.34764833578348	1	2	26022456	NA	NA	NA	NA	NA	NA	NA	NA	NA	NA	NA	NA	NA	NA	NA	NA	NA	NA	NA	NA	NA	NA	NA	NA	NA	NA	NA	NA	NA	NA	NA	NA	NA	NA	NA	NA	NA	NA	NA	NA	NA	NA	NA	NA	NA	NA	NA	NA	NA	NA	NA	650	NA	NA	NA	NA	NA	NA
Sample	1	113_2_A_BL	26022411	21924.2988574442	70968.8227006141	82628.0034243679	2913500.64952386	0.154477600791336	0.386803070051594	0.183043190488058	1.33470105608018	1	1	26022411	113	LB113	Treatment A	LB_113	1	24	170	62.4	21.6	1	0	0	0	0	0	0	0		Studentin	4		2025-06-24 07:10:40	05:15	07:05	1		64	121	85	No	37	07:18	74	1290	107	107	1	08:00	08:01	1	Quintron broken, no H2	784	1156	651	800	Quintron broken, no H2	Quintron broken, no H2	2	36.2745098039216	663.725490196078	533.333333333333	650	134	490	0.56035992443916	1.40310917567735	0.663980200790015	4.84156265440851
Sample	1	113_2_A_3-6	26022412	319219.43974048	1081788.19733283	301993.088760714	5251082.22952893	0.81455835967275	2.70265761143096	0.593516380287581	2.22745006112371	1	1	26022412	113	LB113	Treatment A	LB_113	1	24	170	62.4	21.6	1	0	0	0	0	0	0	0		Studentin	4		2025-06-24 07:10:40	05:15	07:05	1		64	121	85	No	37	07:18	74	1290	107	107	1	08:00	08:01	1	Quintron broken, no H2	784	1156	651	800	Quintron broken, no H2	Quintron broken, no H2	2	36.2745098039216	663.725490196078	533.333333333333	650	134	490	43.44311251588	144.141739276318	31.654206948671	118.797336593264
Sample	1	113_2_A_0-3	26022413	63886.616653197	36334.5331177238	15974.1070953254	445665.984681728	0.247646020876415	0.307453604824765	0.0583212576572296	0.392206915770884	1	1	26022413	113	LB113	Treatment A	LB_113	1	24	170	62.4	21.6	1	0	0	0	0	0	0	0		Studentin	4		2025-06-24 07:10:40	05:15	07:05	1		64	121	85	No	37	07:18	74	1290	107	107	1	08:00	08:01	1	Quintron broken, no H2	784	1156	651	800	Quintron broken, no H2	Quintron broken, no H2	2	36.2745098039216	663.725490196078	533.333333333333	650	134	490	16.4368976601307	20.4064794574869	3.87093053273965	26.0317727428322
Sample	1	113_2_A_AH	26022414	75862.1005009267	145394.090394392	234644.877578667	7815464.4241325	0.274235040941468	0.557316317529387	0.467495254232812	3.20681680167558	1	1	26022414	113	LB113	Treatment A	LB_113	1	24	170	62.4	21.6	1	0	0	0	0	0	0	0		Studentin	4		2025-06-24 07:10:40	05:15	07:05	1		64	121	85	No	37	07:18	74	1290	107	107	1	08:00	08:01	1	Quintron broken, no H2	784	1156	651	800	Quintron broken, no H2	Quintron broken, no H2	2	36.2745098039216	663.725490196078	533.333333333333	650	134	490	NA	NA	NA	NA
Sample	1	137_3_A_AH	26022416	150001.302070712	217694.382410174	367075.930740187	4190151.77917498	0.438845401843058	0.722961104135029	0.715298575970962	1.82226864967033	1	1	26022416	137	LB137	Treatment A	LB_137	2	24	180	69.9	21.6	0	0	0	1	0	0	0	0		Student	4		2025-09-23 07:02:00	06:00	07:01	0	Did not consume apple on day 3 (went bad), did not consume maize waffles and banana bread on day 3 (too full)    Drank 200 mL extra in the morning	79	118	78	no	37	07:21	85	1547	108	108	1	08:01	08:02	1	0	860	1425	247	1019		0	3	47.0588235294118	737.254901960784	136.274509803922	650	122	528	NA	NA	NA	NA
Sample	1	137_3_A_BL	26022417	53428.4594448204	103401.457882817	157179.743263202	1307331.78682023	0.224425902558632	0.461108398343242	0.322543468801856	0.721286890612878	1	1	26022417	137	LB137	Treatment A	LB_137	2	24	180	69.9	21.6	0	0	0	1	0	0	0	0		Student	4		2025-09-23 07:02:00	06:00	07:01	0	Did not consume apple on day 3 (went bad), did not consume maize waffles and banana bread on day 3 (too full)    Drank 200 mL extra in the morning	79	118	78	no	37	07:21	85	1547	108	108	1	08:01	08:02	1	0	860	1425	247	1019		0	3	47.0588235294118	737.254901960784	136.274509803922	650	122	528	1.05612189439356	2.16992187455643	1.51785161789109	3.39429124994295
Sample	1	137_3_A_3-6	26022418	90762.7524110211	3636690.91753162	1101166.92417387	14747367.4065726	0.307318775816611	8.5561099846679	2.0889204138118	5.85418942967952	1	1	26022418	137	LB137	Treatment A	LB_137	2	24	180	69.9	21.6	0	0	0	1	0	0	0	0		Student	4		2025-09-23 07:02:00	06:00	07:01	0	Did not consume apple on day 3 (went bad), did not consume maize waffles and banana bread on day 3 (too full)    Drank 200 mL extra in the morning	79	118	78	no	37	07:21	85	1547	108	108	1	08:01	08:02	1	0	860	1425	247	1019		0	3	47.0588235294118	737.254901960784	136.274509803922	650	122	528	4.187971552795	116.597969398906	28.4666605411608	79.7776794828875
Sample	1	137_3_A_0-3	26022419	194027.5782315	288776.934947524	119195.910784825	1126994.43797581	0.536596403398677	0.885815968453746	0.251468599005214	0.652414005007449	1	1	26022419	137	LB137	Treatment A	LB_137	2	24	180	69.9	21.6	0	0	0	1	0	0	0	0		Student	4		2025-09-23 07:02:00	06:00	07:01	0	Did not consume apple on day 3 (went bad), did not consume maize waffles and banana bread on day 3 (too full)    Drank 200 mL extra in the morning	79	118	78	no	37	07:21	85	1547	108	108	1	08:01	08:02	1	0	860	1425	247	1019		0	3	47.0588235294118	737.254901960784	136.274509803922	650	122	528	39.5608328780201	65.3072164977664	18.5396457305805	48.0995423299609
Sample	1	142_3_A_3-6	26022420	9443.88889134498	161385.268313956	57634.3333163266	848466.511338534	0.126767499451957	0.593953171685949	0.136275349205046	0.546041020419796	1	1	26022420	142	LB142	Treatment A	LB_142	1	38	158	52.3	21	0	0	0	1	0	0	0	0		Verkäuferin	4		2025-11-21 07:49:00	05:40	07:53	1		94	120	77	no	37	08:03	284	1550	108	108	1	08:31	08:34	1	Intervention shifted by +30mins since earlier arrival not possible for participant due to the available public transport connections	593	969	443	449		0	3	242.156862745098	475.490196078431	328.43137254902	650	581	1101	4.16344238396133	19.507285540666	4.47570999840102	17.9337001804541
Sample	1	142_3_A_AH	26022422	122630.391290854	187388.841191733	324415.005295106	2146479.74206832	0.378074103983359	0.653529089849369	0.635471988615948	1.04176704349397	1	1	26022422	142	LB142	Treatment A	LB_142	1	38	158	52.3	21	0	0	0	1	0	0	0	0		Verkäuferin	4		2025-11-21 07:49:00	05:40	07:53	1		94	120	77	no	37	08:03	284	1550	108	108	1	08:31	08:34	1	Intervention shifted by +30mins since earlier arrival not possible for participant due to the available public transport connections	593	969	443	449		0	3	242.156862745098	475.490196078431	328.43137254902	650	581	1101	NA	NA	NA	NA
Sample	1	142_3_A_0-3	26022423	167949.81876283	369031.492799719	92869.2938520047	1070412.70377181	0.47869627355169	1.06968450810854	0.202206564381629	0.630804796864155	1	1	26022423	142	LB142	Treatment A	LB_142	1	38	158	52.3	21	0	0	0	1	0	0	0	0		Verkäuferin	4		2025-11-21 07:49:00	05:40	07:53	1		94	120	77	no	37	08:03	284	1550	108	108	1	08:31	08:34	1	Intervention shifted by +30mins since earlier arrival not possible for participant due to the available public transport connections	593	969	443	449		0	3	242.156862745098	475.490196078431	328.43137254902	650	581	1101	22.7615384973108	50.862449650259	9.61472389461666	29.9941496548152
Sample	1	142_3_A_BL	26022424	15301.4059987615	25476.2808425704	52307.7303079003	305412.746809678	0.13977287292002	0.282576625342643	0.126308276622314	0.338642608268027	1	1	26022424	142	LB142	Treatment A	LB_142	1	38	158	52.3	21	0	0	0	1	0	0	0	0		Verkäuferin	4		2025-11-21 07:49:00	05:40	07:53	1		94	120	77	no	37	08:03	284	1550	108	108	1	08:31	08:34	1	Intervention shifted by +30mins since earlier arrival not possible for participant due to the available public transport connections	593	969	443	449		0	3	242.156862745098	475.490196078431	328.43137254902	650	581	1101	3.38469604031813	6.84278690780715	3.05864160055997	8.20046316100025
Sample	1	107_1_A_3-6	26022425	44984.7796325852	331056.313795774	660561.840949871	15071622.3638461	0.205678503722387	0.982680842604028	1.26446572141836	5.9780260876009	1	1	26022425	107	LB107	Treatment A	LB_107	1	26	185	67.7	19.8	1	0	0	0	0	0	1	0	German	PhD	4		2025-07-02 07:03:31	06:10	07:05	0	Accidentally snacked on 500g of mixed unsalted mixed nuts (hazelnuts, walnuts and almonds) on first day of standardized diet.	69	88	61	no	37	07:27	94	1545	107	107	1	08:01	08:02	1	0	671	1545	292	784		0	1	55.8823529411765	552.941176470588	181.372549019608	650	0	761	3.73044344986682	17.8231329295829	22.9339371041565	108.424982961389
Sample	1	107_1_A_AH	26022426	37011.5242955339	49952.4254976563	165419.597378726	3139137.24453413	0.187975582584813	0.338653103670498	0.337961780230478	1.42087423926226	1	1	26022426	107	LB107	Treatment A	LB_107	1	26	185	67.7	19.8	1	0	0	0	0	0	1	0	German	PhD	4		2025-07-02 07:03:31	06:10	07:05	0	Accidentally snacked on 500g of mixed unsalted mixed nuts (hazelnuts, walnuts and almonds) on first day of standardized diet.	69	88	61	no	37	07:27	94	1545	107	107	1	08:01	08:02	1	0	671	1545	292	784		0	1	55.8823529411765	552.941176470588	181.372549019608	650	0	761	NA	NA	NA	NA
Sample	1	107_1_A_0-3	26022428	265623.89609727	186004.645309381	211117.419015311	3232247.71201614	0.695560830767323	0.650357804849544	0.423470969558843	1.45643418630955	1	1	26022428	107	LB107	Treatment A	LB_107	1	26	185	67.7	19.8	1	0	0	0	0	0	1	0	German	PhD	4		2025-07-02 07:03:31	06:10	07:05	0	Accidentally snacked on 500g of mixed unsalted mixed nuts (hazelnuts, walnuts and almonds) on first day of standardized diet.	69	88	61	no	37	07:27	94	1545	107	107	1	08:01	08:02	1	0	671	1545	292	784		0	1	55.8823529411765	552.941176470588	181.372549019608	650	0	761	38.4604224071344	35.9609609740336	23.4154536109007	80.5322432429988
Sample	1	107_1_A_BL	26022429	82042.8879384358	97407.4432121709	317091.708891884	5398935.32362798	0.28795816756277	0.447375711332607	0.621768728455522	2.28391684019939	1	1	26022429	107	LB107	Treatment A	LB_107	1	26	185	67.7	19.8	1	0	0	0	0	0	1	0	German	PhD	4		2025-07-02 07:03:31	06:10	07:05	0	Accidentally snacked on 500g of mixed unsalted mixed nuts (hazelnuts, walnuts and almonds) on first day of standardized diet.	69	88	61	no	37	07:27	94	1545	107	107	1	08:01	08:02	1	0	671	1545	292	784		0	1	55.8823529411765	552.941176470588	181.372549019608	650	0	761	1.60917799520371	2.50004073979986	3.4745899531338	12.7630646952319
Sample	1	112_1_A_BL	26022430	106434.354493598	351914.72378285	325630.516593293	2309560.2720358	0.364243003604613	1.15406977615493	0.761892789709278	1.20130585348375	1	2	26022430	112	LB112	Treatment A	LB_112	2	45	169	75.7	26.5	1	0	0	0	0	0	0	0		Unemployed	4		2025-07-25 07:00:18	05:00	07:02	0	Skipped breakfast on the first two days.	89	139	103	no	37	07:20	71	2460	108	108	1	08:03	08:04	1	0	751	1214	1141	726		0	1	33.3333333333333	630.392156862745	1012.74509803922	650	1246	1734	1.21414334534871	3.84689925384976	2.53964263236426	4.00435284494582
Sample	1	112_1_A_0-3	26022431	1016013.30024793	211227.194418324	206345.325241245	2986756.12728323	2.48953019739074	0.731305429282107	0.487611203423895	1.50042606671959	1	2	26022431	112	LB112	Treatment A	LB_112	2	45	169	75.7	26.5	1	0	0	0	0	0	0	0		Unemployed	4		2025-07-25 07:00:18	05:00	07:02	0	Skipped breakfast on the first two days.	89	139	103	no	37	07:20	71	2460	108	108	1	08:03	08:04	1	0	751	1214	1141	726		0	1	33.3333333333333	630.392156862745	1012.74509803922	650	1246	1734	156.938031070808	46.1009206890583	30.7386278236828	94.5856824412448
Sample	1	112_1_A_3-6	26022432	6600.39744407919	37380.9889639217	72631.6719308699	1581094.90210054	0.130974817909773	0.208899656451893	0.180153148301667	0.879539683325554	1	2	26022432	112	LB112	Treatment A	LB_112	2	45	169	75.7	26.5	1	0	0	0	0	0	0	0		Unemployed	4		2025-07-25 07:00:18	05:00	07:02	0	Skipped breakfast on the first two days.	89	139	103	no	37	07:20	71	2460	108	108	1	08:03	08:04	1	0	751	1214	1141	726		0	1	33.3333333333333	630.392156862745	1012.74509803922	650	1246	1734	13.2644104804701	21.1562103053731	18.2449217838846	89.0749502818919
Sample	1	112_1_A_AH	26022434	19370.3690896608	56183.2583377371	67286.4984832538	481719.336999505	0.160812642685784	0.265400251546942	0.167862581169526	0.393940944185091	1	2	26022434	112	LB112	Treatment A	LB_112	2	45	169	75.7	26.5	1	0	0	0	0	0	0	0		Unemployed	4		2025-07-25 07:00:18	05:00	07:02	0	Skipped breakfast on the first two days.	89	139	103	no	37	07:20	71	2460	108	108	1	08:03	08:04	1	0	751	1214	1141	726		0	1	33.3333333333333	630.392156862745	1012.74509803922	650	1246	1734	NA	NA	NA	NA
Sample	1	126_3_A_AH	26022435	37668.6324837545	80481.4267687218	95048.409622507	2360721.4090722	0.203567661413423	0.33841595772453	0.231697672007543	1.2239039395487	1	2	26022435	126	LB126	Treatment A	LB_126	1	36	154	67.8	28.6	0	0	0	1	0	0	0	0		Education consultant	4		2025-09-08 07:00:10	05:15	07:01	1		64	108	75	no	38	07:23	99	1548	108	108	1	08:01	08:02	1	0	346	926	748	782		0	3	59.8039215686275	233.333333333333	627.450980392157	650	622	766	NA	NA	NA	NA
Sample	1	126_3_A_BL	26022436	86367.7902793875	259168.028247614	243827.004742523	3062011.97582589	0.317356241167097	0.875367062846402	0.573795702888792	1.53366688662257	1	2	26022436	126	LB126	Treatment A	LB_126	1	36	154	67.8	28.6	0	0	0	1	0	0	0	0		Education consultant	4		2025-09-08 07:00:10	05:15	07:01	1		64	108	75	no	38	07:23	99	1548	108	108	1	08:01	08:02	1	0	346	926	748	782		0	3	59.8039215686275	233.333333333333	627.450980392157	650	622	766	1.89791477560715	5.2350383170226	3.43152332119768	9.17192941999773
Sample	1	126_3_A_0-3	26022437	433928.054608956	732531.858285175	112441.559476014	1397217.31450547	1.12945219204244	2.29781972331302	0.271691075029714	0.798320191527818	1	2	26022437	126	LB126	Treatment A	LB_126	1	36	154	67.8	28.6	0	0	0	1	0	0	0	0		Education consultant	4		2025-09-08 07:00:10	05:15	07:01	1		64	108	75	no	38	07:23	99	1548	108	108	1	08:01	08:02	1	0	346	926	748	782		0	3	59.8039215686275	233.333333333333	627.450980392157	650	622	766	26.3538844809903	53.6157935439706	6.33945841736	18.6274711356491
Sample	1	126_3_A_3-6	26022438	75534.5100352245	449324.658492723	95272.2143613055	1675533.30448081	0.292043615059066	1.44678546753537	0.232212283402973	0.921253516685208	1	2	26022438	126	LB126	Treatment A	LB_126	1	36	154	67.8	28.6	0	0	0	1	0	0	0	0		Education consultant	4		2025-09-08 07:00:10	05:15	07:01	1		64	108	75	no	38	07:23	99	1548	108	108	1	08:01	08:02	1	0	346	926	748	782		0	3	59.8039215686275	233.333333333333	627.450980392157	650	622	766	18.3243052586081	90.7786960022193	14.5701824880297	57.8041422233856
Sample	1	047_3_A_3-6	26022440	21563.8503102275	1736282.19770342	147264.797183981	2550142.7077102	0.165937846572308	5.31407751520318	0.351762815451751	1.3075721114682	1	2	26022440	047	LB047	Treatment A	LB_047	2	23	170	60	20.8	1	0	0	0	0	0	0	0		Student	1		2025-03-10 07:00:06	06:15	07:03	1		46	117	69	No	38	07:24	84	1339	107	106	1	07:59	08:01	1	0	722	942	769	590		0	3	45.0980392156863	602.941176470588	650	650	397	749	10.7859600272	345.415038488207	22.8645830043638	84.9921872454327
Sample	1	047_3_A_BL	26022441	53039.0238154093	122886.553703404	216938.266834755	2933751.32082947	0.239481526848772	0.46584285812982	0.511968366209687	1.47701362423915	1	2	26022441	047	LB047	Treatment A	LB_047	2	23	170	60	20.8	1	0	0	0	0	0	0	0		Student	1		2025-03-10 07:00:06	06:15	07:03	1		46	117	69	No	38	07:24	84	1339	107	106	1	07:59	08:01	1	0	722	942	769	590		0	3	45.0980392156863	602.941176470588	650	650	397	749	1.08001472892583	2.1008599484286	2.30887694565153	6.661041834804
Sample	1	047_3_A_0-3	26022442	305476.4531964	352407.873747959	66756.8302220329	843428.131277511	0.829317118800366	1.15555168591517	0.166644674325885	0.553709216296247	1	2	26022442	047	LB047	Treatment A	LB_047	2	23	170	60	20.8	1	0	0	0	0	0	0	0		Student	1		2025-03-10 07:00:06	06:15	07:03	1		46	117	69	No	38	07:24	84	1339	107	106	1	07:59	08:01	1	0	722	942	769	590		0	3	45.0980392156863	602.941176470588	650	650	397	749	50.0029439276691	69.6729692978264	10.0476935990607	33.3854086296266
Sample	1	047_3_A_AH	26022443	84583.1961455297	159051.561335194	352784.070517895	7230862.31796765	0.313186427126768	0.574518274495185	0.824329038159807	3.37506534413994	1	2	26022443	047	LB047	Treatment A	LB_047	2	23	170	60	20.8	1	0	0	0	0	0	0	0		Student	1		2025-03-10 07:00:06	06:15	07:03	1		46	117	69	No	38	07:24	84	1339	107	106	1	07:59	08:01	1	0	722	942	769	590		0	3	45.0980392156863	602.941176470588	650	650	397	749	NA	NA	NA	NA
Std	1	Std_0_1	26022403	0	0	0	0	0	0	0	0	1	1	26022403	NA	NA	NA	NA	NA	NA	NA	NA	NA	NA	NA	NA	NA	NA	NA	NA	NA	NA	NA	NA	NA	NA	NA	NA	NA	NA	NA	NA	NA	NA	NA	NA	NA	NA	NA	NA	NA	NA	NA	NA	NA	NA	NA	NA	NA	NA	NA	NA	NA	NA	NA	650	NA	NA	NA	NA	NA	NA
Std	1	Std_1_1	26022404	221760.568175431	240651.38794063	37504.375649115	2025641.20946503	0.6372	0.856	0.11585	1.0385	1	1	26022404	NA	NA	NA	NA	NA	NA	NA	NA	NA	NA	NA	NA	NA	NA	NA	NA	NA	NA	NA	NA	NA	NA	NA	NA	NA	NA	NA	NA	NA	NA	NA	NA	NA	NA	NA	NA	NA	NA	NA	NA	NA	NA	NA	NA	NA	NA	NA	NA	NA	NA	NA	650	NA	NA	NA	NA	NA	NA
Std	1	Std_2_1	26022405	302716.899091208	369267.759464811	67843.0341473972	3083536.9635622	0.8496	1.284	0.173775	1.55775	1	1	26022405	NA	NA	NA	NA	NA	NA	NA	NA	NA	NA	NA	NA	NA	NA	NA	NA	NA	NA	NA	NA	NA	NA	NA	NA	NA	NA	NA	NA	NA	NA	NA	NA	NA	NA	NA	NA	NA	NA	NA	NA	NA	NA	NA	NA	NA	NA	NA	NA	NA	NA	NA	650	NA	NA	NA	NA	NA	NA
Std	1	Std_3_1	26022406	408720.870625844	790506.983672326	107508.598344211	4545843.46987589	1.062	1.926	0.2317	2.077	1	1	26022406	NA	NA	NA	NA	NA	NA	NA	NA	NA	NA	NA	NA	NA	NA	NA	NA	NA	NA	NA	NA	NA	NA	NA	NA	NA	NA	NA	NA	NA	NA	NA	NA	NA	NA	NA	NA	NA	NA	NA	NA	NA	NA	NA	NA	NA	NA	NA	NA	NA	NA	NA	650	NA	NA	NA	NA	NA	NA
Std	1	Std_4_1	26022407	709029.21129479	1034304.91296939	164235.513799576	7245634.64772245	1.6992	2.889	0.34755	3.1155	1	1	26022407	NA	NA	NA	NA	NA	NA	NA	NA	NA	NA	NA	NA	NA	NA	NA	NA	NA	NA	NA	NA	NA	NA	NA	NA	NA	NA	NA	NA	NA	NA	NA	NA	NA	NA	NA	NA	NA	NA	NA	NA	NA	NA	NA	NA	NA	NA	NA	NA	NA	NA	NA	650	NA	NA	NA	NA	NA	NA
Std	1	Std_5_1	26022408	1037426.88438699	1695112.78188975	243739.254791405	10882590.164737	2.3364	3.852	0.4634	4.154	1	1	26022408	NA	NA	NA	NA	NA	NA	NA	NA	NA	NA	NA	NA	NA	NA	NA	NA	NA	NA	NA	NA	NA	NA	NA	NA	NA	NA	NA	NA	NA	NA	NA	NA	NA	NA	NA	NA	NA	NA	NA	NA	NA	NA	NA	NA	NA	NA	NA	NA	NA	NA	NA	650	NA	NA	NA	NA	NA	NA
Std	1	Std_0_2	26022450	0	0	0	0	0	0	0	0	1	2	26022450	NA	NA	NA	NA	NA	NA	NA	NA	NA	NA	NA	NA	NA	NA	NA	NA	NA	NA	NA	NA	NA	NA	NA	NA	NA	NA	NA	NA	NA	NA	NA	NA	NA	NA	NA	NA	NA	NA	NA	NA	NA	NA	NA	NA	NA	NA	NA	NA	NA	NA	NA	650	NA	NA	NA	NA	NA	NA
Std	1	Std_1_2	26022451	194279.311751342	215012.059879456	28522.7591612062	1744642.74013744	0.6372	0.856	0.11585	1.0385	1	2	26022451	NA	NA	NA	NA	NA	NA	NA	NA	NA	NA	NA	NA	NA	NA	NA	NA	NA	NA	NA	NA	NA	NA	NA	NA	NA	NA	NA	NA	NA	NA	NA	NA	NA	NA	NA	NA	NA	NA	NA	NA	NA	NA	NA	NA	NA	NA	NA	NA	NA	NA	NA	650	NA	NA	NA	NA	NA	NA
Std	1	Std_2_2	26022452	284350.006902297	380319.536693858	70721.7322805458	2933187.57501472	0.8496	1.284	0.173775	1.55775	1	2	26022452	NA	NA	NA	NA	NA	NA	NA	NA	NA	NA	NA	NA	NA	NA	NA	NA	NA	NA	NA	NA	NA	NA	NA	NA	NA	NA	NA	NA	NA	NA	NA	NA	NA	NA	NA	NA	NA	NA	NA	NA	NA	NA	NA	NA	NA	NA	NA	NA	NA	NA	NA	650	NA	NA	NA	NA	NA	NA
Std	1	Std_3_2	26022453	404045.625236785	658213.147155575	111027.148985176	4252752.36666838	1.062	1.926	0.2317	2.077	1	2	26022453	NA	NA	NA	NA	NA	NA	NA	NA	NA	NA	NA	NA	NA	NA	NA	NA	NA	NA	NA	NA	NA	NA	NA	NA	NA	NA	NA	NA	NA	NA	NA	NA	NA	NA	NA	NA	NA	NA	NA	NA	NA	NA	NA	NA	NA	NA	NA	NA	NA	NA	NA	650	NA	NA	NA	NA	NA	NA
Std	1	Std_4_2	26022454	645281.686199474	858766.094172437	136879.648200982	6128681.17783954	1.6992	2.889	0.34755	3.1155	1	2	26022454	NA	NA	NA	NA	NA	NA	NA	NA	NA	NA	NA	NA	NA	NA	NA	NA	NA	NA	NA	NA	NA	NA	NA	NA	NA	NA	NA	NA	NA	NA	NA	NA	NA	NA	NA	NA	NA	NA	NA	NA	NA	NA	NA	NA	NA	NA	NA	NA	NA	NA	NA	650	NA	NA	NA	NA	NA	NA
Std	1	Std_5_2	26022455	993305.647447926	1291223.01609265	197953.633933343	9517750.23731827	2.3364	3.852	0.4634	4.154	1	2	26022455	NA	NA	NA	NA	NA	NA	NA	NA	NA	NA	NA	NA	NA	NA	NA	NA	NA	NA	NA	NA	NA	NA	NA	NA	NA	NA	NA	NA	NA	NA	NA	NA	NA	NA	NA	NA	NA	NA	NA	NA	NA	NA	NA	NA	NA	NA	NA	NA	NA	NA	NA	650	NA	NA	NA	NA	NA	NA
QC	2	QC2a	26030202	189082.406549788	506182.046780929	157052.371903895	2496058.76046467	0.531696487047798	1.4026769489177	0.336860510900433	1.15380520709926	2	1	26030202	NA	NA	NA	NA	NA	NA	NA	NA	NA	NA	NA	NA	NA	NA	NA	NA	NA	NA	NA	NA	NA	NA	NA	NA	NA	NA	NA	NA	NA	NA	NA	NA	NA	NA	NA	NA	NA	NA	NA	NA	NA	NA	NA	NA	NA	NA	NA	NA	NA	NA	NA	650	NA	NA	NA	NA	NA	NA
QC	2	QC2b	26030209	192608.938898998	513246.087160955	157431.606368767	2536652.84005873	0.539180312503292	1.41960410709049	0.337637524401719	1.16883045757206	2	1	26030209	NA	NA	NA	NA	NA	NA	NA	NA	NA	NA	NA	NA	NA	NA	NA	NA	NA	NA	NA	NA	NA	NA	NA	NA	NA	NA	NA	NA	NA	NA	NA	NA	NA	NA	NA	NA	NA	NA	NA	NA	NA	NA	NA	NA	NA	NA	NA	NA	NA	NA	NA	650	NA	NA	NA	NA	NA	NA
QC	2	QC2c	26030215	190565.284523486	488630.139089078	155783.312893812	2480578.72466515	0.534843374365998	1.36061831083657	0.334260335873893	1.14807551898855	2	1	26030215	NA	NA	NA	NA	NA	NA	NA	NA	NA	NA	NA	NA	NA	NA	NA	NA	NA	NA	NA	NA	NA	NA	NA	NA	NA	NA	NA	NA	NA	NA	NA	NA	NA	NA	NA	NA	NA	NA	NA	NA	NA	NA	NA	NA	NA	NA	NA	NA	NA	NA	NA	650	NA	NA	NA	NA	NA	NA
QC	2	QC2d	26030221	193207.769313339	515165.200256963	155862.137818997	2523042.36037027	0.540451119589288	1.42420276864676	0.334421840264395	1.16379275580818	2	1	26030221	NA	NA	NA	NA	NA	NA	NA	NA	NA	NA	NA	NA	NA	NA	NA	NA	NA	NA	NA	NA	NA	NA	NA	NA	NA	NA	NA	NA	NA	NA	NA	NA	NA	NA	NA	NA	NA	NA	NA	NA	NA	NA	NA	NA	NA	NA	NA	NA	NA	NA	NA	650	NA	NA	NA	NA	NA	NA
QC	2	QC2e	26030227	186589.614186816	477302.700782305	152494.405755921	2405743.97904865	0.526406411388785	1.3334750147063	0.327521693985213	1.12037663264354	2	1	26030227	NA	NA	NA	NA	NA	NA	NA	NA	NA	NA	NA	NA	NA	NA	NA	NA	NA	NA	NA	NA	NA	NA	NA	NA	NA	NA	NA	NA	NA	NA	NA	NA	NA	NA	NA	NA	NA	NA	NA	NA	NA	NA	NA	NA	NA	NA	NA	NA	NA	NA	NA	650	NA	NA	NA	NA	NA	NA
QC	2	QC2f	26030233	178557.713220676	497466.785887612	148656.886896931	2342524.43819803	0.483565977284381	1.34685092454346	0.322016642628418	1.08883283800298	2	2	26030233	NA	NA	NA	NA	NA	NA	NA	NA	NA	NA	NA	NA	NA	NA	NA	NA	NA	NA	NA	NA	NA	NA	NA	NA	NA	NA	NA	NA	NA	NA	NA	NA	NA	NA	NA	NA	NA	NA	NA	NA	NA	NA	NA	NA	NA	NA	NA	NA	NA	NA	NA	650	NA	NA	NA	NA	NA	NA
QC	2	QC2g	26030239	196586.557411042	568635.720511077	157616.876686487	2544483.12067205	0.523526936485916	1.54064238274494	0.340899267965862	1.17089613285993	2	2	26030239	NA	NA	NA	NA	NA	NA	NA	NA	NA	NA	NA	NA	NA	NA	NA	NA	NA	NA	NA	NA	NA	NA	NA	NA	NA	NA	NA	NA	NA	NA	NA	NA	NA	NA	NA	NA	NA	NA	NA	NA	NA	NA	NA	NA	NA	NA	NA	NA	NA	NA	NA	650	NA	NA	NA	NA	NA	NA
QC	2	QC2h	26030245	188312.116369991	485865.994741644	150174.419832955	2389341.98499317	0.505186625960982	1.31526222303538	0.325214749606349	1.1078565417629	2	2	26030245	NA	NA	NA	NA	NA	NA	NA	NA	NA	NA	NA	NA	NA	NA	NA	NA	NA	NA	NA	NA	NA	NA	NA	NA	NA	NA	NA	NA	NA	NA	NA	NA	NA	NA	NA	NA	NA	NA	NA	NA	NA	NA	NA	NA	NA	NA	NA	NA	NA	NA	NA	650	NA	NA	NA	NA	NA	NA
QC	2	QC2i	26030256	184289.556517629	469526.992758257	148705.414935593	2350288.37845622	0.496270616235197	1.27077147666311	0.322118912474026	1.09198761456844	2	2	26030256	NA	NA	NA	NA	NA	NA	NA	NA	NA	NA	NA	NA	NA	NA	NA	NA	NA	NA	NA	NA	NA	NA	NA	NA	NA	NA	NA	NA	NA	NA	NA	NA	NA	NA	NA	NA	NA	NA	NA	NA	NA	NA	NA	NA	NA	NA	NA	NA	NA	NA	NA	650	NA	NA	NA	NA	NA	NA
Sample	2	010_1_A_BL	26030211	45348.6954970526	134237.509777819	163194.222327821	1423050.80813298	0.226672202829865	0.511407410431422	0.349444548334586	0.75664844423363	2	1	26030211	010	LB010	Treatment A	LB_010	1	50	161	59.9	23.1	1	0	0	0	0	0	0	0		IT support	4		2024-10-28 07:04:19	05:30	07:05	1	Added extra oil to Day 3 dinner and fried potatoes and vegetables in the pan. 	71	120	76	no	38	07:20	129	2440	106	106	1	07:59	08:00	0	100 ml consumed with capsule	920	1716	943	886		0	1	89.2156862745098	798.039215686274	820.588235294118	650	724	1554	2.02227161348213	4.56255630875092	3.11759351945562	6.75049102208434
Sample	2	010_1_A_3-6	26030212	11580.8024452353	32881.2593417409	120327.372203702	2240556.64594778	0.155011718088751	0.268533192472123	0.261614658413343	1.05923517853019	2	1	26030212	010	LB010	Treatment A	LB_010	1	50	161	59.9	23.1	1	0	0	0	0	0	0	0		IT support	4		2024-10-28 07:04:19	05:30	07:05	1	Added extra oil to Day 3 dinner and fried potatoes and vegetables in the pan. 	71	120	76	no	38	07:20	129	2440	106	106	1	07:59	08:00	0	100 ml consumed with capsule	920	1716	943	886		0	1	89.2156862745098	798.039215686274	820.588235294118	650	724	1554	12.7200792196358	22.0355178528595	21.4677910874479	86.9195925911538
Sample	2	010_1_A_AH	26030213	50896.8753364461	79606.5922199535	159629.505553904	1854150.25937625	0.238446264543213	0.380498449995544	0.342140800078136	0.916213023561188	2	1	26030213	010	LB010	Treatment A	LB_010	1	50	161	59.9	23.1	1	0	0	0	0	0	0	0		IT support	4		2024-10-28 07:04:19	05:30	07:05	1	Added extra oil to Day 3 dinner and fried potatoes and vegetables in the pan. 	71	120	76	no	38	07:20	129	2440	106	106	1	07:59	08:00	0	100 ml consumed with capsule	920	1716	943	886		0	1	89.2156862745098	798.039215686274	820.588235294118	650	724	1554	NA	NA	NA	NA
Sample	2	010_1_A_0-3	26030214	1353882.41436586	75677.0499275145	140472.731054354	1535373.63904672	3.00357511620797	0.371082311305449	0.302890484492321	0.798222946850006	2	1	26030214	010	LB010	Treatment A	LB_010	1	50	161	59.9	23.1	1	0	0	0	0	0	0	0		IT support	4		2024-10-28 07:04:19	05:30	07:05	1	Added extra oil to Day 3 dinner and fried potatoes and vegetables in the pan. 	71	120	76	no	38	07:20	129	2440	106	106	1	07:59	08:00	0	100 ml consumed with capsule	920	1716	943	886		0	1	89.2156862745098	798.039215686274	820.588235294118	650	724	1554	239.697072999342	29.613823666925	24.1718484683087	63.7013214446965
Sample	2	059_2_A_BL	26030216	79624.7996977456	191329.972753783	264950.3243826	2003722.84610045	0.299411187115603	0.648214832144425	0.557932627500854	0.971574928594357	2	1	26030216	059	LB059	Treatment A	LB_059	2	19	182	79.2	23.9	1	0	0	0	0	0	0	0		Student	1		2025-02-24 07:00:00	05:25	07:00	1		71	128	75	No	37	07:50	119	572	108	107	1	08:09	08:10	1	 +10 min shift for all measurements post intervention	1214	541	392	30		0	2	80.3921568627451	1084.3137254902	279.411764705882	650	31	542	2.40703111210583	5.21113884665126	4.48534073088922	7.81070040634679
Sample	2	059_2_A_3-6	26030217	51769.2484418246	1264828.74988381	336731.217938247	4969555.41535945	0.24029756985002	3.22057889310727	0.705004501482416	2.0693305042625	2	1	26030217	059	LB059	Treatment A	LB_059	2	19	182	79.2	23.9	1	0	0	0	0	0	0	0		Student	1		2025-02-24 07:00:00	05:25	07:00	1		71	128	75	No	37	07:50	119	572	108	107	1	08:09	08:10	1	 +10 min shift for all measurements post intervention	1214	541	392	30		0	2	80.3921568627451	1084.3137254902	279.411764705882	650	31	542	6.71419680463292	89.986763189762	19.6986551884793	57.8195287955699
Sample	2	059_2_A_AH	26030218	65125.6834878943	115090.255687076	210878.79204242	2250989.9495038	0.268641908904454	0.465525934515045	0.447145464003653	1.06309689927261	2	1	26030218	059	LB059	Treatment A	LB_059	2	19	182	79.2	23.9	1	0	0	0	0	0	0	0		Student	1		2025-02-24 07:00:00	05:25	07:00	1		71	128	75	No	37	07:50	119	572	108	107	1	08:09	08:10	1	 +10 min shift for all measurements post intervention	1214	541	392	30		0	2	80.3921568627451	1084.3137254902	279.411764705882	650	31	542	NA	NA	NA	NA
Sample	2	059_2_A_0-3	26030219	429744.524926319	138100.256247888	51692.8098548973	510657.315027674	1.04241724878503	0.520663490091598	0.120989302493004	0.41894055922314	2	1	26030219	059	LB059	Treatment A	LB_059	2	19	182	79.2	23.9	1	0	0	0	0	0	0	0		Student	1		2025-02-24 07:00:00	05:25	07:00	1		71	128	75	No	37	07:50	119	572	108	107	1	08:09	08:10	1	 +10 min shift for all measurements post intervention	1214	541	392	30		0	2	80.3921568627451	1084.3137254902	279.411764705882	650	31	542	113.030733054534	56.4562568667948	13.1190361330649	45.4262998530189
Sample	2	123_2_A_BL	26030220	9531.20564086513	21182.9706278599	38119.685275086	309418.912695602	0.150662169234767	0.240501248604609	0.0931793273191718	0.344455377393144	2	1	26030220	123	LB123	Treatment A	LB_123	2	38	185	91.7	26.8	1	0	0	0	0	0	0	0		Zoll Grenzwache	6	Weniger als FH mehr als Berufslehre	2025-09-30 07:04:37	02:30	07:05	1		70	130	84	No	38	07:50	288	2316	108	108	1	08:00	08:02	1	0	1153	1606	1088	58		0	2	245.098039215686	1024.50980392157	960.78431372549	650	710	2258	3.69270022634233	5.89463844619139	2.28380704213656	8.44253375963588
Sample	2	123_2_A_0-3	26030222	333437.133246745	135035.771784292	80708.0390023514	1112027.9432919	0.838038658704796	0.51332024027383	0.18043860596834	0.641528296326941	2	1	26030222	123	LB123	Treatment A	LB_123	2	38	185	91.7	26.8	1	0	0	0	0	0	0	0		Zoll Grenzwache	6	Weniger als FH mehr als Berufslehre	2025-09-30 07:04:37	02:30	07:05	1		70	130	84	No	38	07:50	288	2316	108	108	1	08:00	08:02	1	0	1153	1606	1088	58		0	2	245.098039215686	1024.50980392157	960.78431372549	650	710	2258	85.8578821908344	52.5901618711914	18.4861120820505	65.7252029080052
Sample	2	123_2_A_AH	26030223	22015.3950710851	33878.3075372261	79298.4118690472	1303395.83348265	0.17715547353411	0.270922362352662	0.177550420911831	0.712360065671636	2	1	26030223	123	LB123	Treatment A	LB_123	2	38	185	91.7	26.8	1	0	0	0	0	0	0	0		Zoll Grenzwache	6	Weniger als FH mehr als Berufslehre	2025-09-30 07:04:37	02:30	07:05	1		70	130	84	No	38	07:50	288	2316	108	108	1	08:00	08:02	1	0	1153	1606	1088	58		0	2	245.098039215686	1024.50980392157	960.78431372549	650	710	2258	NA	NA	NA	NA
Sample	2	123_2_A_3-6	26030224	16040.7793280738	195112.865817905	97944.571674305	1777033.29445204	0.164476451492992	0.657279563629849	0.21575453804215	0.887669410175313	2	1	26030224	123	LB123	Treatment A	LB_123	2	38	185	91.7	26.8	1	0	0	0	0	0	0	0		Zoll Grenzwache	6	Weniger als FH mehr als Berufslehre	2025-09-30 07:04:37	02:30	07:05	1		70	130	84	No	38	07:50	288	2316	108	108	1	08:00	08:02	1	0	1153	1606	1088	58		0	2	245.098039215686	1024.50980392157	960.78431372549	650	710	2258	15.8026394571698	63.1503894467894	20.7293575765987	85.2858845070399
Sample	2	065_3_A_AH	26030225	104178.140098082	137986.05242749	322417.489972077	6064135.11557332	0.351517022454566	0.520389829972485	0.675677104018146	2.4744717052114	2	1	26030225	065	LB065	Treatment A	LB_065	2	24	180	73	22.5	0	1	0	0	0	0	0	0		Student	4		2025-02-21 07:00:00	06:10	07:02	1		58	134	69	No	38	07:13	215	1552	107	107	1	08:05	08:07	1	Std Measurement before baseline not conducted due to technical issues (nESI emitter)	837	1370	452	704	Participant used office to continue working	0	3	173.529411764706	715.686274509804	338.235294117647	650	182	848	NA	NA	NA	NA
Sample	2	065_3_A_0-3	26030226	318285.900297259	412822.722022349	98686.1305372161	1077083.0840959	0.805885491910538	1.17896530910869	0.217273918008511	0.628594014594059	2	1	26030226	065	LB065	Treatment A	LB_065	2	24	180	73	22.5	0	1	0	0	0	0	0	0		Student	4		2025-02-21 07:00:00	06:10	07:02	1		58	134	69	No	38	07:13	215	1552	107	107	1	08:05	08:07	1	Std Measurement before baseline not conducted due to technical issues (nESI emitter)	837	1370	452	704	Participant used office to continue working	0	3	173.529411764706	715.686274509804	338.235294117647	650	182	848	57.6761185386954	84.3769289852297	15.549996092766	44.9876108483983
Sample	2	065_3_A_BL	26030228	58708.4365441121	87058.2721087957	187898.461331334	2708399.28825056	0.255023557709453	0.398354486675067	0.40006106403341	1.23239966341934	2	1	26030228	065	LB065	Treatment A	LB_065	2	24	180	73	22.5	0	1	0	0	0	0	0	0		Student	4		2025-02-21 07:00:00	06:10	07:02	1		58	134	69	No	38	07:13	215	1552	107	107	1	08:05	08:07	1	Std Measurement before baseline not conducted due to technical issues (nESI emitter)	837	1370	452	704	Participant used office to continue working	0	3	173.529411764706	715.686274509804	338.235294117647	650	182	848	4.4254087955464	6.91262197465557	6.94223611116799	21.3857588652179
Sample	2	065_3_A_3-6	26030229	25177.6644183064	1008811.58447654	166494.318623818	2456630.28718674	0.18386627879389	2.60709952143636	0.356206115689493	1.13921138719535	2	1	26030229	065	LB065	Treatment A	LB_065	2	24	180	73	22.5	0	1	0	0	0	0	0	0		Student	4		2025-02-21 07:00:00	06:10	07:02	1		58	134	69	No	38	07:13	215	1552	107	107	1	08:05	08:07	1	Std Measurement before baseline not conducted due to technical issues (nESI emitter)	837	1370	452	704	Participant used office to continue working	0	3	173.529411764706	715.686274509804	338.235294117647	650	182	848	6.21900648861687	88.1813073427003	12.048148030674	38.5321498610192
Sample	2	111_3_B_AH	26030230	32742.2680217783	50921.1576830062	109736.00209272	1642023.35069306	0.160365832282258	0.130916909216243	0.239993280680352	0.804193293976802	2	2	26030230	111	LB111	Treatment B	LB_111	2	23	175	60.1	19.6	1	0	0	0	0	0	0	0		Student	4		2025-06-23 07:00:00	06:10	07:02	0	Some produce was discarded of by cleaning personnel at student home and replaced by participant from Lidl products in given amounts. Green beans were not found and replaced by red kidney beans. Participant thinks red kidney beans only cause him GI symptoms if consumed at high amounts.	60	110	64	no	37	07:43	86	1916	106	106	1	08:01	08:01	1	No H2, Quintron is not working (whole day)	1265	1372	845	712	No H2, Quintron is not working (whole day)	No H2, Quintron is not working (whole day)	3	48.0392156862745	1136.27450980392	724.509803921569	650	544	1204	NA	NA	NA	NA
Sample	2	111_3_B_BL	26030231	89675.8051294337	153143.658920923	314705.453216294	3578754.10087508	0.286559099556369	0.409266552648558	0.671953745155361	1.59115874980043	2	2	26030231	111	LB111	Treatment B	LB_111	2	23	175	60.1	19.6	1	0	0	0	0	0	0	0		Student	4		2025-06-23 07:00:00	06:10	07:02	0	Some produce was discarded of by cleaning personnel at student home and replaced by participant from Lidl products in given amounts. Green beans were not found and replaced by red kidney beans. Participant thinks red kidney beans only cause him GI symptoms if consumed at high amounts.	60	110	64	no	37	07:43	86	1916	106	106	1	08:01	08:01	1	No H2, Quintron is not working (whole day)	1265	1372	845	712	No H2, Quintron is not working (whole day)	No H2, Quintron is not working (whole day)	3	48.0392156862745	1136.27450980392	724.509803921569	650	544	1204	1.3766074390453	1.96608441958621	3.22801308947183	7.64380183727657
Sample	2	111_3_B_3-6	26030232	5125.07345774683	6499.10392369162	18446.8400382784	161272.170166799	0.0991522806213109	0.00995662479062697	0.047607007377621	0.202509230441022	2	2	26030232	111	LB111	Treatment B	LB_111	2	23	175	60.1	19.6	1	0	0	0	0	0	0	0		Student	4		2025-06-23 07:00:00	06:10	07:02	0	Some produce was discarded of by cleaning personnel at student home and replaced by participant from Lidl products in given amounts. Green beans were not found and replaced by red kidney beans. Participant thinks red kidney beans only cause him GI symptoms if consumed at high amounts.	60	110	64	no	37	07:43	86	1916	106	106	1	08:01	08:01	1	No H2, Quintron is not working (whole day)	1265	1372	845	712	No H2, Quintron is not working (whole day)	No H2, Quintron is not working (whole day)	3	48.0392156862745	1136.27450980392	724.509803921569	650	544	1204	7.18367993913223	0.721367227477777	3.44917435804529	14.6719922839133
Sample	2	111_3_B_0-3	26030234	3990.42653763699	6839.28748439359	15435.4788360494	145264.613506036	0.0966373340832024	0.0108829372137846	0.0412607495499967	0.196004767121598	2	2	26030234	111	LB111	Treatment B	LB_111	2	23	175	60.1	19.6	1	0	0	0	0	0	0	0		Student	4		2025-06-23 07:00:00	06:10	07:02	0	Some produce was discarded of by cleaning personnel at student home and replaced by participant from Lidl products in given amounts. Green beans were not found and replaced by red kidney beans. Participant thinks red kidney beans only cause him GI symptoms if consumed at high amounts.	60	110	64	no	37	07:43	86	1916	106	106	1	08:01	08:01	1	No H2, Quintron is not working (whole day)	1265	1372	845	712	No H2, Quintron is not working (whole day)	No H2, Quintron is not working (whole day)	3	48.0392156862745	1136.27450980392	724.509803921569	650	544	1204	10.9806539414149	1.23660041478199	4.68835379690649	22.2715220680326
Sample	2	044_3_A_BL	26030235	275236.56336603	571762.118350006	892307.996654203	9284499.8269809	0.697854788342738	1.54915549593582	1.88921544721731	3.90961462485511	2	2	26030235	044	LB044	Treatment A	LB_044	2	56	180	66.3	20.5	1	0	0	0	0	0	0	0		Professor ETH	5		2025-02-13 07:05:34	05:30	07:07	1	Approximately 100 ml low-fat lactose-free milk (Emmi) added to cereal on day -1. 	55	116	71	Skiing Accident in November  Pinched nerve    	37	07:25	53	1203	107	106	1	08:04	08:05	0	No Capsule  Participant has MRI scheduled for day after intervention for medical reasons. As the rest of the preparation was carried out and rescheduling is likely not possible, intervention will be conducted without capsule	153	907	198	513	Acute: Headache (perhaps from lack of caffeine), "some stomach and other bodily problems" (likely from skiing accident), Participant visited the doctor on day -1, took 800 mg Ibuprofen in the evening of day -1.	0	3	15.6862745098039	45.0980392156863	90.1960784313725	650	296	690	1.09467417779253	2.43004783676208	2.96347521132127	6.13272882330214
Sample	2	044_3_A_AH	26030236	181426.855517401	325139.049003681	585417.994972241	7949471.78496	0.489925435331285	0.877606252047144	1.24246371449518	3.36714327124668	2	2	26030236	044	LB044	Treatment A	LB_044	2	56	180	66.3	20.5	1	0	0	0	0	0	0	0		Professor ETH	5		2025-02-13 07:05:34	05:30	07:07	1	Approximately 100 ml low-fat lactose-free milk (Emmi) added to cereal on day -1. 	55	116	71	Skiing Accident in November  Pinched nerve    	37	07:25	53	1203	107	106	1	08:04	08:05	0	No Capsule  Participant has MRI scheduled for day after intervention for medical reasons. As the rest of the preparation was carried out and rescheduling is likely not possible, intervention will be conducted without capsule	153	907	198	513	Acute: Headache (perhaps from lack of caffeine), "some stomach and other bodily problems" (likely from skiing accident), Participant visited the doctor on day -1, took 800 mg Ibuprofen in the evening of day -1.	0	3	15.6862745098039	45.0980392156863	90.1960784313725	650	296	690	NA	NA	NA	NA
Sample	2	044_3_A_3-6	26030237	1588474.65500808	4590168.29411707	1061833.17122482	17553759.3269275	3.60864891623551	12.4911879510768	2.24647928700571	7.26972111931113	2	2	26030237	044	LB044	Treatment A	LB_044	2	56	180	66.3	20.5	1	0	0	0	0	0	0	0		Professor ETH	5		2025-02-13 07:05:34	05:30	07:07	1	Approximately 100 ml low-fat lactose-free milk (Emmi) added to cereal on day -1. 	55	116	71	Skiing Accident in November  Pinched nerve    	37	07:25	53	1203	107	106	1	08:04	08:05	0	No Capsule  Participant has MRI scheduled for day after intervention for medical reasons. As the rest of the preparation was carried out and rescheduling is likely not possible, intervention will be conducted without capsule	153	907	198	513	Acute: Headache (perhaps from lack of caffeine), "some stomach and other bodily problems" (likely from skiing accident), Participant visited the doctor on day -1, took 800 mg Ibuprofen in the evening of day -1.	0	3	15.6862745098039	45.0980392156863	90.1960784313725	650	296	690	32.5485980680065	112.665616813634	20.262362196522	65.5700336251592
Sample	2	044_3_A_0-3	26030238	2653559.13832176	3908517.14990807	593237.595691726	6240418.32968676	5.96941021266017	10.6350667386424	1.25894304026924	2.67269153533572	2	2	26030238	044	LB044	Treatment A	LB_044	2	56	180	66.3	20.5	1	0	0	0	0	0	0	0		Professor ETH	5		2025-02-13 07:05:34	05:30	07:07	1	Approximately 100 ml low-fat lactose-free milk (Emmi) added to cereal on day -1. 	55	116	71	Skiing Accident in November  Pinched nerve    	37	07:25	53	1203	107	106	1	08:04	08:05	0	No Capsule  Participant has MRI scheduled for day after intervention for medical reasons. As the rest of the preparation was carried out and rescheduling is likely not possible, intervention will be conducted without capsule	153	907	198	513	Acute: Headache (perhaps from lack of caffeine), "some stomach and other bodily problems" (likely from skiing accident), Participant visited the doctor on day -1, took 800 mg Ibuprofen in the evening of day -1.	0	3	15.6862745098039	45.0980392156863	90.1960784313725	650	296	690	26.9208695865067	47.9620656840733	5.67758626003777	12.0533147672003
Sample	2	079_3_B_AH	26030240	72280.1479678736	116914.321628131	231068.686143803	4782619.92713985	0.248001600319204	0.31061485664117	0.495694421857274	2.08033403584775	2	2	26030240	079	LB079	Treatment B	LB_079	1	22	179	66.7	20.8	1	0	0	0	0	0	0	0		Ski Teacher, Lifeguard	1		2025-04-15 07:03:15	05:45	07:04	1		74	118	75	No	38	07:12	66	1549	108	108	1	08:01	08:01	1	0	1033	774	1195	30		0	3	27.4509803921569	906.862745098039	1065.6862745098	650	775	1519	NA	NA	NA	NA
Sample	2	079_3_B_3-6	26030241	5219.48220977281	7535.67478959442	17272.7775944802	173250.123134956	0.0993615377566071	0.0127791846714974	0.0451327432579403	0.207376316491333	2	2	26030241	079	LB079	Treatment B	LB_079	1	22	179	66.7	20.8	1	0	0	0	0	0	0	0		Ski Teacher, Lifeguard	1		2025-04-15 07:03:15	05:45	07:04	1		74	118	75	No	38	07:12	66	1549	108	108	1	08:01	08:01	1	0	1033	774	1195	30		0	3	27.4509803921569	906.862745098039	1065.6862745098	650	775	1519	10.5888227001404	1.36186017038408	4.80973450209619	22.0998094143215
Sample	2	079_3_B_BL	26030242	70925.1225561058	111642.965073503	209032.073842378	3149478.45465951	0.244998184535865	0.296261067606306	0.449253621860008	1.41672815093362	2	2	26030242	079	LB079	Treatment B	LB_079	1	22	179	66.7	20.8	1	0	0	0	0	0	0	0		Ski Teacher, Lifeguard	1		2025-04-15 07:03:15	05:45	07:04	1		74	118	75	No	38	07:12	66	1549	108	108	1	08:01	08:01	1	0	1033	774	1195	30		0	3	27.4509803921569	906.862745098039	1065.6862745098	650	775	1519	0.672544035980806	0.813265675782017	1.23324523647845	3.88905766922954
Sample	2	079_3_B_0-3	26030243	5618.4678527507	6912.93012433076	16897.9117947796	215521.859312138	0.100245890010844	0.011083464517653	0.0443427367273727	0.224552888983925	2	2	26030243	079	LB079	Treatment B	LB_079	1	22	179	66.7	20.8	1	0	0	0	0	0	0	0		Ski Teacher, Lifeguard	1		2025-04-15 07:03:15	05:45	07:04	1		74	118	75	No	38	07:12	66	1549	108	108	1	08:01	08:01	1	0	1033	774	1195	30		0	3	27.4509803921569	906.862745098039	1065.6862745098	650	775	1519	9.09092630000302	1.00511810576755	4.02127759537449	20.3638649323657
Sample	2	210_3_A_AH	26030244	38593.502796599	64542.2728509663	102857.184775775	3173180.0873517	0.173335102616303	0.168006909013136	0.225496597847968	1.42635900239483	2	2	26030244	210	LB210	Treatment A	LB_210	1	18	164	58.1	21.6	0	0	0	1	0	0	0	0		Studentin	3		2025-12-08 07:05:27	06:40	07:05	1		58	111	68	no	37	07:15	30	2351	108	107	1	08:01	08:01	1	0	999	1180	1081	246		0	3	-6.86274509803922	873.529411764706	954.901960784314	650	1171	2105	NA	NA	NA	NA
Sample	2	210_3_A_BL	26030246	56468.4983456452	144391.737275663	172780.643130034	4491800.11474482	0.212955056082025	0.385435260713762	0.37285596961208	1.96216317177566	2	2	26030246	210	LB210	Treatment A	LB_210	1	18	164	58.1	21.6	0	0	0	1	0	0	0	0		Studentin	3		2025-12-08 07:05:27	06:40	07:05	1		58	111	68	no	37	07:15	30	2351	108	107	1	08:01	08:01	1	0	999	1180	1081	246		0	3	-6.86274509803922	873.529411764706	954.901960784314	650	1171	2105	-0.146145626722959	-0.264514394607484	-0.255881547772996	-1.34658256886565
Sample	2	210_3_A_0-3	26030247	225348.281591571	271545.365172935	70042.1543681054	1314700.41944619	0.587277339695797	0.731671818787759	0.156340947096323	0.671189860347215	2	2	26030247	210	LB210	Treatment A	LB_210	1	18	164	58.1	21.6	0	0	0	1	0	0	0	0		Studentin	3		2025-12-08 07:05:27	06:40	07:05	1		58	111	68	no	37	07:15	30	2351	108	107	1	08:01	08:01	1	0	999	1180	1081	246		0	3	-6.86274509803922	873.529411764706	954.901960784314	650	1171	2105	51.300402908721	63.9136853470483	13.6568415551788	58.6304083891538
Sample	2	210_3_A_3-6	26030248	7614.09037918966	134925.657438204	60120.6946286816	1288200.46058324	0.104669190224582	0.359659331583189	0.135432083195781	0.660421945290397	2	2	26030248	210	LB210	Treatment A	LB_210	1	18	164	58.1	21.6	0	0	0	1	0	0	0	0		Studentin	3		2025-12-08 07:05:27	06:40	07:05	1		58	111	68	no	37	07:15	30	2351	108	107	1	08:01	08:01	1	0	999	1180	1081	246		0	3	-6.86274509803922	873.529411764706	954.901960784314	650	1171	2105	9.99488149791597	34.3439400943163	12.9324361796756	63.0638210502791
Std	2	Std_0_1	26030203	0	0	0	0	0	0	0	0	2	1	26030203	NA	NA	NA	NA	NA	NA	NA	NA	NA	NA	NA	NA	NA	NA	NA	NA	NA	NA	NA	NA	NA	NA	NA	NA	NA	NA	NA	NA	NA	NA	NA	NA	NA	NA	NA	NA	NA	NA	NA	NA	NA	NA	NA	NA	NA	NA	NA	NA	NA	NA	NA	650	NA	NA	NA	NA	NA	NA
Std	2	Std_1_1	26030204	223163.409877045	285919.004767654	49337.8082510617	2185497.13131018	0.6372	0.856	0.11585	1.0385	2	1	26030204	NA	NA	NA	NA	NA	NA	NA	NA	NA	NA	NA	NA	NA	NA	NA	NA	NA	NA	NA	NA	NA	NA	NA	NA	NA	NA	NA	NA	NA	NA	NA	NA	NA	NA	NA	NA	NA	NA	NA	NA	NA	NA	NA	NA	NA	NA	NA	NA	NA	NA	NA	650	NA	NA	NA	NA	NA	NA
Std	2	Std_2_1	26030205	324757.1695747	457192.983185758	81628.1881180952	3443346.65217492	0.8496	1.284	0.173775	1.55775	2	1	26030205	NA	NA	NA	NA	NA	NA	NA	NA	NA	NA	NA	NA	NA	NA	NA	NA	NA	NA	NA	NA	NA	NA	NA	NA	NA	NA	NA	NA	NA	NA	NA	NA	NA	NA	NA	NA	NA	NA	NA	NA	NA	NA	NA	NA	NA	NA	NA	NA	NA	NA	NA	650	NA	NA	NA	NA	NA	NA
Std	2	Std_3_1	26030206	381314.866729427	576781.583915974	86396.9222615471	4212971.91696114	1.062	1.926	0.2317	2.077	2	1	26030206	NA	NA	NA	NA	NA	NA	NA	NA	NA	NA	NA	NA	NA	NA	NA	NA	NA	NA	NA	NA	NA	NA	NA	NA	NA	NA	NA	NA	NA	NA	NA	NA	NA	NA	NA	NA	NA	NA	NA	NA	NA	NA	NA	NA	NA	NA	NA	NA	NA	NA	NA	650	NA	NA	NA	NA	NA	NA
Std	2	Std_4_1	26030207	703838.209227665	1079373.43766466	160606.517634675	7223072.55024743	1.6992	2.889	0.34755	3.1155	2	1	26030207	NA	NA	NA	NA	NA	NA	NA	NA	NA	NA	NA	NA	NA	NA	NA	NA	NA	NA	NA	NA	NA	NA	NA	NA	NA	NA	NA	NA	NA	NA	NA	NA	NA	NA	NA	NA	NA	NA	NA	NA	NA	NA	NA	NA	NA	NA	NA	NA	NA	NA	NA	650	NA	NA	NA	NA	NA	NA
Std	2	Std_5_1	26030208	1100847.50784401	1635611.46602384	228121.426571422	11473899.2254242	2.3364	3.852	0.4634	4.154	2	1	26030208	NA	NA	NA	NA	NA	NA	NA	NA	NA	NA	NA	NA	NA	NA	NA	NA	NA	NA	NA	NA	NA	NA	NA	NA	NA	NA	NA	NA	NA	NA	NA	NA	NA	NA	NA	NA	NA	NA	NA	NA	NA	NA	NA	NA	NA	NA	NA	NA	NA	NA	NA	650	NA	NA	NA	NA	NA	NA
Std	2	Std_0_2	26030250	0	0	0	0	0	0	0	0	2	2	26030250	NA	NA	NA	NA	NA	NA	NA	NA	NA	NA	NA	NA	NA	NA	NA	NA	NA	NA	NA	NA	NA	NA	NA	NA	NA	NA	NA	NA	NA	NA	NA	NA	NA	NA	NA	NA	NA	NA	NA	NA	NA	NA	NA	NA	NA	NA	NA	NA	NA	NA	NA	650	NA	NA	NA	NA	NA	NA
Std	2	Std_1_2	26030251	208497.583456153	259299.911567546	34551.4221233944	1936444.29925754	0.6372	0.856	0.11585	1.0385	2	2	26030251	NA	NA	NA	NA	NA	NA	NA	NA	NA	NA	NA	NA	NA	NA	NA	NA	NA	NA	NA	NA	NA	NA	NA	NA	NA	NA	NA	NA	NA	NA	NA	NA	NA	NA	NA	NA	NA	NA	NA	NA	NA	NA	NA	NA	NA	NA	NA	NA	NA	NA	NA	650	NA	NA	NA	NA	NA	NA
Std	2	Std_2_2	26030252	336131.898221633	492117.099999601	83315.3787170371	3461162.48567347	0.8496	1.284	0.173775	1.55775	2	2	26030252	NA	NA	NA	NA	NA	NA	NA	NA	NA	NA	NA	NA	NA	NA	NA	NA	NA	NA	NA	NA	NA	NA	NA	NA	NA	NA	NA	NA	NA	NA	NA	NA	NA	NA	NA	NA	NA	NA	NA	NA	NA	NA	NA	NA	NA	NA	NA	NA	NA	NA	NA	650	NA	NA	NA	NA	NA	NA
Std	2	Std_3_2	26030253	434871.659917934	789497.688358461	118918.915072324	4655514.98288629	1.062	1.926	0.2317	2.077	2	2	26030253	NA	NA	NA	NA	NA	NA	NA	NA	NA	NA	NA	NA	NA	NA	NA	NA	NA	NA	NA	NA	NA	NA	NA	NA	NA	NA	NA	NA	NA	NA	NA	NA	NA	NA	NA	NA	NA	NA	NA	NA	NA	NA	NA	NA	NA	NA	NA	NA	NA	NA	NA	650	NA	NA	NA	NA	NA	NA
Std	2	Std_4_2	26030254	713731.307044635	1049362.46381154	154294.46540626	7154615.54505849	1.6992	2.889	0.34755	3.1155	2	2	26030254	NA	NA	NA	NA	NA	NA	NA	NA	NA	NA	NA	NA	NA	NA	NA	NA	NA	NA	NA	NA	NA	NA	NA	NA	NA	NA	NA	NA	NA	NA	NA	NA	NA	NA	NA	NA	NA	NA	NA	NA	NA	NA	NA	NA	NA	NA	NA	NA	NA	NA	NA	650	NA	NA	NA	NA	NA	NA
Std	2	Std_5_2	26030255	1039743.30736455	1395594.52704795	216238.398935131	10160871.6216699	2.3364	3.852	0.4634	4.154	2	2	26030255	NA	NA	NA	NA	NA	NA	NA	NA	NA	NA	NA	NA	NA	NA	NA	NA	NA	NA	NA	NA	NA	NA	NA	NA	NA	NA	NA	NA	NA	NA	NA	NA	NA	NA	NA	NA	NA	NA	NA	NA	NA	NA	NA	NA	NA	NA	NA	NA	NA	NA	NA	650	NA	NA	NA	NA	NA	NA
QC	3	QC3a	26030301	204180.575937154	571384.814053995	166180.112648848	2627146.80121297	0.56786562020109	1.62749334580525	0.364173161177887	1.25166241823452	3	1	26030301	NA	NA	NA	NA	NA	NA	NA	NA	NA	NA	NA	NA	NA	NA	NA	NA	NA	NA	NA	NA	NA	NA	NA	NA	NA	NA	NA	NA	NA	NA	NA	NA	NA	NA	NA	NA	NA	NA	NA	NA	NA	NA	NA	NA	NA	NA	NA	NA	NA	NA	NA	650	NA	NA	NA	NA	NA	NA
QC	3	QC3b	26030308	203507.98592625	557225.322066017	164032.603019881	2606724.77357066	0.566392133386879	1.59278994437513	0.35988371211468	1.24359907363015	3	1	26030308	NA	NA	NA	NA	NA	NA	NA	NA	NA	NA	NA	NA	NA	NA	NA	NA	NA	NA	NA	NA	NA	NA	NA	NA	NA	NA	NA	NA	NA	NA	NA	NA	NA	NA	NA	NA	NA	NA	NA	NA	NA	NA	NA	NA	NA	NA	NA	NA	NA	NA	NA	650	NA	NA	NA	NA	NA	NA
QC	3	QC3c	26030314	199367.797390784	504643.909820435	160600.813135067	2576216.82483219	0.557321952271413	1.46391852310731	0.353029033696488	1.23155344779127	3	1	26030314	NA	NA	NA	NA	NA	NA	NA	NA	NA	NA	NA	NA	NA	NA	NA	NA	NA	NA	NA	NA	NA	NA	NA	NA	NA	NA	NA	NA	NA	NA	NA	NA	NA	NA	NA	NA	NA	NA	NA	NA	NA	NA	NA	NA	NA	NA	NA	NA	NA	NA	NA	650	NA	NA	NA	NA	NA	NA
QC	3	QC3d	26030320	197596.993164279	505788.393858819	160812.879268807	2516268.02370253	0.553442535931591	1.46672353115761	0.353452615908387	1.20788352379579	3	1	26030320	NA	NA	NA	NA	NA	NA	NA	NA	NA	NA	NA	NA	NA	NA	NA	NA	NA	NA	NA	NA	NA	NA	NA	NA	NA	NA	NA	NA	NA	NA	NA	NA	NA	NA	NA	NA	NA	NA	NA	NA	NA	NA	NA	NA	NA	NA	NA	NA	NA	NA	NA	650	NA	NA	NA	NA	NA	NA
QC	3	QC3e	26030326	204485.73558494	535957.639894333	162881.12922776	2578190.62931	0.568534153348999	1.5406651285612	0.357583751214717	1.23233277616968	3	1	26030326	NA	NA	NA	NA	NA	NA	NA	NA	NA	NA	NA	NA	NA	NA	NA	NA	NA	NA	NA	NA	NA	NA	NA	NA	NA	NA	NA	NA	NA	NA	NA	NA	NA	NA	NA	NA	NA	NA	NA	NA	NA	NA	NA	NA	NA	NA	NA	NA	NA	NA	NA	650	NA	NA	NA	NA	NA	NA
QC	3	QC3f	26030332	194918.100152888	535938.291907583	159190.630899318	2508542.58286914	0.567458901995633	1.60865914608157	0.390736854436403	1.26589152594994	3	2	26030332	NA	NA	NA	NA	NA	NA	NA	NA	NA	NA	NA	NA	NA	NA	NA	NA	NA	NA	NA	NA	NA	NA	NA	NA	NA	NA	NA	NA	NA	NA	NA	NA	NA	NA	NA	NA	NA	NA	NA	NA	NA	NA	NA	NA	NA	NA	NA	NA	NA	NA	NA	650	NA	NA	NA	NA	NA	NA
QC	3	QC3g	26030338	194215.294642434	492377.591629736	157552.297235341	2498869.38408829	0.565880642579401	1.50002968605391	0.386975316762199	1.2619725543774	3	2	26030338	NA	NA	NA	NA	NA	NA	NA	NA	NA	NA	NA	NA	NA	NA	NA	NA	NA	NA	NA	NA	NA	NA	NA	NA	NA	NA	NA	NA	NA	NA	NA	NA	NA	NA	NA	NA	NA	NA	NA	NA	NA	NA	NA	NA	NA	NA	NA	NA	NA	NA	NA	650	NA	NA	NA	NA	NA	NA
QC	3	QC3h	26030344	194347.912754506	525376.876185918	157217.389162853	2472152.66392433	0.566178457239399	1.58232162442433	0.386206383449187	1.25114862020568	3	2	26030344	NA	NA	NA	NA	NA	NA	NA	NA	NA	NA	NA	NA	NA	NA	NA	NA	NA	NA	NA	NA	NA	NA	NA	NA	NA	NA	NA	NA	NA	NA	NA	NA	NA	NA	NA	NA	NA	NA	NA	NA	NA	NA	NA	NA	NA	NA	NA	NA	NA	NA	NA	650	NA	NA	NA	NA	NA	NA
QC	3	QC3i	26030355	191797.363433227	521117.303087309	153443.990991739	2442522.54972482	0.560450800835177	1.57169931755831	0.37754283725435	1.23914436206217	3	2	26030355	NA	NA	NA	NA	NA	NA	NA	NA	NA	NA	NA	NA	NA	NA	NA	NA	NA	NA	NA	NA	NA	NA	NA	NA	NA	NA	NA	NA	NA	NA	NA	NA	NA	NA	NA	NA	NA	NA	NA	NA	NA	NA	NA	NA	NA	NA	NA	NA	NA	NA	NA	650	NA	NA	NA	NA	NA	NA
Sample	3	072_1_A_0-3	26030315	1265701.83088498	114026.097315723	247867.656594889	2243864.71223649	2.89340948319594	0.506556015708363	0.527336368517516	1.10032898463873	3	1	26030315	072	LB072	Treatment A	LB_072	1	20	164	58	21.6	1	0	0	0	0	0	0	0		Studentin	3		2025-04-07 07:05:14	05:40	07:05	1		71	144	99	NuvaRing, since one week instead of Ely as contraception	38	07:15	98	1551	106	106	1	07:59	08:00	1	0	526	1172	379	787		0	1	58.8235294117647	411.764705882353	267.647058823529	650	379	764	119.140390484539	20.858188882109	21.7138504683683	45.3076640733595
Sample	3	072_1_A_BL	26030316	38503.1374755033	93694.1053166925	141356.138663415	1723195.94161998	0.204905247570461	0.456724476496688	0.314589601448703	0.894750390987488	3	1	26030316	072	LB072	Treatment A	LB_072	1	20	164	58	21.6	1	0	0	0	0	0	0	0		Studentin	3		2025-04-07 07:05:14	05:40	07:05	1		71	144	99	NuvaRing, since one week instead of Ely as contraception	38	07:15	98	1551	106	106	1	07:59	08:00	1	0	526	1172	379	787		0	1	58.8235294117647	411.764705882353	267.647058823529	650	379	764	1.20532498570859	2.68661456762757	1.85052706734531	5.26323759404405
Sample	3	072_1_A_AH	26030317	20818.6979123856	35667.3579331533	77386.9800587064	1318643.01439022	0.166162792151108	0.314507120828504	0.186817206973773	0.735018472096114	3	1	26030317	072	LB072	Treatment A	LB_072	1	20	164	58	21.6	1	0	0	0	0	0	0	0		Studentin	3		2025-04-07 07:05:14	05:40	07:05	1		71	144	99	NuvaRing, since one week instead of Ely as contraception	38	07:15	98	1551	106	106	1	07:59	08:00	1	0	526	1172	379	787		0	1	58.8235294117647	411.764705882353	267.647058823529	650	379	764	NA	NA	NA	NA
Sample	3	072_1_A_3-6	26030318	123739.1524693	124784.579120959	775097.459753882	11332509.8304548	0.391637346104561	0.532923904696381	1.58042845003838	4.68885010793598	3	1	26030318	072	LB072	Treatment A	LB_072	1	20	164	58	21.6	1	0	0	0	0	0	0	0		Studentin	3		2025-04-07 07:05:14	05:40	07:05	1		71	144	99	NuvaRing, since one week instead of Ely as contraception	38	07:15	98	1551	106	106	1	07:59	08:00	1	0	526	1172	379	787		0	1	58.8235294117647	411.764705882353	267.647058823529	650	379	764	10.4820583810338	14.2635515668737	42.2997026333801	125.495694065345
Sample	3	150_3_A_AH	26030319	201139.785469036	380482.866000623	451576.177189484	9158560.0264644	0.56120396215249	1.15961307561528	0.934225032039834	3.83049721912423	3	1	26030319	150	LB150	Treatment A	LB_150	1	26	169	65.5	22.9	0	0	0	1	0	0	0	0		Masters Student	4		2025-10-17 07:00:00	06:00	07:01	1		81	113	83	no	38	07:24	48	1535	108	105	1	08:01	08:02	1	0	347	1233	462	865		0	3	9.80392156862745	234.313725490196	350	650	302	670	NA	NA	NA	NA
Sample	3	150_3_A_0-3	26030321	228024.284089189	427431.272610201	69045.8478185344	978106.623652211	0.620101587126436	1.27467860215111	0.170156577661066	0.600562564145084	3	1	26030321	150	LB150	Treatment A	LB_150	1	26	169	65.5	22.9	0	0	0	1	0	0	0	0		Masters Student	4		2025-10-17 07:00:00	06:00	07:01	1		81	113	83	no	38	07:24	48	1535	108	105	1	08:01	08:02	1	0	347	1233	462	865		0	3	9.80392156862745	234.313725490196	350	650	302	670	14.5298313061979	29.8674692072662	3.98700216284263	14.0720051794779
Sample	3	150_3_A_3-6	26030323	19529.117743977	680128.944483128	107190.784672388	1794690.63901612	0.163337624748662	1.89401358640819	0.246347511311288	0.922979046466126	3	1	26030323	150	LB150	Treatment A	LB_150	1	26	169	65.5	22.9	0	0	0	1	0	0	0	0		Masters Student	4		2025-10-17 07:00:00	06:00	07:01	1		81	113	83	no	38	07:24	48	1535	108	105	1	08:01	08:02	1	0	347	1233	462	865		0	3	9.80392156862745	234.313725490196	350	650	302	670	5.71681686620316	66.2904755242868	8.62216289589509	32.3042666263144
Sample	3	171_3_A_BL	26030324	153872.402552544	182619.447802427	408194.999162267	26106238.0696945	0.457652222845415	0.674670986174676	0.847575197766841	10.5220447334026	3	1	26030324	171	LB171	Treatment A	LB_171	2	25	171	75	25.6	0	0	0	1	0	0	0	0		Student	4		2025-11-25 07:02:15	06:15	07:02	1	One espresso on first day of diet plan,   forgot to drink 300 ml, 200 mL drank on-size	57	121	82	No	37	07:18	69	1558	108	107	1	08:00	08:01	1	0	418	1201	727	501	Only top left digehealth belt since bottom right one defect, SD card cannot be inserted	0	3	31.3725490196078	303.921568627451	607.843137254902	650	357	1057	1.43577167951503	2.11661485858722	2.6590594439744	33.010336418518
Sample	3	171_3_A_0-3	26030325	537919.806731739	958571.033065128	236809.869814948	7694224.12992562	1.29900992503473	2.57644538433612	0.505249476563894	3.252325200305	3	1	26030325	171	LB171	Treatment A	LB_171	2	25	171	75	25.6	0	0	0	1	0	0	0	0		Student	4		2025-11-25 07:02:15	06:15	07:02	1	One espresso on first day of diet plan,   forgot to drink 300 ml, 200 mL drank on-size	57	121	82	No	37	07:18	69	1558	108	107	1	08:00	08:01	1	0	418	1201	727	501	Only top left digehealth belt since bottom right one defect, SD card cannot be inserted	0	3	31.3725490196078	303.921568627451	607.843137254902	650	357	1057	39.4797134079184	78.3037322690389	15.3556213465497	98.8451776563285
Sample	3	171_3_A_AH	26030327	184792.105703242	194585.409895232	513362.041015529	26701917.1221314	0.525390033626475	0.703998280286411	1.05763649997142	10.7572400606017	3	1	26030327	171	LB171	Treatment A	LB_171	2	25	171	75	25.6	0	0	0	1	0	0	0	0		Student	4		2025-11-25 07:02:15	06:15	07:02	1	One espresso on first day of diet plan,   forgot to drink 300 ml, 200 mL drank on-size	57	121	82	No	37	07:18	69	1558	108	107	1	08:00	08:01	1	0	418	1201	727	501	Only top left digehealth belt since bottom right one defect, SD card cannot be inserted	0	3	31.3725490196078	303.921568627451	607.843137254902	650	357	1057	NA	NA	NA	NA
Sample	3	171_3_A_3-6	26030328	16909.5752913404	587182.564736315	130322.514461243	3574907.8343093	0.157598822208261	1.66621194419048	0.292550971977902	1.62587226391182	3	1	26030328	171	LB171	Treatment A	LB_171	2	25	171	75	25.6	0	0	0	1	0	0	0	0		Student	4		2025-11-25 07:02:15	06:15	07:02	1	One espresso on first day of diet plan,   forgot to drink 300 ml, 200 mL drank on-size	57	121	82	No	37	07:18	69	1558	108	107	1	08:00	08:01	1	0	418	1201	727	501	Only top left digehealth belt since bottom right one defect, SD card cannot be inserted	0	3	31.3725490196078	303.921568627451	607.843137254902	650	357	1057	9.57953625187472	101.279549548833	17.7825100614019	98.8275297671891
Sample	3	180_3_A_AH	26030329	26283.5558202356	45409.2065832656	88400.7446937427	837968.52300352	0.188763724544357	0.385402648211697	0.228206577625428	0.589080018324648	3	2	26030329	180	LB180	Treatment A	LB_180	1	47	166	70.1	25.4	1	0	0	1	0	0	0	0		Hausfrau	3		2025-10-21 07:06:19	05:45	07:06	1		103	117	75	Feels a bit tired, heavy legs	37	07:17	66	2677	108	108	1	08:01	08:04	0	0	907	1218	1176	592		0	3	28.4313725490196	783.333333333333	1047.05882352941	650	1459	2085	NA	NA	NA	NA
Sample	3	180_3_A_0-3	26030330	158805.646940503	237414.097093741	61927.6924093835	891223.135636815	0.486362754515387	0.864214683963755	0.167425684387186	0.610655436936883	3	2	26030330	180	LB180	Treatment A	LB_180	1	47	166	70.1	25.4	1	0	0	1	0	0	0	0		Hausfrau	3		2025-10-21 07:06:19	05:45	07:06	1		103	117	75	Feels a bit tired, heavy legs	37	07:17	66	2677	108	108	1	08:01	08:04	0	0	907	1218	1176	592		0	3	28.4313725490196	783.333333333333	1047.05882352941	650	1459	2085	38.098415770372	67.6968169104941	13.1150119436629	47.8346758933892
Sample	3	180_3_A_BL	26030331	27318.8283717965	58270.603824174	95340.5475392126	730028.048966427	0.191088590568547	0.417475746866438	0.244140041259093	0.545349329143044	3	2	26030331	180	LB180	Treatment A	LB_180	1	47	166	70.1	25.4	1	0	0	1	0	0	0	0		Hausfrau	3		2025-10-21 07:06:19	05:45	07:06	1		103	117	75	Feels a bit tired, heavy legs	37	07:17	66	2677	108	108	1	08:01	08:04	0	0	907	1218	1176	592		0	3	28.4313725490196	783.333333333333	1047.05882352941	650	1459	2085	0.543291090832144	1.18694084893399	0.694123646717028	1.55050299462238
Sample	3	180_3_A_3-6	26030333	4854.48859595978	162067.382340524	37611.2444031738	665588.61298211	0.140641411009922	0.676318876818941	0.111596253979122	0.519242523783827	3	2	26030333	180	LB180	Treatment A	LB_180	1	47	166	70.1	25.4	1	0	0	1	0	0	0	0		Hausfrau	3		2025-10-21 07:06:19	05:45	07:06	1		103	117	75	Feels a bit tired, heavy legs	37	07:17	66	2677	108	108	1	08:01	08:04	0	0	907	1218	1176	592		0	3	28.4313725490196	783.333333333333	1047.05882352941	650	1459	2085	14.7259830351566	70.8145647492774	11.6847842401669	54.3677466079536
Sample	3	029_2_A_BL	26030334	87440.5042770615	148026.7679741	237829.116234378	2541350.72187996	0.326101193210033	0.641305106439845	0.571287148759331	1.27918331980676	3	2	26030334	029	LB029	Treatment A	LB_029	1	29	168	54	19.1	0	0	0	1	0	0	0	0		PostDoc	5		2024-10-25 07:05:00	06:05	07:07	1	On day 1 supplemented dinner with instant noodles using the provided bouillon cube.	57	101	58	no	38	08:00	88	1219	107	107	1	08:04	08:05	1	110 ml consumed with capsule  	580	900	615	568		0	2	49.0196078431373	463.725490196078	498.039215686274	650	319	651	1.5985352608335	3.14365248254826	2.80042719980064	6.270506469641
Sample	3	029_2_A_0-3	26030335	181021.346237221	407281.047852919	45798.2329256848	607272.498934058	0.53625157308852	1.28782025090404	0.130393197753658	0.495616503234408	3	2	26030335	029	LB029	Treatment A	LB_029	1	29	168	54	19.1	0	0	0	1	0	0	0	0		PostDoc	5		2024-10-25 07:05:00	06:05	07:07	1	On day 1 supplemented dinner with instant noodles using the provided bouillon cube.	57	101	58	no	38	08:00	88	1219	107	107	1	08:04	08:05	1	110 ml consumed with capsule  	580	900	615	568		0	2	49.0196078431373	463.725490196078	498.039215686274	650	319	651	24.8673523598892	59.7195077134911	6.04666495465493	22.9830005911642
Sample	3	029_2_A_3-6	26030336	20067.9429849411	356275.020751562	77980.1873034359	1258951.81417666	0.17480559624422	1.16062401331293	0.204281463912816	0.759635962433387	3	2	26030336	029	LB029	Treatment A	LB_029	1	29	168	54	19.1	0	0	0	1	0	0	0	0		PostDoc	5		2024-10-25 07:05:00	06:05	07:07	1	On day 1 supplemented dinner with instant noodles using the provided bouillon cube.	57	101	58	no	38	08:00	88	1219	107	107	1	08:04	08:05	1	110 ml consumed with capsule  	580	900	615	568		0	2	49.0196078431373	463.725490196078	498.039215686274	650	319	651	8.7060042051043	57.8036273297026	10.1740180066383	37.8328498937412
Sample	3	029_2_A_AH	26030337	34255.492418736	51647.9835572961	98795.0039739317	1422742.56462443	0.206665951853396	0.400960593093187	0.252071312103855	0.825993669887885	3	2	26030337	029	LB029	Treatment A	LB_029	1	29	168	54	19.1	0	0	0	1	0	0	0	0		PostDoc	5		2024-10-25 07:05:00	06:05	07:07	1	On day 1 supplemented dinner with instant noodles using the provided bouillon cube.	57	101	58	no	38	08:00	88	1219	107	107	1	08:04	08:05	1	110 ml consumed with capsule  	580	900	615	568		0	2	49.0196078431373	463.725490196078	498.039215686274	650	319	651	NA	NA	NA	NA
Sample	3	172_3_A_0-3	26030339	67809.1439721195	1118880.74634498	126423.273711741	1373281.7410655	0.282015911017644	3.062371406188	0.315504530731359	0.805955255928551	3	2	26030339	172	LB172	Treatment A	LB_172	2	26	171	70.7	24.2	1	0	0	0	0	0	1	0	Russian	Student/Part time job	4		2025-11-27 07:00:00	04:30	07:03	1	Didnt eat fruits day before intervention	52	120	86	No	38	07:21	110	1404	108	108	1	08:01	08:01	1	Dry ice not available until after 9am, cooling EBC with ice/NaCl	513	997	817	619		0	3	70.5882352941177	397.058823529412	695.098039215686	650	407	785	11.1976905845241	121.594158775112	12.5273857790393	32.0011645736337
Sample	3	172_3_A_3-6	26030340	5297.05699944333	490480.412981971	79365.8645313251	1230895.90113982	0.141635267403669	1.49529859838158	0.207462914194647	0.748269471562703	3	2	26030340	172	LB172	Treatment A	LB_172	2	26	171	70.7	24.2	1	0	0	0	0	0	1	0	Russian	Student/Part time job	4		2025-11-27 07:00:00	04:30	07:03	1	Didnt eat fruits day before intervention	52	120	86	No	38	07:21	110	1404	108	108	1	08:01	08:01	1	Dry ice not available until after 9am, cooling EBC with ice/NaCl	513	997	817	619		0	3	70.5882352941177	397.058823529412	695.098039215686	650	407	785	9.84503966560795	103.9379123777	14.4207064866671	52.0120642488192
Sample	3	172_3_A_AH	26030341	60671.9850822266	148375.922543419	213843.553574318	3042856.01290539	0.265988307284364	0.642175810356205	0.516217415672238	1.48236171234585	3	2	26030341	172	LB172	Treatment A	LB_172	2	26	171	70.7	24.2	1	0	0	0	0	0	1	0	Russian	Student/Part time job	4		2025-11-27 07:00:00	04:30	07:03	1	Didnt eat fruits day before intervention	52	120	86	No	38	07:21	110	1404	108	108	1	08:01	08:01	1	Dry ice not available until after 9am, cooling EBC with ice/NaCl	513	997	817	619		0	3	70.5882352941177	397.058823529412	695.098039215686	650	407	785	NA	NA	NA	NA
Sample	3	172_3_A_BL	26030342	78013.1534220988	219629.991240703	297638.504315972	3356069.69777879	0.304930606133443	0.819865584808602	0.708606714051002	1.60925619213029	3	2	26030342	172	LB172	Treatment A	LB_172	2	26	171	70.7	24.2	1	0	0	0	0	0	1	0	Russian	Student/Part time job	4		2025-11-27 07:00:00	04:30	07:03	1	Didnt eat fruits day before intervention	52	120	86	No	38	07:21	110	1404	108	108	1	08:01	08:01	1	Dry ice not available until after 9am, cooling EBC with ice/NaCl	513	997	817	619		0	3	70.5882352941177	397.058823529412	695.098039215686	650	407	785	2.15245133741254	5.7872864810019	5.00192974624237	11.3594554738609
Sample	3	106_1_A_BL	26030343	42055.8284039849	69746.0818742947	140851.625601146	1606053.79724141	0.2241828232145	0.446092710693756	0.348631353674698	0.900259848618161	3	2	26030343	106	LB106	Treatment A	LB_106	2	42	179	70.3	21.9	1	0	0	0	0	0	0	0		Risikomodellierer	5		2025-08-26 07:01:07	06:00	07:03	1		66	112	75	No	38	07:30	118	1375	108	107	1	08:01	08:02	1	0	1084	888	572	325		0	1	78.4313725490196	956.862745098039	455.882352941176	650	487	1050	1.75829665266275	3.4987663583824	2.73436355823293	7.0608615577895
Sample	3	106_1_A_0-3	26030345	273600.858406706	60750.8286890028	132007.008812486	1801177.6067008	0.744153310707691	0.42366080555684	0.328324526075438	0.97931174031605	3	2	26030345	106	LB106	Treatment A	LB_106	2	42	179	70.3	21.9	1	0	0	0	0	0	0	0		Risikomodellierer	5		2025-08-26 07:01:07	06:00	07:03	1		66	112	75	No	38	07:30	118	1375	108	107	1	08:01	08:02	1	0	1084	888	572	325		0	1	78.4313725490196	956.862745098039	455.882352941176	650	487	1050	71.2052579657555	40.5385241395565	31.4161507303556	93.7066920145554
Sample	3	106_1_A_3-6	26030346	19403.9763364756	85955.8045984969	304768.976539154	5799630.3073387	0.173314555551713	0.486515693232985	0.724977945682328	2.59923321850831	3	2	26030346	106	LB106	Treatment A	LB_106	2	42	179	70.3	21.9	1	0	0	0	0	0	0	0		Risikomodellierer	5		2025-08-26 07:01:07	06:00	07:03	1		66	112	75	No	38	07:30	118	1375	108	107	1	08:01	08:02	1	0	1084	888	572	325		0	1	78.4313725490196	956.862745098039	455.882352941176	650	487	1050	7.90110473838692	22.1793918973861	33.050465170812	118.494455549644
Sample	3	106_1_A_AH	26030347	31573.1710805215	47979.3521479002	102054.310018792	1558679.3659284	0.200642380827802	0.391811946572327	0.259554526756079	0.881066709534925	3	2	26030347	106	LB106	Treatment A	LB_106	2	42	179	70.3	21.9	1	0	0	0	0	0	0	0		Risikomodellierer	5		2025-08-26 07:01:07	06:00	07:03	1		66	112	75	No	38	07:30	118	1375	108	107	1	08:01	08:02	1	0	1084	888	572	325		0	1	78.4313725490196	956.862745098039	455.882352941176	650	487	1050	NA	NA	NA	NA
Std	3	Std_0_1	26030302	0	0	0	0	0	0	0	0	3	1	26030302	NA	NA	NA	NA	NA	NA	NA	NA	NA	NA	NA	NA	NA	NA	NA	NA	NA	NA	NA	NA	NA	NA	NA	NA	NA	NA	NA	NA	NA	NA	NA	NA	NA	NA	NA	NA	NA	NA	NA	NA	NA	NA	NA	NA	NA	NA	NA	NA	NA	NA	NA	650	NA	NA	NA	NA	NA	NA
Std	3	Std_1_1	26030303	208788.517883534	225340.403901987	30688.1897538661	1902467.3762299	0.6372	0.856	0.11585	1.0385	3	1	26030303	NA	NA	NA	NA	NA	NA	NA	NA	NA	NA	NA	NA	NA	NA	NA	NA	NA	NA	NA	NA	NA	NA	NA	NA	NA	NA	NA	NA	NA	NA	NA	NA	NA	NA	NA	NA	NA	NA	NA	NA	NA	NA	NA	NA	NA	NA	NA	NA	NA	NA	NA	650	NA	NA	NA	NA	NA	NA
Std	3	Std_2_1	26030304	303355.688834658	371205.564905322	63580.034073759	3065493.7859756	0.8496	1.284	0.173775	1.55775	3	1	26030304	NA	NA	NA	NA	NA	NA	NA	NA	NA	NA	NA	NA	NA	NA	NA	NA	NA	NA	NA	NA	NA	NA	NA	NA	NA	NA	NA	NA	NA	NA	NA	NA	NA	NA	NA	NA	NA	NA	NA	NA	NA	NA	NA	NA	NA	NA	NA	NA	NA	NA	NA	650	NA	NA	NA	NA	NA	NA
Std	3	Std_3_1	26030305	402404.103659561	654538.679473365	98084.8683564294	4360363.29456459	1.062	1.926	0.2317	2.077	3	1	26030305	NA	NA	NA	NA	NA	NA	NA	NA	NA	NA	NA	NA	NA	NA	NA	NA	NA	NA	NA	NA	NA	NA	NA	NA	NA	NA	NA	NA	NA	NA	NA	NA	NA	NA	NA	NA	NA	NA	NA	NA	NA	NA	NA	NA	NA	NA	NA	NA	NA	NA	NA	650	NA	NA	NA	NA	NA	NA
Std	3	Std_4_1	26030306	714248.878544942	1050098.54220636	148532.112404481	7286778.1991069	1.6992	2.889	0.34755	3.1155	3	1	26030306	NA	NA	NA	NA	NA	NA	NA	NA	NA	NA	NA	NA	NA	NA	NA	NA	NA	NA	NA	NA	NA	NA	NA	NA	NA	NA	NA	NA	NA	NA	NA	NA	NA	NA	NA	NA	NA	NA	NA	NA	NA	NA	NA	NA	NA	NA	NA	NA	NA	NA	NA	650	NA	NA	NA	NA	NA	NA
Std	3	Std_5_1	26030307	1046558.63092458	1552293.12306684	229259.7964596	10374665.7573227	2.3364	3.852	0.4634	4.154	3	1	26030307	NA	NA	NA	NA	NA	NA	NA	NA	NA	NA	NA	NA	NA	NA	NA	NA	NA	NA	NA	NA	NA	NA	NA	NA	NA	NA	NA	NA	NA	NA	NA	NA	NA	NA	NA	NA	NA	NA	NA	NA	NA	NA	NA	NA	NA	NA	NA	NA	NA	NA	NA	650	NA	NA	NA	NA	NA	NA
Std	3	Std_0_2	26030349	0	0	0	0	0	0	0	0	3	2	26030349	NA	NA	NA	NA	NA	NA	NA	NA	NA	NA	NA	NA	NA	NA	NA	NA	NA	NA	NA	NA	NA	NA	NA	NA	NA	NA	NA	NA	NA	NA	NA	NA	NA	NA	NA	NA	NA	NA	NA	NA	NA	NA	NA	NA	NA	NA	NA	NA	NA	NA	NA	650	NA	NA	NA	NA	NA	NA
Std	3	Std_1_2	26030350	201600.258560807	218408.61175585	28054.7449801542	1765008.83346965	0.6372	0.856	0.11585	1.0385	3	2	26030350	NA	NA	NA	NA	NA	NA	NA	NA	NA	NA	NA	NA	NA	NA	NA	NA	NA	NA	NA	NA	NA	NA	NA	NA	NA	NA	NA	NA	NA	NA	NA	NA	NA	NA	NA	NA	NA	NA	NA	NA	NA	NA	NA	NA	NA	NA	NA	NA	NA	NA	NA	650	NA	NA	NA	NA	NA	NA
Std	3	Std_2_2	26030351	304746.493482956	336648.784205318	63075.8208873803	2994599.47449642	0.8496	1.284	0.173775	1.55775	3	2	26030351	NA	NA	NA	NA	NA	NA	NA	NA	NA	NA	NA	NA	NA	NA	NA	NA	NA	NA	NA	NA	NA	NA	NA	NA	NA	NA	NA	NA	NA	NA	NA	NA	NA	NA	NA	NA	NA	NA	NA	NA	NA	NA	NA	NA	NA	NA	NA	NA	NA	NA	NA	650	NA	NA	NA	NA	NA	NA
Std	3	Std_3_2	26030352	365398.43594801	568032.734539082	89753.9843492162	3917355.01096111	1.062	1.926	0.2317	2.077	3	2	26030352	NA	NA	NA	NA	NA	NA	NA	NA	NA	NA	NA	NA	NA	NA	NA	NA	NA	NA	NA	NA	NA	NA	NA	NA	NA	NA	NA	NA	NA	NA	NA	NA	NA	NA	NA	NA	NA	NA	NA	NA	NA	NA	NA	NA	NA	NA	NA	NA	NA	NA	NA	650	NA	NA	NA	NA	NA	NA
Std	3	Std_4_2	26030353	688419.350921492	1036272.80744826	135010.65782865	6928827.22909673	1.6992	2.889	0.34755	3.1155	3	2	26030353	NA	NA	NA	NA	NA	NA	NA	NA	NA	NA	NA	NA	NA	NA	NA	NA	NA	NA	NA	NA	NA	NA	NA	NA	NA	NA	NA	NA	NA	NA	NA	NA	NA	NA	NA	NA	NA	NA	NA	NA	NA	NA	NA	NA	NA	NA	NA	NA	NA	NA	NA	650	NA	NA	NA	NA	NA	NA
Std	3	Std_5_2	26030354	1025253.9690682	1519442.95760953	198409.427054461	10176155.8380151	2.3364	3.852	0.4634	4.154	3	2	26030354	NA	NA	NA	NA	NA	NA	NA	NA	NA	NA	NA	NA	NA	NA	NA	NA	NA	NA	NA	NA	NA	NA	NA	NA	NA	NA	NA	NA	NA	NA	NA	NA	NA	NA	NA	NA	NA	NA	NA	NA	NA	NA	NA	NA	NA	NA	NA	NA	NA	NA	NA	650	NA	NA	NA	NA	NA	NA
QC	4	QC4a	26030902	189203.152411229	513449.505022933	151342.405127934	2450061.64450064	0.544164205654944	1.5223419890645	0.353518293721744	1.1807231233408	4	1	26030902	NA	NA	NA	NA	NA	NA	NA	NA	NA	NA	NA	NA	NA	NA	NA	NA	NA	NA	NA	NA	NA	NA	NA	NA	NA	NA	NA	NA	NA	NA	NA	NA	NA	NA	NA	NA	NA	NA	NA	NA	NA	NA	NA	NA	NA	NA	NA	NA	NA	NA	NA	650	NA	NA	NA	NA	NA	NA
QC	4	QC4b	26030909	187719.928761688	486372.452190936	150835.824270428	2462844.9777025	0.540861567371393	1.45259807105505	0.352407827674908	1.18571658075691	4	1	26030909	NA	NA	NA	NA	NA	NA	NA	NA	NA	NA	NA	NA	NA	NA	NA	NA	NA	NA	NA	NA	NA	NA	NA	NA	NA	NA	NA	NA	NA	NA	NA	NA	NA	NA	NA	NA	NA	NA	NA	NA	NA	NA	NA	NA	NA	NA	NA	NA	NA	NA	NA	650	NA	NA	NA	NA	NA	NA
QC	4	QC4c	26030915	191323.980698619	493802.140129125	151882.005006773	2492170.20563594	0.548886574191166	1.47173514441425	0.354701140123164	1.19717167424395	4	1	26030915	NA	NA	NA	NA	NA	NA	NA	NA	NA	NA	NA	NA	NA	NA	NA	NA	NA	NA	NA	NA	NA	NA	NA	NA	NA	NA	NA	NA	NA	NA	NA	NA	NA	NA	NA	NA	NA	NA	NA	NA	NA	NA	NA	NA	NA	NA	NA	NA	NA	NA	NA	650	NA	NA	NA	NA	NA	NA
QC	4	QC4d	26030921	190126.162328571	488754.404264969	150329.92165279	2465313.3130588	0.546219437103051	1.45873340163126	0.351298848384495	1.1866807680542	4	1	26030921	NA	NA	NA	NA	NA	NA	NA	NA	NA	NA	NA	NA	NA	NA	NA	NA	NA	NA	NA	NA	NA	NA	NA	NA	NA	NA	NA	NA	NA	NA	NA	NA	NA	NA	NA	NA	NA	NA	NA	NA	NA	NA	NA	NA	NA	NA	NA	NA	NA	NA	NA	650	NA	NA	NA	NA	NA	NA
QC	4	QC4e	26030927	190454.273412928	488636.688619247	149901.12463352	2426006.61579751	0.546950029707064	1.45843019469088	0.350358890776881	1.17132668818765	4	1	26030927	NA	NA	NA	NA	NA	NA	NA	NA	NA	NA	NA	NA	NA	NA	NA	NA	NA	NA	NA	NA	NA	NA	NA	NA	NA	NA	NA	NA	NA	NA	NA	NA	NA	NA	NA	NA	NA	NA	NA	NA	NA	NA	NA	NA	NA	NA	NA	NA	NA	NA	NA	650	NA	NA	NA	NA	NA	NA
QC	4	QC4f	26030933	187150.515532099	504550.134815973	150575.818402994	2402988.48527453	0.561384671430243	1.49167876605003	0.348359946718411	1.19247171986467	4	2	26030933	NA	NA	NA	NA	NA	NA	NA	NA	NA	NA	NA	NA	NA	NA	NA	NA	NA	NA	NA	NA	NA	NA	NA	NA	NA	NA	NA	NA	NA	NA	NA	NA	NA	NA	NA	NA	NA	NA	NA	NA	NA	NA	NA	NA	NA	NA	NA	NA	NA	NA	NA	650	NA	NA	NA	NA	NA	NA
QC	4	QC4g	26030938	185250.689685692	483157.813170144	146924.713502796	2396531.55966914	0.557196848525776	1.43558781676527	0.340413876339682	1.1899050187437	4	2	26030938	NA	NA	NA	NA	NA	NA	NA	NA	NA	NA	NA	NA	NA	NA	NA	NA	NA	NA	NA	NA	NA	NA	NA	NA	NA	NA	NA	NA	NA	NA	NA	NA	NA	NA	NA	NA	NA	NA	NA	NA	NA	NA	NA	NA	NA	NA	NA	NA	NA	NA	NA	650	NA	NA	NA	NA	NA	NA
QC	4	QC4h	26030944	189238.77289301	490134.533567784	147901.093455476	2427020.86558269	0.565987857571218	1.45388086959408	0.34253881770194	1.20202486345749	4	2	26030944	NA	NA	NA	NA	NA	NA	NA	NA	NA	NA	NA	NA	NA	NA	NA	NA	NA	NA	NA	NA	NA	NA	NA	NA	NA	NA	NA	NA	NA	NA	NA	NA	NA	NA	NA	NA	NA	NA	NA	NA	NA	NA	NA	NA	NA	NA	NA	NA	NA	NA	NA	650	NA	NA	NA	NA	NA	NA
QC	4	QC4i	26030955	192308.18021759	527407.604475826	149696.743373935	2473095.01263189	0.572753811577649	1.55161135273674	0.346446774612973	1.22033985918549	4	2	26030955	NA	NA	NA	NA	NA	NA	NA	NA	NA	NA	NA	NA	NA	NA	NA	NA	NA	NA	NA	NA	NA	NA	NA	NA	NA	NA	NA	NA	NA	NA	NA	NA	NA	NA	NA	NA	NA	NA	NA	NA	NA	NA	NA	NA	NA	NA	NA	NA	NA	NA	NA	650	NA	NA	NA	NA	NA	NA
Sample	4	120_3_A_3-6	26030916	141178.151902961	935938.281176053	393642.01887538	8976429.18098019	0.437228744306794	2.61057056204694	0.884658565292718	3.73006904593265	4	1	26030916	120	LB120	Treatment A	LB_120	2	23	177	73.7	23.5	1	0	0	0	0	0	0	0		Student	3		2025-07-21 07:01:17	06:25	07:02	1		62	134	85	No	38	07:27	83	1070	106	107	1	08:01	08:01	1	0	722	1070	485	607		0	3	44.1176470588235	603.921568627451	370.588235294118	650	0	463	16.2031828772518	96.7446737699748	32.7844056549654	138.231970525739
Sample	4	120_3_A_0-3	26030917	278223.419493358	251421.684944044	85793.5839528617	1055534.99916857	0.742382284343442	0.847421904032919	0.209829997477187	0.635989656009792	4	1	26030917	120	LB120	Treatment A	LB_120	2	23	177	73.7	23.5	1	0	0	0	0	0	0	0		Student	3		2025-07-21 07:01:17	06:25	07:02	1		62	134	85	No	38	07:27	83	1070	106	107	1	08:01	08:01	1	0	722	1070	485	607		0	3	44.1176470588235	603.921568627451	370.588235294118	650	0	463	44.8340673681922	51.1776365572822	12.6720861221517	38.4087870688267
Sample	4	120_3_A_AH	26030918	35209.0809019954	47297.8659310656	135996.370122848	827898.62164035	0.201271401752011	0.321648475685763	0.319878548803972	0.547069767934015	4	1	26030918	120	LB120	Treatment A	LB_120	2	23	177	73.7	23.5	1	0	0	0	0	0	0	0		Student	3		2025-07-21 07:01:17	06:25	07:02	1		62	134	85	No	38	07:27	83	1070	106	107	1	08:01	08:01	1	0	722	1070	485	607		0	3	44.1176470588235	603.921568627451	370.588235294118	650	0	463	NA	NA	NA	NA
Sample	4	120_3_A_BL	26030919	51802.0631225255	90989.9619381698	221538.834126504	1256464.7281894	0.238218370833012	0.434188713372908	0.507394520699454	0.714477326608108	4	1	26030919	120	LB120	Treatment A	LB_120	2	23	177	73.7	23.5	1	0	0	0	0	0	0	0		Student	3		2025-07-21 07:01:17	06:25	07:02	1		62	134	85	No	38	07:27	83	1070	106	107	1	08:01	08:01	1	0	722	1070	485	607		0	3	44.1176470588235	603.921568627451	370.588235294118	650	0	463	1.05096340073388	1.91553844135106	2.23850523837994	3.15210585268283
Sample	4	077_2_A_3-6	26030920	103255.742321883	1373955.46224677	389666.87460642	6749687.31521099	0.352788341994089	3.73879653822204	0.875944728840838	2.86025359891211	4	1	26030920	077	LB077	Treatment A	LB_077	1	20	155	54.3	22.6	0	0	0	1	0	0	0	0		Student 	3		2025-03-04 07:43:37	07:10	07:45	1	Only drank a few sips of water, not 300 ml.	72	112	80	no	38	08:25	57	1382	107	107	1	08:18	08:18	1	Baseline urine sample collected immediately after intervention to avoid >15 minutes delay of all procedures.  Shifted everything by 15 min, participant overslept.  	572	1313	297	1051		0	2	18.6274509803922	455.882352941176	186.274509803922	650	69	331	6.57154754694872	69.644249241391	16.3166174980156	53.2792337052256
Sample	4	077_2_A_AH	26030923	117460.305089637	527882.439564021	496045.865557761	6159400.4241715	0.384417107360931	1.55951772637664	1.10913604627412	2.62967426509134	4	1	26030923	077	LB077	Treatment A	LB_077	1	20	155	54.3	22.6	0	0	0	1	0	0	0	0		Student 	3		2025-03-04 07:43:37	07:10	07:45	1	Only drank a few sips of water, not 300 ml.	72	112	80	no	38	08:25	57	1382	107	107	1	08:18	08:18	1	Baseline urine sample collected immediately after intervention to avoid >15 minutes delay of all procedures.  Shifted everything by 15 min, participant overslept.  	572	1313	297	1051		0	2	18.6274509803922	455.882352941176	186.274509803922	650	69	331	NA	NA	NA	NA
Sample	4	077_2_A_0-3	26030924	267727.194886654	245473.761375462	63341.7462251452	784700.346409844	0.719010736007103	0.83210149614852	0.160613760589593	0.530195550200134	4	1	26030924	077	LB077	Treatment A	LB_077	1	20	155	54.3	22.6	0	0	0	1	0	0	0	0		Student 	3		2025-03-04 07:43:37	07:10	07:45	1	Only drank a few sips of water, not 300 ml.	72	112	80	no	38	08:25	57	1382	107	107	1	08:18	08:18	1	Baseline urine sample collected immediately after intervention to avoid >15 minutes delay of all procedures.  Shifted everything by 15 min, participant overslept.  	572	1313	297	1051		0	2	18.6274509803922	455.882352941176	186.274509803922	650	69	331	32.7784306120885	37.9340387950061	7.32209790923144	24.1706794944179
Sample	4	099_3_A_3-6	26030925	6738.86964779581	263329.022761887	72250.0023781223	1474964.77761167	0.137877853747301	0.878092317007004	0.180141375673816	0.799828359470908	4	1	26030925	099	LB099	Treatment A	LB_099	1	23	174	70.1	23.2	1	0	0	1	0	0	0	0		Student	3		2025-05-20 07:00:04	06:02	07:04	1	Cherry Tomaten cooked	59	108	70	No	38	07:15	64	1549	108	108	1	08:00	08:01	1	0	512	1013	682	507	Participant had a strong dislike for potato salad so maize waffles and gluten-free salt sticks provided instead. Participant had already bought a Focaccia with ham, tomato and parmesan, which they may have consumed after.	0	3	25.4901960784314	396.078431372549	562.745098039216	650	536	1042	7.75900863244615	49.4142147021588	10.1373676114481	45.0099488565001
Sample	4	099_3_A_BL	26030926	78104.1720645438	176742.906675073	284853.924322581	2449668.21665523	0.29678428700952	0.655067491573307	0.646186298701779	1.1805694415771	4	1	26030926	099	LB099	Treatment A	LB_099	1	23	174	70.1	23.2	1	0	0	1	0	0	0	0		Student	3		2025-05-20 07:00:04	06:02	07:04	1	Cherry Tomaten cooked	59	108	70	No	38	07:15	64	1549	108	108	1	08:00	08:01	1	0	512	1013	682	507	Participant had a strong dislike for potato salad so maize waffles and gluten-free salt sticks provided instead. Participant had already bought a Focaccia with ham, tomato and parmesan, which they may have consumed after.	0	3	25.4901960784314	396.078431372549	562.745098039216	650	536	1042	0.756508966887013	1.66977988048098	1.64714154571042	3.00929465500045
Sample	4	099_3_A_AH	26030928	26070.9540343908	53577.0669473084	102880.121518496	1063633.55409534	0.180923878543198	0.337822173892836	0.247285064212365	0.639153133681874	4	1	26030928	099	LB099	Treatment A	LB_099	1	23	174	70.1	23.2	1	0	0	1	0	0	0	0		Student	3		2025-05-20 07:00:04	06:02	07:04	1	Cherry Tomaten cooked	59	108	70	No	38	07:15	64	1549	108	108	1	08:00	08:01	1	0	512	1013	682	507	Participant had a strong dislike for potato salad so maize waffles and gluten-free salt sticks provided instead. Participant had already bought a Focaccia with ham, tomato and parmesan, which they may have consumed after.	0	3	25.4901960784314	396.078431372549	562.745098039216	650	536	1042	NA	NA	NA	NA
Sample	4	099_3_A_0-3	26030929	155008.078304193	623800.040375214	153453.944554302	2130524.43397657	0.490532474591776	1.80435359002077	0.354623747289003	1.08416417094295	4	2	26030929	099	LB099	Treatment A	LB_099	1	23	174	70.1	23.2	1	0	0	1	0	0	0	0		Student	3		2025-05-20 07:00:04	06:02	07:04	1	Cherry Tomaten cooked	59	108	70	No	38	07:15	64	1549	108	108	1	08:00	08:01	1	0	512	1013	682	507	Participant had a strong dislike for potato salad so maize waffles and gluten-free salt sticks provided instead. Participant had already bought a Focaccia with ham, tomato and parmesan, which they may have consumed after.	0	3	25.4901960784314	396.078431372549	562.745098039216	650	536	1042	19.4289333073605	71.4665539576856	14.0458817553684	42.9414044177405
Sample	4	159_3_A_BL	26030930	72758.34437425	180838.690850349	234260.078706018	5220674.19636441	0.309227793276062	0.642903093779267	0.530485916838737	2.31253373004943	4	2	26030930	159	LB159	Treatment A	LB_159	1	25	167	67.3	24.1	0	0	0	1	0	0	1	0	Vietnamese	Studentin	3		2025-11-04 07:08:51	05:55	07:09	1		115	84	89	no	37	07:15	81	1548	107	108	1	08:01	08:02	1	Participant brushed their teeth out of habit jn the morning  Increased rinsing performed	379	1335	881	613		0	3	43.1372549019608	266.666666666667	757.843137254902	650	213	935	1.33392381413203	2.77330746336154	2.2883706216573	9.97563569825242
Sample	4	159_3_A_0-3	26030931	179984.727306529	218375.244955613	50343.6291206154	666343.591644455	0.545588985674962	0.74132443333749	0.130219944712828	0.502135688815975	4	2	26030931	159	LB159	Treatment A	LB_159	1	25	167	67.3	24.1	0	0	0	1	0	0	1	0	Vietnamese	Studentin	3		2025-11-04 07:08:51	05:55	07:09	1		115	84	89	no	37	07:15	81	1548	107	108	1	08:01	08:02	1	Participant brushed their teeth out of habit jn the morning  Increased rinsing performed	379	1335	881	613		0	3	43.1372549019608	266.666666666667	757.843137254902	650	213	935	14.549039617999	19.7686515556664	3.47253185900875	13.3902850350927
Sample	4	159_3_A_3-6	26030932	14659.4800153925	430546.795475827	99309.9828013189	1468079.55351036	0.181159341451528	1.2976410350102	0.236787710682923	0.820834821778392	4	2	26030932	159	LB159	Treatment A	LB_159	1	25	167	67.3	24.1	0	0	0	1	0	0	1	0	Vietnamese	Studentin	3		2025-11-04 07:08:51	05:55	07:09	1		115	84	89	no	37	07:15	81	1548	107	108	1	08:01	08:02	1	Participant brushed their teeth out of habit jn the morning  Increased rinsing performed	379	1335	881	613		0	3	43.1372549019608	266.666666666667	757.843137254902	650	213	935	13.7290363668658	98.3408353002831	17.9447941527352	62.2064036504605
Sample	4	159_3_A_AH	26030934	62084.9627689087	121397.642106118	175656.6290433	5336397.60371865	0.285700251507164	0.487047880598354	0.402944488097274	2.35853509626159	4	2	26030934	159	LB159	Treatment A	LB_159	1	25	167	67.3	24.1	0	0	0	1	0	0	1	0	Vietnamese	Studentin	3		2025-11-04 07:08:51	05:55	07:09	1		115	84	89	no	37	07:15	81	1548	107	108	1	08:01	08:02	1	Participant brushed their teeth out of habit jn the morning  Increased rinsing performed	379	1335	881	613		0	3	43.1372549019608	266.666666666667	757.843137254902	650	213	935	NA	NA	NA	NA
Sample	4	225_3_A_3-6	26030935	21592.7601268071	2825464.55410768	92101.0448790614	1623633.67363427	0.196442505068122	7.57714696076236	0.221098561876753	0.882669347819663	4	2	26030935	225	LB225	Treatment A	LB_225	2	58	184	89.2	26.3	1	0	0	0	0	0	1	0	German	Lehrperson	4		2026-02-13 07:04:00			1	First urine sample (at home): Participant forgot to collect sample. 	61	120	80	no	38	07:15	173	1427	108	108	1	08:01	08:01	1	0	878	1094	744	29		0	3	132.352941176471	754.901960784314	623.529411764706	650	333	1398	12.2487679630711	472.457398729888	13.7861456229034	55.0370299228731
Sample	4	225_3_A_0-3	26030936	233787.189944982	394552.312007876	104452.342169984	1588910.35902941	0.664186795984891	1.20326302498597	0.247979267916435	0.868866436656247	4	2	26030936	225	LB225	Treatment A	LB_225	2	58	184	89.2	26.3	1	0	0	0	0	0	1	0	German	Lehrperson	4		2026-02-13 07:04:00			1	First urine sample (at home): Participant forgot to collect sample. 	61	120	80	no	38	07:15	173	1427	108	108	1	08:01	08:01	1	0	878	1094	744	29		0	3	132.352941176471	754.901960784314	623.529411764706	650	333	1398	50.1395914616045	90.834561690117	18.7200035583976	65.5908976691481
Sample	4	225_3_A_BL	26030937	16932.8935671252	29718.9596873269	56791.5094208632	967211.11023488	0.186170670969588	0.246665167062993	0.144252768216915	0.621733937955458	4	2	26030937	225	LB225	Treatment A	LB_225	2	58	184	89.2	26.3	1	0	0	0	0	0	1	0	German	Lehrperson	4		2026-02-13 07:04:00			1	First urine sample (at home): Participant forgot to collect sample. 	61	120	80	no	38	07:15	173	1427	108	108	1	08:01	08:01	1	0	878	1094	744	29		0	3	132.352941176471	754.901960784314	623.529411764706	650	333	1398	2.4640235863622	3.26468603465727	1.90922781463564	8.22883153176342
Sample	4	049_1_A_BL	26030943	106712.413049001	130918.169061943	292761.219671676	5353827.90835197	0.384073404396105	0.512010827747545	0.657804686377187	2.36546383993548	4	2	26030943	049	LB049	Treatment A	LB_049	2	24	187	73.8	21.1	1	0	0	1	0	0	0	0		Student	4		2025-02-18 07:02:09	06:15	07:02	1	Switched Dinner day 2 with lunch day 3	54	104	68	Flu, resolved 2 weeks ago, no meds	38	07:48	81	2457	106	106	1	08:00	08:01	0	Only 125 ml consumed with capsule.	780	1859	952	945		0	1	42.156862745098	660.78431372549	829.411764705882	650	598	1512	1.61913297931692	2.15847701893573	2.77309818766853	9.97205344286524
Sample	4	049_1_A_AH	26030945	436408.231785442	270974.233649998	558932.791851511	14234340.504827	1.11082828238815	0.879239674896201	1.23708632937873	5.89556826255808	4	2	26030945	049	LB049	Treatment A	LB_049	2	24	187	73.8	21.1	1	0	0	1	0	0	0	0		Student	4		2025-02-18 07:02:09	06:15	07:02	1	Switched Dinner day 2 with lunch day 3	54	104	68	Flu, resolved 2 weeks ago, no meds	38	07:48	81	2457	106	106	1	08:00	08:01	0	Only 125 ml consumed with capsule.	780	1859	952	945		0	1	42.156862745098	660.78431372549	829.411764705882	650	598	1512	NA	NA	NA	NA
Sample	4	049_1_A_0-3	26030946	1267217.6545884	195257.228475905	47739.9780470177	646818.761815996	2.94219758218047	0.680708689455372	0.124553497092729	0.494374347634413	4	2	26030946	049	LB049	Treatment A	LB_049	2	24	187	73.8	21.1	1	0	0	1	0	0	0	0		Student	4		2025-02-18 07:02:09	06:15	07:02	1	Switched Dinner day 2 with lunch day 3	54	104	68	Flu, resolved 2 weeks ago, no meds	38	07:48	81	2457	106	106	1	08:00	08:01	0	Only 125 ml consumed with capsule.	780	1859	952	945		0	1	42.156862745098	660.78431372549	829.411764705882	650	598	1512	194.415801018592	44.9801624208746	8.23029970985289	32.6674814025093
Sample	4	049_1_A_3-6	26030947	64908.1440199428	184981.975385942	149537.83179479	3069372.40547173	0.291923444611366	0.653766840435937	0.346100927910018	1.45736688197349	4	2	26030947	049	LB049	Treatment A	LB_049	2	24	187	73.8	21.1	1	0	0	1	0	0	0	0		Student	4		2025-02-18 07:02:09	06:15	07:02	1	Switched Dinner day 2 with lunch day 3	54	104	68	Flu, resolved 2 weeks ago, no meds	38	07:48	81	2457	106	106	1	08:00	08:01	0	Only 125 ml consumed with capsule.	780	1859	952	945		0	1	42.156862745098	660.78431372549	829.411764705882	650	598	1512	24.2124739354133	54.2241908832159	28.7060181384191	120.875723740154
Std	4	Std_0_1	26030903	0	0	0	0	0	0	0	0	4	1	26030903	NA	NA	NA	NA	NA	NA	NA	NA	NA	NA	NA	NA	NA	NA	NA	NA	NA	NA	NA	NA	NA	NA	NA	NA	NA	NA	NA	NA	NA	NA	NA	NA	NA	NA	NA	NA	NA	NA	NA	NA	NA	NA	NA	NA	NA	NA	NA	NA	NA	NA	NA	650	NA	NA	NA	NA	NA	NA
Std	4	Std_1_1	26030904	216447.331094318	233523.84547826	36993.7927544664	1981784.99026058	0.6372	0.856	0.11585	1.0385	4	1	26030904	NA	NA	NA	NA	NA	NA	NA	NA	NA	NA	NA	NA	NA	NA	NA	NA	NA	NA	NA	NA	NA	NA	NA	NA	NA	NA	NA	NA	NA	NA	NA	NA	NA	NA	NA	NA	NA	NA	NA	NA	NA	NA	NA	NA	NA	NA	NA	NA	NA	NA	NA	650	NA	NA	NA	NA	NA	NA
Std	4	Std_2_1	26030905	306740.032737863	416444.942975551	66769.8024525326	3208295.42873339	0.8496	1.284	0.173775	1.55775	4	1	26030905	NA	NA	NA	NA	NA	NA	NA	NA	NA	NA	NA	NA	NA	NA	NA	NA	NA	NA	NA	NA	NA	NA	NA	NA	NA	NA	NA	NA	NA	NA	NA	NA	NA	NA	NA	NA	NA	NA	NA	NA	NA	NA	NA	NA	NA	NA	NA	NA	NA	NA	NA	650	NA	NA	NA	NA	NA	NA
Std	4	Std_3_1	26030906	369856.647657695	543630.180264894	88738.9506177111	4066735.00737749	1.062	1.926	0.2317	2.077	4	1	26030906	NA	NA	NA	NA	NA	NA	NA	NA	NA	NA	NA	NA	NA	NA	NA	NA	NA	NA	NA	NA	NA	NA	NA	NA	NA	NA	NA	NA	NA	NA	NA	NA	NA	NA	NA	NA	NA	NA	NA	NA	NA	NA	NA	NA	NA	NA	NA	NA	NA	NA	NA	650	NA	NA	NA	NA	NA	NA
Std	4	Std_4_1	26030907	693997.594169677	1064759.84771023	147191.296386214	7298259.15437715	1.6992	2.889	0.34755	3.1155	4	1	26030907	NA	NA	NA	NA	NA	NA	NA	NA	NA	NA	NA	NA	NA	NA	NA	NA	NA	NA	NA	NA	NA	NA	NA	NA	NA	NA	NA	NA	NA	NA	NA	NA	NA	NA	NA	NA	NA	NA	NA	NA	NA	NA	NA	NA	NA	NA	NA	NA	NA	NA	NA	650	NA	NA	NA	NA	NA	NA
Std	4	Std_5_1	26030908	1038935.32133159	1471835.75343185	208503.939656935	10582908.1048413	2.3364	3.852	0.4634	4.154	4	1	26030908	NA	NA	NA	NA	NA	NA	NA	NA	NA	NA	NA	NA	NA	NA	NA	NA	NA	NA	NA	NA	NA	NA	NA	NA	NA	NA	NA	NA	NA	NA	NA	NA	NA	NA	NA	NA	NA	NA	NA	NA	NA	NA	NA	NA	NA	NA	NA	NA	NA	NA	NA	650	NA	NA	NA	NA	NA	NA
Std	4	Std_0_2	26030949	0	0	0	0	0	0	0	0	4	2	26030949	NA	NA	NA	NA	NA	NA	NA	NA	NA	NA	NA	NA	NA	NA	NA	NA	NA	NA	NA	NA	NA	NA	NA	NA	NA	NA	NA	NA	NA	NA	NA	NA	NA	NA	NA	NA	NA	NA	NA	NA	NA	NA	NA	NA	NA	NA	NA	NA	NA	NA	NA	650	NA	NA	NA	NA	NA	NA
Std	4	Std_1_2	26030950	169484.282735775	142355.293294778	13695.0271276051	1553427.22046678	0.6372	0.856	0.11585	1.0385	4	2	26030950	NA	NA	NA	NA	NA	NA	NA	NA	NA	NA	NA	NA	NA	NA	NA	NA	NA	NA	NA	NA	NA	NA	NA	NA	NA	NA	NA	NA	NA	NA	NA	NA	NA	NA	NA	NA	NA	NA	NA	NA	NA	NA	NA	NA	NA	NA	NA	NA	NA	NA	NA	650	NA	NA	NA	NA	NA	NA
Std	4	Std_2_2	26030951	312554.403070063	500387.434928175	70104.040865345	3363377.06502	0.8496	1.284	0.173775	1.55775	4	2	26030951	NA	NA	NA	NA	NA	NA	NA	NA	NA	NA	NA	NA	NA	NA	NA	NA	NA	NA	NA	NA	NA	NA	NA	NA	NA	NA	NA	NA	NA	NA	NA	NA	NA	NA	NA	NA	NA	NA	NA	NA	NA	NA	NA	NA	NA	NA	NA	NA	NA	NA	NA	650	NA	NA	NA	NA	NA	NA
Std	4	Std_3_2	26030952	347823.692356401	593576.211328884	124501.475300682	3940903.17913172	1.062	1.926	0.2317	2.077	4	2	26030952	NA	NA	NA	NA	NA	NA	NA	NA	NA	NA	NA	NA	NA	NA	NA	NA	NA	NA	NA	NA	NA	NA	NA	NA	NA	NA	NA	NA	NA	NA	NA	NA	NA	NA	NA	NA	NA	NA	NA	NA	NA	NA	NA	NA	NA	NA	NA	NA	NA	NA	NA	650	NA	NA	NA	NA	NA	NA
Std	4	Std_4_2	26030953	739905.525528456	1105740.58787407	147951.705023422	7510715.61709627	1.6992	2.889	0.34755	3.1155	4	2	26030953	NA	NA	NA	NA	NA	NA	NA	NA	NA	NA	NA	NA	NA	NA	NA	NA	NA	NA	NA	NA	NA	NA	NA	NA	NA	NA	NA	NA	NA	NA	NA	NA	NA	NA	NA	NA	NA	NA	NA	NA	NA	NA	NA	NA	NA	NA	NA	NA	NA	NA	NA	650	NA	NA	NA	NA	NA	NA
Std	4	Std_5_2	26030954	1012130.66068212	1393448.02069332	198965.566507826	10094245.3067839	2.3364	3.852	0.4634	4.154	4	2	26030954	NA	NA	NA	NA	NA	NA	NA	NA	NA	NA	NA	NA	NA	NA	NA	NA	NA	NA	NA	NA	NA	NA	NA	NA	NA	NA	NA	NA	NA	NA	NA	NA	NA	NA	NA	NA	NA	NA	NA	NA	NA	NA	NA	NA	NA	NA	NA	NA	NA	NA	NA	650	NA	NA	NA	NA	NA	NA
QC	5	QC5a	26031001	184846.359958508	187604.082566277	148400.680366311	2367318.95173053	0.569247144298886	1.19389719446254	0.432855530051085	1.22776602226257	5	1	26031001	NA	NA	NA	NA	NA	NA	NA	NA	NA	NA	NA	NA	NA	NA	NA	NA	NA	NA	NA	NA	NA	NA	NA	NA	NA	NA	NA	NA	NA	NA	NA	NA	NA	NA	NA	NA	NA	NA	NA	NA	NA	NA	NA	NA	NA	NA	NA	NA	NA	NA	NA	650	NA	NA	NA	NA	NA	NA
QC	5	QC5b	26031008	191332.687162296	213271.105698078	150329.171185837	2459739.56723853	0.584698412112388	1.36749111191501	0.438077250538367	1.26815453179032	5	1	26031008	NA	NA	NA	NA	NA	NA	NA	NA	NA	NA	NA	NA	NA	NA	NA	NA	NA	NA	NA	NA	NA	NA	NA	NA	NA	NA	NA	NA	NA	NA	NA	NA	NA	NA	NA	NA	NA	NA	NA	NA	NA	NA	NA	NA	NA	NA	NA	NA	NA	NA	NA	650	NA	NA	NA	NA	NA	NA
QC	5	QC5c	26031014	186950.790398591	182705.823335613	148409.136596702	2418276.74971279	0.574260168974178	1.16076877110848	0.432878426748871	1.25003496624229	5	1	26031014	NA	NA	NA	NA	NA	NA	NA	NA	NA	NA	NA	NA	NA	NA	NA	NA	NA	NA	NA	NA	NA	NA	NA	NA	NA	NA	NA	NA	NA	NA	NA	NA	NA	NA	NA	NA	NA	NA	NA	NA	NA	NA	NA	NA	NA	NA	NA	NA	NA	NA	NA	650	NA	NA	NA	NA	NA	NA
QC	5	QC5d	26031020	190305.528768717	199399.381745527	150135.747664257	2413127.06701855	0.582251588366462	1.27367240569508	0.437553523095575	1.24778451587018	5	1	26031020	NA	NA	NA	NA	NA	NA	NA	NA	NA	NA	NA	NA	NA	NA	NA	NA	NA	NA	NA	NA	NA	NA	NA	NA	NA	NA	NA	NA	NA	NA	NA	NA	NA	NA	NA	NA	NA	NA	NA	NA	NA	NA	NA	NA	NA	NA	NA	NA	NA	NA	NA	650	NA	NA	NA	NA	NA	NA
QC	5	QC5e	26031026	331106.608405389	571100.596053036	224839.645487484	4134924.33098581	0.640184297781808	2.13550059181019	0.345428455453067	1.3537162415385	5	2	26031026	NA	NA	NA	NA	NA	NA	NA	NA	NA	NA	NA	NA	NA	NA	NA	NA	NA	NA	NA	NA	NA	NA	NA	NA	NA	NA	NA	NA	NA	NA	NA	NA	NA	NA	NA	NA	NA	NA	NA	NA	NA	NA	NA	NA	NA	NA	NA	NA	NA	NA	NA	650	NA	NA	NA	NA	NA	NA
QC	5	QC5f	26031032	334938.115508839	565566.001841224	221785.541454854	4063531.08618262	0.64700526885206	2.11518782893823	0.341277807958747	1.33290208529203	5	2	26031032	NA	NA	NA	NA	NA	NA	NA	NA	NA	NA	NA	NA	NA	NA	NA	NA	NA	NA	NA	NA	NA	NA	NA	NA	NA	NA	NA	NA	NA	NA	NA	NA	NA	NA	NA	NA	NA	NA	NA	NA	NA	NA	NA	NA	NA	NA	NA	NA	NA	NA	NA	650	NA	NA	NA	NA	NA	NA
QC	5	QC5g	26031038	273522.083525522	443262.273045192	193656.929246238	3417917.53882772	0.537670491153038	1.66631541908942	0.303049917705169	1.14467837748149	5	2	26031038	NA	NA	NA	NA	NA	NA	NA	NA	NA	NA	NA	NA	NA	NA	NA	NA	NA	NA	NA	NA	NA	NA	NA	NA	NA	NA	NA	NA	NA	NA	NA	NA	NA	NA	NA	NA	NA	NA	NA	NA	NA	NA	NA	NA	NA	NA	NA	NA	NA	NA	NA	650	NA	NA	NA	NA	NA	NA
QC	5	QC5h	26031043	257519.525746188	414822.801118078	183621.026002004	3251099.45301092	0.509182227731941	1.56193843545681	0.289410730497113	1.09604383632147	5	2	26031043	NA	NA	NA	NA	NA	NA	NA	NA	NA	NA	NA	NA	NA	NA	NA	NA	NA	NA	NA	NA	NA	NA	NA	NA	NA	NA	NA	NA	NA	NA	NA	NA	NA	NA	NA	NA	NA	NA	NA	NA	NA	NA	NA	NA	NA	NA	NA	NA	NA	NA	NA	650	NA	NA	NA	NA	NA	NA
QC	5	QC5i	26031054	273387.101937826	430722.125039318	192799.744106393	3435126.3812671	0.537430192628246	1.62029125849621	0.301884969388133	1.14969548430079	5	2	26031054	NA	NA	NA	NA	NA	NA	NA	NA	NA	NA	NA	NA	NA	NA	NA	NA	NA	NA	NA	NA	NA	NA	NA	NA	NA	NA	NA	NA	NA	NA	NA	NA	NA	NA	NA	NA	NA	NA	NA	NA	NA	NA	NA	NA	NA	NA	NA	NA	NA	NA	NA	650	NA	NA	NA	NA	NA	NA
Sample	5	130_3_A_BL	26031024	106318.627869668	49664.2874785144	229857.215350335	8836864.71114194	0.240009569984977	0.221753768907906	0.352247530231239	2.72453111350495	5	2	26031024	130	LB130	Treatment A	LB_130	2	27	175	77.5	25.3	1	0	0	0	0	0	0	0		Psychologist	4		2025-08-29 07:01:59	06:20	07:02	1		47	101	66	no	39	07:10	89	1545	108	108	1	08:01	08:02	1	0	975	571	577	515	First Evap chamber measurement not performed as system was shut down overnight and not up to temperature	0	3	49.0196078431373	850	459.803921568627	650	974	1030	1.17651749992636	1.08702827896032	1.7267035795649	13.3555446740439
Sample	5	130_3_A_0-3	26031025	365106.505898689	490829.030916428	134424.162529487	3456511.67498983	0.700711999005314	1.84089231420571	0.222550258188722	1.15593020365202	5	2	26031025	130	LB130	Treatment A	LB_130	2	27	175	77.5	25.3	1	0	0	0	0	0	0	0		Psychologist	4		2025-08-29 07:01:59	06:20	07:02	1		47	101	66	no	39	07:10	89	1545	108	108	1	08:01	08:02	1	0	975	571	577	515	First Evap chamber measurement not performed as system was shut down overnight and not up to temperature	0	3	49.0196078431373	850	459.803921568627	650	974	1030	59.5605199154517	156.475846707486	18.9167719460413	98.2540673104216
Sample	5	130_3_A_3-6	26031027	37975.7421487295	1039044.67889524	232840.827319074	5432634.5591084	0.118343386477088	3.85292319378307	0.356302376238369	1.73205376528106	5	2	26031027	130	LB130	Treatment A	LB_130	2	27	175	77.5	25.3	1	0	0	0	0	0	0	0		Psychologist	4		2025-08-29 07:01:59	06:20	07:02	1		47	101	66	no	39	07:10	89	1545	108	108	1	08:01	08:02	1	0	975	571	577	515	First Evap chamber measurement not performed as system was shut down overnight and not up to temperature	0	3	49.0196078431373	850	459.803921568627	650	974	1030	5.44147531938767	177.158919400418	16.3829229858622	79.6405113643939
Sample	5	130_3_A_AH	26031028	346007.973537352	120375.568714519	876231.034554147	26596824.1585376	0.95315488968803	0.739210220281452	2.40358136045013	11.8162434579397	5	1	26031028	130	LB130	Treatment A	LB_130	2	27	175	77.5	25.3	1	0	0	0	0	0	0	0		Psychologist	4		2025-08-29 07:01:59	06:20	07:02	1		47	101	66	no	39	07:10	89	1545	108	108	1	08:01	08:02	1	0	975	571	577	515	First Evap chamber measurement not performed as system was shut down overnight and not up to temperature	0	3	49.0196078431373	850	459.803921568627	650	974	1030	NA	NA	NA	NA
Sample	5	110_3_A_3-6	26031029	9473.39888195526	91864.2423162385	84617.1804563444	1915819.54403684	0.0676026065155866	0.376633719094138	0.154860610706902	0.70675315854412	5	2	26031029	110	LB110	Treatment A	LB_110	2	22	174	71.3	23.6	1	0	0	0	0	0	1	0	Bulgarian	Student	3		2025-10-20 07:01:31	06:20	07:03	1	Portion sizes were too low for participant, he was given permission to enhance lactose-free milk, pasta and rice portion sizes; he added:    -total 66g gluten-free pasta on day 1 and day 3  -80 ml of lactose-free milk every morning.   -1-2 slices of Emmi Luzerner cheese on day 2 and day 3	52	128	73	No	38	07:12	97	1555	111	110	1	08:01	08:02	1	0	1238	946	868	196		0	3	57.843137254902	1104.90196078431	743.137254901961	650	609	1359	5.02380154302104	27.9890548111134	11.5082689133168	52.5214602133768
Sample	5	110_3_A_AH	26031030	130764.669171745	46387.8495824997	301267.176755954	4000994.77401262	0.283529191899165	0.209728766983748	0.449296476243232	1.31467010023277	5	2	26031030	110	LB110	Treatment A	LB_110	2	22	174	71.3	23.6	1	0	0	0	0	0	1	0	Bulgarian	Student	3		2025-10-20 07:01:31	06:20	07:03	1	Portion sizes were too low for participant, he was given permission to enhance lactose-free milk, pasta and rice portion sizes; he added:    -total 66g gluten-free pasta on day 1 and day 3  -80 ml of lactose-free milk every morning.   -1-2 slices of Emmi Luzerner cheese on day 2 and day 3	52	128	73	No	38	07:12	97	1555	111	110	1	08:01	08:02	1	0	1238	946	868	196		0	3	57.843137254902	1104.90196078431	743.137254901961	650	609	1359	NA	NA	NA	NA
Sample	5	110_3_A_BL	26031031	141182.750839325	55342.3863795608	300315.271967673	3697705.30672013	0.302075792947643	0.242593214787133	0.448002800198769	1.22624836821124	5	2	26031031	110	LB110	Treatment A	LB_110	2	22	174	71.3	23.6	1	0	0	0	0	0	1	0	Bulgarian	Student	3		2025-10-20 07:01:31	06:20	07:03	1	Portion sizes were too low for participant, he was given permission to enhance lactose-free milk, pasta and rice portion sizes; he added:    -total 66g gluten-free pasta on day 1 and day 3  -80 ml of lactose-free milk every morning.   -1-2 slices of Emmi Luzerner cheese on day 2 and day 3	52	128	73	No	38	07:12	97	1555	111	110	1	08:01	08:02	1	0	1238	946	868	196		0	3	57.843137254902	1104.90196078431	743.137254901961	650	609	1359	1.74730115528539	1.40323526200401	2.59138874624778	7.09300526710425
Sample	5	110_3_A_0-3	26031033	256529.820810933	150806.056336231	87005.0984680434	1359881.48112854	0.507420323460543	0.592958718834231	0.158105885198539	0.544673654570993	5	2	26031033	110	LB110	Treatment A	LB_110	2	22	174	71.3	23.6	1	0	0	0	0	0	1	0	Bulgarian	Student	3		2025-10-20 07:01:31	06:20	07:03	1	Portion sizes were too low for participant, he was given permission to enhance lactose-free milk, pasta and rice portion sizes; he added:    -total 66g gluten-free pasta on day 1 and day 3  -80 ml of lactose-free milk every morning.   -1-2 slices of Emmi Luzerner cheese on day 2 and day 3	52	128	73	No	38	07:12	97	1555	111	110	1	08:01	08:02	1	0	1238	946	868	196		0	3	57.843137254902	1104.90196078431	743.137254901961	650	609	1359	56.0649710333364	65.5161251104097	17.4691502567406	60.1810988923048
Sample	5	136_3_A_AH	26031042	118918.076505628	67052.1458159475	270791.488381989	3389859.54143779	0.412197471639777	0.378567623537569	0.76424968718136	1.67462401084986	5	1	26031042	136	LB136	Treatment A	LB_136	1	32	166	66.9	24.3	1	0	0	1	0	0	1	0	German Singaporean	Software Entwicklerin	4		2025-10-08 06:54:26	06:10	06:50	1		60	110	74	No	38	07:54	175	1538	108	108	1	08:03	08:04	0	Consumed only 120 ml with capsule.	364	1540	268	1404	Participant stayed longer in the room after because of work/meeting	0	3	134.313725490196	250.980392156863	156.862745098039	650	-2	134	NA	NA	NA	NA
Sample	5	136_3_A_0-3	26031044	314664.17700749	86014.2728777457	38133.0690967816	371173.747858894	0.610912957324497	0.355163483433725	0.09168687520906	0.256423452481178	5	2	26031044	136	LB136	Treatment A	LB_136	1	32	166	66.9	24.3	1	0	0	1	0	0	1	0	German Singaporean	Software Entwicklerin	4		2025-10-08 06:54:26	06:10	06:50	1		60	110	74	No	38	07:54	175	1538	108	108	1	08:03	08:04	0	Consumed only 120 ml with capsule.	364	1540	268	1404	Participant stayed longer in the room after because of work/meeting	0	3	134.313725490196	250.980392156863	156.862745098039	650	-2	134	15.3327173603011	8.91390703519936	2.30116078956072	6.43572586619427
Sample	5	136_3_A_3-6	26031045	36697.0675720366	1000122.32357089	265952.863722032	5359503.06452588	0.116067049239441	3.71007250882507	0.401302935963709	1.7107328355632	5	2	26031045	136	LB136	Treatment A	LB_136	1	32	166	66.9	24.3	1	0	0	1	0	0	1	0	German Singaporean	Software Entwicklerin	4		2025-10-08 06:54:26	06:10	06:50	1		60	110	74	No	38	07:54	175	1538	108	108	1	08:03	08:04	0	Consumed only 120 ml with capsule.	364	1540	268	1404	Participant stayed longer in the room after because of work/meeting	0	3	134.313725490196	250.980392156863	156.862745098039	650	-2	134	1.8206595959128	58.197215824707	6.294948015117	26.8350248715797
Sample	5	136_3_A_BL	26031046	30774.0973555188	22444.114969658	84213.0859346039	855041.494195271	0.105522788872428	0.121851790850252	0.15431143035934	0.397491405095407	5	2	26031046	136	LB136	Treatment A	LB_136	1	32	166	66.9	24.3	1	0	0	1	0	0	1	0	German Singaporean	Software Entwicklerin	4		2025-10-08 06:54:26	06:10	06:50	1		60	110	74	No	38	07:54	175	1538	108	108	1	08:03	08:04	0	Consumed only 120 ml with capsule.	364	1540	268	1404	Participant stayed longer in the room after because of work/meeting	0	3	134.313725490196	250.980392156863	156.862745098039	650	-2	134	1.41731588975712	1.63663679867496	2.07261430972839	5.33885514686968
Std	5	Std_0_1	26031002	0	0	0	0	0	0	0	0	5	1	26031002	NA	NA	NA	NA	NA	NA	NA	NA	NA	NA	NA	NA	NA	NA	NA	NA	NA	NA	NA	NA	NA	NA	NA	NA	NA	NA	NA	NA	NA	NA	NA	NA	NA	NA	NA	NA	NA	NA	NA	NA	NA	NA	NA	NA	NA	NA	NA	NA	NA	NA	NA	650	NA	NA	NA	NA	NA	NA
Std	5	Std_1_1	26031003	185351.217504097	121251.074956315	15486.6638197	1705580.41678171	0.6372	0.856	0.11585	1.0385	5	1	26031003	NA	NA	NA	NA	NA	NA	NA	NA	NA	NA	NA	NA	NA	NA	NA	NA	NA	NA	NA	NA	NA	NA	NA	NA	NA	NA	NA	NA	NA	NA	NA	NA	NA	NA	NA	NA	NA	NA	NA	NA	NA	NA	NA	NA	NA	NA	NA	NA	NA	NA	NA	650	NA	NA	NA	NA	NA	NA
Std	5	Std_2_1	26031004	276551.802594082	201572.630166926	54645.0254380199	2820610.57885145	0.8496	1.284	0.173775	1.55775	5	1	26031004	NA	NA	NA	NA	NA	NA	NA	NA	NA	NA	NA	NA	NA	NA	NA	NA	NA	NA	NA	NA	NA	NA	NA	NA	NA	NA	NA	NA	NA	NA	NA	NA	NA	NA	NA	NA	NA	NA	NA	NA	NA	NA	NA	NA	NA	NA	NA	NA	NA	NA	NA	650	NA	NA	NA	NA	NA	NA
Std	5	Std_3_1	26031005	359946.498577416	312953.260674377	71149.2777602327	4100317.65677436	1.062	1.926	0.2317	2.077	5	1	26031005	NA	NA	NA	NA	NA	NA	NA	NA	NA	NA	NA	NA	NA	NA	NA	NA	NA	NA	NA	NA	NA	NA	NA	NA	NA	NA	NA	NA	NA	NA	NA	NA	NA	NA	NA	NA	NA	NA	NA	NA	NA	NA	NA	NA	NA	NA	NA	NA	NA	NA	NA	650	NA	NA	NA	NA	NA	NA
Std	5	Std_4_1	26031006	659616.263771235	497620.202805939	119659.854673578	6779376.19979228	1.6992	2.889	0.34755	3.1155	5	1	26031006	NA	NA	NA	NA	NA	NA	NA	NA	NA	NA	NA	NA	NA	NA	NA	NA	NA	NA	NA	NA	NA	NA	NA	NA	NA	NA	NA	NA	NA	NA	NA	NA	NA	NA	NA	NA	NA	NA	NA	NA	NA	NA	NA	NA	NA	NA	NA	NA	NA	NA	NA	650	NA	NA	NA	NA	NA	NA
Std	5	Std_5_1	26031007	957900.199782827	530960.474327363	162324.623985057	9269595.20067662	2.3364	3.852	0.4634	4.154	5	1	26031007	NA	NA	NA	NA	NA	NA	NA	NA	NA	NA	NA	NA	NA	NA	NA	NA	NA	NA	NA	NA	NA	NA	NA	NA	NA	NA	NA	NA	NA	NA	NA	NA	NA	NA	NA	NA	NA	NA	NA	NA	NA	NA	NA	NA	NA	NA	NA	NA	NA	NA	NA	650	NA	NA	NA	NA	NA	NA
Std	5	Std_0_2	26031048	0	0	0	0	0	0	0	0	5	2	26031048	NA	NA	NA	NA	NA	NA	NA	NA	NA	NA	NA	NA	NA	NA	NA	NA	NA	NA	NA	NA	NA	NA	NA	NA	NA	NA	NA	NA	NA	NA	NA	NA	NA	NA	NA	NA	NA	NA	NA	NA	NA	NA	NA	NA	NA	NA	NA	NA	NA	NA	NA	650	NA	NA	NA	NA	NA	NA
Std	5	Std_1_2	26031049	333612.274829245	257027.86804635	52583.8286643714	3113115.66748081	0.6372	0.856	0.11585	1.0385	5	2	26031049	NA	NA	NA	NA	NA	NA	NA	NA	NA	NA	NA	NA	NA	NA	NA	NA	NA	NA	NA	NA	NA	NA	NA	NA	NA	NA	NA	NA	NA	NA	NA	NA	NA	NA	NA	NA	NA	NA	NA	NA	NA	NA	NA	NA	NA	NA	NA	NA	NA	NA	NA	650	NA	NA	NA	NA	NA	NA
Std	5	Std_2_2	26031050	411008.588474836	291836.780289913	74776.264696071	4190521.07012809	0.8496	1.284	0.173775	1.55775	5	2	26031050	NA	NA	NA	NA	NA	NA	NA	NA	NA	NA	NA	NA	NA	NA	NA	NA	NA	NA	NA	NA	NA	NA	NA	NA	NA	NA	NA	NA	NA	NA	NA	NA	NA	NA	NA	NA	NA	NA	NA	NA	NA	NA	NA	NA	NA	NA	NA	NA	NA	NA	NA	650	NA	NA	NA	NA	NA	NA
Std	5	Std_3_2	26031051	521003.697168458	434113.048413542	103335.774207796	5933235.19327551	1.062	1.926	0.2317	2.077	5	2	26031051	NA	NA	NA	NA	NA	NA	NA	NA	NA	NA	NA	NA	NA	NA	NA	NA	NA	NA	NA	NA	NA	NA	NA	NA	NA	NA	NA	NA	NA	NA	NA	NA	NA	NA	NA	NA	NA	NA	NA	NA	NA	NA	NA	NA	NA	NA	NA	NA	NA	NA	NA	650	NA	NA	NA	NA	NA	NA
Std	5	Std_4_2	26031052	992462.908093807	911713.647682894	254099.247121599	10942019.0232469	1.6992	2.889	0.34755	3.1155	5	2	26031052	NA	NA	NA	NA	NA	NA	NA	NA	NA	NA	NA	NA	NA	NA	NA	NA	NA	NA	NA	NA	NA	NA	NA	NA	NA	NA	NA	NA	NA	NA	NA	NA	NA	NA	NA	NA	NA	NA	NA	NA	NA	NA	NA	NA	NA	NA	NA	NA	NA	NA	NA	650	NA	NA	NA	NA	NA	NA
Std	5	Std_5_2	26031053	1269527.96916801	985338.842955152	319522.883630424	13734933.7249103	2.3364	3.852	0.4634	4.154	5	2	26031053	NA	NA	NA	NA	NA	NA	NA	NA	NA	NA	NA	NA	NA	NA	NA	NA	NA	NA	NA	NA	NA	NA	NA	NA	NA	NA	NA	NA	NA	NA	NA	NA	NA	NA	NA	NA	NA	NA	NA	NA	NA	NA	NA	NA	NA	NA	NA	NA	NA	NA	NA	650	NA	NA	NA	NA	NA	NA
QC	6	QC6a	26031601	262272.851255589	436329.137435475	188502.373553222	3265561.64325738	0.468991143948978	1.90308864414081	0.26483459185706	1.07654881251789	6	1	26031601	NA	NA	NA	NA	NA	NA	NA	NA	NA	NA	NA	NA	NA	NA	NA	NA	NA	NA	NA	NA	NA	NA	NA	NA	NA	NA	NA	NA	NA	NA	NA	NA	NA	NA	NA	NA	NA	NA	NA	NA	NA	NA	NA	NA	NA	NA	NA	NA	NA	NA	NA	650	NA	NA	NA	NA	NA	NA
QC	6	QC6b	26031608	259814.394515464	403742.518486993	185612.815876171	3266481.97048591	0.464372102896393	1.73960768911224	0.2609265063264	1.0768375666484	6	1	26031608	NA	NA	NA	NA	NA	NA	NA	NA	NA	NA	NA	NA	NA	NA	NA	NA	NA	NA	NA	NA	NA	NA	NA	NA	NA	NA	NA	NA	NA	NA	NA	NA	NA	NA	NA	NA	NA	NA	NA	NA	NA	NA	NA	NA	NA	NA	NA	NA	NA	NA	NA	650	NA	NA	NA	NA	NA	NA
QC	6	QC6c	26031614	260561.271542838	423563.158738615	188433.683112472	3273515.46531111	0.465775363565725	1.83904412351912	0.264741689016005	1.07904433682718	6	1	26031614	NA	NA	NA	NA	NA	NA	NA	NA	NA	NA	NA	NA	NA	NA	NA	NA	NA	NA	NA	NA	NA	NA	NA	NA	NA	NA	NA	NA	NA	NA	NA	NA	NA	NA	NA	NA	NA	NA	NA	NA	NA	NA	NA	NA	NA	NA	NA	NA	NA	NA	NA	650	NA	NA	NA	NA	NA	NA
QC	6	QC6d	26031620	263669.448993528	426920.041823568	189872.667110704	3316964.65571477	0.471615124342939	1.8558849763095	0.266687894342518	1.09267658936421	6	1	26031620	NA	NA	NA	NA	NA	NA	NA	NA	NA	NA	NA	NA	NA	NA	NA	NA	NA	NA	NA	NA	NA	NA	NA	NA	NA	NA	NA	NA	NA	NA	NA	NA	NA	NA	NA	NA	NA	NA	NA	NA	NA	NA	NA	NA	NA	NA	NA	NA	NA	NA	NA	650	NA	NA	NA	NA	NA	NA
QC	6	QC6e	26031626	275225.061595534	448378.513855506	192768.93428488	3367607.20561565	0.493326244219602	1.96353810555194	0.270605054372309	1.10856576987492	6	1	26031626	NA	NA	NA	NA	NA	NA	NA	NA	NA	NA	NA	NA	NA	NA	NA	NA	NA	NA	NA	NA	NA	NA	NA	NA	NA	NA	NA	NA	NA	NA	NA	NA	NA	NA	NA	NA	NA	NA	NA	NA	NA	NA	NA	NA	NA	NA	NA	NA	NA	NA	NA	650	NA	NA	NA	NA	NA	NA
QC	6	QC6f	26031632	277235.531997794	458360.148335343	193643.709030607	3376485.21029106	0.547220404899209	2.02647963258945	0.30748167903101	1.23075032448022	6	2	26031632	NA	NA	NA	NA	NA	NA	NA	NA	NA	NA	NA	NA	NA	NA	NA	NA	NA	NA	NA	NA	NA	NA	NA	NA	NA	NA	NA	NA	NA	NA	NA	NA	NA	NA	NA	NA	NA	NA	NA	NA	NA	NA	NA	NA	NA	NA	NA	NA	NA	NA	NA	650	NA	NA	NA	NA	NA	NA
QC	6	QC6g	26031638	274440.108750359	433641.72933471	192780.274835368	3357872.85364179	0.54187785587822	1.91053863625754	0.306213546484073	1.22457393763526	6	2	26031638	NA	NA	NA	NA	NA	NA	NA	NA	NA	NA	NA	NA	NA	NA	NA	NA	NA	NA	NA	NA	NA	NA	NA	NA	NA	NA	NA	NA	NA	NA	NA	NA	NA	NA	NA	NA	NA	NA	NA	NA	NA	NA	NA	NA	NA	NA	NA	NA	NA	NA	NA	650	NA	NA	NA	NA	NA	NA
QC	6	QC6h	26031644	262354.927136915	425219.456855807	184792.145773551	3151292.40114196	0.518780932985912	1.87103422205703	0.29448131893473	1.15602158753318	6	2	26031644	NA	NA	NA	NA	NA	NA	NA	NA	NA	NA	NA	NA	NA	NA	NA	NA	NA	NA	NA	NA	NA	NA	NA	NA	NA	NA	NA	NA	NA	NA	NA	NA	NA	NA	NA	NA	NA	NA	NA	NA	NA	NA	NA	NA	NA	NA	NA	NA	NA	NA	NA	650	NA	NA	NA	NA	NA	NA
QC	6	QC6i	26031655	256388.409695552	410861.715669536	183498.315146164	3199244.80509706	0.507377861216971	1.80368967149458	0.292581059786018	1.17193427406469	6	2	26031655	NA	NA	NA	NA	NA	NA	NA	NA	NA	NA	NA	NA	NA	NA	NA	NA	NA	NA	NA	NA	NA	NA	NA	NA	NA	NA	NA	NA	NA	NA	NA	NA	NA	NA	NA	NA	NA	NA	NA	NA	NA	NA	NA	NA	NA	NA	NA	NA	NA	NA	NA	650	NA	NA	NA	NA	NA	NA
Sample	6	081_2_A_0-3	26031610	159477.450127003	176830.319464991	80017.9257076382	1410879.05496236	0.27585527538542	0.601231748288242	0.118110923977351	0.494639203045799	6	1	26031610	081	LB081	Treatment A	LB_081	1	41	161	71.2	27.5	1	0	0	0	0	0	0	0		CAS in health promotion 	2		2025-04-14 15:28:38	06:05	07:03	1	Didnt eat Rice Waffles  Drank alcohol on saturday (-2 days): 1 glass white wine	62	128	82	No	38	08:25	95	3128	107	107	1	08:02	08:03	1	Participant urinated before BL cup was provided, drank a lot of water, could not provide BL sample before intervention. To avoid dilution of 0-3hrs sample and loss of BL sample, BL sample collected at 08:30. Water weighed at 8:30, intervention and breath measurements not postponed.	408	2133	331	1285		0	2	55.8823529411765	295.098039215686	219.607843137255	650	995	1843	8.14043508735405	17.7422310034079	3.48543020756693	14.5967058938025
Sample	6	081_2_A_3-6	26031611	9232.7502296299	196961.238625748	64160.0803689966	1495916.17938969	0	0.702224793783591	0.0966634144129712	0.521319735972798	6	1	26031611	081	LB081	Treatment A	LB_081	1	41	161	71.2	27.5	1	0	0	0	0	0	0	0		CAS in health promotion 	2		2025-04-14 15:28:38	06:05	07:03	1	Didnt eat Rice Waffles  Drank alcohol on saturday (-2 days): 1 glass white wine	62	128	82	No	38	08:25	95	3128	107	107	1	08:02	08:03	1	Participant urinated before BL cup was provided, drank a lot of water, could not provide BL sample before intervention. To avoid dilution of 0-3hrs sample and loss of BL sample, BL sample collected at 08:30. Water weighed at 8:30, intervention and breath measurements not postponed.	408	2133	331	1285		0	2	55.8823529411765	295.098039215686	219.607843137255	650	995	1843	0	15.4214072360318	2.12280439495153	11.4485902801869
Sample	6	081_2_A_AH	26031612	53348.4669202992	13700.145853518	211516.814475142	1136719.163188	0.0764561473470557	0	0.295961294839145	0.408621101316604	6	1	26031612	081	LB081	Treatment A	LB_081	1	41	161	71.2	27.5	1	0	0	0	0	0	0	0		CAS in health promotion 	2		2025-04-14 15:28:38	06:05	07:03	1	Didnt eat Rice Waffles  Drank alcohol on saturday (-2 days): 1 glass white wine	62	128	82	No	38	08:25	95	3128	107	107	1	08:02	08:03	1	Participant urinated before BL cup was provided, drank a lot of water, could not provide BL sample before intervention. To avoid dilution of 0-3hrs sample and loss of BL sample, BL sample collected at 08:30. Water weighed at 8:30, intervention and breath measurements not postponed.	408	2133	331	1285		0	2	55.8823529411765	295.098039215686	219.607843137255	650	995	1843	NA	NA	NA	NA
Sample	6	081_2_A_BL	26031613	81372.120122839	22670.4186099811	37719.1364834642	205116.912240214	0.129108041713674	0	0.0609024150611661	0.116329414613111	6	1	26031613	081	LB081	Treatment A	LB_081	1	41	161	71.2	27.5	1	0	0	0	0	0	0	0		CAS in health promotion 	2		2025-04-14 15:28:38	06:05	07:03	1	Didnt eat Rice Waffles  Drank alcohol on saturday (-2 days): 1 glass white wine	62	128	82	No	38	08:25	95	3128	107	107	1	08:02	08:03	1	Participant urinated before BL cup was provided, drank a lot of water, could not provide BL sample before intervention. To avoid dilution of 0-3hrs sample and loss of BL sample, BL sample collected at 08:30. Water weighed at 8:30, intervention and breath measurements not postponed.	408	2133	331	1285		0	2	55.8823529411765	295.098039215686	219.607843137255	650	995	1843	0.721486115458767	0	0.34033702534181	0.65007614048503
Sample	6	219_3_A_AH	26031615	100253.414653046	59534.3563620975	297877.188475742	5546726.83072338	0.164582928514635	0.0127799024746772	0.41276246850477	1.79226801523061	6	1	26031615	219	LB219	Treatment A	LB_219	2	33	171	61.6	21.1	0	0	0	1	0	0	1	0	Korean	Student	4		2026-01-20 07:02:01	06:00	07:02	1	didnt finish all the meals	64	139	92	no	38	07:12	134	1544	106	107	1	08:01	08:02	1	0	693	1274	565	1060		0	3	94.1176470588235	575.490196078431	449.019607843137	650	270	484	NA	NA	NA	NA
Sample	6	219_3_A_0-3	26031616	244743.25195312	299628.143567456	52932.3790092218	943252.140800446	0.436055873015812	1.2172853987587	0.0814781085181667	0.347920515591708	6	1	26031616	219	LB219	Treatment A	LB_219	2	33	171	61.6	21.1	0	0	0	1	0	0	1	0	Korean	Student	4		2026-01-20 07:02:01	06:00	07:02	1	didnt finish all the meals	64	139	92	no	38	07:12	134	1544	106	107	1	08:01	08:02	1	0	693	1274	565	1060		0	3	94.1176470588235	575.490196078431	449.019607843137	650	270	484	25.0945879863021	70.0535812815054	4.68898526472195	20.0224845737581
Sample	6	219_3_A_3-6	26031617	28404.4762945469	863498.947487225	163992.512367775	4117132.54256746	0.0295904389393455	4.04611945740315	0.231685354304871	1.34373053546212	6	1	26031617	219	LB219	Treatment A	LB_219	2	33	171	61.6	21.1	0	0	0	1	0	0	1	0	Korean	Student	4		2026-01-20 07:02:01	06:00	07:02	1	didnt finish all the meals	64	139	92	no	38	07:12	134	1544	106	107	1	08:01	08:02	1	0	693	1274	565	1060		0	3	94.1176470588235	575.490196078431	449.019607843137	650	270	484	1.32866872884512	181.678697204965	10.4031266932972	60.336135808005
Sample	6	219_3_A_BL	26031618	35835.7304408427	36344.9368482507	104989.534161711	1452579.9640583	0.0435525589204334	0	0.151884668122251	0.507722929544225	6	1	26031618	219	LB219	Treatment A	LB_219	2	33	171	61.6	21.1	0	0	0	1	0	0	1	0	Korean	Student	4		2026-01-20 07:02:01	06:00	07:02	1	didnt finish all the meals	64	139	92	no	38	07:12	134	1544	106	107	1	08:01	08:02	1	0	693	1274	565	1060		0	3	94.1176470588235	575.490196078431	449.019607843137	650	270	484	0.409906436898197	0	1.42950275879766	4.77856874865153
Sample	6	016_2_A_0-3	26031619	132431.273515546	156202.334454623	43426.0314598431	476167.499299489	0.225039900827536	0.497745016659488	0.0686209090920382	0.201371967046754	6	1	26031619	016	LB016	Treatment A	LB_016	1	61	155	68.2	28.4	0	0	0	1	0	0	0	0		Professor	5		2024-09-20 06:58:50	05:15	07:00	1	None	46	112	69	no	38	07:15	123	912	108	108	1	08:01	08:02	0	150 ml water consumed with capsule	318	640	371	362	Due to age and assurance by participant, pregnancy test not performed	0	2	83.3333333333333	205.882352941176	257.843137254902	650	272	550	4.63317442880221	10.24769151946	1.41278342248314	4.14589343919788
Sample	6	016_2_A_AH	26031621	51400.8959844596	30885.028293659	95336.7234179965	1562092.91213266	0.0727969777718331	0	0.138829379315487	0.542082791036575	6	1	26031621	016	LB016	Treatment A	LB_016	1	61	155	68.2	28.4	0	0	0	1	0	0	0	0		Professor	5		2024-09-20 06:58:50	05:15	07:00	1	None	46	112	69	no	38	07:15	123	912	108	108	1	08:01	08:02	0	150 ml water consumed with capsule	318	640	371	362	Due to age and assurance by participant, pregnancy test not performed	0	2	83.3333333333333	205.882352941176	257.843137254902	650	272	550	NA	NA	NA	NA
Sample	6	016_2_A_3-6	26031622	139676.198054211	933438.515222072	293538.015661776	4138926.32684739	0.238651937728897	4.39699315024176	0.406893799184212	1.35056836991385	6	1	26031622	016	LB016	Treatment A	LB_016	1	61	155	68.2	28.4	0	0	0	1	0	0	0	0		Professor	5		2024-09-20 06:58:50	05:15	07:00	1	None	46	112	69	no	38	07:15	123	912	108	108	1	08:01	08:02	0	150 ml water consumed with capsule	318	640	371	362	Due to age and assurance by participant, pregnancy test not performed	0	2	83.3333333333333	205.882352941176	257.843137254902	650	272	550	6.15347643359803	113.373450834665	10.4914773711223	34.8234785575825
Sample	6	016_2_A_BL	26031623	70121.685340648	46663.3946787539	125026.648032226	1581366.24928428	0.107970301410894	0	0.178984578747137	0.548129831196389	6	1	26031623	016	LB016	Treatment A	LB_016	1	61	155	68.2	28.4	0	0	0	1	0	0	0	0		Professor	5		2024-09-20 06:58:50	05:15	07:00	1	None	46	112	69	no	38	07:15	123	912	108	108	1	08:01	08:02	0	150 ml water consumed with capsule	318	640	371	362	Due to age and assurance by participant, pregnancy test not performed	0	2	83.3333333333333	205.882352941176	257.843137254902	650	272	550	0.899752511757452	0	1.49153815622614	4.56774859330324
Sample	6	178_3_B_3-6	26031624	12967.6577921693	10051.9183346104	52165.0204252929	247473.261571619	0.000587163339639641	0	0.0804402669819009	0.129618786527018	6	1	26031624	178	LB178	Treatment B	LB_178	2	24	168	66.3	23.5	0	0	0	1	0	0	0	0		Student	4		2026-02-03 07:00:37	05:50	07:00	1		61	112	70	no	37	07:22	154	1267	108	108	1	08:02	08:02	1	0	1122	778	553	475	Intervention originally scheduled on 18.11.2025 but participant had taken Antibiotics on 16.11./17.11. (Clarithomycin), baseline assessments and intervention rescheduled after 2 month washout	0	3	114.705882352941	994.117647058824	436.274509803922	650	489	792	0.0256164398176118	0	3.50940380460254	5.65493725534541
Sample	6	178_3_B_0-3	26031625	4497.94126518006	2644.07869594604	18247.1967995826	100565.684015738	0	0	0.0345668944599257	0.0835263006086485	6	1	26031625	178	LB178	Treatment B	LB_178	2	24	168	66.3	23.5	0	0	0	1	0	0	0	0		Student	4		2026-02-03 07:00:37	05:50	07:00	1		61	112	70	no	37	07:22	154	1267	108	108	1	08:02	08:02	1	0	1122	778	553	475	Intervention originally scheduled on 18.11.2025 but participant had taken Antibiotics on 16.11./17.11. (Clarithomycin), baseline assessments and intervention rescheduled after 2 month washout	0	3	114.705882352941	994.117647058824	436.274509803922	650	489	792	0	0	3.4363559786632	8.30349694285976
Sample	6	178_3_B_BL	26031627	49384.2646074145	33309.1010703343	152871.080489078	956805.245916725	0.0690080548404373	0	0.216643776366995	0.352172823860046	6	1	26031627	178	LB178	Treatment B	LB_178	2	24	168	66.3	23.5	0	0	0	1	0	0	0	0		Student	4		2026-02-03 07:00:37	05:50	07:00	1		61	112	70	no	37	07:22	154	1267	108	108	1	08:02	08:02	1	0	1122	778	553	475	Intervention originally scheduled on 18.11.2025 but participant had taken Antibiotics on 16.11./17.11. (Clarithomycin), baseline assessments and intervention rescheduled after 2 month washout	0	3	114.705882352941	994.117647058824	436.274509803922	650	489	792	0.791562981993252	0	2.48503155244494	4.03962945015935
Sample	6	178_3_B_AH	26031628	204645.481732167	102704.598414327	566807.293133549	4547847.00787374	0.36071867315997	0.229356909456313	0.776486598020848	1.47886788342783	6	1	26031628	178	LB178	Treatment B	LB_178	2	24	168	66.3	23.5	0	0	0	1	0	0	0	0		Student	4		2026-02-03 07:00:37	05:50	07:00	1		61	112	70	no	37	07:22	154	1267	108	108	1	08:02	08:02	1	0	1122	778	553	475	Intervention originally scheduled on 18.11.2025 but participant had taken Antibiotics on 16.11./17.11. (Clarithomycin), baseline assessments and intervention rescheduled after 2 month washout	0	3	114.705882352941	994.117647058824	436.274509803922	650	489	792	NA	NA	NA	NA
Sample	6	196_3_A_BL	26031629	17310.047026557	14825.8866549193	80358.5605364483	846031.516714334	0.0504567586294552	0	0.1410988965535	0.39103608520916	6	2	26031629	196	LB196	Treatment A	LB_196	2	30	176	85.3	27.5	1	1	0	0	0	0	0	0		Vertriebsarbeiter	2		2025-12-12 07:00:58	04:45	07:02	1		69	121	85	no	37	07:18	186	1545	108	108	1	08:01	08:01	1	0	501	1392	880	709		0	3	146.078431372549	385.294117647059	756.862745098039	650	153	836	0.737064415273414	0	2.06115054769329	5.71219379374165
Sample	6	196_3_A_3-6	26031630	87739.1014058593	1396076.11082438	202489.863612787	4468158.35177877	0.185059157700345	6.42480797893422	0.320474095364253	1.59301480055576	6	2	26031630	196	LB196	Treatment A	LB_196	2	30	176	85.3	27.5	1	1	0	0	0	0	0	0		Vertriebsarbeiter	2		2025-12-12 07:00:58	04:45	07:02	1		69	121	85	no	37	07:18	186	1545	108	108	1	08:01	08:01	1	0	501	1392	880	709		0	3	146.078431372549	385.294117647059	756.862745098039	650	153	836	14.0064382102614	486.269780366394	24.2554903550199	120.569355493044
Sample	6	196_3_A_AH	26031631	135900.798167704	67302.1374947775	430787.636589398	8983262.96181523	0.277104691814091	0.192233866334433	0.655776817796807	3.09132225525057	6	2	26031631	196	LB196	Treatment A	LB_196	2	30	176	85.3	27.5	1	1	0	0	0	0	0	0		Vertriebsarbeiter	2		2025-12-12 07:00:58	04:45	07:02	1		69	121	85	no	37	07:18	186	1545	108	108	1	08:01	08:01	1	0	501	1392	880	709		0	3	146.078431372549	385.294117647059	756.862745098039	650	153	836	NA	NA	NA	NA
Sample	6	196_3_A_0-3	26031633	809524.235958427	216933.127539441	81109.0856387362	956768.545710504	1.56451841042932	0.89407349723735	0.142201198633674	0.427783432255539	6	2	26031633	196	LB196	Treatment A	LB_196	2	30	176	85.3	27.5	1	1	0	0	0	0	0	0		Vertriebsarbeiter	2		2025-12-12 07:00:58	04:45	07:02	1		69	121	85	no	37	07:18	186	1545	108	108	1	08:01	08:01	1	0	501	1392	880	709		0	3	146.078431372549	385.294117647059	756.862745098039	650	153	836	60.2799740488942	34.4481259229685	5.47892853559154	16.4822440074928
Sample	6	161_3_A_AH	26031634	40259.646808455	40960.6000360358	156188.818606596	1174891.56057827	0.0943175092186049	0.068679681991068	0.252471388900538	0.50016610496049	6	2	26031634	161	LB161	Treatment A	LB_161	1	37	167	54.7	19.6	0	1	0	0	0	0	0	0		Babysitter	4		2025-11-28 06:59:04	06:20	07:00	1	Didnt eat boiled egg	67	132	75	No	38	07:18	195	1556	108	108	1	08:00	08:03	1	0	850	1169	702	375		0	3	153.921568627451	727.450980392157	582.352941176471	650	387	1181	NA	NA	NA	NA
Sample	6	161_3_A_BL	26031635	12757.2571626822	11672.7324406437	45849.1601953731	348948.640479882	0.0417555706958108	0	0.0904146707154194	0.226082436647471	6	2	26031635	161	LB161	Treatment A	LB_161	1	37	167	54.7	19.6	0	1	0	0	0	0	0	0		Babysitter	4		2025-11-28 06:59:04	06:20	07:00	1	Didnt eat boiled egg	67	132	75	No	38	07:18	195	1556	108	108	1	08:00	08:03	1	0	850	1169	702	375		0	3	153.921568627451	727.450980392157	582.352941176471	650	387	1181	0.642708294043362	0	1.39167679434518	3.4798963287895
Sample	6	161_3_A_0-3	26031636	148101.623318372	149200.255364393	40967.1523829065	644583.114229103	0.300422629991706	0.576374509927699	0.0832444277072901	0.324186771793686	6	2	26031636	161	LB161	Treatment A	LB_161	1	37	167	54.7	19.6	0	1	0	0	0	0	0	0		Babysitter	4		2025-11-28 06:59:04	06:20	07:00	1	Didnt eat boiled egg	67	132	75	No	38	07:18	195	1556	108	108	1	08:00	08:03	1	0	850	1169	702	375		0	3	153.921568627451	727.450980392157	582.352941176471	650	387	1181	21.8542736719456	41.9284202319953	6.05562405478522	23.5829984971485
Sample	6	161_3_A_3-6	26031637	16486.968423522	500872.286572258	78041.6912383114	1852302.73816128	0.0488837096148289	2.22588153055313	0.137696092517977	0.724960501752551	6	2	26031637	161	LB161	Treatment A	LB_161	1	37	167	54.7	19.6	0	1	0	0	0	0	0	0		Babysitter	4		2025-11-28 06:59:04	06:20	07:00	1	Didnt eat boiled egg	67	132	75	No	38	07:18	195	1556	108	108	1	08:00	08:03	1	0	850	1169	702	375		0	3	153.921568627451	727.450980392157	582.352941176471	650	387	1181	2.84675720698121	129.6248656028	8.01877244663514	42.2182880432368
Sample	6	046_1_B_3-6	26031639	20747.8151530781	18709.6399439719	65957.3628057392	618307.798640138	0.0570269425025355	0	0.119947744956892	0.3154674829573	6	2	26031639	046	LB046	Treatment B	LB_046	1	58	174	75	24.8	1	0	0	0	0	0	0	0		Textilagentin und in Ausbildung	2		2025-03-03 07:00:00	05:50	07:02	1	Carrot went bad, exchanged with fresh one	72	108	82	No	37	07:20	129	2631	107	107	1	08:01	08:03	1	0	588	1586	457	923	Pregnancy test not performed due to age.	0	1	90.1960784313725	471.56862745098	343.137254901961	650	1045	1708	1.9568068505772	0	4.11585399361885	10.8248646112799
Sample	6	046_1_B_BL	26031640	64443.7244202443	46739.3978569796	150904.861177778	2150333.3916599	0.140537565622203	0.0957849583011635	0.244710799351198	0.823859993222129	6	2	26031640	046	LB046	Treatment B	LB_046	1	58	174	75	24.8	1	0	0	0	0	0	0	0		Textilagentin und in Ausbildung	2		2025-03-03 07:00:00	05:50	07:02	1	Carrot went bad, exchanged with fresh one	72	108	82	No	37	07:20	129	2631	107	107	1	08:01	08:03	1	0	588	1586	457	923	Pregnancy test not performed due to age.	0	1	90.1960784313725	471.56862745098	343.137254901961	650	1045	1708	1.26759372914144	0.863942761147749	2.20719544512845	7.43089405651332
Sample	6	046_1_B_0-3	26031641	17282.3899838301	15934.2084960174	54619.0623266477	632291.173888078	0.0504039011214984	0	0.1032950944784	0.320107773091267	6	2	26031641	046	LB046	Treatment B	LB_046	1	58	174	75	24.8	1	0	0	0	0	0	0	0		Textilagentin und in Ausbildung	2		2025-03-03 07:00:00	05:50	07:02	1	Carrot went bad, exchanged with fresh one	72	108	82	No	37	07:20	129	2631	107	107	1	08:01	08:03	1	0	588	1586	457	923	Pregnancy test not performed due to age.	0	1	90.1960784313725	471.56862745098	343.137254901961	650	1045	1708	2.37688984700399	0	4.87107259255983	15.0952783193039
Sample	6	046_1_B_AH	26031642	38717.7507412584	27495.6250036101	105739.443844073	2043760.7832826	0.0913706726950746	0.0055226240577231	0.17837599812059	0.788494581478835	6	2	26031642	046	LB046	Treatment B	LB_046	1	58	174	75	24.8	1	0	0	0	0	0	0	0		Textilagentin und in Ausbildung	2		2025-03-03 07:00:00	05:50	07:02	1	Carrot went bad, exchanged with fresh one	72	108	82	No	37	07:20	129	2631	107	107	1	08:01	08:03	1	0	588	1586	457	923	Pregnancy test not performed due to age.	0	1	90.1960784313725	471.56862745098	343.137254901961	650	1045	1708	NA	NA	NA	NA
Sample	6	175_3_A_0-3	26031643	375387.355640394	368090.767550197	107093.636101413	1645741.76957647	0.734805926981121	1.6030738336091	0.180364910866707	0.656414617258175	6	2	26031643	175	LB175	Treatment A	LB_175	1	34	172	61.6	20.8	0	1	0	0	0	0	0	0		Stay at Home Mom	4		2025-11-05 07:04:30	05:50	07:04	1		65	99	60	no	37	07:13	67	1557	107	107	1	08:01	08:02	0	0	523	1557	225	1557		0	3	29.4117647058824	407.843137254902	115.686274509804	650	0	0	29.9685554533477	65.3802661550378	7.35605910985785	26.771419684255
Sample	6	175_3_A_3-6	26031645	335308.09418981	1443011.11390737	1146178.24554514	21671629.686292	0.658207358509875	6.64495519062054	1.70647659317358	7.3018724181252	6	2	26031645	175	LB175	Treatment A	LB_175	1	34	172	61.6	20.8	0	1	0	0	0	0	0	0		Stay at Home Mom	4		2025-11-05 07:04:30	05:50	07:04	1		65	99	60	no	37	07:13	67	1557	107	107	1	08:01	08:02	0	0	523	1557	225	1557		0	3	29.4117647058824	407.843137254902	115.686274509804	650	0	0	7.61455571609464	76.8730110287474	19.7415919602434	84.4726416998797
Sample	6	175_3_A_AH	26031646	199356.05317793	834301.310713101	545422.086719284	7850841.061748	0.398378924917263	3.78982027857235	0.82414133012627	2.71553557448157	6	2	26031646	175	LB175	Treatment A	LB_175	1	34	172	61.6	20.8	0	1	0	0	0	0	0	0		Stay at Home Mom	4		2025-11-05 07:04:30	05:50	07:04	1		65	99	60	no	37	07:13	67	1557	107	107	1	08:01	08:02	0	0	523	1557	225	1557		0	3	29.4117647058824	407.843137254902	115.686274509804	650	0	0	NA	NA	NA	NA
Sample	6	175_3_A_BL	26031647	106615.646255968	676433.85827724	259368.129657026	3315677.17931532	0.221135578793692	3.04934777006261	0.404011648986514	1.21057158356827	6	2	26031647	175	LB175	Treatment A	LB_175	1	34	172	61.6	20.8	0	1	0	0	0	0	0	0		Stay at Home Mom	4		2025-11-05 07:04:30	05:50	07:04	1		65	99	60	no	37	07:13	67	1557	107	107	1	08:01	08:02	0	0	523	1557	225	1557		0	3	29.4117647058824	407.843137254902	115.686274509804	650	0	0	0.650398761157917	8.96866991194887	1.18826955584269	3.56050465755374
Std	6	Std_0_1	26031602	0	0	0	0	0	0	0	0	6	1	26031602	NA	NA	NA	NA	NA	NA	NA	NA	NA	NA	NA	NA	NA	NA	NA	NA	NA	NA	NA	NA	NA	NA	NA	NA	NA	NA	NA	NA	NA	NA	NA	NA	NA	NA	NA	NA	NA	NA	NA	NA	NA	NA	NA	NA	NA	NA	NA	NA	NA	NA	NA	650	NA	NA	NA	NA	NA	NA
Std	6	Std_1_1	26031603	334932.420678761	255597.90203611	64836.0815054067	2849881.83965526	0.6372	0.856	0.11585	1.0385	6	1	26031603	NA	NA	NA	NA	NA	NA	NA	NA	NA	NA	NA	NA	NA	NA	NA	NA	NA	NA	NA	NA	NA	NA	NA	NA	NA	NA	NA	NA	NA	NA	NA	NA	NA	NA	NA	NA	NA	NA	NA	NA	NA	NA	NA	NA	NA	NA	NA	NA	NA	NA	NA	650	NA	NA	NA	NA	NA	NA
Std	6	Std_2_1	26031604	490610.135741686	381572.96013969	121301.305626488	4828189.95555459	0.8496	1.284	0.173775	1.55775	6	1	26031604	NA	NA	NA	NA	NA	NA	NA	NA	NA	NA	NA	NA	NA	NA	NA	NA	NA	NA	NA	NA	NA	NA	NA	NA	NA	NA	NA	NA	NA	NA	NA	NA	NA	NA	NA	NA	NA	NA	NA	NA	NA	NA	NA	NA	NA	NA	NA	NA	NA	NA	NA	650	NA	NA	NA	NA	NA	NA
Std	6	Std_3_1	26031605	454354.317181167	394706.347690993	103432.044383318	4792724.32545077	1.062	1.926	0.2317	2.077	6	1	26031605	NA	NA	NA	NA	NA	NA	NA	NA	NA	NA	NA	NA	NA	NA	NA	NA	NA	NA	NA	NA	NA	NA	NA	NA	NA	NA	NA	NA	NA	NA	NA	NA	NA	NA	NA	NA	NA	NA	NA	NA	NA	NA	NA	NA	NA	NA	NA	NA	NA	NA	NA	650	NA	NA	NA	NA	NA	NA
Std	6	Std_4_1	26031606	948321.295315408	683056.67618584	260631.244581539	9912479.03643867	1.6992	2.889	0.34755	3.1155	6	1	26031606	NA	NA	NA	NA	NA	NA	NA	NA	NA	NA	NA	NA	NA	NA	NA	NA	NA	NA	NA	NA	NA	NA	NA	NA	NA	NA	NA	NA	NA	NA	NA	NA	NA	NA	NA	NA	NA	NA	NA	NA	NA	NA	NA	NA	NA	NA	NA	NA	NA	NA	NA	650	NA	NA	NA	NA	NA	NA
Std	6	Std_5_1	26031607	1228675.95769972	781144.440885175	330419.525822422	13025650.1521705	2.3364	3.852	0.4634	4.154	6	1	26031607	NA	NA	NA	NA	NA	NA	NA	NA	NA	NA	NA	NA	NA	NA	NA	NA	NA	NA	NA	NA	NA	NA	NA	NA	NA	NA	NA	NA	NA	NA	NA	NA	NA	NA	NA	NA	NA	NA	NA	NA	NA	NA	NA	NA	NA	NA	NA	NA	NA	NA	NA	650	NA	NA	NA	NA	NA	NA
Std	6	Std_0_2	26031649	0	0	0	0	0	0	0	0	6	2	26031649	NA	NA	NA	NA	NA	NA	NA	NA	NA	NA	NA	NA	NA	NA	NA	NA	NA	NA	NA	NA	NA	NA	NA	NA	NA	NA	NA	NA	NA	NA	NA	NA	NA	NA	NA	NA	NA	NA	NA	NA	NA	NA	NA	NA	NA	NA	NA	NA	NA	NA	NA	650	NA	NA	NA	NA	NA	NA
Std	6	Std_1_2	26031650	325527.400369929	217083.08996843	58848.2726106509	2809285.7545886	0.6372	0.856	0.11585	1.0385	6	2	26031650	NA	NA	NA	NA	NA	NA	NA	NA	NA	NA	NA	NA	NA	NA	NA	NA	NA	NA	NA	NA	NA	NA	NA	NA	NA	NA	NA	NA	NA	NA	NA	NA	NA	NA	NA	NA	NA	NA	NA	NA	NA	NA	NA	NA	NA	NA	NA	NA	NA	NA	NA	650	NA	NA	NA	NA	NA	NA
Std	6	Std_2_2	26031651	459872.268238897	332224.43476445	98146.5941574111	4418618.00336027	0.8496	1.284	0.173775	1.55775	6	2	26031651	NA	NA	NA	NA	NA	NA	NA	NA	NA	NA	NA	NA	NA	NA	NA	NA	NA	NA	NA	NA	NA	NA	NA	NA	NA	NA	NA	NA	NA	NA	NA	NA	NA	NA	NA	NA	NA	NA	NA	NA	NA	NA	NA	NA	NA	NA	NA	NA	NA	NA	NA	650	NA	NA	NA	NA	NA	NA
Std	6	Std_3_2	26031652	470391.740486662	410786.602876053	112129.385362649	4962073.17256155	1.062	1.926	0.2317	2.077	6	2	26031652	NA	NA	NA	NA	NA	NA	NA	NA	NA	NA	NA	NA	NA	NA	NA	NA	NA	NA	NA	NA	NA	NA	NA	NA	NA	NA	NA	NA	NA	NA	NA	NA	NA	NA	NA	NA	NA	NA	NA	NA	NA	NA	NA	NA	NA	NA	NA	NA	NA	NA	NA	650	NA	NA	NA	NA	NA	NA
Std	6	Std_4_2	26031653	938842.99138985	688344.611921948	242020.111042345	9477619.9058598	1.6992	2.889	0.34755	3.1155	6	2	26031653	NA	NA	NA	NA	NA	NA	NA	NA	NA	NA	NA	NA	NA	NA	NA	NA	NA	NA	NA	NA	NA	NA	NA	NA	NA	NA	NA	NA	NA	NA	NA	NA	NA	NA	NA	NA	NA	NA	NA	NA	NA	NA	NA	NA	NA	NA	NA	NA	NA	NA	NA	650	NA	NA	NA	NA	NA	NA
Std	6	Std_5_2	26031654	1196027.14171822	813504.153008853	301693.346915335	12327458.321502	2.3364	3.852	0.4634	4.154	6	2	26031654	NA	NA	NA	NA	NA	NA	NA	NA	NA	NA	NA	NA	NA	NA	NA	NA	NA	NA	NA	NA	NA	NA	NA	NA	NA	NA	NA	NA	NA	NA	NA	NA	NA	NA	NA	NA	NA	NA	NA	NA	NA	NA	NA	NA	NA	NA	NA	NA	NA	NA	NA	650	NA	NA	NA	NA	NA	NA
QC	7	QC7a	26031801	226430.520115558	357634.786538807	161935.078065427	2851144.05996817	0.393148543723369	1.64734810737848	0.261701450708499	1.02941653255138	7	1	26031801	NA	NA	NA	NA	NA	NA	NA	NA	NA	NA	NA	NA	NA	NA	NA	NA	NA	NA	NA	NA	NA	NA	NA	NA	NA	NA	NA	NA	NA	NA	NA	NA	NA	NA	NA	NA	NA	NA	NA	NA	NA	NA	NA	NA	NA	NA	NA	NA	NA	NA	NA	650	NA	NA	NA	NA	NA	NA
QC	7	QC7b	26031808	247888.733612141	390017.22399109	171206.000962715	3038512.39373645	0.435743043421854	1.81528252454176	0.277041933647386	1.09268548402319	7	1	26031808	NA	NA	NA	NA	NA	NA	NA	NA	NA	NA	NA	NA	NA	NA	NA	NA	NA	NA	NA	NA	NA	NA	NA	NA	NA	NA	NA	NA	NA	NA	NA	NA	NA	NA	NA	NA	NA	NA	NA	NA	NA	NA	NA	NA	NA	NA	NA	NA	NA	NA	NA	650	NA	NA	NA	NA	NA	NA
QC	7	QC7c	26031814	244872.447938341	386077.872781733	171931.545145293	3030447.67486925	0.429755723962865	1.79485315907724	0.278242482748867	1.08996225808431	7	1	26031814	NA	NA	NA	NA	NA	NA	NA	NA	NA	NA	NA	NA	NA	NA	NA	NA	NA	NA	NA	NA	NA	NA	NA	NA	NA	NA	NA	NA	NA	NA	NA	NA	NA	NA	NA	NA	NA	NA	NA	NA	NA	NA	NA	NA	NA	NA	NA	NA	NA	NA	NA	650	NA	NA	NA	NA	NA	NA
QC	7	QC7d	26031820	216542.563999343	313256.380584859	156468.237246692	2762541.48425046	0.373520975758411	1.41720293225096	0.252655535944831	0.999497965466857	7	1	26031820	NA	NA	NA	NA	NA	NA	NA	NA	NA	NA	NA	NA	NA	NA	NA	NA	NA	NA	NA	NA	NA	NA	NA	NA	NA	NA	NA	NA	NA	NA	NA	NA	NA	NA	NA	NA	NA	NA	NA	NA	NA	NA	NA	NA	NA	NA	NA	NA	NA	NA	NA	650	NA	NA	NA	NA	NA	NA
QC	7	QC7e	26031826	276687.427850281	435044.943341526	189463.278424533	3387543.33621081	0.492908378888322	2.04879502082774	0.307252027778948	1.21054329551914	7	1	26031826	NA	NA	NA	NA	NA	NA	NA	NA	NA	NA	NA	NA	NA	NA	NA	NA	NA	NA	NA	NA	NA	NA	NA	NA	NA	NA	NA	NA	NA	NA	NA	NA	NA	NA	NA	NA	NA	NA	NA	NA	NA	NA	NA	NA	NA	NA	NA	NA	NA	NA	NA	650	NA	NA	NA	NA	NA	NA
QC	7	QC7f	26031832	268968.970637168	435578.333164247	185280.50209489	3247205.51166358	0.461055250047514	1.95656510875013	0.248791613564733	1.01716404842779	7	2	26031832	NA	NA	NA	NA	NA	NA	NA	NA	NA	NA	NA	NA	NA	NA	NA	NA	NA	NA	NA	NA	NA	NA	NA	NA	NA	NA	NA	NA	NA	NA	NA	NA	NA	NA	NA	NA	NA	NA	NA	NA	NA	NA	NA	NA	NA	NA	NA	NA	NA	NA	NA	650	NA	NA	NA	NA	NA	NA
QC	7	QC7g	26031838	277313.081625947	446963.239050082	188254.410296461	3359581.67602285	0.476429522114229	2.01485465158075	0.252512194270012	1.05139769117027	7	2	26031838	NA	NA	NA	NA	NA	NA	NA	NA	NA	NA	NA	NA	NA	NA	NA	NA	NA	NA	NA	NA	NA	NA	NA	NA	NA	NA	NA	NA	NA	NA	NA	NA	NA	NA	NA	NA	NA	NA	NA	NA	NA	NA	NA	NA	NA	NA	NA	NA	NA	NA	NA	650	NA	NA	NA	NA	NA	NA
QC	7	QC7h	26031844	263033.080276828	437268.288603812	182166.711293664	3244721.7928932	0.450118195940639	1.96521750614051	0.244896029306551	1.01640742230922	7	2	26031844	NA	NA	NA	NA	NA	NA	NA	NA	NA	NA	NA	NA	NA	NA	NA	NA	NA	NA	NA	NA	NA	NA	NA	NA	NA	NA	NA	NA	NA	NA	NA	NA	NA	NA	NA	NA	NA	NA	NA	NA	NA	NA	NA	NA	NA	NA	NA	NA	NA	NA	NA	650	NA	NA	NA	NA	NA	NA
QC	7	QC7i	26031855	273061.426250308	421588.335657164	183510.886124472	3283945.4000162	0.46859572093794	1.88493776575171	0.246577692155924	1.02835628140204	7	2	26031855	NA	NA	NA	NA	NA	NA	NA	NA	NA	NA	NA	NA	NA	NA	NA	NA	NA	NA	NA	NA	NA	NA	NA	NA	NA	NA	NA	NA	NA	NA	NA	NA	NA	NA	NA	NA	NA	NA	NA	NA	NA	NA	NA	NA	NA	NA	NA	NA	NA	NA	NA	650	NA	NA	NA	NA	NA	NA
Sample	7	064_2_A_0-3	26031810	84449.4436190239	216606.169377551	48056.932663083	1125417.38205735	0.111316464786073	0.915977633453619	0.0732686737335476	0.446687769144729	7	1	26031810	064	LB064	Treatment A	LB_064	2	28	170	71.8	24.8	0	0	0	1	0	0	0	0		Student	6	Berufsmittelschule	2025-02-11 07:00:00	06:15	07:02	1	Beans went bad for last meal	68	116	76	No	38	07:20	74	1197	106	107	1	08:00	08:00	0	Approximately 150 ml water consumed with capsule.	488	1140	307	906	Acute: Slight cold	0	2	35.2941176470588	374.509803921569	196.078431372549	650	57	291	4.16891074002743	34.3042603901257	2.74398366335443	16.7288948836555
Sample	7	064_2_A_BL	26031811	152435.748168582	94306.8461751927	370862.454927829	11900335.6679814	0.246269107935906	0.281736755455615	0.607411030621138	4.08507088562146	7	1	26031811	064	LB064	Treatment A	LB_064	2	28	170	71.8	24.8	0	0	0	1	0	0	0	0		Student	6	Berufsmittelschule	2025-02-11 07:00:00	06:15	07:02	1	Beans went bad for last meal	68	116	76	No	38	07:20	74	1197	106	107	1	08:00	08:00	0	Approximately 150 ml water consumed with capsule.	488	1140	307	906	Acute: Slight cold	0	2	35.2941176470588	374.509803921569	196.078431372549	650	57	291	0.869185086832611	0.994365019255111	2.14380363748637	14.4178972433699
Sample	7	064_2_A_3-6	26031812	48468.9757209991	1099124.16608283	255756.564130476	5207520.2757913	0.039895326708672	5.49269134227162	0.416946718329358	1.82509768875264	7	1	26031812	064	LB064	Treatment A	LB_064	2	28	170	71.8	24.8	0	0	0	1	0	0	0	0		Student	6	Berufsmittelschule	2025-02-11 07:00:00	06:15	07:02	1	Beans went bad for last meal	68	116	76	No	38	07:20	74	1197	106	107	1	08:00	08:00	0	Approximately 150 ml water consumed with capsule.	488	1140	307	906	Acute: Slight cold	0	2	35.2941176470588	374.509803921569	196.078431372549	650	57	291	0.782261308013176	107.69983024062	8.17542584959526	35.7862291912283
Sample	7	064_2_A_AH	26031813	122922.962345117	64133.9390155907	298796.901547253	13212381.7594187	0.187686302472665	0.125260900744677	0.488165039217251	4.52811149348956	7	1	26031813	064	LB064	Treatment A	LB_064	2	28	170	71.8	24.8	0	0	0	1	0	0	0	0		Student	6	Berufsmittelschule	2025-02-11 07:00:00	06:15	07:02	1	Beans went bad for last meal	68	116	76	No	38	07:20	74	1197	106	107	1	08:00	08:00	0	Approximately 150 ml water consumed with capsule.	488	1140	307	906	Acute: Slight cold	0	2	35.2941176470588	374.509803921569	196.078431372549	650	57	291	NA	NA	NA	NA
Sample	7	163_3_A_3-6	26031815	7451.35708457119	332967.93075172	93628.1939422173	1517671.03182035	0	1.51942648146755	0.148674883439011	0.579140658234243	7	1	26031815	163	LB163	Treatment A	LB_163	1	33	165	59.3	21.8	1	0	0	0	0	0	1	0	German	Kispi Kommunikationsabteilung	4		2025-11-07 07:02:50	05:20	07:03	1		57	120	94	no	38	07:20	78	1555	108	108	1	08:01	08:02	1	0	619	1326	474	933		0	3	39.2156862745098	500.980392156863	358.823529411765	650	229	622	0	54.5205972761886	5.33480464104686	20.7809295013464
Sample	7	163_3_A_BL	26031816	186155.757271462	145964.29256744	583381.493599053	4394741.61328791	0.313203241003148	0.549630831212215	0.959063689481893	1.55064547625206	7	1	26031816	163	LB163	Treatment A	LB_163	1	33	165	59.3	21.8	1	0	0	0	0	0	1	0	German	Kispi Kommunikationsabteilung	4		2025-11-07 07:02:50	05:20	07:03	1		57	120	94	no	38	07:20	78	1555	108	108	1	08:01	08:02	1	0	619	1326	474	933		0	3	39.2156862745098	500.980392156863	358.823529411765	650	229	622	1.22824800393391	2.15541502436163	3.76103407639958	6.08096265196886
Sample	7	163_3_A_AH	26031817	49997.7161364462	27821.0967020835	157345.857719105	1582582.43286798	0.0429298725796595	0	0.254107723826558	0.601059390179253	7	1	26031817	163	LB163	Treatment A	LB_163	1	33	165	59.3	21.8	1	0	0	0	0	0	1	0	German	Kispi Kommunikationsabteilung	4		2025-11-07 07:02:50	05:20	07:03	1		57	120	94	no	38	07:20	78	1555	108	108	1	08:01	08:02	1	0	619	1326	474	933		0	3	39.2156862745098	500.980392156863	358.823529411765	650	229	622	NA	NA	NA	NA
Sample	7	163_3_A_0-3	26031818	155259.724860405	257072.77828729	113916.893258647	1340032.85160866	0.251874694550447	1.12583633824831	0.182246346513839	0.519157302576856	7	1	26031818	163	LB163	Treatment A	LB_163	1	33	165	59.3	21.8	1	0	0	0	0	0	1	0	German	Kispi Kommunikationsabteilung	4		2025-11-07 07:02:50	05:20	07:03	1		57	120	94	no	38	07:20	78	1555	108	108	1	08:01	08:02	1	0	619	1326	474	933		0	3	39.2156862745098	500.980392156863	358.823529411765	650	229	622	12.6184283250273	56.4021930240087	9.13018461456586	26.0087629036052
Sample	7	193_3_A_3-6	26031819	7176.923251446	197210.8007066	50112.0680742563	855562.728393647	0	0.815393792653411	0.0766692812093607	0.355565536034589	7	1	26031819	193	LB193	Treatment A	LB_193	2	25	177	72.3	23.1	1	0	0	0	0	0	0	0		Ph.D. Student	4		2026-01-22 07:05:39	06:50	07:05	1		64	130	77	no	38	07:39	73	3521	108	108	1	08:01	08:02	1	0	1097	2076	1971	405		0	3	34.3137254901961	969.607843137255	1826.47058823529	650	1445	3116	0	148.929278011108	14.0034187150038	64.9429993757294
Sample	7	193_3_A_BL	26031821	89126.208312228	45729.4232782896	261785.319141103	3390002.62172923	0.120599830912815	0.0298155956137583	0.426922425646513	1.21137372621674	7	1	26031821	193	LB193	Treatment A	LB_193	2	25	177	72.3	23.1	1	0	0	0	0	0	0	0		Ph.D. Student	4		2026-01-22 07:05:39	06:50	07:05	1		64	130	77	no	38	07:39	73	3521	108	108	1	08:01	08:02	1	0	1097	2076	1971	405		0	3	34.3137254901961	969.607843137255	1826.47058823529	650	1445	3116	0.413822949210638	0.10230841632172	1.46492989192431	4.15667455074373
Sample	7	193_3_A_0-3	26031823	142206.538661621	249821.951222873	60334.733496341	903855.484149618	0.225964152850555	1.08823375138903	0.0935846008851727	0.371872624638704	7	1	26031823	193	LB193	Treatment A	LB_193	2	25	177	72.3	23.1	1	0	0	0	0	0	0	0		Ph.D. Student	4		2026-01-22 07:05:39	06:50	07:05	1		64	130	77	no	38	07:39	73	3521	108	108	1	08:01	08:02	1	0	1097	2076	1971	405		0	3	34.3137254901961	969.607843137255	1826.47058823529	650	1445	3116	21.9096614871763	105.515998051348	9.07403630151331	36.0570613497724
Sample	7	086_3_A_AH	26031824	53030.9917958582	22253.862360799	145959.188125464	2332428.40617478	0.0489509171172592	0	0.235266340658214	0.854261025388085	7	1	26031824	086	LB086	Treatment A	LB_086	1	19	160	65.9	25.7	0	0	0	1	0	0	0	0		Studentin	3		2025-05-06 07:02:51	06:00	07:03	1		77	91	53	no	38	07:23	74	1438	108	108	1	08:00	08:01	1	0	396	1146	519	819	Weight at inclusion visit has switched digits probably	0	3	35.2941176470588	282.352941176471	402.941176470588	650	292	619	NA	NA	NA	NA
Sample	7	086_3_A_0-3	26031825	418950.816564271	192813.995949003	79334.0114168373	1224835.25693445	0.775300846865611	0.792592085850585	0.125022474117382	0.480258354816956	7	1	26031825	086	LB086	Treatment A	LB_086	1	19	160	65.9	25.7	0	0	0	1	0	0	0	0		Studentin	3		2025-05-06 07:02:51	06:00	07:03	1		77	91	53	no	38	07:23	74	1438	108	108	1	08:00	08:01	1	0	396	1146	519	819	Weight at inclusion visit has switched digits probably	0	3	35.2941176470588	282.352941176471	402.941176470588	650	292	619	21.8908474409114	22.3790706593106	3.5300463280202	13.560235900714
Sample	7	086_3_A_3-6	26031827	43209.0765496404	388922.467633605	240358.605466362	5878143.42515518	0.0294544401127687	1.80960514861535	0.391467904105845	2.05154803198648	7	1	26031827	086	LB086	Treatment A	LB_086	1	19	160	65.9	25.7	0	0	0	1	0	0	0	0		Studentin	3		2025-05-06 07:02:51	06:00	07:03	1		77	91	53	no	38	07:23	74	1438	108	108	1	08:00	08:01	1	0	396	1146	519	819	Weight at inclusion visit has switched digits probably	0	3	35.2941176470588	282.352941176471	402.941176470588	650	292	619	1.18684067513215	72.9164427530304	15.7738537830885	82.6653177594551
Sample	7	086_3_A_BL	26031828	89912.5606289924	45152.8155498952	218295.377515095	2886943.22979593	0.122160738279341	0.0268253240215582	0.354960150162365	1.04150489291095	7	1	26031828	086	LB086	Treatment A	LB_086	1	19	160	65.9	25.7	0	0	0	1	0	0	0	0		Studentin	3		2025-05-06 07:02:51	06:00	07:03	1		77	91	53	no	38	07:23	74	1438	108	108	1	08:00	08:01	1	0	396	1146	519	819	Weight at inclusion visit has switched digits probably	0	3	35.2941176470588	282.352941176471	402.941176470588	650	292	619	0.431155546868264	0.0946776141937348	1.25280052998482	3.67589962203866
Sample	7	074_3_A_AH	26031829	39696.8059887064	19829.2060080746	110182.879869546	2886885.46709853	0.0386144841744011	0	0.15483889366694	0.907398176377194	7	2	26031829	074	LB074	Treatment A	LB_074	2	29	163	73.4	27.6	0	0	0	0	0	0	1	0	Indian	Software engineer 	5		2025-02-17 06:54:44	05:50	06:59	1		61	118	81	No	37	07:55	245	1876	107	107	1	08:10	08:14	1	All measurements shifted by +15mins because of delayed intervention begin due to instrument issues.	975	1574	1511	198		0	3	203.921568627451	850.980392156863	1376.47058823529	650	302	1678	NA	NA	NA	NA
Sample	7	074_3_A_0-3	26031830	146712.298659974	92973.938273985	14892.7767854447	199398.062959464	0.235793704572372	0.202465975198098	0.0356238759500271	0.0886971271574808	7	2	26031830	074	LB074	Treatment A	LB_074	2	29	163	73.4	27.6	0	0	0	0	0	0	1	0	Indian	Software engineer 	5		2025-02-17 06:54:44	05:50	06:59	1		61	118	81	No	37	07:55	245	1876	107	107	1	08:10	08:14	1	All measurements shifted by +15mins because of delayed intervention begin due to instrument issues.	975	1574	1511	198		0	3	203.921568627451	850.980392156863	1376.47058823529	650	302	1678	20.0655819185116	17.2294574972499	3.03152199261015	7.54795160516601
Sample	7	074_3_A_BL	26031831	8544.38863875023	6804.62044339537	35089.4792849972	592862.107244229	0	0	0.0608914553562781	0.208559800891337	7	2	26031831	074	LB074	Treatment A	LB_074	2	29	163	73.4	27.6	0	0	0	0	0	0	1	0	Indian	Software engineer 	5		2025-02-17 06:54:44	05:50	06:59	1		61	118	81	No	37	07:55	245	1876	107	107	1	08:10	08:14	1	All measurements shifted by +15mins because of delayed intervention begin due to instrument issues.	975	1574	1511	198		0	3	203.921568627451	850.980392156863	1376.47058823529	650	302	1678	0	0	1.24170810922606	4.25298417503903
Sample	7	074_3_A_3-6	26031833	89029.132239456	361523.427208878	92104.6876355729	1694918.27677998	0.129510758982215	1.57741163521341	0.132221728424073	0.544283994764169	7	2	26031833	074	LB074	Treatment A	LB_074	2	29	163	73.4	27.6	0	0	0	0	0	0	1	0	Indian	Software engineer 	5		2025-02-17 06:54:44	05:50	06:59	1		61	118	81	No	37	07:55	245	1876	107	107	1	08:10	08:14	1	All measurements shifted by +15mins because of delayed intervention begin due to instrument issues.	975	1574	1511	198		0	3	203.921568627451	850.980392156863	1376.47058823529	650	302	1678	17.8267750599049	217.126072141139	18.1999320301372	74.9190910440091
Sample	7	040_2_A_BL	26031834	66032.1971677255	42466.9733335088	212378.599600701	2208539.14731047	0.0871382237931675	0	0.282693352252104	0.700750568321623	7	2	26031834	040	LB040	Treatment A	LB_040	2	47	177	74.9	23.9	1	0	0	0	0	0	0	0		Leiter Verwaltung	3		2025-01-31 07:03:15	03:49	07:04	1		67	122	76	No	37	07:10	87	1559	107	106	1	08:03	08:04	1	0	553	482	1288	28	At-home sampled stored in the fridge by participant. For post-intervention meal, banana and orange juice was not consumed.	Urine collection container and lid were rinsed, dried under the fume hood, closed and then stored in breath lab, i.e. not stored under the fume hood overnight.	2	49.0196078431373	437.254901960784	1158.82352941176	650	1077	1531	0.42714815584886	0	1.385751726726	3.43505180549815
Sample	7	040_2_A_0-3	26031835	615273.822480481	327194.091883322	190122.537362458	2431306.59707927	1.0991322144386	1.40164898228753	0.2548493603981	0.768613191445672	7	2	26031835	040	LB040	Treatment A	LB_040	2	47	177	74.9	23.9	1	0	0	0	0	0	0	0		Leiter Verwaltung	3		2025-01-31 07:03:15	03:49	07:04	1		67	122	76	No	37	07:10	87	1559	107	106	1	08:03	08:04	1	0	553	482	1288	28	At-home sampled stored in the fridge by participant. For post-intervention meal, banana and orange juice was not consumed.	Urine collection container and lid were rinsed, dried under the fume hood, closed and then stored in breath lab, i.e. not stored under the fume hood overnight.	2	49.0196078431373	437.254901960784	1158.82352941176	650	1077	1531	48.0600948666291	61.2877888333568	11.143413209564	33.6079885671343
Sample	7	040_2_A_AH	26031836	38087.2876179087	17991.9842568406	138797.401884866	2136143.56387978	0.0356488988217739	0	0.1906377923837	0.678696384915107	7	2	26031836	040	LB040	Treatment A	LB_040	2	47	177	74.9	23.9	1	0	0	0	0	0	0	0		Leiter Verwaltung	3		2025-01-31 07:03:15	03:49	07:04	1		67	122	76	No	37	07:10	87	1559	107	106	1	08:03	08:04	1	0	553	482	1288	28	At-home sampled stored in the fridge by participant. For post-intervention meal, banana and orange juice was not consumed.	Urine collection container and lid were rinsed, dried under the fume hood, closed and then stored in breath lab, i.e. not stored under the fume hood overnight.	2	49.0196078431373	437.254901960784	1158.82352941176	650	1077	1531	NA	NA	NA	NA
Sample	7	040_2_A_3-6	26031837	13865.488920045	465068.101244967	135522.430295789	2719112.0426602	0	2.1075496769884	0.186540558952546	0.856288623860854	7	2	26031837	040	LB040	Treatment A	LB_040	2	47	177	74.9	23.9	1	0	0	0	0	0	0	0		Leiter Verwaltung	3		2025-01-31 07:03:15	03:49	07:04	1		67	122	76	No	37	07:10	87	1559	107	106	1	08:03	08:04	1	0	553	482	1288	28	At-home sampled stored in the fridge by participant. For post-intervention meal, banana and orange juice was not consumed.	Urine collection container and lid were rinsed, dried under the fume hood, closed and then stored in breath lab, i.e. not stored under the fume hood overnight.	2	49.0196078431373	437.254901960784	1158.82352941176	650	1077	1531	0	244.227815509833	21.6167588903833	99.2287405297578
Sample	7	008_1_A_0-3	26031839	2476014.23927809	121488.002491398	176050.959406827	1467414.74197489	4.52760164058231	0.348455040381665	0.23724476809532	0.474978597328907	7	2	26031839	008	LB008	Treatment A	LB_008	2	20	180	86.9	26.8	1	0	0	0	0	0	0	0		Student	3		2024-10-04 07:04:15	06:00	07:00	0	Breakfast 1 skipped	75	140	72	No	36	07:10	65	1218	105	105	1	07:59	07:59	1	0	610	1151	339	977		0	1	28.4313725490196	495.098039215686	229.411764705882	650	67	241	224.160669460203	17.2519407247785	11.7459419498173	23.5160972206959
Sample	7	008_1_A_3-6	26031840	330690.724158892	497433.128734984	1785619.08146174	25882630.4678535	0.57477941219658	2.27325527657889	2.25093439563198	7.9126926126271	7	2	26031840	008	LB008	Treatment A	LB_008	2	20	180	86.9	26.8	1	0	0	0	0	0	0	0		Student	3		2024-10-04 07:04:15	06:00	07:00	0	Breakfast 1 skipped	75	140	72	No	36	07:10	65	1218	105	105	1	07:59	07:59	1	0	610	1151	339	977		0	1	28.4313725490196	495.098039215686	229.411764705882	650	67	241	13.1861159268627	52.1511504626921	51.6390831939102	181.526477583798
Sample	7	008_1_A_BL	26031841	192618.03498257	107641.758718693	442430.200702633	3193462.94758396	0.320376385770593	0.277563701663049	0.570505043220321	1.00079221593771	7	2	26031841	008	LB008	Treatment A	LB_008	2	20	180	86.9	26.8	1	0	0	0	0	0	0	0		Student	3		2024-10-04 07:04:15	06:00	07:00	0	Breakfast 1 skipped	75	140	72	No	36	07:10	65	1218	105	105	1	07:59	07:59	1	0	610	1151	339	977		0	1	28.4313725490196	495.098039215686	229.411764705882	650	67	241	0.910874037975214	0.789151700806709	1.62202414248915	2.8453896335484
Sample	7	008_1_A_AH	26031842	205862.88292383	106932.307796766	575473.686175779	4408322.76504353	0.344780411077186	0.27393138618196	0.736952354792671	1.3708802787421	7	2	26031842	008	LB008	Treatment A	LB_008	2	20	180	86.9	26.8	1	0	0	0	0	0	0	0		Student	3		2024-10-04 07:04:15	06:00	07:00	0	Breakfast 1 skipped	75	140	72	No	36	07:10	65	1218	105	105	1	07:59	07:59	1	0	610	1151	339	977		0	1	28.4313725490196	495.098039215686	229.411764705882	650	67	241	NA	NA	NA	NA
Sample	7	216_1_B_AH	26031843	211107.11942448	121705.999044171	639736.273040253	8160652.79424897	0.354443072426205	0.349571160227292	0.817349638284131	2.51396899692467	7	2	26031843	216	LB216	Treatment B	LB_216	2	23	189	72.3	20.2	1	0	0	0	0	0	0	0		Student	4		2026-02-10 07:01:51	06:10	07:01	1		69	104	73	no	37	07:24	74	1299	111	109	1	08:00	08:01	1	0	701	1108	495	795	SESI issues prevented on-line breath measurement for timepoint +6h, other measurements performed according to protocol.	0	1	36.2745098039216	578.43137254902	378.43137254902	650	191	504	NA	NA	NA	NA
Sample	7	216_1_B_BL	26031845	161686.14984279	136076.043944501	520010.366642233	4561822.63708962	0.263383469651084	0.423144306645472	0.667563610244931	1.4176416165276	7	2	26031845	216	LB216	Treatment B	LB_216	2	23	189	72.3	20.2	1	0	0	0	0	0	0	0		Student	4		2026-02-10 07:01:51	06:10	07:01	1		69	104	73	no	37	07:24	74	1299	111	109	1	08:00	08:01	1	0	701	1108	495	795	SESI issues prevented on-line breath measurement for timepoint +6h, other measurements performed according to protocol.	0	1	36.2745098039216	578.43137254902	378.43137254902	650	191	504	0.955410625204914	1.53493522998848	2.4215542724571	5.14242547171777
Sample	7	216_1_B_0-3	26031846	8028.98902517607	7708.85802980265	34968.5796823506	289062.049151919	0	0	0.0607402009467958	0.116011859669316	7	2	26031846	216	LB216	Treatment B	LB_216	2	23	189	72.3	20.2	1	0	0	0	0	0	0	0		Student	4		2026-02-10 07:01:51	06:10	07:01	1		69	104	73	no	37	07:24	74	1299	111	109	1	08:00	08:01	1	0	701	1108	495	795	SESI issues prevented on-line breath measurement for timepoint +6h, other measurements performed according to protocol.	0	1	36.2745098039216	578.43137254902	378.43137254902	650	191	504	0	0	3.51340378025583	6.71048992204868
Sample	7	216_1_B_3-6	26031847	30618.3915671696	23099.793492564	109446.009128697	692826.315953155	0.021887236246037	0	0.153917013476004	0.239012335265404	7	2	26031847	216	LB216	Treatment B	LB_216	2	23	189	72.3	20.2	1	0	0	0	0	0	0	0		Student	4		2026-02-10 07:01:51	06:10	07:01	1		69	104	73	no	37	07:24	74	1299	111	109	1	08:00	08:01	1	0	701	1108	495	795	SESI issues prevented on-line breath measurement for timepoint +6h, other measurements performed according to protocol.	0	1	36.2745098039216	578.43137254902	378.43137254902	650	191	504	0.828281685389242	0	5.82470266683702	9.04497660906332
Std	7	Std_0_1	26031802	0	0	0	0	0	0	0	0	7	1	26031802	NA	NA	NA	NA	NA	NA	NA	NA	NA	NA	NA	NA	NA	NA	NA	NA	NA	NA	NA	NA	NA	NA	NA	NA	NA	NA	NA	NA	NA	NA	NA	NA	NA	NA	NA	NA	NA	NA	NA	NA	NA	NA	NA	NA	NA	NA	NA	NA	NA	NA	NA	650	NA	NA	NA	NA	NA	NA
Std	7	Std_1_1	26031803	389559.908940492	260013.688889572	84925.809555032	3439486.99596763	0.6372	0.856	0.11585	1.0385	7	1	26031803	NA	NA	NA	NA	NA	NA	NA	NA	NA	NA	NA	NA	NA	NA	NA	NA	NA	NA	NA	NA	NA	NA	NA	NA	NA	NA	NA	NA	NA	NA	NA	NA	NA	NA	NA	NA	NA	NA	NA	NA	NA	NA	NA	NA	NA	NA	NA	NA	NA	NA	NA	650	NA	NA	NA	NA	NA	NA
Std	7	Std_2_1	26031804	453892.017002965	310766.146566148	101712.284475829	4429371.15688759	0.8496	1.284	0.173775	1.55775	7	1	26031804	NA	NA	NA	NA	NA	NA	NA	NA	NA	NA	NA	NA	NA	NA	NA	NA	NA	NA	NA	NA	NA	NA	NA	NA	NA	NA	NA	NA	NA	NA	NA	NA	NA	NA	NA	NA	NA	NA	NA	NA	NA	NA	NA	NA	NA	NA	NA	NA	NA	NA	NA	650	NA	NA	NA	NA	NA	NA
Std	7	Std_3_1	26031805	438769.984554247	370184.815281737	90983.707217722	4696069.36216787	1.062	1.926	0.2317	2.077	7	1	26031805	NA	NA	NA	NA	NA	NA	NA	NA	NA	NA	NA	NA	NA	NA	NA	NA	NA	NA	NA	NA	NA	NA	NA	NA	NA	NA	NA	NA	NA	NA	NA	NA	NA	NA	NA	NA	NA	NA	NA	NA	NA	NA	NA	NA	NA	NA	NA	NA	NA	NA	NA	650	NA	NA	NA	NA	NA	NA
Std	7	Std_4_1	26031806	887074.762908569	606464.035413818	213234.149637687	9035869.45863593	1.6992	2.889	0.34755	3.1155	7	1	26031806	NA	NA	NA	NA	NA	NA	NA	NA	NA	NA	NA	NA	NA	NA	NA	NA	NA	NA	NA	NA	NA	NA	NA	NA	NA	NA	NA	NA	NA	NA	NA	NA	NA	NA	NA	NA	NA	NA	NA	NA	NA	NA	NA	NA	NA	NA	NA	NA	NA	NA	NA	650	NA	NA	NA	NA	NA	NA
Std	7	Std_5_1	26031807	1193395.0795371	776343.072199638	284140.617119487	12582576.1670236	2.3364	3.852	0.4634	4.154	7	1	26031807	NA	NA	NA	NA	NA	NA	NA	NA	NA	NA	NA	NA	NA	NA	NA	NA	NA	NA	NA	NA	NA	NA	NA	NA	NA	NA	NA	NA	NA	NA	NA	NA	NA	NA	NA	NA	NA	NA	NA	NA	NA	NA	NA	NA	NA	NA	NA	NA	NA	NA	NA	650	NA	NA	NA	NA	NA	NA
Std	7	Std_0_2	26031849	0	0	0	0	0	0	0	0	7	2	26031849	NA	NA	NA	NA	NA	NA	NA	NA	NA	NA	NA	NA	NA	NA	NA	NA	NA	NA	NA	NA	NA	NA	NA	NA	NA	NA	NA	NA	NA	NA	NA	NA	NA	NA	NA	NA	NA	NA	NA	NA	NA	NA	NA	NA	NA	NA	NA	NA	NA	NA	NA	650	NA	NA	NA	NA	NA	NA
Std	7	Std_1_2	26031850	400220.187049484	262570.081711553	85548.7168820255	3677300.81752496	0.6372	0.856	0.11585	1.0385	7	2	26031850	NA	NA	NA	NA	NA	NA	NA	NA	NA	NA	NA	NA	NA	NA	NA	NA	NA	NA	NA	NA	NA	NA	NA	NA	NA	NA	NA	NA	NA	NA	NA	NA	NA	NA	NA	NA	NA	NA	NA	NA	NA	NA	NA	NA	NA	NA	NA	NA	NA	NA	NA	650	NA	NA	NA	NA	NA	NA
Std	7	Std_2_2	26031851	503167.264483919	343318.160752545	125089.298262222	5078071.85597736	0.8496	1.284	0.173775	1.55775	7	2	26031851	NA	NA	NA	NA	NA	NA	NA	NA	NA	NA	NA	NA	NA	NA	NA	NA	NA	NA	NA	NA	NA	NA	NA	NA	NA	NA	NA	NA	NA	NA	NA	NA	NA	NA	NA	NA	NA	NA	NA	NA	NA	NA	NA	NA	NA	NA	NA	NA	NA	NA	NA	650	NA	NA	NA	NA	NA	NA
Std	7	Std_3_2	26031852	534099.312517363	415168.341237958	128349.486030203	5816283.91999287	1.062	1.926	0.2317	2.077	7	2	26031852	NA	NA	NA	NA	NA	NA	NA	NA	NA	NA	NA	NA	NA	NA	NA	NA	NA	NA	NA	NA	NA	NA	NA	NA	NA	NA	NA	NA	NA	NA	NA	NA	NA	NA	NA	NA	NA	NA	NA	NA	NA	NA	NA	NA	NA	NA	NA	NA	NA	NA	NA	650	NA	NA	NA	NA	NA	NA
Std	7	Std_4_2	26031853	982213.803008134	625508.448440234	277414.054078074	10367148.4866336	1.6992	2.889	0.34755	3.1155	7	2	26031853	NA	NA	NA	NA	NA	NA	NA	NA	NA	NA	NA	NA	NA	NA	NA	NA	NA	NA	NA	NA	NA	NA	NA	NA	NA	NA	NA	NA	NA	NA	NA	NA	NA	NA	NA	NA	NA	NA	NA	NA	NA	NA	NA	NA	NA	NA	NA	NA	NA	NA	NA	650	NA	NA	NA	NA	NA	NA
Std	7	Std_5_2	26031854	1266301.59752825	784793.74565212	367011.972274253	13714180.8589654	2.3364	3.852	0.4634	4.154	7	2	26031854	NA	NA	NA	NA	NA	NA	NA	NA	NA	NA	NA	NA	NA	NA	NA	NA	NA	NA	NA	NA	NA	NA	NA	NA	NA	NA	NA	NA	NA	NA	NA	NA	NA	NA	NA	NA	NA	NA	NA	NA	NA	NA	NA	NA	NA	NA	NA	NA	NA	NA	NA	650	NA	NA	NA	NA	NA	NA
QC	8	QC8a	26032301	278767.161413363	446821.718050036	187778.709330821	3440542.05012902	0.450613426111982	2.05591474095053	0.254043764325923	1.03235424993636	8	1	26032301	NA	NA	NA	NA	NA	NA	NA	NA	NA	NA	NA	NA	NA	NA	NA	NA	NA	NA	NA	NA	NA	NA	NA	NA	NA	NA	NA	NA	NA	NA	NA	NA	NA	NA	NA	NA	NA	NA	NA	NA	NA	NA	NA	NA	NA	NA	NA	NA	NA	NA	NA	650	NA	NA	NA	NA	NA	NA
QC	8	QC8b	26032308	280748.075376074	443166.404513626	190788.141382546	3532990.22337011	0.454353079157461	2.03660675321464	0.258000675544592	1.06052759356944	8	1	26032308	NA	NA	NA	NA	NA	NA	NA	NA	NA	NA	NA	NA	NA	NA	NA	NA	NA	NA	NA	NA	NA	NA	NA	NA	NA	NA	NA	NA	NA	NA	NA	NA	NA	NA	NA	NA	NA	NA	NA	NA	NA	NA	NA	NA	NA	NA	NA	NA	NA	NA	NA	650	NA	NA	NA	NA	NA	NA
QC	8	QC8c	26032314	268931.406927117	434697.430551996	183723.131068173	3348763.08165673	0.432045073365989	1.99187219248327	0.248711341845588	1.00438484473983	8	1	26032314	NA	NA	NA	NA	NA	NA	NA	NA	NA	NA	NA	NA	NA	NA	NA	NA	NA	NA	NA	NA	NA	NA	NA	NA	NA	NA	NA	NA	NA	NA	NA	NA	NA	NA	NA	NA	NA	NA	NA	NA	NA	NA	NA	NA	NA	NA	NA	NA	NA	NA	NA	650	NA	NA	NA	NA	NA	NA
QC	8	QC8d	26032320	272277.111689453	436075.797063023	185653.602876719	3378374.81013296	0.43836123612685	1.99915295880479	0.251249596714038	1.01340894302844	8	1	26032320	NA	NA	NA	NA	NA	NA	NA	NA	NA	NA	NA	NA	NA	NA	NA	NA	NA	NA	NA	NA	NA	NA	NA	NA	NA	NA	NA	NA	NA	NA	NA	NA	NA	NA	NA	NA	NA	NA	NA	NA	NA	NA	NA	NA	NA	NA	NA	NA	NA	NA	NA	650	NA	NA	NA	NA	NA	NA
QC	8	QC8e	26032326	270793.283416319	424877.308828495	183086.231878071	3375932.38669607	0.435560002441264	1.94000063949235	0.247873923519751	1.01266462075173	8	1	26032326	NA	NA	NA	NA	NA	NA	NA	NA	NA	NA	NA	NA	NA	NA	NA	NA	NA	NA	NA	NA	NA	NA	NA	NA	NA	NA	NA	NA	NA	NA	NA	NA	NA	NA	NA	NA	NA	NA	NA	NA	NA	NA	NA	NA	NA	NA	NA	NA	NA	NA	NA	650	NA	NA	NA	NA	NA	NA
QC	8	QC8f	26032332	270854.021496887	428808.236197005	183320.152531157	3404301.31323904	0.450443838081534	2.12095148547381	0.29071906080423	1.05098378172226	8	2	26032332	NA	NA	NA	NA	NA	NA	NA	NA	NA	NA	NA	NA	NA	NA	NA	NA	NA	NA	NA	NA	NA	NA	NA	NA	NA	NA	NA	NA	NA	NA	NA	NA	NA	NA	NA	NA	NA	NA	NA	NA	NA	NA	NA	NA	NA	NA	NA	NA	NA	NA	NA	650	NA	NA	NA	NA	NA	NA
QC	8	QC8g	26032338	269379.102882513	423760.013302635	184597.438921055	3375873.57762045	0.447481979207574	2.09100908038706	0.292807440527667	1.04159425937315	8	2	26032338	NA	NA	NA	NA	NA	NA	NA	NA	NA	NA	NA	NA	NA	NA	NA	NA	NA	NA	NA	NA	NA	NA	NA	NA	NA	NA	NA	NA	NA	NA	NA	NA	NA	NA	NA	NA	NA	NA	NA	NA	NA	NA	NA	NA	NA	NA	NA	NA	NA	NA	NA	650	NA	NA	NA	NA	NA	NA
QC	8	QC8h	26032344	270105.133613268	438458.384006135	185195.173543326	3388442.75723574	0.44893995834059	2.1781891789937	0.29378474434537	1.04574578922031	8	2	26032344	NA	NA	NA	NA	NA	NA	NA	NA	NA	NA	NA	NA	NA	NA	NA	NA	NA	NA	NA	NA	NA	NA	NA	NA	NA	NA	NA	NA	NA	NA	NA	NA	NA	NA	NA	NA	NA	NA	NA	NA	NA	NA	NA	NA	NA	NA	NA	NA	NA	NA	NA	650	NA	NA	NA	NA	NA	NA
QC	8	QC8i	26032355	272516.894056703	423499.21541792	184602.326484425	3471483.14175852	0.453783136805921	2.08946221606009	0.292815431756823	1.0731735645738	8	2	26032355	NA	NA	NA	NA	NA	NA	NA	NA	NA	NA	NA	NA	NA	NA	NA	NA	NA	NA	NA	NA	NA	NA	NA	NA	NA	NA	NA	NA	NA	NA	NA	NA	NA	NA	NA	NA	NA	NA	NA	NA	NA	NA	NA	NA	NA	NA	NA	NA	NA	NA	NA	650	NA	NA	NA	NA	NA	NA
Sample	8	103_3_A_AH	26032310	69394.0737100245	37555.5260288676	164479.866548577	2841494.93935868	0.0553500679801886	0	0.22340959455485	0.849796179696065	8	1	26032310	103	LB103	Treatment A	LB_103	1	23	165	56.2	20.6	0	1	0	0	0	0	0	0		MSc Student	4		2025-05-12 07:04:53	06:40	07:05	1		75	104	72	No	37	07:53	49	1550	106	107	1	08:03	08:04	1	0	809	1166	465	658		0	3	11.7647058823529	689.21568627451	350.980392156863	650	384	892	NA	NA	NA	NA
Sample	8	103_3_A_0-3	26032311	69995.6779159739	145448.061483921	56341.0843502415	966573.592754682	0.0564858018097755	0.464007834213828	0.0812247726019918	0.278418709152541	8	1	26032311	103	LB103	Treatment A	LB_103	1	23	165	56.2	20.6	0	1	0	0	0	0	0	0		MSc Student	4		2025-05-12 07:04:53	06:40	07:05	1		75	104	72	No	37	07:53	49	1550	106	107	1	08:03	08:04	1	0	809	1166	465	658		0	3	11.7647058823529	689.21568627451	350.980392156863	650	384	892	3.89309006590904	31.9801477894432	5.59813873913728	19.1890541700232
Sample	8	103_3_A_BL	26032312	132512.351445477	114479.243409681	407734.359772033	3799060.30324922	0.174507418577986	0.300425270470274	0.543249490150993	1.14161176784907	8	1	26032312	103	LB103	Treatment A	LB_103	1	23	165	56.2	20.6	0	1	0	0	0	0	0	0		MSc Student	4		2025-05-12 07:04:53	06:40	07:05	1		75	104	72	No	37	07:53	49	1550	106	107	1	08:03	08:04	1	0	809	1166	465	658		0	3	11.7647058823529	689.21568627451	350.980392156863	650	384	892	0.205302845385866	0.353441494670911	0.639117047236462	1.34307266805773
Sample	8	103_3_A_3-6	26032313	5715.63317163886	280526.799154604	49546.6287635542	994437.107303114	0	1.17751669859614	0.0722911741443369	0.28691004373144	8	1	26032313	103	LB103	Treatment A	LB_103	1	23	165	56.2	20.6	0	1	0	0	0	0	0	0		MSc Student	4		2025-05-12 07:04:53	06:40	07:05	1		75	104	72	No	37	07:53	49	1550	106	107	1	08:03	08:04	1	0	809	1166	465	658		0	3	11.7647058823529	689.21568627451	350.980392156863	650	384	892	0	41.3285272644529	2.53727846506594	10.0699799662604
Sample	8	091_1_A_3-6	26032315	136334.441269104	180139.421880748	869408.98371633	15060933.1266729	0.181722921178343	0.647253499575048	1.15027615413984	4.57363862011454	8	1	26032315	091	LB091	Treatment A	LB_091	1	24	168	66.9	23.7	1	0	0	0	0	0	0	0		MSc Student 	4		2025-06-27 07:02:17	06:30	07:04	1		86	107	74	no	37	07:26	55	1383	106	106	1	08:03	08:04	1	Additional 150 ml consumed with capsule for comfort.	826	1296	396	1152	Quintron H2 Measurements done with loaned device from Company, No ham included in post-intervention meal (wrong product was bought.)	0	1	17.6470588235294	705.882352941176	284.313725490196	650	87	231	5.16663207271759	18.4023053800749	32.7039298726033	130.034823513061
Sample	8	091_1_A_0-3	26032316	1437192.42230637	68815.2308911417	199427.839042781	2053458.98047133	2.63753756133821	0.0592201905510648	0.26936046570104	0.609644242815112	8	1	26032316	091	LB091	Treatment A	LB_091	1	24	168	66.9	23.7	1	0	0	0	0	0	0	0		MSc Student 	4		2025-06-27 07:02:17	06:30	07:04	1		86	107	74	no	37	07:26	55	1383	106	106	1	08:03	08:04	1	Additional 150 ml consumed with capsule for comfort.	826	1296	396	1152	Quintron H2 Measurements done with loaned device from Company, No ham included in post-intervention meal (wrong product was bought.)	0	1	17.6470588235294	705.882352941176	284.313725490196	650	87	231	186.179121976815	4.18024874478104	19.0136799318381	43.0337112575373
Sample	8	091_1_A_AH	26032317	106175.7704539	60426.2644467139	288584.589151278	6851809.89827698	0.124788108619724	0.0149082431319403	0.386587018306579	2.07192937555517	8	1	26032317	091	LB091	Treatment A	LB_091	1	24	168	66.9	23.7	1	0	0	0	0	0	0	0		MSc Student 	4		2025-06-27 07:02:17	06:30	07:04	1		86	107	74	no	37	07:26	55	1383	106	106	1	08:03	08:04	1	Additional 150 ml consumed with capsule for comfort.	826	1296	396	1152	Quintron H2 Measurements done with loaned device from Company, No ham included in post-intervention meal (wrong product was bought.)	0	1	17.6470588235294	705.882352941176	284.313725490196	650	87	231	NA	NA	NA	NA
Sample	8	091_1_A_BL	26032318	175143.39518923	165518.712873101	465101.615737733	6782986.28621896	0.254988103539248	0.570024428143071	0.618678054349607	2.05095555633731	8	1	26032318	091	LB091	Treatment A	LB_091	1	24	168	66.9	23.7	1	0	0	0	0	0	0	0		MSc Student 	4		2025-06-27 07:02:17	06:30	07:04	1		86	107	74	no	37	07:26	55	1383	106	106	1	08:03	08:04	1	Additional 150 ml consumed with capsule for comfort.	826	1296	396	1152	Quintron H2 Measurements done with loaned device from Company, No ham included in post-intervention meal (wrong product was bought.)	0	1	17.6470588235294	705.882352941176	284.313725490196	650	87	231	0.449979006245732	1.00592546142895	1.09178480179342	3.6193333347129
Sample	8	129_3_A_0-3	26032319	346735.770214121	445749.997632216	75055.8663934627	1162682.24183462	0.578927436555385	2.05025373144274	0.105831651823375	0.338182316871852	8	1	26032319	129	LB129	Treatment A	LB_129	1	26	163	48.1	18.1	1	0	0	0	0	0	0	0		MPA	2		2025-09-26 07:05:25	04:45	07:06	1		62	97	62	No	38	07:13	114	1544	109	109	1	08:01	08:02	1	0	338	1544	401	1544	Intervention had to be rescheduled on short notice due to changed availability of participant, therefore gap between baseline assessments and intervention exceeded 4 weeks. Participant did not drink any water during intervention visit. 	0	3	74.5098039215686	224.509803921569	286.274509803922	650	0	0	12.9974885265866	46.0302063235674	2.37602433995617	7.59252456506413
Sample	8	129_3_A_BL	26032321	31286.514123075	16199.3940992925	100362.796982532	1521134.69123028	0	0	0.13910612881333	0.447419781268316	8	1	26032321	129	LB129	Treatment A	LB_129	1	26	163	48.1	18.1	1	0	0	0	0	0	0	0		MPA	2		2025-09-26 07:05:25	04:45	07:06	1		62	97	62	No	38	07:13	114	1544	109	109	1	08:01	08:02	1	0	338	1544	401	1544	Intervention had to be rescheduled on short notice due to changed availability of participant, therefore gap between baseline assessments and intervention exceeded 4 weeks. Participant did not drink any water during intervention visit. 	0	3	74.5098039215686	224.509803921569	286.274509803922	650	0	0	0	0	1.03647703821697	3.33371601729333
Sample	8	129_3_A_3-6	26032322	67935.2464080629	1151301.74277148	320159.591557477	6814461.71179978	0.0525960321839323	5.77709803809145	0.428102985141238	2.0605476115375	8	1	26032322	129	LB129	Treatment A	LB_129	1	26	163	48.1	18.1	1	0	0	0	0	0	0	0		MPA	2		2025-09-26 07:05:25	04:45	07:06	1		62	97	62	No	38	07:13	114	1544	109	109	1	08:01	08:02	1	0	338	1544	401	1544	Intervention had to be rescheduled on short notice due to changed availability of participant, therefore gap between baseline assessments and intervention exceeded 4 weeks. Participant did not drink any water during intervention visit. 	0	3	74.5098039215686	224.509803921569	286.274509803922	650	0	0	1.50569033310865	165.383590894383	12.2554972216904	58.988225742054
Sample	8	129_3_A_AH	26032323	26219.5521852501	10111.318314075	69336.9977109029	2086858.22503795	0	0	0.0983122743265013	0.619822576915957	8	1	26032323	129	LB129	Treatment A	LB_129	1	26	163	48.1	18.1	1	0	0	0	0	0	0	0		MPA	2		2025-09-26 07:05:25	04:45	07:06	1		62	97	62	No	38	07:13	114	1544	109	109	1	08:01	08:02	1	0	338	1544	401	1544	Intervention had to be rescheduled on short notice due to changed availability of participant, therefore gap between baseline assessments and intervention exceeded 4 weeks. Participant did not drink any water during intervention visit. 	0	3	74.5098039215686	224.509803921569	286.274509803922	650	0	0	NA	NA	NA	NA
Sample	8	012_1_A_0-3	26032324	199012.230985949	8640.33658984494	13958.9616959958	211172.746413546	0.300048699889986	0	0.0254992092002722	0.0482122390994809	8	1	26032324	012	LB012	Treatment A	LB_012	1	18	161	62.9	24.3	1	1	0	0	0	0	0	0		Student	3		2024-11-15 07:01:27	06:30	07:01	1		74	107	74	No	38	07:19	63	1158	107	107	1	08:03	08:03	1	0	760	894	646	598		0	1	24.5098039215686	640.196078431372	528.43137254902	650	264	560	19.2090001008001	0	1.63244937331154	3.08652864038834
Sample	8	012_1_A_AH	26032325	73512.8079071563	53927.2614217674	182190.330813793	6508712.23614705	0.063125588358038	0	0.246695960066471	1.9673712431875	8	1	26032325	012	LB012	Treatment A	LB_012	1	18	161	62.9	24.3	1	1	0	0	0	0	0	0		Student	3		2024-11-15 07:01:27	06:30	07:01	1		74	107	74	No	38	07:19	63	1158	107	107	1	08:03	08:03	1	0	760	894	646	598		0	1	24.5098039215686	640.196078431372	528.43137254902	650	264	560	NA	NA	NA	NA
Sample	8	012_1_A_BL	26032327	159758.050155537	295003.199051546	408546.21095108	8586833.32869192	0.225942999363059	1.25398350476362	0.5443169417442	2.60067331502754	8	1	26032327	012	LB012	Treatment A	LB_012	1	18	161	62.9	24.3	1	1	0	0	0	0	0	0		Student	3		2024-11-15 07:01:27	06:30	07:01	1		74	107	74	No	38	07:19	63	1158	107	107	1	08:03	08:03	1	0	760	894	646	598		0	1	24.5098039215686	640.196078431372	528.43137254902	650	264	560	0.553781861183968	3.07348898226379	1.33411015133382	6.37419930153809
Sample	8	012_1_A_3-6	26032328	597400.16217005	73126.6198236621	344326.246444583	6938212.57157609	1.05214226285125	0.0819936801038978	0.459878185975451	2.09826036858976	8	1	26032328	012	LB012	Treatment A	LB_012	1	18	161	62.9	24.3	1	1	0	0	0	0	0	0		Student	3		2024-11-15 07:01:27	06:30	07:01	1		74	107	74	No	38	07:19	63	1158	107	107	1	08:03	08:03	1	0	760	894	646	598		0	1	24.5098039215686	640.196078431372	528.43137254902	650	264	560	55.5984980075318	4.33280329176479	24.3014061020361	110.87866065391
Sample	8	034_2_B_3-6	26032329	9384.56212096998	7128.71733037496	38521.2234997202	409436.844169887	0	0	0.0539709440495927	0.0617967693566023	8	2	26032329	034	LB034	Treatment B	LB_034	1	23	153	49	20.9	0	0	0	0	0	0	1	0	Indian	Student	3		2024-11-25 07:02:39	05:30	07:48	1		70	123	82	no	36	07:09	126	1451	105	105	1	08:00	08:01	1	0	903	1216	621	892	Participant menstruating	0	2	88.2352941176471	782.352941176471	505.882352941176	650	235	559	0	0	2.73029481662645	3.12618950862812
Sample	8	034_2_B_AH	26032330	96778.622754394	42073.1898355639	219623.195993989	13544289.0576643	0.10087420116816	0	0.350075005145652	4.4001651172803	8	2	26032330	034	LB034	Treatment B	LB_034	1	23	153	49	20.9	0	0	0	0	0	0	1	0	Indian	Student	3		2024-11-25 07:02:39	05:30	07:48	1		70	123	82	no	36	07:09	126	1451	105	105	1	08:00	08:01	1	0	903	1216	621	892	Participant menstruating	0	2	88.2352941176471	782.352941176471	505.882352941176	650	235	559	NA	NA	NA	NA
Sample	8	034_2_B_0-3	26032331	4636.7178225247	3110.22839581522	19079.7223264472	262487.135078766	0	0	0.0221838388517623	0.013260100934666	8	2	26032331	034	LB034	Treatment B	LB_034	1	23	153	49	20.9	0	0	0	0	0	0	1	0	Indian	Student	3		2024-11-25 07:02:39	05:30	07:48	1		70	123	82	no	36	07:09	126	1451	105	105	1	08:00	08:01	1	0	903	1216	621	892	Participant menstruating	0	2	88.2352941176471	782.352941176471	505.882352941176	650	235	559	0	0	1.73555915722611	1.03740789665328
Sample	8	034_2_B_BL	26032333	40631.0259802296	28139.8475367114	122182.170350301	3096239.32189457	0	0	0.190757671308362	0.949232626039354	8	2	26032333	034	LB034	Treatment B	LB_034	1	23	153	49	20.9	0	0	0	0	0	0	1	0	Indian	Student	3		2024-11-25 07:02:39	05:30	07:48	1		70	123	82	no	36	07:09	126	1451	105	105	1	08:00	08:01	1	0	903	1216	621	892	Participant menstruating	0	2	88.2352941176471	782.352941176471	505.882352941176	650	235	559	0	0	1.68315592330907	8.37558199446489
Sample	8	134_3_A_0-3	26032334	1386513.45894442	1058975.39938286	344711.346006051	3809161.20891416	2.69085613806675	5.8586470800018	0.554595743950617	1.18470674473634	8	2	26032334	134	LB134	Treatment A	LB_134	2	33	168	67.4	23.9	0	0	0	1	0	0	0	0		Postdoctoral researcher	5		2025-10-10 06:53:11	06:20	06:57	1		56	109	80	No	38	07:27	55	1381	108	108	1	08:01	08:03	1	0	215	1331	446	1058		0	3	16.6666666666667	104.901960784314	331.372549019608	650	50	323	28.2276085071709	61.4583566235483	5.81781809830549	12.4278060477244
Sample	8	134_3_A_3-6	26032335	40399.8941005942	930924.540218702	237481.826732491	3424739.55236208	0	5.09914204683927	0.379274096764891	1.05773441798808	8	2	26032335	134	LB134	Treatment A	LB_134	2	33	168	67.4	23.9	0	0	0	1	0	0	0	0		Postdoctoral researcher	5		2025-10-10 06:53:11	06:20	06:57	1		56	109	80	No	38	07:27	55	1381	108	108	1	08:01	08:03	1	0	215	1331	446	1058		0	3	16.6666666666667	104.901960784314	331.372549019608	650	50	323	0	168.971569787419	12.5681024222091	35.0504150274482
Sample	8	134_3_A_AH	26032336	175235.889229546	132338.955275988	300480.509024479	6819416.66207916	0.258428217146638	0.362510249644862	0.482277754943978	2.17897731321359	8	2	26032336	134	LB134	Treatment A	LB_134	2	33	168	67.4	23.9	0	0	0	1	0	0	0	0		Postdoctoral researcher	5		2025-10-10 06:53:11	06:20	06:57	1		56	109	80	No	38	07:27	55	1381	108	108	1	08:01	08:03	1	0	215	1331	446	1058		0	3	16.6666666666667	104.901960784314	331.372549019608	650	50	323	NA	NA	NA	NA
Sample	8	134_3_A_BL	26032337	304947.014292265	255744.896245822	638183.825420458	7454801.177829	0.518907706031079	1.09446498935175	1.03442703334911	2.3888412711086	8	2	26032337	134	LB134	Treatment A	LB_134	2	33	168	67.4	23.9	0	0	0	1	0	0	0	0		Postdoctoral researcher	5		2025-10-10 06:53:11	06:20	06:57	1		56	109	80	No	38	07:27	55	1381	108	108	1	08:01	08:03	1	0	215	1331	446	1058		0	3	16.6666666666667	104.901960784314	331.372549019608	650	50	323	0.864846176718465	1.82410831558624	1.72404505558185	3.98140211851434
Sample	8	140_2_B_3-6	26032339	2712.2852588694	1702.87298012941	10826.2848418046	110414.243586804	0	0	0.00868936210175085	0	8	2	26032339	140	LB140	Treatment B	LB_140	1	29	169	69.9	24.5	1	1	0	0	0	0	1	0	Half Latino, half Swiss	Dietician	4		2025-11-19 07:08:03	05:25	07:09	1		65	120	81	No	38	07:14	237	1552	108	108	1	08:02	08:03	1	0	888	935	1065	420	Capsule was initially activated a day before for LB178 but was deactivated again because of exclusion. No functional deficit of the capsule expected.	0	2	195.098039215686	764.705882352941	938.235294117647	650	617	1132	0	0	0.815266620723094	0
Sample	8	140_2_B_0-3	26032340	6099.50895668002	4719.14389552904	24542.9985468539	323864.174145951	0	0	0.0311163659439403	0.0335325942410456	8	2	26032340	140	LB140	Treatment B	LB_140	1	29	169	69.9	24.5	1	1	0	0	0	0	1	0	Half Latino, half Swiss	Dietician	4		2025-11-19 07:08:03	05:25	07:09	1		65	120	81	No	38	07:14	237	1552	108	108	1	08:02	08:03	1	0	888	935	1065	420	Capsule was initially activated a day before for LB178 but was deactivated again because of exclusion. No functional deficit of the capsule expected.	0	2	195.098039215686	764.705882352941	938.235294117647	650	617	1132	0	0	2.37948680747779	2.56425720666819
Sample	8	140_2_B_BL	26032341	20577.539575512	12390.9840522949	64060.4748883023	923646.335517723	0	0	0.0957279495054645	0.231637293270035	8	2	26032341	140	LB140	Treatment B	LB_140	1	29	169	69.9	24.5	1	1	0	0	0	0	1	0	Half Latino, half Swiss	Dietician	4		2025-11-19 07:08:03	05:25	07:09	1		65	120	81	No	38	07:14	237	1552	108	108	1	08:02	08:03	1	0	888	935	1065	420	Capsule was initially activated a day before for LB178 but was deactivated again because of exclusion. No functional deficit of the capsule expected.	0	2	195.098039215686	764.705882352941	938.235294117647	650	617	1132	0	0	1.86763352466544	4.51919817262127
Sample	8	140_2_B_AH	26032342	99902.1124824395	35597.9598508247	225430.067036684	4236378.51387422	0.107146639307169	0	0.359569314204364	1.32581423520509	8	2	26032342	140	LB140	Treatment B	LB_140	1	29	169	69.9	24.5	1	1	0	0	0	0	1	0	Half Latino, half Swiss	Dietician	4		2025-11-19 07:08:03	05:25	07:09	1		65	120	81	No	38	07:14	237	1552	108	108	1	08:02	08:03	1	0	888	935	1065	420	Capsule was initially activated a day before for LB178 but was deactivated again because of exclusion. No functional deficit of the capsule expected.	0	2	195.098039215686	764.705882352941	938.235294117647	650	617	1132	NA	NA	NA	NA
Sample	8	017_3_A_3-6	26032343	94882.101542008	770092.316591217	211741.420254632	3585572.5193362	0.0970657007344316	4.14520168175983	0.337188200143315	1.11085664897187	8	2	26032343	017	LB017	Treatment A	LB_017	1	31	170	61.3	21.2	1	0	0	0	0	0	1	0	Italian	PhD	4		2024-09-24 06:55:00	06:15	06:55	1		59	117	83	Ibuprofen day before for period pain	38	07:58	41	1132	107	107	1	08:01	08:02	0	100 ml consumed with capsule      	342	906	391	781		0	3	2.94117647058824	230.392156862745	278.43137254902	650	226	351	2.70261362829202	115.415419374489	9.38837733732367	30.9297341478443
Sample	8	017_3_A_AH	26032345	660233.019060576	85875.0751874635	389326.191727729	5860978.8377734	1.23237555148456	0.0869201363270519	0.627541592200731	1.86241065126447	8	2	26032345	017	LB017	Treatment A	LB_017	1	31	170	61.3	21.2	1	0	0	0	0	0	1	0	Italian	PhD	4		2024-09-24 06:55:00	06:15	06:55	1		59	117	83	Ibuprofen day before for period pain	38	07:58	41	1132	107	107	1	08:01	08:02	0	100 ml consumed with capsule      	342	906	391	781		0	3	2.94117647058824	230.392156862745	278.43137254902	650	226	351	NA	NA	NA	NA
Sample	8	017_3_A_BL	26032346	577487.447751193	115139.90816359	474735.723501044	5790188.52813891	1.06620997307563	0.26049794818331	0.76718727836349	1.83902900724853	8	2	26032346	017	LB017	Treatment A	LB_017	1	31	170	61.3	21.2	1	0	0	0	0	0	1	0	Italian	PhD	4		2024-09-24 06:55:00	06:15	06:55	1		59	117	83	Ibuprofen day before for period pain	38	07:58	41	1132	107	107	1	08:01	08:02	0	100 ml consumed with capsule      	342	906	391	781		0	3	2.94117647058824	230.392156862745	278.43137254902	650	226	351	0.313591168551657	0.0766170435833264	0.225643317165732	0.540890884484861
Sample	8	017_3_A_0-3	26032347	680133.588928689	535112.256725565	190441.609973131	2142952.67415459	1.27233889514725	2.75147000884699	0.302362735582859	0.634367368948415	8	2	26032347	017	LB017	Treatment A	LB_017	1	31	170	61.3	21.2	1	0	0	0	0	0	1	0	Italian	PhD	4		2024-09-24 06:55:00	06:15	06:55	1		59	117	83	Ibuprofen day before for period pain	38	07:58	41	1132	107	107	1	08:01	08:02	0	100 ml consumed with capsule      	342	906	391	781		0	3	2.94117647058824	230.392156862745	278.43137254902	650	226	351	29.3136902313336	63.3917109881414	6.96620028058549	14.615326637537
Std	8	Std_0_1	26032302	0	0	0	0	0	0	0	0	8	1	26032302	NA	NA	NA	NA	NA	NA	NA	NA	NA	NA	NA	NA	NA	NA	NA	NA	NA	NA	NA	NA	NA	NA	NA	NA	NA	NA	NA	NA	NA	NA	NA	NA	NA	NA	NA	NA	NA	NA	NA	NA	NA	NA	NA	NA	NA	NA	NA	NA	NA	NA	NA	650	NA	NA	NA	NA	NA	NA
Std	8	Std_1_1	26032303	395937.293151494	263155.262328156	79357.1965445654	3463068.34978231	0.6372	0.856	0.11585	1.0385	8	1	26032303	NA	NA	NA	NA	NA	NA	NA	NA	NA	NA	NA	NA	NA	NA	NA	NA	NA	NA	NA	NA	NA	NA	NA	NA	NA	NA	NA	NA	NA	NA	NA	NA	NA	NA	NA	NA	NA	NA	NA	NA	NA	NA	NA	NA	NA	NA	NA	NA	NA	NA	NA	650	NA	NA	NA	NA	NA	NA
Std	8	Std_2_1	26032304	526546.504045589	337950.779113624	128743.248633002	5320673.82344675	0.8496	1.284	0.173775	1.55775	8	1	26032304	NA	NA	NA	NA	NA	NA	NA	NA	NA	NA	NA	NA	NA	NA	NA	NA	NA	NA	NA	NA	NA	NA	NA	NA	NA	NA	NA	NA	NA	NA	NA	NA	NA	NA	NA	NA	NA	NA	NA	NA	NA	NA	NA	NA	NA	NA	NA	NA	NA	NA	NA	650	NA	NA	NA	NA	NA	NA
Std	8	Std_3_1	26032305	329897.797551724	235364.197313437	15340.9250432086	3815619.00678433	1.062	1.926	0.2317	2.077	8	1	26032305	NA	NA	NA	NA	NA	NA	NA	NA	NA	NA	NA	NA	NA	NA	NA	NA	NA	NA	NA	NA	NA	NA	NA	NA	NA	NA	NA	NA	NA	NA	NA	NA	NA	NA	NA	NA	NA	NA	NA	NA	NA	NA	NA	NA	NA	NA	NA	NA	NA	NA	NA	650	NA	NA	NA	NA	NA	NA
Std	8	Std_4_1	26032306	953187.099389891	600257.252835711	242078.887116656	10090747.3239431	1.6992	2.889	0.34755	3.1155	8	1	26032306	NA	NA	NA	NA	NA	NA	NA	NA	NA	NA	NA	NA	NA	NA	NA	NA	NA	NA	NA	NA	NA	NA	NA	NA	NA	NA	NA	NA	NA	NA	NA	NA	NA	NA	NA	NA	NA	NA	NA	NA	NA	NA	NA	NA	NA	NA	NA	NA	NA	NA	NA	650	NA	NA	NA	NA	NA	NA
Std	8	Std_5_1	26032307	1249947.79275867	767972.733208603	359691.467581883	13763883.9142089	2.3364	3.852	0.4634	4.154	8	1	26032307	NA	NA	NA	NA	NA	NA	NA	NA	NA	NA	NA	NA	NA	NA	NA	NA	NA	NA	NA	NA	NA	NA	NA	NA	NA	NA	NA	NA	NA	NA	NA	NA	NA	NA	NA	NA	NA	NA	NA	NA	NA	NA	NA	NA	NA	NA	NA	NA	NA	NA	NA	650	NA	NA	NA	NA	NA	NA
Std	8	Std_0_2	26032349	0	0	0	0	0	0	0	0	8	2	26032349	NA	NA	NA	NA	NA	NA	NA	NA	NA	NA	NA	NA	NA	NA	NA	NA	NA	NA	NA	NA	NA	NA	NA	NA	NA	NA	NA	NA	NA	NA	NA	NA	NA	NA	NA	NA	NA	NA	NA	NA	NA	NA	NA	NA	NA	NA	NA	NA	NA	NA	NA	650	NA	NA	NA	NA	NA	NA
Std	8	Std_1_2	26032350	379785.108786729	244498.317641967	74371.3668806825	3584192.89870683	0.6372	0.856	0.11585	1.0385	8	2	26032350	NA	NA	NA	NA	NA	NA	NA	NA	NA	NA	NA	NA	NA	NA	NA	NA	NA	NA	NA	NA	NA	NA	NA	NA	NA	NA	NA	NA	NA	NA	NA	NA	NA	NA	NA	NA	NA	NA	NA	NA	NA	NA	NA	NA	NA	NA	NA	NA	NA	NA	NA	650	NA	NA	NA	NA	NA	NA
Std	8	Std_2_2	26032351	526555.202196737	354480.466808126	129691.125241513	5674208.05058803	0.8496	1.284	0.173775	1.55775	8	2	26032351	NA	NA	NA	NA	NA	NA	NA	NA	NA	NA	NA	NA	NA	NA	NA	NA	NA	NA	NA	NA	NA	NA	NA	NA	NA	NA	NA	NA	NA	NA	NA	NA	NA	NA	NA	NA	NA	NA	NA	NA	NA	NA	NA	NA	NA	NA	NA	NA	NA	NA	NA	650	NA	NA	NA	NA	NA	NA
Std	8	Std_3_2	26032352	523910.636733552	412992.968672755	126929.819089845	5813267.87989054	1.062	1.926	0.2317	2.077	8	2	26032352	NA	NA	NA	NA	NA	NA	NA	NA	NA	NA	NA	NA	NA	NA	NA	NA	NA	NA	NA	NA	NA	NA	NA	NA	NA	NA	NA	NA	NA	NA	NA	NA	NA	NA	NA	NA	NA	NA	NA	NA	NA	NA	NA	NA	NA	NA	NA	NA	NA	NA	NA	650	NA	NA	NA	NA	NA	NA
Std	8	Std_4_2	26032353	888038.020924487	540902.534787559	201374.447997155	9446888.52336597	1.6992	2.889	0.34755	3.1155	8	2	26032353	NA	NA	NA	NA	NA	NA	NA	NA	NA	NA	NA	NA	NA	NA	NA	NA	NA	NA	NA	NA	NA	NA	NA	NA	NA	NA	NA	NA	NA	NA	NA	NA	NA	NA	NA	NA	NA	NA	NA	NA	NA	NA	NA	NA	NA	NA	NA	NA	NA	NA	NA	650	NA	NA	NA	NA	NA	NA
Std	8	Std_5_2	26032354	1188345.64650264	696485.074502112	295250.966927145	12973380.1002136	2.3364	3.852	0.4634	4.154	8	2	26032354	NA	NA	NA	NA	NA	NA	NA	NA	NA	NA	NA	NA	NA	NA	NA	NA	NA	NA	NA	NA	NA	NA	NA	NA	NA	NA	NA	NA	NA	NA	NA	NA	NA	NA	NA	NA	NA	NA	NA	NA	NA	NA	NA	NA	NA	NA	NA	NA	NA	NA	NA	650	NA	NA	NA	NA	NA	NA
QC	9	QC9a	26032401	291470.25663377	448103.071116463	195794.20688014	3547285.10782516	0.508407165535635	2.21326269207024	0.312170935341457	1.20262801804822	9	1	26032401	NA	NA	NA	NA	NA	NA	NA	NA	NA	NA	NA	NA	NA	NA	NA	NA	NA	NA	NA	NA	NA	NA	NA	NA	NA	NA	NA	NA	NA	NA	NA	NA	NA	NA	NA	NA	NA	NA	NA	NA	NA	NA	NA	NA	NA	NA	NA	NA	NA	NA	NA	650	NA	NA	NA	NA	NA	NA
QC	9	QC9b	26032408	284509.092271566	422341.183298818	189555.275026423	3474739.53388158	0.49472253686013	2.07609239216695	0.302388974366392	1.17914152208999	9	1	26032408	NA	NA	NA	NA	NA	NA	NA	NA	NA	NA	NA	NA	NA	NA	NA	NA	NA	NA	NA	NA	NA	NA	NA	NA	NA	NA	NA	NA	NA	NA	NA	NA	NA	NA	NA	NA	NA	NA	NA	NA	NA	NA	NA	NA	NA	NA	NA	NA	NA	NA	NA	650	NA	NA	NA	NA	NA	NA
QC	9	QC9c	26032413	287147.206282356	433444.812523748	192398.66124681	3528244.97775804	0.499908682275303	2.13521415224835	0.306847092149532	1.19646381100489	9	1	26032413	NA	NA	NA	NA	NA	NA	NA	NA	NA	NA	NA	NA	NA	NA	NA	NA	NA	NA	NA	NA	NA	NA	NA	NA	NA	NA	NA	NA	NA	NA	NA	NA	NA	NA	NA	NA	NA	NA	NA	NA	NA	NA	NA	NA	NA	NA	NA	NA	NA	NA	NA	650	NA	NA	NA	NA	NA	NA
QC	9	QC9d	26032419	272182.675542907	396272.238419178	186189.43860617	3380981.0784304	0.470490608542634	1.93728715348979	0.29711171196261	1.14878739481108	9	1	26032419	NA	NA	NA	NA	NA	NA	NA	NA	NA	NA	NA	NA	NA	NA	NA	NA	NA	NA	NA	NA	NA	NA	NA	NA	NA	NA	NA	NA	NA	NA	NA	NA	NA	NA	NA	NA	NA	NA	NA	NA	NA	NA	NA	NA	NA	NA	NA	NA	NA	NA	NA	650	NA	NA	NA	NA	NA	NA
QC	9	QC9e	26032425	277427.264565269	421287.669333511	187202.543916931	3459296.90012255	0.480800701738584	2.070482910921	0.298700149991083	1.17414199785094	9	1	26032425	NA	NA	NA	NA	NA	NA	NA	NA	NA	NA	NA	NA	NA	NA	NA	NA	NA	NA	NA	NA	NA	NA	NA	NA	NA	NA	NA	NA	NA	NA	NA	NA	NA	NA	NA	NA	NA	NA	NA	NA	NA	NA	NA	NA	NA	NA	NA	NA	NA	NA	NA	650	NA	NA	NA	NA	NA	NA
QC	9	QC9f	26032431	286229.103039147	437685.347486689	188842.643494309	3465878.54778678	0.472507853731971	2.08915329610314	0.286755305184691	1.10636695937659	9	2	26032431	NA	NA	NA	NA	NA	NA	NA	NA	NA	NA	NA	NA	NA	NA	NA	NA	NA	NA	NA	NA	NA	NA	NA	NA	NA	NA	NA	NA	NA	NA	NA	NA	NA	NA	NA	NA	NA	NA	NA	NA	NA	NA	NA	NA	NA	NA	NA	NA	NA	NA	NA	650	NA	NA	NA	NA	NA	NA
QC	9	QC9g	26032437	265946.23976338	412534.707769435	182062.843004045	3323746.54901739	0.432723554833422	1.94622535485322	0.276466833694361	1.06137464720692	9	2	26032437	NA	NA	NA	NA	NA	NA	NA	NA	NA	NA	NA	NA	NA	NA	NA	NA	NA	NA	NA	NA	NA	NA	NA	NA	NA	NA	NA	NA	NA	NA	NA	NA	NA	NA	NA	NA	NA	NA	NA	NA	NA	NA	NA	NA	NA	NA	NA	NA	NA	NA	NA	650	NA	NA	NA	NA	NA	NA
QC	9	QC9h	26032443	290197.261798142	434903.175895154	189658.748248832	3475361.62648499	0.480291291996991	2.07334256276783	0.287993759105584	1.10936885649204	9	2	26032443	NA	NA	NA	NA	NA	NA	NA	NA	NA	NA	NA	NA	NA	NA	NA	NA	NA	NA	NA	NA	NA	NA	NA	NA	NA	NA	NA	NA	NA	NA	NA	NA	NA	NA	NA	NA	NA	NA	NA	NA	NA	NA	NA	NA	NA	NA	NA	NA	NA	NA	NA	650	NA	NA	NA	NA	NA	NA
QC	9	QC9i	26032454	269077.831317596	386606.744340058	182285.951540443	3331661.69039244	0.43886608869204	1.79887998012616	0.276805404987022	1.06388020904167	9	2	26032454	NA	NA	NA	NA	NA	NA	NA	NA	NA	NA	NA	NA	NA	NA	NA	NA	NA	NA	NA	NA	NA	NA	NA	NA	NA	NA	NA	NA	NA	NA	NA	NA	NA	NA	NA	NA	NA	NA	NA	NA	NA	NA	NA	NA	NA	NA	NA	NA	NA	NA	NA	650	NA	NA	NA	NA	NA	NA
Sample	9	078_2_A_0-3	26032410	228617.682854033	84827.901247162	46821.9815426428	698490.690226979	0.384848219255676	0.278988140798439	0.0785988225523027	0.280336071928872	9	1	26032410	078	LB078	Treatment A	LB_078	1	29	161	58.1	22.4	1	0	0	0	0	0	0	0		Produktionsleiterin u. Betreuerigsassistenz	4		2025-04-29 07:06:23			1		56	95	59	No	38	07:17	194	1050	106	106	1	08:00	08:01	1	Participant urinated in the night and could not provide a first urine sample (at home). Pregnancy test completed with second baseline urine sample. 	952	754	608	28		0	2	152.941176470588	829.411764705882	492.156862745098	650	296	1022	31.9197640676767	23.1396046191647	6.51907881169099	23.2514036129241
Sample	9	078_2_A_3-6	26032411	57917.7861585139	117496.760451452	127409.701275735	2692298.94784255	0.0492772458264899	0.452934912334393	0.204951529711472	0.925827823367874	9	1	26032411	078	LB078	Treatment A	LB_078	1	29	161	58.1	22.4	1	0	0	0	0	0	0	0		Produktionsleiterin u. Betreuerigsassistenz	4		2025-04-29 07:06:23			1		56	95	59	No	38	07:17	194	1050	106	106	1	08:00	08:01	1	Participant urinated in the night and could not provide a first urine sample (at home). Pregnancy test completed with second baseline urine sample. 	952	754	608	28		0	2	152.941176470588	829.411764705882	492.156862745098	650	296	1022	2.42521347106842	22.2915025482221	10.0868301877607	45.5652516990855
Sample	9	078_2_A_BL	26032412	51881.6712319695	35593.8108735646	129084.142040153	1947260.6380457	0.037411128735371	0.016839070442411	0.207576869208142	0.684623042696005	9	1	26032412	078	LB078	Treatment A	LB_078	1	29	161	58.1	22.4	1	0	0	0	0	0	0	0		Produktionsleiterin u. Betreuerigsassistenz	4		2025-04-29 07:06:23			1		56	95	59	No	38	07:17	194	1050	106	106	1	08:00	08:01	1	Participant urinated in the night and could not provide a first urine sample (at home). Pregnancy test completed with second baseline urine sample. 	952	754	608	28		0	2	152.941176470588	829.411764705882	492.156862745098	650	296	1022	0.572170204188027	0.257538724413345	3.17470505847746	10.4707053588801
Sample	9	115_2_A_BL	26032414	18756.7242802573	8421.64822680586	52147.4541089552	422705.098399406	0	0	0.0869485795361717	0.191050994484507	9	1	26032414	115	LB115	Treatment A	LB_115	2	28	183	76.3	22.8	1	0	0	0	0	0	0	0		Ph.D. Student	4		2025-08-25 07:01:42	05:55	07:06	1	No	57	119	78	0	37	07:19	252	1545	108	107	1	08:00	08:00	1	0	1511	755	1051	385	Intervention had to be rescheduled on short notice due illness of participant, therefore gap between baseline assessments and intervention exceeded 4 weeks. EBC Blank from LB128 since no intervention was done for LB128.	0	2	210.78431372549	1375.49019607843	925.490196078431	650	790	1160	0	0	1.83273966669382	4.02705527589892
Sample	9	115_2_A_AH	26032415	66294.4340108548	20326.4368748116	143409.294011018	1459233.76828797	0.0657445075431008	0	0.230037136578656	0.526625242403041	9	1	26032415	115	LB115	Treatment A	LB_115	2	28	183	76.3	22.8	1	0	0	0	0	0	0	0		Ph.D. Student	4		2025-08-25 07:01:42	05:55	07:06	1	No	57	119	78	0	37	07:19	252	1545	108	107	1	08:00	08:00	1	0	1511	755	1051	385	Intervention had to be rescheduled on short notice due illness of participant, therefore gap between baseline assessments and intervention exceeded 4 weeks. EBC Blank from LB128 since no intervention was done for LB128.	0	2	210.78431372549	1375.49019607843	925.490196078431	650	790	1160	NA	NA	NA	NA
Sample	9	115_2_A_3-6	26032416	9087.46348474667	130036.387036199	64896.595997933	1281912.17802069	0	0.519702703246315	0.106937835926153	0.46921770412428	9	1	26032416	115	LB115	Treatment A	LB_115	2	28	183	76.3	22.8	1	0	0	0	0	0	0	0		Ph.D. Student	4		2025-08-25 07:01:42	05:55	07:06	1	No	57	119	78	0	37	07:19	252	1545	108	107	1	08:00	08:00	1	0	1511	755	1051	385	Intervention had to be rescheduled on short notice due illness of participant, therefore gap between baseline assessments and intervention exceeded 4 weeks. EBC Blank from LB128 since no intervention was done for LB128.	0	2	210.78431372549	1375.49019607843	925.490196078431	650	790	1160	0	48.0979756729922	9.89699187394982	43.4256384993451
Sample	9	115_2_A_0-3	26032417	48265.130254074	33946.1401136519	23258.3653016783	340574.94237617	0.0303015393337812	0.00806597532302707	0.0416536563115081	0.164461507729749	9	1	26032417	115	LB115	Treatment A	LB_115	2	28	183	76.3	22.8	1	0	0	0	0	0	0	0		Ph.D. Student	4		2025-08-25 07:01:42	05:55	07:06	1	No	57	119	78	0	37	07:19	252	1545	108	107	1	08:00	08:00	1	0	1511	755	1051	385	Intervention had to be rescheduled on short notice due illness of participant, therefore gap between baseline assessments and intervention exceeded 4 weeks. EBC Blank from LB128 since no intervention was done for LB128.	0	2	210.78431372549	1375.49019607843	925.490196078431	650	790	1160	4.1679470279701	1.10946699786343	5.72941958872999	22.6215191514547
Sample	9	177_3_A_BL	26032418	4564.02053017922	1387.35956752061	10520.6686466542	102321.050572267	0	0	0.0216823447932633	0.0873272490465288	9	1	26032418	177	LB177	Treatment A	LB_177	1	37	157	55.4	22.5	0	0	0	1	0	0	0	0		Student	4		2025-11-20 07:00:25	06:00	07:01	1		74	100	62	no	38	07:17	104	1002	107	108	1	08:02	08:04	1	0	321	724	938	30		0	3	64.7058823529412	209.803921568627	813.725490196078	650	278	972	0	0	0.14029752513288	0.565058670301069
Sample	9	177_3_A_3-6	26032420	26326.0850106853	403769.016023024	34156.9196409676	555324.755707009	0	1.97720407415597	0.0587413943620619	0.233986364294391	9	1	26032420	177	LB177	Treatment A	LB_177	1	37	157	55.4	22.5	0	0	0	1	0	0	0	0		Student	4		2025-11-20 07:00:25	06:00	07:01	1		74	100	62	no	38	07:17	104	1002	107	108	1	08:02	08:04	1	0	321	724	938	30		0	3	64.7058823529412	209.803921568627	813.725490196078	650	278	972	0	160.890135446025	4.779936992207	19.0400668984651
Sample	9	177_3_A_0-3	26032421	25930.4536791215	24839.9526949829	10830.6458074958	100008.095974615	0	0	0.022168354988856	0.0865784342552694	9	1	26032421	177	LB177	Treatment A	LB_177	1	37	157	55.4	22.5	0	0	0	1	0	0	0	0		Student	4		2025-11-20 07:00:25	06:00	07:01	1		74	100	62	no	38	07:17	104	1002	107	108	1	08:02	08:04	1	0	321	724	938	30		0	3	64.7058823529412	209.803921568627	813.725490196078	650	278	972	0	0	0.465100781138743	1.81644950300271
Sample	9	031_1_A_AH	26032423	125487.028355374	68614.194862918	397230.3075053	4532620.91325461	0.182108470782164	0.192657551091139	0.628000651306536	1.52162867037918	9	1	26032423	031	LB031	Treatment A	LB_031	1	28	185	75	21.9	1	0	0	0	0	0	0	0		Pharmacist assistant	2		2025-01-24 07:02:51	04:50	07:02	1		61	125	74	No	36	07:23	108	1150	107	107	1	08:01	08:02	1	0	1039	1049	367	591		0	1	70.5882352941177	913.725490196078	254.901960784314	650	101	559	NA	NA	NA	NA
Sample	9	031_1_A_0-3	26032424	519436.286969263	24366.8628189417	79582.8045753608	779861.533955768	0.956554962865128	0	0.129964200461694	0.306679732726716	9	1	26032424	031	LB031	Treatment A	LB_031	1	28	185	75	21.9	1	0	0	0	0	0	0	0		Pharmacist assistant	2		2025-01-24 07:02:51	04:50	07:02	1		61	125	74	No	36	07:23	108	1150	107	107	1	08:01	08:02	1	0	1039	1049	367	591		0	1	70.5882352941177	913.725490196078	254.901960784314	650	101	559	87.4028652343431	0	11.8751602774803	28.0221089118921
Sample	9	031_1_A_3-6	26032426	100216.164198816	209404.976816093	1069089.57760398	18367765.5292221	0.132429656391671	0.942304235403922	1.68140230962511	6.0007312598392	9	1	26032426	031	LB031	Treatment A	LB_031	1	28	185	75	21.9	1	0	0	0	0	0	0	0		Pharmacist assistant	2		2025-01-24 07:02:51	04:50	07:02	1		61	125	74	No	36	07:23	108	1150	107	107	1	08:01	08:02	1	0	1039	1049	367	591		0	1	70.5882352941177	913.725490196078	254.901960784314	650	101	559	3.37565790802298	24.0195197259823	42.8592745590715	152.959816427274
Sample	9	031_1_A_BL	26032427	127864.852177884	82336.1263840588	390997.120794218	3118267.01313443	0.186782923843996	0.265720576414852	0.6182276980851	1.0637342000077	9	1	26032427	031	LB031	Treatment A	LB_031	1	28	185	75	21.9	1	0	0	0	0	0	0	0		Pharmacist assistant	2		2025-01-24 07:02:51	04:50	07:02	1		61	125	74	No	36	07:23	108	1150	107	107	1	08:01	08:02	1	0	1039	1049	367	591		0	1	70.5882352941177	913.725490196078	254.901960784314	650	101	559	1.31846769772232	1.87567465704602	4.36396022177718	7.50871200005436
Sample	9	100_3_A_3-6	26032428	21091.5741045693	930324.30743119	154854.971485428	3228512.88034279	0	4.88875891711108	0.235178390054484	1.03122814263956	9	2	26032428	100	LB100	Treatment A	LB_100	2	34	181	82.8	25.3	1	0	0	0	0	0	0	0		Projektleiter	4		2025-07-04 07:00:00	05:45	07:03	1	only 150 ml consumed in the morning    skipped egg	68	112	73	no	37	07:26	107	1209	106	106	1	08:01	08:01	1	0	759	766	566	28		0	3	68.6274509803922	640.196078431372	450.980392156863	650	443	1181	0	220.473441359912	10.6060842573591	46.5063672170781
Sample	9	100_3_A_0-3	26032429	307007.834336164	230662.669980167	88631.068176635	1481208.42642558	0.513264784615632	0.912669301234639	0.134682403166761	0.478113656621206	9	2	26032429	100	LB100	Treatment A	LB_100	2	34	181	82.8	25.3	1	0	0	0	0	0	0	0		Projektleiter	4		2025-07-04 07:00:00	05:45	07:03	1	only 150 ml consumed in the morning    skipped egg	68	112	73	no	37	07:26	107	1209	106	106	1	08:01	08:01	1	0	759	766	566	28		0	3	68.6274509803922	640.196078431372	450.980392156863	650	443	1181	32.859010230785	58.4287307555117	8.62231463410738	30.608648801338
Sample	9	100_3_A_BL	26032430	102456.64107535	42709.4114748327	277231.673082097	3175312.81079412	0.112043038844361	0	0.420887277398014	1.0143875004386	9	2	26032430	100	LB100	Treatment A	LB_100	2	34	181	82.8	25.3	1	0	0	0	0	0	0	0		Projektleiter	4		2025-07-04 07:00:00	05:45	07:03	1	only 150 ml consumed in the morning    skipped egg	68	112	73	no	37	07:26	107	1209	106	106	1	08:01	08:01	1	0	759	766	566	28		0	3	68.6274509803922	640.196078431372	450.980392156863	650	443	1181	0.768922815598553	0	2.88844209979029	6.96148284614727
Sample	9	100_3_A_AH	26032432	270223.285524946	106396.080423748	849376.419487166	10405452.0394895	0.441112866769682	0.206477808249938	1.28912741516966	3.30310984321953	9	2	26032432	100	LB100	Treatment A	LB_100	2	34	181	82.8	25.3	1	0	0	0	0	0	0	0		Projektleiter	4		2025-07-04 07:00:00	05:45	07:03	1	only 150 ml consumed in the morning    skipped egg	68	112	73	no	37	07:26	107	1209	106	106	1	08:01	08:01	1	0	759	766	566	28		0	3	68.6274509803922	640.196078431372	450.980392156863	650	443	1181	NA	NA	NA	NA
Sample	9	082_3_A_BL	26032433	198772.234676708	88341.8817272048	375502.894084716	3061509.24481863	0.300963523705381	0.103878054143339	0.570015656183991	0.978362638966712	9	2	26032433	082	LB082	Treatment A	LB_082	1	23	183	62.1	18.5	0	0	0	1	0	0	0	0		Student	4		2025-03-17 07:10:51	06:00	07:10	1	2 Apples  2 oranges  1 bar  Rice waffles  Dessert day 3  not eaten	71	114	69	Trittico (Trazodon) 50mg started 1 week before  cleared with DP, dose is low, no effect on GI tract expected, below antidepressant treshold	38	07:55	71	1102	106	106	1	08:08	08:09	0	350ml water consumed with capsule  all measurements delayed by 10 mins	692	909	395	484		0	3	32.3529411764706	574.509803921569	283.333333333333	650	193	618	0.973705517870349	0.336076057522568	1.8441682994188	3.16529089077466
Sample	9	082_3_A_0-3	26032434	211893.197104416	65455.5228528689	67475.229972976	881208.271140526	0.326699943852936	0	0.102578030991656	0.288181800866236	9	2	26032434	082	LB082	Treatment A	LB_082	1	23	183	62.1	18.5	0	0	0	1	0	0	0	0		Student	4		2025-03-17 07:10:51	06:00	07:10	1	2 Apples  2 oranges  1 bar  Rice waffles  Dessert day 3  not eaten	71	114	69	Trittico (Trazodon) 50mg started 1 week before  cleared with DP, dose is low, no effect on GI tract expected, below antidepressant treshold	38	07:55	71	1102	106	106	1	08:08	08:09	0	350ml water consumed with capsule  all measurements delayed by 10 mins	692	909	395	484		0	3	32.3529411764706	574.509803921569	283.333333333333	650	193	618	18.7692320684138	0	5.8932084471677	16.5563269909426
Sample	9	082_3_A_AH	26032435	107314.857505437	33181.3028660542	179704.9284615	2068833.76200517	0.121572301648167	0	0.272888655165	0.664128225937854	9	2	26032435	082	LB082	Treatment A	LB_082	1	23	183	62.1	18.5	0	0	0	1	0	0	0	0		Student	4		2025-03-17 07:10:51	06:00	07:10	1	2 Apples  2 oranges  1 bar  Rice waffles  Dessert day 3  not eaten	71	114	69	Trittico (Trazodon) 50mg started 1 week before  cleared with DP, dose is low, no effect on GI tract expected, below antidepressant treshold	38	07:55	71	1102	106	106	1	08:08	08:09	0	350ml water consumed with capsule  all measurements delayed by 10 mins	692	909	395	484		0	3	32.3529411764706	574.509803921569	283.333333333333	650	193	618	NA	NA	NA	NA
Sample	9	082_3_A_3-6	26032436	44305.3676073565	199380.693764425	261559.658825406	5089663.17347249	0	0.734897741186495	0.397104708558772	1.62038087185026	9	2	26032436	082	LB082	Treatment A	LB_082	1	23	183	62.1	18.5	0	0	0	1	0	0	0	0		Student	4		2025-03-17 07:10:51	06:00	07:10	1	2 Apples  2 oranges  1 bar  Rice waffles  Dessert day 3  not eaten	71	114	69	Trittico (Trazodon) 50mg started 1 week before  cleared with DP, dose is low, no effect on GI tract expected, below antidepressant treshold	38	07:55	71	1102	106	106	1	08:08	08:09	0	350ml water consumed with capsule  all measurements delayed by 10 mins	692	909	395	484		0	3	32.3529411764706	574.509803921569	283.333333333333	650	193	618	0	20.8221026669507	11.2513000758319	45.9107913690907
Sample	9	023_3_A_3-6	26032438	14880.363113338	270749.96071687	125158.854948293	2392619.59653306	0	1.1404803628894	0.190113988999526	0.766623606776275	9	2	26032438	023	LB023	Treatment A	LB_023	2	19	175	71.8	23.4	1	0	0	1	0	0	0	0		Unemployed 	3		2024-10-15 07:04:49	06:00	07:05	1		58	116	88	no	38	07:44	85	924	106	106	1	08:00	08:02	0	50 ml consumed with capsule  	418	623	566	301		0	3	46.078431372549	305.882352941176	450.980392156863	650	301	623	0	51.4334281303062	8.57376813135115	34.5732214820673
Sample	9	023_3_A_AH	26032439	55738.9777792112	41259.9699101156	180219.159223629	2156590.17199387	0.0204075801250787	0	0.273669009770303	0.691907781754182	9	2	26032439	023	LB023	Treatment A	LB_023	2	19	175	71.8	23.4	1	0	0	1	0	0	0	0		Unemployed 	3		2024-10-15 07:04:49	06:00	07:05	1		58	116	88	no	38	07:44	85	924	106	106	1	08:00	08:02	0	50 ml consumed with capsule  	418	623	566	301		0	3	46.078431372549	305.882352941176	450.980392156863	650	301	623	NA	NA	NA	NA
Sample	9	023_3_A_BL	26032440	188669.398510853	133155.890510546	478237.062018585	4090121.8283019	0.281147078251861	0.358550463535959	0.725916638725929	1.30397304941915	9	2	26032440	023	LB023	Treatment A	LB_023	2	19	175	71.8	23.4	1	0	0	1	0	0	0	0		Unemployed 	3		2024-10-15 07:04:49	06:00	07:05	1		58	116	88	no	38	07:44	85	924	106	106	1	08:00	08:02	0	50 ml consumed with capsule  	418	623	566	301		0	3	46.078431372549	305.882352941176	450.980392156863	650	301	623	1.2954816350821	1.65214429276373	3.34491000197242	6.00850326693137
Sample	9	023_3_A_0-3	26032441	1146165.44973595	1074491.21383706	457224.052954396	6110290.50163064	2.15925021281434	5.70804142286879	0.694029012387451	1.94346352568594	9	2	26032441	023	LB023	Treatment A	LB_023	2	19	175	71.8	23.4	1	0	0	1	0	0	0	0		Unemployed 	3		2024-10-15 07:04:49	06:00	07:05	1		58	116	88	no	38	07:44	85	924	106	106	1	08:00	08:02	0	50 ml consumed with capsule  	418	623	566	301		0	3	46.078431372549	305.882352941176	450.980392156863	650	301	623	66.0476535684387	174.598914111281	21.2291227318514	59.4471196092169
Sample	9	097_1_B_3-6	26032442	8254.25815083346	4893.72673998867	28066.6584707619	379416.893421721	0	0	0.0427748015371263	0.129338229356329	9	2	26032442	097	LB097	Treatment B	LB_097	1	61	169	72.1	25.2	1	0	0	0	0	0	0	0		Kinesthetic, Pflegefachkraft	4		2025-06-20 07:02:00	05:10	07:09	0	Skipped dinner on 2nd day	61	107	76	Recent acute headache probably due to caffeine withdrawal during standardized diet, took ibuprofen on 1st day in the evening and 3rd at 5.15 pm.	38	07:25	170	1548	107	109	1	08:04	08:06	1	0	951	836	826	28	Pregnancy test not completed due to age.	0	1	129.411764705882	827.450980392157	702.941176470588	650	712	1520	0	0	3.00681693158035	9.0917167106361
Sample	9	097_1_B_0-3	26032444	5966.27040798322	2874.04258164652	20475.6272025936	323977.896770035	0	0	0.0312552724747426	0.11178884803951	9	2	26032444	097	LB097	Treatment B	LB_097	1	61	169	72.1	25.2	1	0	0	0	0	0	0	0		Kinesthetic, Pflegefachkraft	4		2025-06-20 07:02:00	05:10	07:09	0	Skipped dinner on 2nd day	61	107	76	Recent acute headache probably due to caffeine withdrawal during standardized diet, took ibuprofen on 1st day in the evening and 3rd at 5.15 pm.	38	07:25	170	1548	107	109	1	08:04	08:06	1	0	951	836	826	28	Pregnancy test not completed due to age.	0	1	129.411764705882	827.450980392157	702.941176470588	650	712	1520	0	0	2.58622058516497	9.24997919072023
Sample	9	097_1_B_BL	26032445	29722.2611486789	14293.7319098536	90167.9973960665	1674426.72860572	0	0	0.137014721422953	0.539277491956322	9	2	26032445	097	LB097	Treatment B	LB_097	1	61	169	72.1	25.2	1	0	0	0	0	0	0	0		Kinesthetic, Pflegefachkraft	4		2025-06-20 07:02:00	05:10	07:09	0	Skipped dinner on 2nd day	61	107	76	Recent acute headache probably due to caffeine withdrawal during standardized diet, took ibuprofen on 1st day in the evening and 3rd at 5.15 pm.	38	07:25	170	1548	107	109	1	08:04	08:06	1	0	951	836	826	28	Pregnancy test not completed due to age.	0	1	129.411764705882	827.450980392157	702.941176470588	650	712	1520	0	0	1.77313168900292	6.97888519002299
Sample	9	097_1_B_AH	26032446	24306.3982898994	10704.8832587866	73526.9126527888	1650297.13112425	0	0	0.111761570361169	0.531639195219385	9	2	26032446	097	LB097	Treatment B	LB_097	1	61	169	72.1	25.2	1	0	0	0	0	0	0	0		Kinesthetic, Pflegefachkraft	4		2025-06-20 07:02:00	05:10	07:09	0	Skipped dinner on 2nd day	61	107	76	Recent acute headache probably due to caffeine withdrawal during standardized diet, took ibuprofen on 1st day in the evening and 3rd at 5.15 pm.	38	07:25	170	1548	107	109	1	08:04	08:06	1	0	951	836	826	28	Pregnancy test not completed due to age.	0	1	129.411764705882	827.450980392157	702.941176470588	650	712	1520	NA	NA	NA	NA
Std	9	Std_0_1	26032402	0	0	0	0	0	0	0	0	9	1	26032402	NA	NA	NA	NA	NA	NA	NA	NA	NA	NA	NA	NA	NA	NA	NA	NA	NA	NA	NA	NA	NA	NA	NA	NA	NA	NA	NA	NA	NA	NA	NA	NA	NA	NA	NA	NA	NA	NA	NA	NA	NA	NA	NA	NA	NA	NA	NA	NA	NA	NA	NA	650	NA	NA	NA	NA	NA	NA
Std	9	Std_1_1	26032403	369955.238104157	238317.71429906	64302.9577390464	3219260.25538791	0.6372	0.856	0.11585	1.0385	9	1	26032403	NA	NA	NA	NA	NA	NA	NA	NA	NA	NA	NA	NA	NA	NA	NA	NA	NA	NA	NA	NA	NA	NA	NA	NA	NA	NA	NA	NA	NA	NA	NA	NA	NA	NA	NA	NA	NA	NA	NA	NA	NA	NA	NA	NA	NA	NA	NA	NA	NA	NA	NA	650	NA	NA	NA	NA	NA	NA
Std	9	Std_2_1	26032404	506853.478572696	315493.734493475	110934.642115566	5058901.75577878	0.8496	1.284	0.173775	1.55775	9	1	26032404	NA	NA	NA	NA	NA	NA	NA	NA	NA	NA	NA	NA	NA	NA	NA	NA	NA	NA	NA	NA	NA	NA	NA	NA	NA	NA	NA	NA	NA	NA	NA	NA	NA	NA	NA	NA	NA	NA	NA	NA	NA	NA	NA	NA	NA	NA	NA	NA	NA	NA	NA	650	NA	NA	NA	NA	NA	NA
Std	9	Std_3_1	26032405	461639.746568058	339074.312708458	82402.6507433744	5143208.58827631	1.062	1.926	0.2317	2.077	9	1	26032405	NA	NA	NA	NA	NA	NA	NA	NA	NA	NA	NA	NA	NA	NA	NA	NA	NA	NA	NA	NA	NA	NA	NA	NA	NA	NA	NA	NA	NA	NA	NA	NA	NA	NA	NA	NA	NA	NA	NA	NA	NA	NA	NA	NA	NA	NA	NA	NA	NA	NA	NA	650	NA	NA	NA	NA	NA	NA
Std	9	Std_4_1	26032406	885487.986938446	562742.81820691	215435.801604948	9422261.67211482	1.6992	2.889	0.34755	3.1155	9	1	26032406	NA	NA	NA	NA	NA	NA	NA	NA	NA	NA	NA	NA	NA	NA	NA	NA	NA	NA	NA	NA	NA	NA	NA	NA	NA	NA	NA	NA	NA	NA	NA	NA	NA	NA	NA	NA	NA	NA	NA	NA	NA	NA	NA	NA	NA	NA	NA	NA	NA	NA	NA	650	NA	NA	NA	NA	NA	NA
Std	9	Std_5_1	26032407	1211120.9160769	768616.513228565	294731.389531741	13040877.7013047	2.3364	3.852	0.4634	4.154	9	1	26032407	NA	NA	NA	NA	NA	NA	NA	NA	NA	NA	NA	NA	NA	NA	NA	NA	NA	NA	NA	NA	NA	NA	NA	NA	NA	NA	NA	NA	NA	NA	NA	NA	NA	NA	NA	NA	NA	NA	NA	NA	NA	NA	NA	NA	NA	NA	NA	NA	NA	NA	NA	650	NA	NA	NA	NA	NA	NA
Std	9	Std_0_2	26032448	0	0	0	0	0	0	0	0	9	2	26032448	NA	NA	NA	NA	NA	NA	NA	NA	NA	NA	NA	NA	NA	NA	NA	NA	NA	NA	NA	NA	NA	NA	NA	NA	NA	NA	NA	NA	NA	NA	NA	NA	NA	NA	NA	NA	NA	NA	NA	NA	NA	NA	NA	NA	NA	NA	NA	NA	NA	NA	NA	650	NA	NA	NA	NA	NA	NA
Std	9	Std_1_2	26032449	384182.868327461	248066.330451828	71623.9938009789	3427179.92850911	0.6372	0.856	0.11585	1.0385	9	2	26032449	NA	NA	NA	NA	NA	NA	NA	NA	NA	NA	NA	NA	NA	NA	NA	NA	NA	NA	NA	NA	NA	NA	NA	NA	NA	NA	NA	NA	NA	NA	NA	NA	NA	NA	NA	NA	NA	NA	NA	NA	NA	NA	NA	NA	NA	NA	NA	NA	NA	NA	NA	650	NA	NA	NA	NA	NA	NA
Std	9	Std_2_2	26032450	514267.421302259	360922.791859819	115170.149952538	5297617.31395369	0.8496	1.284	0.173775	1.55775	9	2	26032450	NA	NA	NA	NA	NA	NA	NA	NA	NA	NA	NA	NA	NA	NA	NA	NA	NA	NA	NA	NA	NA	NA	NA	NA	NA	NA	NA	NA	NA	NA	NA	NA	NA	NA	NA	NA	NA	NA	NA	NA	NA	NA	NA	NA	NA	NA	NA	NA	NA	NA	NA	650	NA	NA	NA	NA	NA	NA
Std	9	Std_3_2	26032451	498798.077057843	412529.980496457	105464.748934597	5408414.36697641	1.062	1.926	0.2317	2.077	9	2	26032451	NA	NA	NA	NA	NA	NA	NA	NA	NA	NA	NA	NA	NA	NA	NA	NA	NA	NA	NA	NA	NA	NA	NA	NA	NA	NA	NA	NA	NA	NA	NA	NA	NA	NA	NA	NA	NA	NA	NA	NA	NA	NA	NA	NA	NA	NA	NA	NA	NA	NA	NA	650	NA	NA	NA	NA	NA	NA
Std	9	Std_4_2	26032452	957034.919237833	593291.217328162	240267.544242701	10401963.2019836	1.6992	2.889	0.34755	3.1155	9	2	26032452	NA	NA	NA	NA	NA	NA	NA	NA	NA	NA	NA	NA	NA	NA	NA	NA	NA	NA	NA	NA	NA	NA	NA	NA	NA	NA	NA	NA	NA	NA	NA	NA	NA	NA	NA	NA	NA	NA	NA	NA	NA	NA	NA	NA	NA	NA	NA	NA	NA	NA	NA	650	NA	NA	NA	NA	NA	NA
Std	9	Std_5_2	26032453	1186623.04687238	707244.437839875	297581.511622275	13017315.833315	2.3364	3.852	0.4634	4.154	9	2	26032453	NA	NA	NA	NA	NA	NA	NA	NA	NA	NA	NA	NA	NA	NA	NA	NA	NA	NA	NA	NA	NA	NA	NA	NA	NA	NA	NA	NA	NA	NA	NA	NA	NA	NA	NA	NA	NA	NA	NA	NA	NA	NA	NA	NA	NA	NA	NA	NA	NA	NA	NA	650	NA	NA	NA	NA	NA	NA
QC	10	QC10a	26033102	268468.767678255	367707.672521154	184738.266547579	3377852.12576329	0.558624312733594	1.91614081056169	0.310102015801198	1.2292983432367	10	1	26033102	NA	NA	NA	NA	NA	NA	NA	NA	NA	NA	NA	NA	NA	NA	NA	NA	NA	NA	NA	NA	NA	NA	NA	NA	NA	NA	NA	NA	NA	NA	NA	NA	NA	NA	NA	NA	NA	NA	NA	NA	NA	NA	NA	NA	NA	NA	NA	NA	NA	NA	NA	650	NA	NA	NA	NA	NA	NA
QC	10	QC10b	26033109	274672.31542913	389471.661814476	183422.466320784	3407717.76125237	0.570116169908188	2.02848649328117	0.308258566051991	1.23843306194455	10	1	26033109	NA	NA	NA	NA	NA	NA	NA	NA	NA	NA	NA	NA	NA	NA	NA	NA	NA	NA	NA	NA	NA	NA	NA	NA	NA	NA	NA	NA	NA	NA	NA	NA	NA	NA	NA	NA	NA	NA	NA	NA	NA	NA	NA	NA	NA	NA	NA	NA	NA	NA	NA	650	NA	NA	NA	NA	NA	NA
QC	10	QC10c	26033115	270164.417861375	402381.213558861	181753.208158206	3337935.0478783	0.561765445921412	2.09512558158335	0.305919918072986	1.21708928516218	10	1	26033115	NA	NA	NA	NA	NA	NA	NA	NA	NA	NA	NA	NA	NA	NA	NA	NA	NA	NA	NA	NA	NA	NA	NA	NA	NA	NA	NA	NA	NA	NA	NA	NA	NA	NA	NA	NA	NA	NA	NA	NA	NA	NA	NA	NA	NA	NA	NA	NA	NA	NA	NA	650	NA	NA	NA	NA	NA	NA
QC	10	QC10d	26033121	292065.602445931	427638.967785787	189394.384546641	3553106.04010871	0.602336631202384	2.22550607407217	0.31662528535448	1.28290159606489	10	1	26033121	NA	NA	NA	NA	NA	NA	NA	NA	NA	NA	NA	NA	NA	NA	NA	NA	NA	NA	NA	NA	NA	NA	NA	NA	NA	NA	NA	NA	NA	NA	NA	NA	NA	NA	NA	NA	NA	NA	NA	NA	NA	NA	NA	NA	NA	NA	NA	NA	NA	NA	NA	650	NA	NA	NA	NA	NA	NA
QC	10	QC10e	26033127	287944.688465017	426478.177082109	184232.231931284	3421730.95581263	0.594702780896199	2.21951407406052	0.309393056061335	1.242719144876	10	1	26033127	NA	NA	NA	NA	NA	NA	NA	NA	NA	NA	NA	NA	NA	NA	NA	NA	NA	NA	NA	NA	NA	NA	NA	NA	NA	NA	NA	NA	NA	NA	NA	NA	NA	NA	NA	NA	NA	NA	NA	NA	NA	NA	NA	NA	NA	NA	NA	NA	NA	NA	NA	650	NA	NA	NA	NA	NA	NA
QC	10	QC10f	26033133	271677.813385992	388574.974462369	181891.345184917	3342628.12538734	0.493985398295646	1.89050858956216	0.290594835453793	1.09310537544244	10	2	26033133	NA	NA	NA	NA	NA	NA	NA	NA	NA	NA	NA	NA	NA	NA	NA	NA	NA	NA	NA	NA	NA	NA	NA	NA	NA	NA	NA	NA	NA	NA	NA	NA	NA	NA	NA	NA	NA	NA	NA	NA	NA	NA	NA	NA	NA	NA	NA	NA	NA	NA	NA	650	NA	NA	NA	NA	NA	NA
QC	10	QC10g	26033139	285841.451531287	422318.880505228	186842.842852652	3452488.2704831	0.520833919050813	2.07441033330577	0.298048248235373	1.12730272051049	10	2	26033139	NA	NA	NA	NA	NA	NA	NA	NA	NA	NA	NA	NA	NA	NA	NA	NA	NA	NA	NA	NA	NA	NA	NA	NA	NA	NA	NA	NA	NA	NA	NA	NA	NA	NA	NA	NA	NA	NA	NA	NA	NA	NA	NA	NA	NA	NA	NA	NA	NA	NA	NA	650	NA	NA	NA	NA	NA	NA
QC	10	QC10h	26033145	283165.523141686	419357.830109537	187298.288809521	3455967.61862454	0.515761442744193	2.05827283190363	0.298733823983166	1.12838577450519	10	2	26033145	NA	NA	NA	NA	NA	NA	NA	NA	NA	NA	NA	NA	NA	NA	NA	NA	NA	NA	NA	NA	NA	NA	NA	NA	NA	NA	NA	NA	NA	NA	NA	NA	NA	NA	NA	NA	NA	NA	NA	NA	NA	NA	NA	NA	NA	NA	NA	NA	NA	NA	NA	650	NA	NA	NA	NA	NA	NA
QC	10	QC10i	26033156	268042.47247244	355850.098353121	179393.662538001	3351486.39247891	0.487094264466305	1.71216048212491	0.286835112433793	1.09586278320092	10	2	26033156	NA	NA	NA	NA	NA	NA	NA	NA	NA	NA	NA	NA	NA	NA	NA	NA	NA	NA	NA	NA	NA	NA	NA	NA	NA	NA	NA	NA	NA	NA	NA	NA	NA	NA	NA	NA	NA	NA	NA	NA	NA	NA	NA	NA	NA	NA	NA	NA	NA	NA	NA	650	NA	NA	NA	NA	NA	NA
Sample	10	058_3_A_BL	26033111	189628.659044361	120704.383976253	395698.658537071	6119831.82898764	0.412575744328159	0.641110175711714	0.605659710492515	2.06796167255895	10	1	26033111	058	LB058	Treatment A	LB_058	2	38	189	112.4	31.5	1	0	0	0	0	0	0	0		Informatiker	6	Berufsmittelschule	2025-02-10 07:00:00	05:45	07:02	1		69	128	82	no	38	07:50	120	2147	107	106	1	08:02	08:03	1		632	1617	1244	525		Urine sample was not kept in the fridge for 1h.	3	80.3921568627451	514.705882352941	1115.6862745098	650	530	1622	3.31678539557932	5.15402298121182	4.86902904513591	16.6247899166504
Sample	10	058_3_A_3-6	26033112	18150.1711544145	508471.076783971	56731.0800462789	1029820.00366047	0.0949177894799253	2.6427613092529	0.13076262138004	0.511128024702728	10	1	26033112	058	LB058	Treatment A	LB_058	2	38	189	112.4	31.5	1	0	0	0	0	0	0	0		Informatiker	6	Berufsmittelschule	2025-02-10 07:00:00	05:45	07:02	1		69	128	82	no	38	07:50	120	2147	107	106	1	08:02	08:03	1		632	1617	1244	525		Urine sample was not kept in the fridge for 1h.	3	80.3921568627451	514.705882352941	1115.6862745098	650	530	1622	10.5898474929564	294.849251953902	14.5890061892633	57.0258521678142
Sample	10	058_3_A_0-3	26033113	168044.954051347	567717.463311064	79151.0951446019	1223144.40679738	0.372592678985709	2.94859107480469	0.162173294800361	0.57025832657308	10	1	26033113	058	LB058	Treatment A	LB_058	2	38	189	112.4	31.5	1	0	0	0	0	0	0	0		Informatiker	6	Berufsmittelschule	2025-02-10 07:00:00	05:45	07:02	1		69	128	82	no	38	07:50	120	2147	107	106	1	08:02	08:03	1		632	1617	1244	525		Urine sample was not kept in the fridge for 1h.	3	80.3921568627451	514.705882352941	1115.6862745098	650	530	1622	19.1775643595585	151.765717085535	8.34715487943034	29.3515315147909
Sample	10	058_3_A_AH	26033114	112594.840992405	67185.101247217	264015.250463451	5164274.66768805	0.269873266614219	0.364843712067792	0.421169891563502	1.77569446528865	10	1	26033114	058	LB058	Treatment A	LB_058	2	38	189	112.4	31.5	1	0	0	0	0	0	0	0		Informatiker	6	Berufsmittelschule	2025-02-10 07:00:00	05:45	07:02	1		69	128	82	no	38	07:50	120	2147	107	106	1	08:02	08:03	1		632	1617	1244	525		Urine sample was not kept in the fridge for 1h.	3	80.3921568627451	514.705882352941	1115.6862745098	650	530	1622	NA	NA	NA	NA
Sample	10	083_2_A_3-6	26033116	125896.773843199	610686.456309602	172904.348715479	2850024.02669053	0.294514636134713	3.17039695740868	0.293522574321036	1.06785656802675	10	1	26033116	083	LB083	Treatment A	LB_083	2	38	187	92.8	26.5	1	0	0	0	0	0	0	0		Immobilienentwicklung	4		2025-04-04 07:05:39	06:30	07:03	1		49	128	81	No	37	07:17	124	1549	107	107	1	08:00	08:01	1	0	873	448	1122	31		0	2	85.2941176470588	750.980392156863	995.098039215686	650	1101	1518	29.3070936937975	315.485579585276	29.2083738172403	106.262197700701
Sample	10	083_2_A_AH	26033117	135863.07451675	47950.8736110687	309402.77612978	3082946.93643584	0.312976862670059	0.265556655534093	0.48475828522913	1.13909848959631	10	1	26033117	083	LB083	Treatment A	LB_083	2	38	187	92.8	26.5	1	0	0	0	0	0	0	0		Immobilienentwicklung	4		2025-04-04 07:05:39	06:30	07:03	1		49	128	81	No	37	07:17	124	1549	107	107	1	08:00	08:01	1	0	873	448	1122	31		0	2	85.2941176470588	750.980392156863	995.098039215686	650	1101	1518	NA	NA	NA	NA
Sample	10	083_2_A_BL	26033118	63942.2522813886	27125.5693233787	141316.000280647	1147193.56760154	0.179746032474316	0.158056463519238	0.24926697091388	0.547027963638629	10	1	26033118	083	LB083	Treatment A	LB_083	2	38	187	92.8	26.5	1	0	0	0	0	0	0	0		Immobilienentwicklung	4		2025-04-04 07:05:39	06:30	07:03	1		49	128	81	No	37	07:17	124	1549	107	107	1	08:00	08:01	1	0	873	448	1122	31		0	2	85.2941176470588	750.980392156863	995.098039215686	650	1101	1518	1.53312792404564	1.3481286594288	2.12610063426544	4.66582674868242
Sample	10	083_2_A_0-3	26033119	1329760.36151076	299733.028404811	158582.085184498	1669130.75844553	2.52463020270168	1.56525579137052	0.273456934737899	0.706667942612792	10	1	26033119	083	LB083	Treatment A	LB_083	2	38	187	92.8	26.5	1	0	0	0	0	0	0	0		Immobilienentwicklung	4		2025-04-04 07:05:39	06:30	07:03	1		49	128	81	No	37	07:17	124	1549	107	107	1	08:00	08:01	1	0	873	448	1122	31		0	2	85.2941176470588	750.980392156863	995.098039215686	650	1101	1518	189.594777967597	117.547640802923	20.5360796087481	53.0693768668038
Sample	10	052_1_A_0-3	26033120	1439474.83772154	31800.0855219728	131012.807298479	2211539.25345748	2.72787246684347	0.182186309690199	0.234832090806523	0.872569285261122	10	1	26033120	052	LB052	Treatment A	LB_052	1	43	162	63	24	1	0	0	0	0	0	0	0		Buchhalterin	6	Höhere Fachschule	2025-05-19 07:06:19	04:45	07:07	1		43	132	80	No	38	07:14	276	1548	108	108	1	08:00	08:02	1	0	824	707	770	27	Deviation from Protocol: Intervention visit did not take place within six months of inclusion visit due scheduling delays.	0	1	233.333333333333	701.960784313726	649.019607843137	650	841	1521	191.485949633326	12.7887644841355	16.4842918644579	61.2509419849964
Sample	10	052_1_A_AH	26033122	61828.7836578606	15201.0359760736	145327.678017007	2093646.39894202	0.175830905108505	0.0965020388244419	0.254887372982824	0.836510515841724	10	1	26033122	052	LB052	Treatment A	LB_052	1	43	162	63	24	1	0	0	0	0	0	0	0		Buchhalterin	6	Höhere Fachschule	2025-05-19 07:06:19	04:45	07:07	1		43	132	80	No	38	07:14	276	1548	108	108	1	08:00	08:02	1	0	824	707	770	27	Deviation from Protocol: Intervention visit did not take place within six months of inclusion visit due scheduling delays.	0	1	233.333333333333	701.960784313726	649.019607843137	650	841	1521	NA	NA	NA	NA
Sample	10	052_1_A_BL	26033123	37903.0281868055	12171.6264439811	105326.010404389	1214666.55859625	0.131509272438102	0.0808642309973515	0.198844622247025	0.567665287540192	10	1	26033123	052	LB052	Treatment A	LB_052	1	43	162	63	24	1	0	0	0	0	0	0	0		Buchhalterin	6	Höhere Fachschule	2025-05-19 07:06:19	04:45	07:07	1		43	132	80	No	38	07:14	276	1548	108	108	1	08:00	08:02	1	0	824	707	770	27	Deviation from Protocol: Intervention visit did not take place within six months of inclusion visit due scheduling delays.	0	1	233.333333333333	701.960784313726	649.019607843137	650	841	1521	3.06854969022238	1.88683205660487	4.63970785243058	13.2455233759378
Sample	10	052_1_A_3-6	26033124	15866.5213780937	20230.829717304	193447.626210772	5185538.07564279	0.090687407427564	0.122465827180562	0.322303918916827	1.78219810223647	10	1	26033124	052	LB052	Treatment A	LB_052	1	43	162	63	24	1	0	0	0	0	0	0	0		Buchhalterin	6	Höhere Fachschule	2025-05-19 07:06:19	04:45	07:07	1		43	132	80	No	38	07:14	276	1548	108	108	1	08:00	08:02	1	0	824	707	770	27	Deviation from Protocol: Intervention visit did not take place within six months of inclusion visit due scheduling delays.	0	1	233.333333333333	701.960784313726	649.019607843137	650	841	1521	5.88579056049484	7.94827231309137	20.9181563061705	115.668151341229
Sample	10	089_2_A_3-6	26033125	970147.382298159	2089341.19927733	1737436.87033784	29379462.2554342	1.85845962399405	10.8032107015356	2.4854488454067	9.18216425739573	10	1	26033125	089	LB089	Treatment A	LB_089	1	28	156	64.9	26.7	0	0	0	0	0	0	1	0	South Asian	Student, Sachbearbeiterin Buero	4		2025-04-11 07:01:04	06:20	07:02	1		57	100	63	No	39	07:10	80	1549	106	106	1	08:00	08:02	1	0	777	1549	235	1260		0	2	40.1960784313725	657.843137254902	126.470588235294	650	0	289	23.5040481858071	136.628841225304	31.4336177507318	116.127371490593
Sample	10	089_2_A_AH	26033126	133363.362187749	94782.8105680743	271399.080993891	2410574.16889352	0.308346232228245	0.507303049524676	0.431514714631886	0.933446207374978	10	1	26033126	089	LB089	Treatment A	LB_089	1	28	156	64.9	26.7	0	0	0	0	0	0	1	0	South Asian	Student, Sachbearbeiterin Buero	4		2025-04-11 07:01:04	06:20	07:02	1		57	100	63	No	39	07:10	80	1549	106	106	1	08:00	08:02	1	0	777	1549	235	1260		0	2	40.1960784313725	657.843137254902	126.470588235294	650	0	289	NA	NA	NA	NA
Sample	10	089_2_A_0-3	26033128	122580.188760497	66232.0257798525	24030.4980637098	249783.728260156	0.288370777231971	0.359923937819553	0.0849487672499528	0.272545726318068	10	1	26033128	089	LB089	Treatment A	LB_089	1	28	156	64.9	26.7	0	0	0	0	0	0	1	0	South Asian	Student, Sachbearbeiterin Buero	4		2025-04-11 07:01:04	06:20	07:02	1		57	100	63	No	39	07:10	80	1549	106	106	1	08:00	08:02	1	0	777	1549	235	1260		0	2	40.1960784313725	657.843137254902	126.470588235294	650	0	289	18.9702736786914	23.6773492428353	5.58829635536454	17.9292335646494
Sample	10	089_2_A_BL	26033129	38044.4166963127	30645.1348056942	101359.890728948	809600.667037328	0.131771189751007	0.176224455685452	0.193288047493402	0.44377162457463	10	1	26033129	089	LB089	Treatment A	LB_089	1	28	156	64.9	26.7	0	0	0	0	0	0	1	0	South Asian	Student, Sachbearbeiterin Buero	4		2025-04-11 07:01:04	06:20	07:02	1		57	100	63	No	39	07:10	80	1549	106	106	1	08:00	08:02	1	0	777	1549	235	1260		0	2	40.1960784313725	657.843137254902	126.470588235294	650	0	289	0.529668507822675	0.708353204225838	0.776942151689165	1.78378790270194
Sample	10	109_3_A_BL	26033130	43744.6083353405	42247.0710544516	136128.03376961	1755740.18025554	0.0619163688685672	0.003047628081037	0.221708031274739	0.599137753274327	10	2	26033130	109	LB109	Treatment A	LB_109	1	52	163	65.8	24.8	0	1	0	0	0	0	0	0		Executive assistant	4		2025-07-08 06:45:00	04:30	06:46	1	Drank 1 L in the morning    	54	159	101	no	37	06:49	80	1547	106	106	1	08:01	08:02	1	0	604	911	661	777		0	3	42.156862745098	488.235294117647	544.117647058824	650	636	770	0.261019986406705	0.0128478438710383	0.934651504393508	2.52577680301922
Sample	10	109_3_A_0-3	26033131	230476.938301542	158429.38684177	47794.3363373339	699323.117594044	0.415885228093026	0.636232489321477	0.0887406840867965	0.270295489356709	10	2	26033131	109	LB109	Treatment A	LB_109	1	52	163	65.8	24.8	0	1	0	0	0	0	0	0		Executive assistant	4		2025-07-08 06:45:00	04:30	06:46	1	Drank 1 L in the morning    	54	159	101	no	37	06:49	80	1547	106	106	1	08:01	08:02	1	0	604	911	661	777		0	3	42.156862745098	488.235294117647	544.117647058824	650	636	770	20.3049846657183	31.0631156551074	4.33263339953183	13.1967797744746
Sample	10	109_3_A_AH	26033132	17039.3798958861	11939.9972864838	67845.4329654474	1306010.5784858	0.0112940730521266	0	0.118923289415793	0.459145599016481	10	2	26033132	109	LB109	Treatment A	LB_109	1	52	163	65.8	24.8	0	1	0	0	0	0	0	0		Executive assistant	4		2025-07-08 06:45:00	04:30	06:46	1	Drank 1 L in the morning    	54	159	101	no	37	06:49	80	1547	106	106	1	08:01	08:02	1	0	604	911	661	777		0	3	42.156862745098	488.235294117647	544.117647058824	650	636	770	NA	NA	NA	NA
Sample	10	109_3_A_3-6	26033134	10212.534036819	340766.354423868	120085.960590815	2720411.23380191	0	1.62995521497984	0.197560146877455	0.899421253414678	10	2	26033134	109	LB109	Treatment A	LB_109	1	52	163	65.8	24.8	0	1	0	0	0	0	0	0		Executive assistant	4		2025-07-08 06:45:00	04:30	06:46	1	Drank 1 L in the morning    	54	159	101	no	37	06:49	80	1547	106	106	1	08:01	08:02	1	0	604	911	661	777		0	3	42.156862745098	488.235294117647	544.117647058824	650	636	770	0	88.6887396386087	10.7495962271556	48.9390976122692
Sample	10	087_3_B_0-3	26033135	4894.95374639026	2831.63806699488	20020.0063842494	157949.839633566	0	0	0.0469324152025955	0.10177642558798	10	2	26033135	087	LB087	Treatment B	LB_087	2	19	168	64.2	22.7	1	0	0	0	0	0	0	0		Student 	1		2025-03-31 07:00:00	06:07	07:00	1	Consumed two peanut butter toast (see 24h recall for details) at 3 am on day -3.	50	108	69	No	37	07:28	112	1483	108	106	1	08:03	08:05	1	0	901	1202	448	953		0	3	73.5294117647059	777.450980392157	335.294117647059	650	281	530	0	0	3.64876522114296	7.91261818541845
Sample	10	087_3_B_AH	26033136	93382.3956076952	45112.5740334469	226301.716455152	2597040.80997074	0.156009507096971	0.0186644032661745	0.3574450797783	0.861018419054064	10	2	26033136	087	LB087	Treatment B	LB_087	2	19	168	64.2	22.7	1	0	0	0	0	0	0	0		Student 	1		2025-03-31 07:00:00	06:07	07:00	1	Consumed two peanut butter toast (see 24h recall for details) at 3 am on day -3.	50	108	69	No	37	07:28	112	1483	108	106	1	08:03	08:05	1	0	901	1202	448	953		0	3	73.5294117647059	777.450980392157	335.294117647059	650	281	530	NA	NA	NA	NA
Sample	10	087_3_B_3-6	26033137	20466.5857674188	12779.2641254896	67352.2268620488	469677.76556421	0.0177906671496424	0	0.118180873904021	0.198811318825239	10	2	26033137	087	LB087	Treatment B	LB_087	2	19	168	64.2	22.7	1	0	0	0	0	0	0	0		Student 	1		2025-03-31 07:00:00	06:07	07:00	1	Consumed two peanut butter toast (see 24h recall for details) at 3 am on day -3.	50	108	69	No	37	07:28	112	1483	108	106	1	08:03	08:05	1	0	901	1202	448	953		0	3	73.5294117647059	777.450980392157	335.294117647059	650	281	530	0.596510604429187	0	3.96253518384072	6.66602657237565
Sample	10	087_3_B_BL	26033138	57993.3889089034	39222.5653759728	167889.618579433	1453429.74732404	0.0889262851796666	0	0.269518253165257	0.505034344038722	10	2	26033138	087	LB087	Treatment B	LB_087	2	19	168	64.2	22.7	1	0	0	0	0	0	0	0		Student 	1		2025-03-31 07:00:00	06:07	07:00	1	Consumed two peanut butter toast (see 24h recall for details) at 3 am on day -3.	50	108	69	No	37	07:28	112	1483	108	106	1	08:03	08:05	1	0	901	1202	448	953		0	3	73.5294117647059	777.450980392157	335.294117647059	650	281	530	0.653869743968137	0	1.98175186150924	3.71348782381413
Sample	10	001_1_A_3-6	26033140	222650.22516714	46668.8937260771	180354.124375121	3804929.43909084	0.401048950303514	0.0271462282491413	0.288280880767618	1.23701086124304	10	2	26033140	001	LB001	Treatment A	LB_001	2	42	187	92.2	26.4	1	0	0	0	0	0	1	0	Parents from Croatia, Finland	Führungscoach/Leadership Coach	1		2024-06-24 07:00:44	05:46	07:07	1		72	128	75	No	38	07:57	116	2312	106	106	1	08:00	08:01	1	0	649	2202	956	979	Baseline 1: 4 Exhalroations in pos mode, to be cut in data processing; medical scales were not working, upon visual inspection no medically relevant changes in weight were observed	Second water bottle provided and previous weights were corrected.	1	76.4705882352941	532.352941176471	833.333333333333	650	110	1333	33.4207458586262	2.26218568742844	24.0234067306348	103.08423843692
Sample	10	001_1_A_BL	26033141	33633.9294367999	16275.7257809608	103709.872909133	2396351.6399978	0.0427506171406849	0	0.172909475620092	0.798547749722593	10	2	26033141	001	LB001	Treatment A	LB_001	2	42	187	92.2	26.4	1	0	0	0	0	0	1	0	Parents from Croatia, Finland	Führungscoach/Leadership Coach	1		2024-06-24 07:00:44	05:46	07:07	1		72	128	75	No	38	07:57	116	2312	106	106	1	08:00	08:01	1	0	649	2202	956	979	Baseline 1: 4 Exhalroations in pos mode, to be cut in data processing; medical scales were not working, upon visual inspection no medically relevant changes in weight were observed	Second water bottle provided and previous weights were corrected.	1	76.4705882352941	532.352941176471	833.333333333333	650	110	1333	0.326916484017002	0	1.32224893121247	6.10654161552571
Sample	10	001_1_A_0-3	26033142	1027222.0403255	43377.1910655772	82053.0965264523	1308327.22367999	1.92619120942546	0.00920669693399007	0.140309865415218	0.459866726000582	10	2	26033142	001	LB001	Treatment A	LB_001	2	42	187	92.2	26.4	1	0	0	0	0	0	1	0	Parents from Croatia, Finland	Führungscoach/Leadership Coach	1		2024-06-24 07:00:44	05:46	07:07	1		72	128	75	No	38	07:57	116	2312	106	106	1	08:00	08:01	1	0	649	2202	956	979	Baseline 1: 4 Exhalroations in pos mode, to be cut in data processing; medical scales were not working, upon visual inspection no medically relevant changes in weight were observed	Second water bottle provided and previous weights were corrected.	1	76.4705882352941	532.352941176471	833.333333333333	650	110	1333	102.541355560591	0.490121219133001	7.4694369529866	24.4811404135604
Sample	10	001_1_A_AH	26033143	89874.0219849692	29717.1634702157	243187.466003565	9777236.64353345	0.149359051821261	0	0.382862937153214	3.09607494808439	10	2	26033143	001	LB001	Treatment A	LB_001	2	42	187	92.2	26.4	1	0	0	0	0	0	1	0	Parents from Croatia, Finland	Führungscoach/Leadership Coach	1		2024-06-24 07:00:44	05:46	07:07	1		72	128	75	No	38	07:57	116	2312	106	106	1	08:00	08:01	1	0	649	2202	956	979	Baseline 1: 4 Exhalroations in pos mode, to be cut in data processing; medical scales were not working, upon visual inspection no medically relevant changes in weight were observed	Second water bottle provided and previous weights were corrected.	1	76.4705882352941	532.352941176471	833.333333333333	650	110	1333	NA	NA	NA	NA
Sample	10	187_3_A_BL	26033144	22418.3926721632	15036.1255147681	49541.5860969328	7583836.27909159	0.0214905024359255	0	0.0913707920995032	2.41331170332609	10	2	26033144	187	LB187	Treatment A	LB_187	2	25	180	63.8	19.7	0	0	0	1	0	0	0	0		Ph.D. Student	4		2026-01-30 07:06:13	06:45	07:06	1	Skipped salt sticks on day 1 and 2	62	121	72	no	38	07:27	199	1545	108	108	1	08:00	08:01	1	0	1050	924	310	608		0	3	157.843137254902	923.529411764706	198.039215686275	650	621	937	0.339212832567059	0	1.4422252478451	38.0924690426961
Sample	10	187_3_A_0-3	26033146	188731.216694718	327359.554889188	102819.563019501	6443386.25261543	0.33675224958125	1.55688916834857	0.17156930592675	2.05831159792596	10	2	26033146	187	LB187	Treatment A	LB_187	2	25	180	63.8	19.7	0	0	0	1	0	0	0	0		Ph.D. Student	4		2026-01-30 07:06:13	06:45	07:06	1	Skipped salt sticks on day 1 and 2	62	121	72	no	38	07:27	199	1545	108	108	1	08:00	08:01	1	0	1050	924	310	608		0	3	157.843137254902	923.529411764706	198.039215686275	650	621	937	31.1000606966213	143.783293782779	15.8449300179411	190.091129926103
Sample	10	187_3_A_AH	26033147	61915.3241780598	44987.0813189728	129425.777143106	19377181.4370893	0.0963606858184137	0.0179804774340676	0.211619228137269	6.08435267567408	10	2	26033147	187	LB187	Treatment A	LB_187	2	25	180	63.8	19.7	0	0	0	1	0	0	0	0		Ph.D. Student	4		2026-01-30 07:06:13	06:45	07:06	1	Skipped salt sticks on day 1 and 2	62	121	72	no	38	07:27	199	1545	108	108	1	08:00	08:01	1	0	1050	924	310	608		0	3	157.843137254902	923.529411764706	198.039215686275	650	621	937	NA	NA	NA	NA
Sample	10	187_3_A_3-6	26033148	27080.778915212	866942.124233359	203376.847313176	10483700.9324056	0.0303284981917461	4.49757348835627	0.322936629175105	3.31598366060023	10	2	26033148	187	LB187	Treatment A	LB_187	2	25	180	63.8	19.7	0	0	0	1	0	0	0	0		Ph.D. Student	4		2026-01-30 07:06:13	06:45	07:06	1	Skipped salt sticks on day 1 and 2	62	121	72	no	38	07:27	199	1545	108	108	1	08:00	08:01	1	0	1050	924	310	608		0	3	157.843137254902	923.529411764706	198.039215686275	650	621	937	0.600623199483599	89.0695926125457	6.39541167582072	65.6694803373772
Std	10	Std_0_1	26033103	0	0	0	0	0	0	0	0	10	1	26033103	NA	NA	NA	NA	NA	NA	NA	NA	NA	NA	NA	NA	NA	NA	NA	NA	NA	NA	NA	NA	NA	NA	NA	NA	NA	NA	NA	NA	NA	NA	NA	NA	NA	NA	NA	NA	NA	NA	NA	NA	NA	NA	NA	NA	NA	NA	NA	NA	NA	NA	NA	650	NA	NA	NA	NA	NA	NA
Std	10	Std_1_1	26033104	338190.110967945	198255.953290278	52192.7179077871	2928340.07945281	0.6372	0.856	0.11585	1.0385	10	1	26033104	NA	NA	NA	NA	NA	NA	NA	NA	NA	NA	NA	NA	NA	NA	NA	NA	NA	NA	NA	NA	NA	NA	NA	NA	NA	NA	NA	NA	NA	NA	NA	NA	NA	NA	NA	NA	NA	NA	NA	NA	NA	NA	NA	NA	NA	NA	NA	NA	NA	NA	NA	650	NA	NA	NA	NA	NA	NA
Std	10	Std_2_1	26033105	400975.462999781	211546.417593669	55158.3762737204	3978239.35344521	0.8496	1.284	0.173775	1.55775	10	1	26033105	NA	NA	NA	NA	NA	NA	NA	NA	NA	NA	NA	NA	NA	NA	NA	NA	NA	NA	NA	NA	NA	NA	NA	NA	NA	NA	NA	NA	NA	NA	NA	NA	NA	NA	NA	NA	NA	NA	NA	NA	NA	NA	NA	NA	NA	NA	NA	NA	NA	NA	NA	650	NA	NA	NA	NA	NA	NA
Std	10	Std_3_1	26033106	454750.653843149	342772.025039393	83131.3659395284	5083608.51003546	1.062	1.926	0.2317	2.077	10	1	26033106	NA	NA	NA	NA	NA	NA	NA	NA	NA	NA	NA	NA	NA	NA	NA	NA	NA	NA	NA	NA	NA	NA	NA	NA	NA	NA	NA	NA	NA	NA	NA	NA	NA	NA	NA	NA	NA	NA	NA	NA	NA	NA	NA	NA	NA	NA	NA	NA	NA	NA	NA	650	NA	NA	NA	NA	NA	NA
Std	10	Std_4_1	26033107	918266.834903161	574000.04032772	218712.19558191	9771884.77281599	1.6992	2.889	0.34755	3.1155	10	1	26033107	NA	NA	NA	NA	NA	NA	NA	NA	NA	NA	NA	NA	NA	NA	NA	NA	NA	NA	NA	NA	NA	NA	NA	NA	NA	NA	NA	NA	NA	NA	NA	NA	NA	NA	NA	NA	NA	NA	NA	NA	NA	NA	NA	NA	NA	NA	NA	NA	NA	NA	NA	650	NA	NA	NA	NA	NA	NA
Std	10	Std_5_1	26033108	1243684.66483261	746032.496268508	322123.460359187	13436551.9157456	2.3364	3.852	0.4634	4.154	10	1	26033108	NA	NA	NA	NA	NA	NA	NA	NA	NA	NA	NA	NA	NA	NA	NA	NA	NA	NA	NA	NA	NA	NA	NA	NA	NA	NA	NA	NA	NA	NA	NA	NA	NA	NA	NA	NA	NA	NA	NA	NA	NA	NA	NA	NA	NA	NA	NA	NA	NA	NA	NA	650	NA	NA	NA	NA	NA	NA
Std	10	Std_0_2	26033150	0	0	0	0	0	0	0	0	10	2	26033150	NA	NA	NA	NA	NA	NA	NA	NA	NA	NA	NA	NA	NA	NA	NA	NA	NA	NA	NA	NA	NA	NA	NA	NA	NA	NA	NA	NA	NA	NA	NA	NA	NA	NA	NA	NA	NA	NA	NA	NA	NA	NA	NA	NA	NA	NA	NA	NA	NA	NA	NA	650	NA	NA	NA	NA	NA	NA
Std	10	Std_1_2	26033151	401621.352195812	240508.784609966	77593.064226779	3583788.63507122	0.6372	0.856	0.11585	1.0385	10	2	26033151	NA	NA	NA	NA	NA	NA	NA	NA	NA	NA	NA	NA	NA	NA	NA	NA	NA	NA	NA	NA	NA	NA	NA	NA	NA	NA	NA	NA	NA	NA	NA	NA	NA	NA	NA	NA	NA	NA	NA	NA	NA	NA	NA	NA	NA	NA	NA	NA	NA	NA	NA	650	NA	NA	NA	NA	NA	NA
Std	10	Std_2_2	26033152	481795.354639866	299475.154659269	102170.352525866	4924548.61374847	0.8496	1.284	0.173775	1.55775	10	2	26033152	NA	NA	NA	NA	NA	NA	NA	NA	NA	NA	NA	NA	NA	NA	NA	NA	NA	NA	NA	NA	NA	NA	NA	NA	NA	NA	NA	NA	NA	NA	NA	NA	NA	NA	NA	NA	NA	NA	NA	NA	NA	NA	NA	NA	NA	NA	NA	NA	NA	NA	NA	650	NA	NA	NA	NA	NA	NA
Std	10	Std_3_2	26033153	483467.561073841	377045.402875599	103049.306820175	5319780.03790994	1.062	1.926	0.2317	2.077	10	2	26033153	NA	NA	NA	NA	NA	NA	NA	NA	NA	NA	NA	NA	NA	NA	NA	NA	NA	NA	NA	NA	NA	NA	NA	NA	NA	NA	NA	NA	NA	NA	NA	NA	NA	NA	NA	NA	NA	NA	NA	NA	NA	NA	NA	NA	NA	NA	NA	NA	NA	NA	NA	650	NA	NA	NA	NA	NA	NA
Std	10	Std_4_2	26033154	926241.149368488	585551.929820889	224446.132743073	10058054.6401826	1.6992	2.889	0.34755	3.1155	10	2	26033154	NA	NA	NA	NA	NA	NA	NA	NA	NA	NA	NA	NA	NA	NA	NA	NA	NA	NA	NA	NA	NA	NA	NA	NA	NA	NA	NA	NA	NA	NA	NA	NA	NA	NA	NA	NA	NA	NA	NA	NA	NA	NA	NA	NA	NA	NA	NA	NA	NA	NA	NA	650	NA	NA	NA	NA	NA	NA
Std	10	Std_5_2	26033155	1246889.38487641	730509.133821015	310855.810924863	13466259.936511	2.3364	3.852	0.4634	4.154	10	2	26033155	NA	NA	NA	NA	NA	NA	NA	NA	NA	NA	NA	NA	NA	NA	NA	NA	NA	NA	NA	NA	NA	NA	NA	NA	NA	NA	NA	NA	NA	NA	NA	NA	NA	NA	NA	NA	NA	NA	NA	NA	NA	NA	NA	NA	NA	NA	NA	NA	NA	NA	NA	650	NA	NA	NA	NA	NA	NA
QC	11	QC11a	26040702	279420.659510208	329791.884783823	189832.508527187	3526846.76803017	0.506196087190413	1.81145630327561	0.31187174629141	1.09801680331287	11	1	26040702	NA	NA	NA	NA	NA	NA	NA	NA	NA	NA	NA	NA	NA	NA	NA	NA	NA	NA	NA	NA	NA	NA	NA	NA	NA	NA	NA	NA	NA	NA	NA	NA	NA	NA	NA	NA	NA	NA	NA	NA	NA	NA	NA	NA	NA	NA	NA	NA	NA	NA	NA	650	NA	NA	NA	NA	NA	NA
QC	11	QC11b	26040709	257723.194303705	307163.725554959	177218.556136276	3273204.6408049	0.464941263262943	1.68608443194867	0.292544032189866	1.02104462096092	11	1	26040709	NA	NA	NA	NA	NA	NA	NA	NA	NA	NA	NA	NA	NA	NA	NA	NA	NA	NA	NA	NA	NA	NA	NA	NA	NA	NA	NA	NA	NA	NA	NA	NA	NA	NA	NA	NA	NA	NA	NA	NA	NA	NA	NA	NA	NA	NA	NA	NA	NA	NA	NA	650	NA	NA	NA	NA	NA	NA
QC	11	QC11c	26040715	284718.894165717	370955.956848093	187642.307988132	3560173.33336727	0.516269970741287	2.03952685439459	0.308515814024342	1.10813033804921	11	1	26040715	NA	NA	NA	NA	NA	NA	NA	NA	NA	NA	NA	NA	NA	NA	NA	NA	NA	NA	NA	NA	NA	NA	NA	NA	NA	NA	NA	NA	NA	NA	NA	NA	NA	NA	NA	NA	NA	NA	NA	NA	NA	NA	NA	NA	NA	NA	NA	NA	NA	NA	NA	650	NA	NA	NA	NA	NA	NA
QC	11	QC11d	26040721	255080.370330358	297200.638440306	173697.076592825	3224626.96221695	0.459916287457979	1.63088370337309	0.287148249193308	1.00630286660248	11	1	26040721	NA	NA	NA	NA	NA	NA	NA	NA	NA	NA	NA	NA	NA	NA	NA	NA	NA	NA	NA	NA	NA	NA	NA	NA	NA	NA	NA	NA	NA	NA	NA	NA	NA	NA	NA	NA	NA	NA	NA	NA	NA	NA	NA	NA	NA	NA	NA	NA	NA	NA	NA	650	NA	NA	NA	NA	NA	NA
QC	11	QC11e	26040727	253031.304976009	303016.644737347	171197.05574238	3226580.88106219	0.456020264138895	1.66310742894151	0.283317595109017	1.00689581777862	11	1	26040727	NA	NA	NA	NA	NA	NA	NA	NA	NA	NA	NA	NA	NA	NA	NA	NA	NA	NA	NA	NA	NA	NA	NA	NA	NA	NA	NA	NA	NA	NA	NA	NA	NA	NA	NA	NA	NA	NA	NA	NA	NA	NA	NA	NA	NA	NA	NA	NA	NA	NA	NA	650	NA	NA	NA	NA	NA	NA
QC	11	QC11f	26040733	240805.32240278	268500.673952175	166593.858652402	3073555.4465331	0.482461952810366	1.40783610800986	0.331378369573171	1.08302792575526	11	2	26040733	NA	NA	NA	NA	NA	NA	NA	NA	NA	NA	NA	NA	NA	NA	NA	NA	NA	NA	NA	NA	NA	NA	NA	NA	NA	NA	NA	NA	NA	NA	NA	NA	NA	NA	NA	NA	NA	NA	NA	NA	NA	NA	NA	NA	NA	NA	NA	NA	NA	NA	NA	650	NA	NA	NA	NA	NA	NA
QC	11	QC11g	26040739	238673.849360775	266050.139408281	167122.539173845	3097043.28311532	0.47805604155238	1.39364780843323	0.332410622078893	1.09118816986205	11	2	26040739	NA	NA	NA	NA	NA	NA	NA	NA	NA	NA	NA	NA	NA	NA	NA	NA	NA	NA	NA	NA	NA	NA	NA	NA	NA	NA	NA	NA	NA	NA	NA	NA	NA	NA	NA	NA	NA	NA	NA	NA	NA	NA	NA	NA	NA	NA	NA	NA	NA	NA	NA	650	NA	NA	NA	NA	NA	NA
QC	11	QC11h	26040745	245327.874619081	224367.958558531	168870.17089776	3156413.71022846	0.441373223114152	1.22735245373936	0.279752228471321	0.985602350768156	11	1	26040745	NA	NA	NA	NA	NA	NA	NA	NA	NA	NA	NA	NA	NA	NA	NA	NA	NA	NA	NA	NA	NA	NA	NA	NA	NA	NA	NA	NA	NA	NA	NA	NA	NA	NA	NA	NA	NA	NA	NA	NA	NA	NA	NA	NA	NA	NA	NA	NA	NA	NA	NA	650	NA	NA	NA	NA	NA	NA
QC	11	QC11i	26040756	231766.365009247	253045.713116231	160780.407994482	2918395.2276573	0.46377776429107	1.31835374799503	0.32002756551451	1.02912150243452	11	2	26040756	NA	NA	NA	NA	NA	NA	NA	NA	NA	NA	NA	NA	NA	NA	NA	NA	NA	NA	NA	NA	NA	NA	NA	NA	NA	NA	NA	NA	NA	NA	NA	NA	NA	NA	NA	NA	NA	NA	NA	NA	NA	NA	NA	NA	NA	NA	NA	NA	NA	NA	NA	650	NA	NA	NA	NA	NA	NA
Sample	11	197_1_A_BL	26040711	149471.916208624	117348.236243703	581802.988549045	3583579.41387025	0.293669097047828	0.53268171637329	1.14207717036243	1.26022262221937	11	2	26040711	197	LB197	Treatment A	LB_197	2	20	179	68.8	21.5	1	0	0	0	0	0	0	0		Secondary school	6	Elementary school	2025-12-02 07:02:12	04:30	07:03	1		49	128	70	No	38	07:20	136	1551	108	108	1	08:00	08:01	1	0	561	1205	526	648		0	1	96.078431372549	444.117647058824	409.803921568627	650	346	903	2.82152661869482	5.11792237299827	10.9728983034822	12.1080212723037
Sample	11	197_1_A_AH	26040712	13005.237110325	8584.91578017285	55846.4875836589	485205.945162014	0	0.0318012115845441	0.106571819183231	0.174977185926944	11	1	26040712	197	LB197	Treatment A	LB_197	2	20	179	68.8	21.5	1	0	0	0	0	0	0	0		Secondary school	6	Elementary school	2025-12-02 07:02:12	04:30	07:03	1		49	128	70	No	38	07:20	136	1551	108	108	1	08:00	08:01	1	0	561	1205	526	648		0	1	96.078431372549	444.117647058824	409.803921568627	650	346	903	NA	NA	NA	NA
Sample	11	197_1_A_0-3	26040713	2226666.15965167	327179.014798159	367268.516996249	3524490.70141528	4.20862259126966	1.79697963302049	0.583747867013124	1.09730181329486	11	1	26040713	197	LB197	Treatment A	LB_197	2	20	179	68.8	21.5	1	0	0	0	0	0	0	0		Secondary school	6	Elementary school	2025-12-02 07:02:12	04:30	07:03	1		49	128	70	No	38	07:20	136	1551	108	108	1	08:00	08:01	1	0	561	1205	526	648		0	1	96.078431372549	444.117647058824	409.803921568627	650	346	903	186.912356259329	79.8070366429689	25.9252729173476	48.7331099433893
Sample	11	197_1_A_3-6	26040714	125107.638607116	317921.909339849	724365.619903408	12832020.9943711	0.212790546659115	1.74569041313119	1.13090949388374	3.9218362342646	11	1	26040714	197	LB197	Treatment A	LB_197	2	20	179	68.8	21.5	1	0	0	0	0	0	0	0		Secondary school	6	Elementary school	2025-12-02 07:02:12	04:30	07:03	1		49	128	70	No	38	07:20	136	1551	108	108	1	08:00	08:01	1	0	561	1205	526	648		0	1	96.078431372549	444.117647058824	409.803921568627	650	346	903	8.72024004936372	71.5390777145921	46.3451145532749	160.718386855157
Sample	11	158_3_A_0-3	26040716	844940.195620444	205517.23328497	98846.8084397851	1766566.06581677	1.58145573930774	1.12290954791069	0.172459011557664	0.563828540962176	11	1	26040716	158	LB158	Treatment A	LB_158	2	28	180	76.6	23.6	1	0	0	0	0	0	0	0		Nurse	4		2025-12-03 06:59:47	06:10	07:00	1		44	121	71	no	38	07:10	88	1552	108	108	1	08:01	08:02	1	0	492	1485	754	994		0	3	49.0196078431373	376.470588235294	633.333333333333	650	67	558	59.5371572445268	42.2742418036964	6.49257455275911	21.2264862479878
Sample	11	158_3_A_3-6	26040717	295505.702588579	848628.491593961	258994.739171149	5841920.12437642	0.536779642170147	4.68608325153118	0.417845494969482	1.80056669316054	11	1	26040717	158	LB158	Treatment A	LB_158	2	28	180	76.6	23.6	1	0	0	0	0	0	0	0		Nurse	4		2025-12-03 06:59:47	06:10	07:00	1		44	121	71	no	38	07:10	88	1552	108	108	1	08:01	08:02	1	0	492	1485	754	994		0	3	49.0196078431373	376.470588235294	633.333333333333	650	67	558	33.9960440041093	296.785272596975	26.4635480147339	114.035890566835
Sample	11	158_3_A_AH	26040718	96802.8486069927	34496.4911272882	237109.374285297	8856872.83995728	0.184798267663406	0.0529801006227697	0.46906041903787	3.09229265782999	11	2	26040718	158	LB158	Treatment A	LB_158	2	28	180	76.6	23.6	1	0	0	0	0	0	0	0		Nurse	4		2025-12-03 06:59:47	06:10	07:00	1		44	121	71	no	38	07:10	88	1552	108	108	1	08:01	08:02	1	0	492	1485	754	994		0	3	49.0196078431373	376.470588235294	633.333333333333	650	67	558	NA	NA	NA	NA
Sample	11	158_3_A_BL	26040719	86447.3079770134	36749.652999044	214634.741077303	5825711.04848057	0.163392604938611	0.0660256362226542	0.425178536685152	2.03919353313876	11	2	26040719	158	LB158	Treatment A	LB_158	2	28	180	76.6	23.6	1	0	0	0	0	0	0	0		Nurse	4		2025-12-03 06:59:47	06:10	07:00	1		44	121	71	no	38	07:10	88	1552	108	108	1	08:01	08:02	1	0	492	1485	754	994		0	3	49.0196078431373	376.470588235294	633.333333333333	650	67	558	0.800944141855935	0.323655079522815	2.08420851316251	9.99604673107234
Sample	11	038_2_A_3-6	26040720	31904.4416433723	521236.103364587	142775.97208521	1859012.52750589	0.0355771512868233	2.87215769287779	0.239769422231999	0.5918830521933	11	1	26040720	038	LB038	Treatment A	LB_038	2	41	177	62.6	20	1	0	0	0	0	0	0	0		Technorama Mitarbeiter	4		2024-12-17 07:01:49	05:00	07:01	1	No	65	123	81	No	38	07:53	250	1042	106	106	1	08:00	08:01	0	170 ml consumed with capsule	799	717	711	323		0	2	207.843137254902	679.411764705882	593.137254901961	650	325	719	2.11021338514981	170.358372959908	14.2216176912117	35.1067888800928
Sample	11	038_2_A_BL	26040722	31247.5150661633	14764.4549301369	94798.5298661858	893945.386611101	0.0343280933891335	0.0660390998428552	0.166256041350616	0.29901638700853	11	1	26040722	038	LB038	Treatment A	LB_038	2	41	177	62.6	20	1	0	0	0	0	0	0	0		Technorama Mitarbeiter	4		2024-12-17 07:01:49	05:00	07:01	1	No	65	123	81	No	38	07:53	250	1042	106	106	1	08:00	08:01	0	170 ml consumed with capsule	799	717	711	323		0	2	207.843137254902	679.411764705882	593.137254901961	650	325	719	0.713485862597676	1.37257736928287	3.45551772218928	6.21485039664789
Sample	11	038_2_A_0-3	26040723	194045.738028369	81532.8493669955	49761.2458876752	503418.673876189	0.385806459095961	0.325314944202758	0.103261856130854	0.190100074384068	11	2	26040723	038	LB038	Treatment A	LB_038	2	41	177	62.6	20	1	0	0	0	0	0	0	0		Technorama Mitarbeiter	4		2024-12-17 07:01:49	05:00	07:01	1	No	65	123	81	No	38	07:53	250	1042	106	106	1	08:00	08:01	0	170 ml consumed with capsule	799	717	711	323		0	2	207.843137254902	679.411764705882	593.137254901961	650	325	719	26.2121447209315	22.1022800325991	7.01573199006685	12.9156227007999
Sample	11	038_2_A_AH	26040724	71448.5981897686	27420.8229972511	185952.228344872	2488374.5277707	0.132389170691694	0.0120128351810577	0.369175725086108	0.879721881496083	11	2	26040724	038	LB038	Treatment A	LB_038	2	41	177	62.6	20	1	0	0	0	0	0	0	0		Technorama Mitarbeiter	4		2024-12-17 07:01:49	05:00	07:01	1	No	65	123	81	No	38	07:53	250	1042	106	106	1	08:00	08:01	0	170 ml consumed with capsule	799	717	711	323		0	2	207.843137254902	679.411764705882	593.137254901961	650	325	719	NA	NA	NA	NA
Sample	11	011_2_A_3-6	26040725	51115.1598837744	480921.112309676	240062.97703544	4053765.43222048	0.0721037589336231	2.64879149592104	0.388837324123596	1.25791957635927	11	1	26040725	011	LB011	Treatment A	LB_011	2	20	167	58.2	20.9	0	0	0	0	0	1	1	0	Syrien	Student	3		2024-09-16 07:04:57	05:30	07:00	1		60	100	79	no	38	07:58	172	640	107	107	1	08:06	08:06	1	0	806	640	357	363	Participant was given meal without ham (pork)	0	2	131.372549019608	685.294117647059	245.098039215686	650	0	277	1.76724899347115	64.921360194143	9.53032657165678	30.8313621656683
Sample	11	011_2_A_AH	26040726	126033.726125481	37803.2211451421	225324.578270529	3874518.25806078	0.245220637452494	0.0721256687720762	0.446050520389695	1.36130183317315	11	2	26040726	011	LB011	Treatment A	LB_011	2	20	167	58.2	20.9	0	0	0	0	0	1	1	0	Syrien	Student	3		2024-09-16 07:04:57	05:30	07:00	1		60	100	79	no	38	07:58	172	640	107	107	1	08:06	08:06	1	0	806	640	357	363	Participant was given meal without ham (pork)	0	2	131.372549019608	685.294117647059	245.098039215686	650	0	277	NA	NA	NA	NA
Sample	11	011_2_A_BL	26040728	11062.801595163	3164.45547051312	24351.7541312729	218395.305592085	0.00756729596212987	0	0.053649641436279	0.09107604323517	11	2	26040728	011	LB011	Treatment A	LB_011	2	20	167	58.2	20.9	0	0	0	0	0	1	1	0	Syrien	Student	3		2024-09-16 07:04:57	05:30	07:00	1		60	100	79	no	38	07:58	172	640	107	107	1	08:06	08:06	1	0	806	640	357	363	Participant was given meal without ham (pork)	0	2	131.372549019608	685.294117647059	245.098039215686	650	0	277	0.0994134959730787	0	0.704809014947195	1.19648919544243
Sample	11	011_2_A_0-3	26040729	307353.336503935	47052.6033329733	43573.0416605658	527127.371864854	0.620021583519579	0.125678476548935	0.0911793430435203	0.198337051100269	11	2	26040729	011	LB011	Treatment A	LB_011	2	20	167	58.2	20.9	0	0	0	0	0	1	1	0	Syrien	Student	3		2024-09-16 07:04:57	05:30	07:00	1		60	100	79	no	38	07:58	172	640	107	107	1	08:06	08:06	1	0	806	640	357	363	Participant was given meal without ham (pork)	0	2	131.372549019608	685.294117647059	245.098039215686	650	0	277	42.4897144000182	8.61267206938291	6.24846674386477	13.5919214430478
Sample	11	015_1_A_0-3	26040730	272725.600159353	14393.7563794185	19404.6091037907	190162.680559699	0.548443510331457	0	0.0439903053274878	0.0812673445398564	11	2	26040730	015	LB015	Treatment A	LB_015	1	25	176	72.6	23.4	1	0	0	0	0	0	0	0		Angestellte Biotech	4		2024-11-22 07:17:56	06:00	07:36	0	One more apple yesterday  only 2.5 days	67	119	71	no	38	07:22	170	1549	107	108	1	08:03	08:04	0	145 ml consumed with capsule	540	1346	962	540		0	1	129.411764705882	424.509803921569	837.254901960784	650	203	1009	23.2819647032864	0	1.86743158890218	3.4498784495841
Sample	11	015_1_A_AH	26040731	38254.8376503211	16381.9489910084	105040.123529434	1248172.05209167	0.0637752307668177	0	0.211194260758627	0.448845461355797	11	2	26040731	015	LB015	Treatment A	LB_015	1	25	176	72.6	23.4	1	0	0	0	0	0	0	0		Angestellte Biotech	4		2024-11-22 07:17:56	06:00	07:36	0	One more apple yesterday  only 2.5 days	67	119	71	no	38	07:22	170	1549	107	108	1	08:03	08:04	0	145 ml consumed with capsule	540	1346	962	540		0	1	129.411764705882	424.509803921569	837.254901960784	650	203	1009	NA	NA	NA	NA
Sample	11	015_1_A_3-6	26040732	473653.651783897	56673.5394893299	122933.199316507	2126232.27589595	0.963776543990148	0.181382537009606	0.24613061942353	0.753904879732801	11	2	26040732	015	LB015	Treatment A	LB_015	1	25	176	72.6	23.4	1	0	0	0	0	0	0	0		Angestellte Biotech	4		2024-11-22 07:17:56	06:00	07:36	0	One more apple yesterday  only 2.5 days	67	119	71	no	38	07:22	170	1549	107	108	1	08:03	08:04	0	145 ml consumed with capsule	540	1346	962	540		0	1	129.411764705882	424.509803921569	837.254901960784	650	203	1009	80.6926635850575	15.1863418241376	20.6074067634994	63.1210556168443
Sample	11	015_1_A_BL	26040734	16119.2518293974	9417.95882292706	55710.9671373965	557007.41326605	0.0180193498110025	0	0.114878729496283	0.208718102198834	11	2	26040734	015	LB015	Treatment A	LB_015	1	25	176	72.6	23.4	1	0	0	0	0	0	0	0		Angestellte Biotech	4		2024-11-22 07:17:56	06:00	07:36	0	One more apple yesterday  only 2.5 days	67	119	71	no	38	07:22	170	1549	107	108	1	08:03	08:04	0	145 ml consumed with capsule	540	1346	962	540		0	1	129.411764705882	424.509803921569	837.254901960784	650	203	1009	0.233191585789444	0	1.48666591112837	2.70105779316138
Sample	11	042_3_A_BL	26040735	6525.2589562966	2719.14013105723	22846.3603141859	365580.781621114	0	0	0.0507103492233842	0.142211847470126	11	2	26040735	042	LB042	Treatment A	LB_042	1	22	165	61	22.4	1	0	0	0	0	0	0	0		Student	1		2024-12-06 07:02:03	06:10	07:03	1	None	80	116	85	no	38	07:14	156	1549	107	106	1	08:00	08:01	1	0	436	1140	462	914	Second baseline sample unusually clear	0	3	115.686274509804	322.549019607843	349.019607843137	650	409	635	0	0	0.586649138074444	1.64519588249754
Sample	11	042_3_A_0-3	26040736	137804.328838282	30105.7928695021	25227.7676334445	406033.103527433	0.269551337387981	0.0275584870457289	0.0553600640752573	0.156265965238125	11	2	26040736	042	LB042	Treatment A	LB_042	1	22	165	61	22.4	1	0	0	0	0	0	0	0		Student	1		2024-12-06 07:02:03	06:10	07:03	1	None	80	116	85	no	38	07:14	156	1549	107	106	1	08:00	08:01	1	0	436	1140	462	914	Second baseline sample unusually clear	0	3	115.686274509804	322.549019607843	349.019607843137	650	409	635	8.69435196084764	0.88889629784753	1.78563343929016	5.04034338856307
Sample	11	042_3_A_AH	26040737	75465.9115514379	35952.2006280448	219823.415222428	4625248.70201535	0.140693252337683	0.0614084831341474	0.435309460126517	1.62212379775145	11	2	26040737	042	LB042	Treatment A	LB_042	1	22	165	61	22.4	1	0	0	0	0	0	0	0		Student	1		2024-12-06 07:02:03	06:10	07:03	1	None	80	116	85	no	38	07:14	156	1549	107	106	1	08:00	08:01	1	0	436	1140	462	914	Second baseline sample unusually clear	0	3	115.686274509804	322.549019607843	349.019607843137	650	409	635	NA	NA	NA	NA
Sample	11	042_3_A_3-6	26040738	44716.9359411271	189220.552714809	130484.423028502	3442901.63508122	0.0771328623430015	0.948813763929783	0.260874437820129	1.21134774984442	11	2	26040738	042	LB042	Treatment A	LB_042	1	22	165	61	22.4	1	0	0	0	0	0	0	0		Student	1		2024-12-06 07:02:03	06:10	07:03	1	None	80	116	85	no	38	07:14	156	1549	107	106	1	08:00	08:01	1	0	436	1140	462	914	Second baseline sample unusually clear	0	3	115.686274509804	322.549019607843	349.019607843137	650	409	635	2.69208813667731	33.1154607802944	9.10502939842803	42.2784116612367
Sample	11	144_3_A_BL	26040740	72903.1272407295	35164.900300367	327319.985864178	6217010.87794963	0.135395789022962	0.0568501091525583	0.645197284437891	2.17514058455133	11	2	26040740	144	LB144	Treatment A	LB_144	1	25	162	57.9	22.1	0	0	0	1	0	0	0	0		Student	4		2025-10-06 07:31:08	06:30	07:32	0	Chewing gum upon arrival  Intervention continued with rinsing with double the amount of water  Removal of suspected flavourings to be done during data analysis	54	104	68	no	38	07:48	79	1539	109	109	1	08:31	08:32	1	All measurements shifted by +30 mins (late arrival and gum discussion)	339	1463	233	1173		0	3	40.1960784313725	225.490196078431	121.56862745098	650	76	366	0.544237975484454	0.228515144632832	2.59344006489741	8.74321215358867
Sample	11	144_3_A_0-3	26040741	37340.6216437271	160479.605711389	222926.04413745	3875392.20186492	0.0618854791648487	0.78240714574246	0.441367365311137	1.3616054624475	11	2	26040741	144	LB144	Treatment A	LB_144	1	25	162	57.9	22.1	0	0	0	1	0	0	0	0		Student	4		2025-10-06 07:31:08	06:30	07:32	0	Chewing gum upon arrival  Intervention continued with rinsing with double the amount of water  Removal of suspected flavourings to be done during data analysis	54	104	68	no	38	07:48	79	1539	109	109	1	08:31	08:32	1	All measurements shifted by +30 mins (late arrival and gum discussion)	339	1463	233	1173		0	3	40.1960784313725	225.490196078431	121.56862745098	650	76	366	1.39545688312894	17.6425140706633	9.9524013746629	30.7028682708749
Sample	11	144_3_A_3-6	26040742	55579.6476282786	1462816.09193746	804922.979794328	18083608.467698	0.0995868848764745	8.32277839339317	1.57772055175842	6.29788440177893	11	2	26040742	144	LB144	Treatment A	LB_144	1	25	162	57.9	22.1	0	0	0	1	0	0	0	0		Student	4		2025-10-06 07:31:08	06:30	07:32	0	Chewing gum upon arrival  Intervention continued with rinsing with double the amount of water  Removal of suspected flavourings to be done during data analysis	54	104	68	no	38	07:48	79	1539	109	109	1	08:31	08:32	1	All measurements shifted by +30 mins (late arrival and gum discussion)	339	1463	233	1173		0	3	40.1960784313725	225.490196078431	121.56862745098	650	76	366	1.21066409065518	101.178874586348	19.1801321978475	76.5625162569203
Sample	11	168_3_A_0-3	26040744	230883.767215919	689097.669732357	696099.186132149	12624911.9471967	0.461953369857144	3.84304200707781	1.36524131499109	4.40140083436945	11	2	26040744	168	LB168	Treatment A	LB_168	1	25	155	54.4	22.6	0	0	0	1	0	0	0	0		Student	4		2025-10-13 06:53:33	06:35	07:00	1		82	100	67	No	37	07:28	40	1446	108	108	1	08:00	08:01	1	nESI spray unstable	189	810	252	700		Same as 0.25	3	2.94117647058824	79.4117647058823	141.176470588235	650	636	746	3.6684532312185	30.5182747620885	10.8416222072822	34.9523007435221
Sample	11	168_3_A_3-6	26040746	652692.99510301	118701.647010131	92255.3028170765	1183083.0746349	1.33386401064184	0.540517801545877	0.186231806723973	0.426231971907788	11	2	26040746	168	LB168	Treatment A	LB_168	1	25	155	54.4	22.6	0	0	0	1	0	0	0	0		Student	4		2025-10-13 06:53:33	06:35	07:00	1		82	100	67	No	37	07:28	40	1446	108	108	1	08:00	08:01	1	nESI spray unstable	189	810	252	700		Same as 0.25	3	2.94117647058824	79.4117647058823	141.176470588235	650	636	746	18.8310213267083	7.63083955123592	2.62915491845608	6.01739254458053
Sample	11	168_3_A_AH	26040747	227899.868036315	118223.245365158	486248.035119425	8073280.45137839	0.455785431192651	0.537747913696817	0.955505439210591	2.82005365664981	11	2	26040747	168	LB168	Treatment A	LB_168	1	25	155	54.4	22.6	0	0	0	1	0	0	0	0		Student	4		2025-10-13 06:53:33	06:35	07:00	1		82	100	67	No	37	07:28	40	1446	108	108	1	08:00	08:01	1	nESI spray unstable	189	810	252	700		Same as 0.25	3	2.94117647058824	79.4117647058823	141.176470588235	650	636	746	NA	NA	NA	NA
Sample	11	168_3_A_BL	26040748	238216.714058659	134561.039749639	576063.330745385	6749268.82039797	0.477111109322733	0.632341773524672	1.13087044738039	2.36005990323581	11	2	26040748	168	LB168	Treatment A	LB_168	1	25	155	54.4	22.6	0	0	0	1	0	0	0	0		Student	4		2025-10-13 06:53:33	06:35	07:00	1		82	100	67	No	37	07:28	40	1446	108	108	1	08:00	08:01	1	nESI spray unstable	189	810	252	700		Same as 0.25	3	2.94117647058824	79.4117647058823	141.176470588235	650	636	746	0.140326796859627	0.18598287456608	0.332608955111878	0.69413526565759
Std	11	Std_0_1	26040703	0	0	0	0	0	0	0	0	11	1	26040703	NA	NA	NA	NA	NA	NA	NA	NA	NA	NA	NA	NA	NA	NA	NA	NA	NA	NA	NA	NA	NA	NA	NA	NA	NA	NA	NA	NA	NA	NA	NA	NA	NA	NA	NA	NA	NA	NA	NA	NA	NA	NA	NA	NA	NA	NA	NA	NA	NA	NA	NA	650	NA	NA	NA	NA	NA	NA
Std	11	Std_1_1	26040704	335382.200145611	160439.702651751	47439.1379072973	2920573.01677743	0.6372	0.856	0.11585	1.0385	11	1	26040704	NA	NA	NA	NA	NA	NA	NA	NA	NA	NA	NA	NA	NA	NA	NA	NA	NA	NA	NA	NA	NA	NA	NA	NA	NA	NA	NA	NA	NA	NA	NA	NA	NA	NA	NA	NA	NA	NA	NA	NA	NA	NA	NA	NA	NA	NA	NA	NA	NA	NA	NA	650	NA	NA	NA	NA	NA	NA
Std	11	Std_2_1	26040705	501500.271311235	294422.024480526	101484.193800526	5442672.93354034	0.8496	1.284	0.173775	1.55775	11	1	26040705	NA	NA	NA	NA	NA	NA	NA	NA	NA	NA	NA	NA	NA	NA	NA	NA	NA	NA	NA	NA	NA	NA	NA	NA	NA	NA	NA	NA	NA	NA	NA	NA	NA	NA	NA	NA	NA	NA	NA	NA	NA	NA	NA	NA	NA	NA	NA	NA	NA	NA	NA	650	NA	NA	NA	NA	NA	NA
Std	11	Std_3_1	26040706	397178.220128927	297783.892377324	42473.9282723074	4595968.99339752	1.062	1.926	0.2317	2.077	11	1	26040706	NA	NA	NA	NA	NA	NA	NA	NA	NA	NA	NA	NA	NA	NA	NA	NA	NA	NA	NA	NA	NA	NA	NA	NA	NA	NA	NA	NA	NA	NA	NA	NA	NA	NA	NA	NA	NA	NA	NA	NA	NA	NA	NA	NA	NA	NA	NA	NA	NA	NA	NA	650	NA	NA	NA	NA	NA	NA
Std	11	Std_4_1	26040707	892978.571118077	471840.308493728	197234.69127035	10037621.3308034	1.6992	2.889	0.34755	3.1155	11	1	26040707	NA	NA	NA	NA	NA	NA	NA	NA	NA	NA	NA	NA	NA	NA	NA	NA	NA	NA	NA	NA	NA	NA	NA	NA	NA	NA	NA	NA	NA	NA	NA	NA	NA	NA	NA	NA	NA	NA	NA	NA	NA	NA	NA	NA	NA	NA	NA	NA	NA	NA	NA	650	NA	NA	NA	NA	NA	NA
Std	11	Std_5_1	26040708	1240542.43492826	743122.42495698	303585.968870047	13652253.9304573	2.3364	3.852	0.4634	4.154	11	1	26040708	NA	NA	NA	NA	NA	NA	NA	NA	NA	NA	NA	NA	NA	NA	NA	NA	NA	NA	NA	NA	NA	NA	NA	NA	NA	NA	NA	NA	NA	NA	NA	NA	NA	NA	NA	NA	NA	NA	NA	NA	NA	NA	NA	NA	NA	NA	NA	NA	NA	NA	NA	650	NA	NA	NA	NA	NA	NA
Std	11	Std_0_2	26040750	0	0	0	0	0	0	0	0	11	2	26040750	NA	NA	NA	NA	NA	NA	NA	NA	NA	NA	NA	NA	NA	NA	NA	NA	NA	NA	NA	NA	NA	NA	NA	NA	NA	NA	NA	NA	NA	NA	NA	NA	NA	NA	NA	NA	NA	NA	NA	NA	NA	NA	NA	NA	NA	NA	NA	NA	NA	NA	NA	650	NA	NA	NA	NA	NA	NA
Std	11	Std_1_2	26040751	317809.88240497	186795.045215686	52818.0455741715	2958581.86872413	0.6372	0.856	0.11585	1.0385	11	2	26040751	NA	NA	NA	NA	NA	NA	NA	NA	NA	NA	NA	NA	NA	NA	NA	NA	NA	NA	NA	NA	NA	NA	NA	NA	NA	NA	NA	NA	NA	NA	NA	NA	NA	NA	NA	NA	NA	NA	NA	NA	NA	NA	NA	NA	NA	NA	NA	NA	NA	NA	NA	650	NA	NA	NA	NA	NA	NA
Std	11	Std_2_2	26040752	438300.896164085	274695.425091438	91137.0707649456	4591542.42116725	0.8496	1.284	0.173775	1.55775	11	2	26040752	NA	NA	NA	NA	NA	NA	NA	NA	NA	NA	NA	NA	NA	NA	NA	NA	NA	NA	NA	NA	NA	NA	NA	NA	NA	NA	NA	NA	NA	NA	NA	NA	NA	NA	NA	NA	NA	NA	NA	NA	NA	NA	NA	NA	NA	NA	NA	NA	NA	NA	NA	650	NA	NA	NA	NA	NA	NA
Std	11	Std_3_2	26040753	342946.703620923	269274.473127653	37194.6615003397	4047476.65518615	1.062	1.926	0.2317	2.077	11	2	26040753	NA	NA	NA	NA	NA	NA	NA	NA	NA	NA	NA	NA	NA	NA	NA	NA	NA	NA	NA	NA	NA	NA	NA	NA	NA	NA	NA	NA	NA	NA	NA	NA	NA	NA	NA	NA	NA	NA	NA	NA	NA	NA	NA	NA	NA	NA	NA	NA	NA	NA	NA	650	NA	NA	NA	NA	NA	NA
Std	11	Std_4_2	26040754	804457.431429813	509823.079444276	159391.066880958	8330133.50527031	1.6992	2.889	0.34755	3.1155	11	2	26040754	NA	NA	NA	NA	NA	NA	NA	NA	NA	NA	NA	NA	NA	NA	NA	NA	NA	NA	NA	NA	NA	NA	NA	NA	NA	NA	NA	NA	NA	NA	NA	NA	NA	NA	NA	NA	NA	NA	NA	NA	NA	NA	NA	NA	NA	NA	NA	NA	NA	NA	NA	650	NA	NA	NA	NA	NA	NA
Std	11	Std_5_2	26040755	1148044.65170668	689299.97731537	244698.75327177	12297823.6051752	2.3364	3.852	0.4634	4.154	11	2	26040755	NA	NA	NA	NA	NA	NA	NA	NA	NA	NA	NA	NA	NA	NA	NA	NA	NA	NA	NA	NA	NA	NA	NA	NA	NA	NA	NA	NA	NA	NA	NA	NA	NA	NA	NA	NA	NA	NA	NA	NA	NA	NA	NA	NA	NA	NA	NA	NA	NA	NA	NA	650	NA	NA	NA	NA	NA	NA
QC	12	QC12a	26041302	225044.859764745	229449.241485265	163941.554752618	2956539.43313776	0.429573721467251	1.05516162945588	0.310388987730011	1.07747716988401	12	1	26041302	NA	NA	NA	NA	NA	NA	NA	NA	NA	NA	NA	NA	NA	NA	NA	NA	NA	NA	NA	NA	NA	NA	NA	NA	NA	NA	NA	NA	NA	NA	NA	NA	NA	NA	NA	NA	NA	NA	NA	NA	NA	NA	NA	NA	NA	NA	NA	NA	NA	NA	NA	650	NA	NA	NA	NA	NA	NA
QC	12	QC12b	26041309	237016.076038271	281944.304256342	164982.850768618	3061882.97191474	0.456564130612287	1.38228838619268	0.312440666557104	1.11780359704823	12	1	26041309	NA	NA	NA	NA	NA	NA	NA	NA	NA	NA	NA	NA	NA	NA	NA	NA	NA	NA	NA	NA	NA	NA	NA	NA	NA	NA	NA	NA	NA	NA	NA	NA	NA	NA	NA	NA	NA	NA	NA	NA	NA	NA	NA	NA	NA	NA	NA	NA	NA	NA	NA	650	NA	NA	NA	NA	NA	NA
QC	12	QC12c	26041315	215995.591454635	226127.391730626	154217.799000986	2786885.57480342	0.409171161813124	1.03446128395213	0.291230147699024	1.01253219043223	12	1	26041315	NA	NA	NA	NA	NA	NA	NA	NA	NA	NA	NA	NA	NA	NA	NA	NA	NA	NA	NA	NA	NA	NA	NA	NA	NA	NA	NA	NA	NA	NA	NA	NA	NA	NA	NA	NA	NA	NA	NA	NA	NA	NA	NA	NA	NA	NA	NA	NA	NA	NA	NA	650	NA	NA	NA	NA	NA	NA
QC	12	QC12d	26041321	211678.208081464	230562.017029451	151950.57478309	2720695.92744132	0.399437151415568	1.06209597024013	0.286763006893091	0.987194215038939	12	1	26041321	NA	NA	NA	NA	NA	NA	NA	NA	NA	NA	NA	NA	NA	NA	NA	NA	NA	NA	NA	NA	NA	NA	NA	NA	NA	NA	NA	NA	NA	NA	NA	NA	NA	NA	NA	NA	NA	NA	NA	NA	NA	NA	NA	NA	NA	NA	NA	NA	NA	NA	NA	650	NA	NA	NA	NA	NA	NA
QC	12	QC12e	26041327	228491.278651378	280676.987230607	159281.99622004	2895995.56034644	0.43734404769894	1.37439100905848	0.301208200098062	1.05430044633072	12	1	26041327	NA	NA	NA	NA	NA	NA	NA	NA	NA	NA	NA	NA	NA	NA	NA	NA	NA	NA	NA	NA	NA	NA	NA	NA	NA	NA	NA	NA	NA	NA	NA	NA	NA	NA	NA	NA	NA	NA	NA	NA	NA	NA	NA	NA	NA	NA	NA	NA	NA	NA	NA	650	NA	NA	NA	NA	NA	NA
QC	12	QC12f	26041333	228549.079602334	268885.055663608	162748.100750856	2923621.93482616	0.483102442414012	1.28214817697508	0.337805005722278	1.11134694140193	12	2	26041333	NA	NA	NA	NA	NA	NA	NA	NA	NA	NA	NA	NA	NA	NA	NA	NA	NA	NA	NA	NA	NA	NA	NA	NA	NA	NA	NA	NA	NA	NA	NA	NA	NA	NA	NA	NA	NA	NA	NA	NA	NA	NA	NA	NA	NA	NA	NA	NA	NA	NA	NA	650	NA	NA	NA	NA	NA	NA
QC	12	QC12g	26041339	222743.979831589	253065.113733597	154257.305588699	2802666.33620169	0.469792820318299	1.19506630056556	0.31914392377032	1.06249052404666	12	2	26041339	NA	NA	NA	NA	NA	NA	NA	NA	NA	NA	NA	NA	NA	NA	NA	NA	NA	NA	NA	NA	NA	NA	NA	NA	NA	NA	NA	NA	NA	NA	NA	NA	NA	NA	NA	NA	NA	NA	NA	NA	NA	NA	NA	NA	NA	NA	NA	NA	NA	NA	NA	650	NA	NA	NA	NA	NA	NA
QC	12	QC12h	26041345	229659.776282939	294259.294147471	159382.627383665	2935095.97280268	0.485648988324611	1.42182228636264	0.330408363462882	1.11598153785308	12	2	26041345	NA	NA	NA	NA	NA	NA	NA	NA	NA	NA	NA	NA	NA	NA	NA	NA	NA	NA	NA	NA	NA	NA	NA	NA	NA	NA	NA	NA	NA	NA	NA	NA	NA	NA	NA	NA	NA	NA	NA	NA	NA	NA	NA	NA	NA	NA	NA	NA	NA	NA	NA	650	NA	NA	NA	NA	NA	NA
QC	12	QC12i	26041356	215036.285455363	238736.39481751	151542.95884658	2776628.98178257	0.452121031128075	1.11619295606926	0.313178328554167	1.05197350897011	12	2	26041356	NA	NA	NA	NA	NA	NA	NA	NA	NA	NA	NA	NA	NA	NA	NA	NA	NA	NA	NA	NA	NA	NA	NA	NA	NA	NA	NA	NA	NA	NA	NA	NA	NA	NA	NA	NA	NA	NA	NA	NA	NA	NA	NA	NA	NA	NA	NA	NA	NA	NA	NA	650	NA	NA	NA	NA	NA	NA
Sample	12	245_3_A_0-3	26041311	4090.85095176504	2128.8757684435	17708.6327694104	212067.244677557	0	0	0.0222643956381408	0.0268692341996162	12	1	26041311	245	LB245	Treatment B	LB_245	1	33	169	65	22.8	0	1	0	0	0	0	0	0		Wissenschaftlicher Mitarbeiter	5		2026-03-30 07:01:10	06:00	07:02	1	fried egg instead of boiled	61	107	70	ibuprofen twice on day -1 and twice on day -3 for menstrual pain	38	07:16	85	1533	108	108	1	08:01	08:01	1	0	835	1331	661	742		0	3	46.078431372549	712.745098039216	542.156862745098	650	202	791	0	0	1.58688388518905	1.91509149638441
Sample	12	245_3_A_BL	26041312	51845.8069919698	28278.7101249124	150684.608800963	2355915.51449527	0.039077618894285	0	0.284268657964985	0.847553085413074	12	1	26041312	245	LB245	Treatment B	LB_245	1	33	169	65	22.8	0	1	0	0	0	0	0	0		Wissenschaftlicher Mitarbeiter	5		2026-03-30 07:01:10	06:00	07:02	1	fried egg instead of boiled	61	107	70	ibuprofen twice on day -1 and twice on day -3 for menstrual pain	38	07:16	85	1533	108	108	1	08:01	08:01	1	0	835	1331	661	742		0	3	46.078431372549	712.745098039216	542.156862745098	650	202	791	0.180063538042294	0	1.30986538474062	3.90539166807985
Sample	12	245_3_A_3-6	26041313	5854.13004705636	3368.44975123968	24767.1435904115	263692.481999692	0	0	0.0361718695742119	0.0466318261618454	12	1	26041313	245	LB245	Treatment B	LB_245	1	33	169	65	22.8	0	1	0	0	0	0	0	0		Wissenschaftlicher Mitarbeiter	5		2026-03-30 07:01:10	06:00	07:02	1	fried egg instead of boiled	61	107	70	ibuprofen twice on day -1 and twice on day -3 for menstrual pain	38	07:16	85	1533	108	108	1	08:01	08:01	1	0	835	1331	661	742		0	3	46.078431372549	712.745098039216	542.156862745098	650	202	791	0	0	1.96108273279796	2.52817645759809
Sample	12	245_3_A_AH	26041314	96264.8199751178	38535.4991957395	267191.855904902	6655345.26443773	0.139225114924839	0	0.513824373547444	2.4934123632735	12	1	26041314	245	LB245	Treatment B	LB_245	1	33	169	65	22.8	0	1	0	0	0	0	0	0		Wissenschaftlicher Mitarbeiter	5		2026-03-30 07:01:10	06:00	07:02	1	fried egg instead of boiled	61	107	70	ibuprofen twice on day -1 and twice on day -3 for menstrual pain	38	07:16	85	1533	108	108	1	08:01	08:01	1	0	835	1331	661	742		0	3	46.078431372549	712.745098039216	542.156862745098	650	202	791	NA	NA	NA	NA
Sample	12	118_1_A_BL	26041316	54365.9690032526	23637.1601352377	210075.251727123	1436371.16938359	0.0447595982556239	0	0.401286799537366	0.49554347487661	12	1	26041316	118	LB118	Treatment A	LB_118	2	44	184	78.9	23.3	1	0	0	0	0	0	0	0		Ernaerungsberater	4		2025-07-09 06:59:02	06:00	07:02	1		57	132	79	no	38	07:20	104	1554	105	107	1	08:01	08:01	1	0	1058	792	558	140		pool1 urine sample was not stored in the fridge between sampling, stored in fridge only from +3.3 h onwards, 20 minutes delay of +3 h timepoint; at +3.3 h pool1 container and water bottle weighed, and pool2 container handed over to participant; first urination of pool1 was at +0.5 h and last was at +3.25 h.	1	64.7058823529412	934.313725490196	442.156862745098	650	762	1414	0.289620929889331	0	2.59656164406531	3.20645777861336
Sample	12	118_1_A_AH	26041317	16016.6625044054	6121.44242652047	69937.9879884783	585834.415155976	0	0	0.125172560664368	0.169950573137595	12	1	26041317	118	LB118	Treatment A	LB_118	2	44	184	78.9	23.3	1	0	0	0	0	0	0	0		Ernaerungsberater	4		2025-07-09 06:59:02	06:00	07:02	1		57	132	79	no	38	07:20	104	1554	105	107	1	08:01	08:01	1	0	1058	792	558	140		pool1 urine sample was not stored in the fridge between sampling, stored in fridge only from +3.3 h onwards, 20 minutes delay of +3 h timepoint; at +3.3 h pool1 container and water bottle weighed, and pool2 container handed over to participant; first urination of pool1 was at +0.5 h and last was at +3.25 h.	1	64.7058823529412	934.313725490196	442.156862745098	650	762	1414	NA	NA	NA	NA
Sample	12	118_1_A_3-6	26041318	6221.80605946019	6710.41015957308	86179.6079450835	1466999.99414275	0	0	0.157173631705302	0.507268456637387	12	1	26041318	118	LB118	Treatment A	LB_118	2	44	184	78.9	23.3	1	0	0	0	0	0	0	0		Ernaerungsberater	4		2025-07-09 06:59:02	06:00	07:02	1		57	132	79	no	38	07:20	104	1554	105	107	1	08:01	08:01	1	0	1058	792	558	140		pool1 urine sample was not stored in the fridge between sampling, stored in fridge only from +3.3 h onwards, 20 minutes delay of +3 h timepoint; at +3.3 h pool1 container and water bottle weighed, and pool2 container handed over to participant; first urination of pool1 was at +0.5 h and last was at +3.25 h.	1	64.7058823529412	934.313725490196	442.156862745098	650	762	1414	0	0	6.94953999010699	22.4292229356335
Sample	12	118_1_A_0-3	26041319	347367.329430822	13660.7731421048	107432.505597901	1338376.3997766	0.705363033804709	0	0.199048487134175	0.458030220766195	12	1	26041319	118	LB118	Treatment A	LB_118	2	44	184	78.9	23.3	1	0	0	0	0	0	0	0		Ernaerungsberater	4		2025-07-09 06:59:02	06:00	07:02	1		57	132	79	no	38	07:20	104	1554	105	107	1	08:01	08:01	1	0	1058	792	558	140		pool1 urine sample was not stored in the fridge between sampling, stored in fridge only from +3.3 h onwards, 20 minutes delay of +3 h timepoint; at +3.3 h pool1 container and water bottle weighed, and pool2 container handed over to participant; first urination of pool1 was at +0.5 h and last was at +3.25 h.	1	64.7058823529412	934.313725490196	442.156862745098	650	762	1414	65.9030363937145	0	18.5973733567518	42.7943921951161
Sample	12	202_3_A_AH	26041320	113098.867695811	36012.8136647827	305606.375057312	6818271.69005888	0.177179306476233	0	0.58951299079647	2.55578202269654	12	1	26041320	202	LB202	Treatment A	LB_202	2	18	183	81.5	24.3	0	1	0	0	0	0	0	0		Student	3		2025-12-09 07:00:14	05:45	07:00	1		51	128	65	no	38	07:11	87	1493	108	107	1	08:01	08:01	1	0	317	1493	206	206		Urine sample (single sample) collected at 11:09	3	48.0392156862745	204.901960784314	97.0588235294118	650	0	1287	NA	NA	NA	NA
Sample	12	202_3_A_3-6	26041322	117810.368896889	1540212.73764328	970432.415668792	21060483.6769522	0.18780189838326	9.22327856679581	1.89942822168567	8.00782522358779	12	1	26041322	202	LB202	Treatment A	LB_202	2	18	183	81.5	24.3	0	1	0	0	0	0	0	0		Student	3		2025-12-09 07:00:14	05:45	07:00	1		51	128	65	no	38	07:11	87	1493	108	107	1	08:01	08:01	1	0	317	1493	206	206		Urine sample (single sample) collected at 11:09	3	48.0392156862745	204.901960784314	97.0588235294118	650	0	1287	1.82278313136694	89.520056677724	18.4356268575374	77.723009523058
Sample	12	202_3_A_BL	26041323	141336.943112361	57883.0707785986	321390.199129329	5427873.36670113	0.240845118833711	0	0.620612060764598	2.0235253948378	12	1	26041323	202	LB202	Treatment A	LB_202	2	18	183	81.5	24.3	0	1	0	0	0	0	0	0		Student	3		2025-12-09 07:00:14	05:45	07:00	1		51	128	65	no	38	07:11	87	1493	108	107	1	08:01	08:01	1	0	317	1493	206	206		Urine sample (single sample) collected at 11:09	3	48.0392156862745	204.901960784314	97.0588235294118	650	0	1287	1.15700106106391	0	2.98137166445738	9.72085728892667
Sample	12	202_3_A_0-3	26041324	1097893.46344401	1143478.59199565	764606.638789801	14235865.1941499	2.39750583435341	6.75100122295461	1.49388706719748	5.39530163300505	12	1	26041324	202	LB202	Treatment A	LB_202	2	18	183	81.5	24.3	0	1	0	0	0	0	0	0		Student	3		2025-12-09 07:00:14	05:45	07:00	1		51	128	65	no	38	07:11	87	1493	108	107	1	08:01	08:01	1	0	317	1493	206	206		Urine sample (single sample) collected at 11:09	3	48.0392156862745	204.901960784314	97.0588235294118	650	0	1287	49.1253646450846	138.32933878407	30.6100389259091	110.550788362554
Sample	12	009_1_B_3-6	26041325	9715.11312750394	7345.70668984223	39417.7090027224	254682.088917402	0	0	0.0650380655449254	0.0431825689546881	12	1	26041325	009	LB009	Treatment B	LB_009	2	19	170	63.7	22	1	0	0	0	0	0	1	0	Deutsch Polnisch	Student	3		2024-12-03 07:01:49	06:20	07:02	1	See "Intervention day preparation"	62	128	74	No	37	07:08	81	1550	106	106	1	08:02	08:02	1	0	661	1316	785	887	Deviation from protocol: Intervention visit within 7 months of inclusion visit.	0	1	43.1372549019608	544.117647058824	665.686274509804	650	234	663	0	0	4.32949475539258	2.8746043451209
Sample	12	009_1_B_BL	26041326	223822.473229213	95511.5761024561	527568.650855342	4875724.91318717	0.426817718069305	0.220519440862915	1.02684809500395	1.81215814200982	12	1	26041326	009	LB009	Treatment B	LB_009	2	19	170	63.7	22	1	0	0	0	0	0	1	0	Deutsch Polnisch	Student	3		2024-12-03 07:01:49	06:20	07:02	1	See "Intervention day preparation"	62	128	74	No	37	07:08	81	1550	106	106	1	08:02	08:02	1	0	661	1316	785	887	Deviation from protocol: Intervention visit within 7 months of inclusion visit.	0	1	43.1372549019608	544.117647058824	665.686274509804	650	234	663	1.84117447010288	0.951260333134141	4.42954080197782	7.81715276945411
Sample	12	009_1_B_AH	26041328	248245.006928306	85577.5828409042	517694.949475903	5149042.3003144	0.481880976625138	0.158615047848508	1.00739381518921	1.91678642612353	12	1	26041328	009	LB009	Treatment B	LB_009	2	19	170	63.7	22	1	0	0	0	0	0	1	0	Deutsch Polnisch	Student	3		2024-12-03 07:01:49	06:20	07:02	1	See "Intervention day preparation"	62	128	74	No	37	07:08	81	1550	106	106	1	08:02	08:02	1	0	661	1316	785	887	Deviation from protocol: Intervention visit within 7 months of inclusion visit.	0	1	43.1372549019608	544.117647058824	665.686274509804	650	234	663	NA	NA	NA	NA
Sample	12	009_1_B_0-3	26041329	9488.48786453533	6501.39609687283	37620.3650393395	268208.493229347	0	0	0.0614967358000548	0.0483605947226876	12	1	26041329	009	LB009	Treatment B	LB_009	2	19	170	63.7	22	1	0	0	0	0	0	1	0	Deutsch Polnisch	Student	3		2024-12-03 07:01:49	06:20	07:02	1	See "Intervention day preparation"	62	128	74	No	37	07:08	81	1550	106	106	1	08:02	08:02	1	0	661	1316	785	887	Deviation from protocol: Intervention visit within 7 months of inclusion visit.	0	1	43.1372549019608	544.117647058824	665.686274509804	650	234	663	0	0	3.34614591853239	2.63138530108742
Sample	12	094_2_A_BL	26041330	12776.4872383756	6195.31544111963	54254.9804407887	668168.447636463	0	0	0.0993586681692242	0.200323572920625	12	2	26041330	094	LB094	Treatment A	LB_094	2	19	173	66.8	22.3	1	0	0	0	0	0	0	0		Zimmermann	1		2025-05-09 06:53:42	05:40	06:56	1	Added pinch of salt to day -1 dinner.	63	117	70	no (apart from fatigue due to lower calorie intake than usual during standardized diet days)	37	07:50	175	960	107	107	1	08:04	08:05	1	0	1103	741	544	29	No ham included in post-intervention snack	0	2	135.294117647059	976.470588235294	428.43137254902	650	219	931	0	0	1.34426433405421	2.71026010422023
Sample	12	094_2_A_0-3	26041331	172648.464013383	77037.8518031809	53940.7372748797	736647.442004094	0.354936502500952	0.226113042965435	0.0986680240823188	0.227983626419111	12	2	26041331	094	LB094	Treatment A	LB_094	2	19	173	66.8	22.3	1	0	0	0	0	0	0	0		Zimmermann	1		2025-05-09 06:53:42	05:40	06:56	1	Added pinch of salt to day -1 dinner.	63	117	70	no (apart from fatigue due to lower calorie intake than usual during standardized diet days)	37	07:50	175	960	107	107	1	08:04	08:05	1	0	1103	741	544	29	No ham included in post-intervention snack	0	2	135.294117647059	976.470588235294	428.43137254902	650	219	931	34.6585055383283	22.0792736072131	9.6346423515676	22.2619305797485
Sample	12	094_2_A_3-6	26041332	16926.5602140118	280354.338641343	137325.359487328	2406935.885122	0	1.34528157450532	0.28193086801177	0.902646975686702	12	2	26041332	094	LB094	Treatment A	LB_094	2	19	173	66.8	22.3	1	0	0	0	0	0	0	0		Zimmermann	1		2025-05-09 06:53:42	05:40	06:56	1	Added pinch of salt to day -1 dinner.	63	117	70	no (apart from fatigue due to lower calorie intake than usual during standardized diet days)	37	07:50	175	960	107	107	1	08:04	08:05	1	0	1103	741	544	29	No ham included in post-intervention snack	0	2	135.294117647059	976.470588235294	428.43137254902	650	219	931	0	57.6360831430221	12.0788028746219	38.6722282720675
Sample	12	094_2_A_AH	26041334	123809.421701446	53559.0009042925	587401.222468429	9723506.72511538	0.242960959898876	0.0968722150749309	1.27110825402631	3.85795820256028	12	2	26041334	094	LB094	Treatment A	LB_094	2	19	173	66.8	22.3	1	0	0	0	0	0	0	0		Zimmermann	1		2025-05-09 06:53:42	05:40	06:56	1	Added pinch of salt to day -1 dinner.	63	117	70	no (apart from fatigue due to lower calorie intake than usual during standardized diet days)	37	07:50	175	960	107	107	1	08:04	08:05	1	0	1103	741	544	29	No ham included in post-intervention snack	0	2	135.294117647059	976.470588235294	428.43137254902	650	219	931	NA	NA	NA	NA
Sample	12	170_3_A_AH	26041335	107179.880241188	51613.3187928564	297325.141711796	13278684.7098554	0.204833637165091	0.0861620841585305	0.633578622004615	5.29396663350515	12	2	26041335	170	LB170	Treatment A	LB_170	2	31	180	67.3	20.8	1	0	0	0	0	0	1	0	Slovenian	Treasury Analyst	4		2025-11-14 07:00:29	06:15	07:01	1	150 ml water	70	108	70	no	37	07:22	67	1552	107	107	1	08:02	08:03	0	Only consumed 70 ml with capsule	282	1552	322	1456		0	3	29.4117647058824	171.56862745098	210.78431372549	650	0	96	NA	NA	NA	NA
Sample	12	170_3_A_3-6	26041336	181171.221465158	558039.202174844	360838.917084618	7533820.09356515	0.374477024692871	2.87381556495843	0.773169289860182	2.97349939978578	12	2	26041336	170	LB170	Treatment A	LB_170	2	31	180	67.3	20.8	1	0	0	0	0	0	1	0	Slovenian	Treasury Analyst	4		2025-11-14 07:00:29	06:15	07:01	1	150 ml water	70	108	70	no	37	07:22	67	1552	107	107	1	08:02	08:03	0	Only consumed 70 ml with capsule	282	1552	322	1456		0	3	29.4117647058824	171.56862745098	210.78431372549	650	0	96	7.89338826558503	60.5755241633394	16.2971958156803	62.6767030347002
Sample	12	170_3_A_0-3	26041337	1020178.10889973	512710.195794033	206534.657280612	4043353.01676747	2.2981071169317	2.62429916667561	0.434039163323616	1.56362901587488	12	2	26041337	170	LB170	Treatment A	LB_170	2	31	180	67.3	20.8	1	0	0	0	0	0	1	0	Slovenian	Treasury Analyst	4		2025-11-14 07:00:29	06:15	07:01	1	150 ml water	70	108	70	no	37	07:22	67	1552	107	107	1	08:02	08:03	0	Only consumed 70 ml with capsule	282	1552	322	1456		0	3	29.4117647058824	171.56862745098	210.78431372549	650	0	96	39.4283083787301	45.0247406047286	7.44675035114048	26.826968409618
Sample	12	170_3_A_BL	26041338	144378.813858427	78281.9266311341	391762.740139265	10706899.1192083	0.290121361469853	0.232961131971785	0.8411337131291	4.25517031821412	12	2	26041338	170	LB170	Treatment A	LB_170	2	31	180	67.3	20.8	1	0	0	0	0	0	1	0	Slovenian	Treasury Analyst	4		2025-11-14 07:00:29	06:15	07:01	1	150 ml water	70	108	70	no	37	07:22	67	1552	107	107	1	08:02	08:03	0	Only consumed 70 ml with capsule	282	1552	322	1456		0	3	29.4117647058824	171.56862745098	210.78431372549	650	0	96	0.853298121970155	0.685179799917015	2.47392268567382	12.5152068182768
Sample	12	062_3_A_3-6	26041340	95369.2892166711	517564.135822633	157544.054408294	3121484.91605258	0.177754946105289	2.65101798824523	0.326367545104554	1.19126780905824	12	2	26041340	062	LB062	Treatment A	LB_062	2	32	192	119.6	32.4	1	0	0	0	0	0	0	0		IT	4		2025-04-01 07:06:23	06:15	06:17	1	Consumed about 80-85% of extra provided carbs for dinner on day 1 and lunch on day 2. Consumed 100% of extra provided carbs  for rest of the meals.	150	90	63	no	37	07:40	69	1372	107	107	1	08:02	08:03	1	0	537	721	720	32	Took meal as to-go	0	3	31.3725490196078	421.56862745098	600.980392156863	650	651	1340	10.6827237218179	159.320983019052	19.6140495244207	71.5928595051669
Sample	12	062_3_A_AH	26041341	85130.6530186378	65187.9200368524	246941.690658918	1888228.35993885	0.154280348948828	0.160884339971338	0.522845800029288	0.693130495061888	12	2	26041341	062	LB062	Treatment A	LB_062	2	32	192	119.6	32.4	1	0	0	0	0	0	0	0		IT	4		2025-04-01 07:06:23	06:15	06:17	1	Consumed about 80-85% of extra provided carbs for dinner on day 1 and lunch on day 2. Consumed 100% of extra provided carbs  for rest of the meals.	150	90	63	no	37	07:40	69	1372	107	107	1	08:02	08:03	1	0	537	721	720	32	Took meal as to-go	0	3	31.3725490196078	421.56862745098	600.980392156863	650	651	1340	NA	NA	NA	NA
Sample	12	062_3_A_0-3	26041342	284449.090419181	109159.968171962	65279.7392479115	662893.743908162	0.611266995737952	0.402931275296087	0.123588899104155	0.198193013197009	12	2	26041342	062	LB062	Treatment A	LB_062	2	32	192	119.6	32.4	1	0	0	0	0	0	0	0		IT	4		2025-04-01 07:06:23	06:15	06:17	1	Consumed about 80-85% of extra provided carbs for dinner on day 1 and lunch on day 2. Consumed 100% of extra provided carbs  for rest of the meals.	150	90	63	no	37	07:40	69	1372	107	107	1	08:02	08:03	1	0	537	721	720	32	Took meal as to-go	0	3	31.3725490196078	421.56862745098	600.980392156863	650	651	1340	25.7690988399333	16.9863184683644	5.21012025635165	8.3551956543837
Sample	12	062_3_A_BL	26041343	191856.16994162	194044.998648727	537307.200225438	3471805.47039657	0.398974902757007	0.870186323746828	1.16101153911015	1.33276937993052	12	2	26041343	062	LB062	Treatment A	LB_062	2	32	192	119.6	32.4	1	0	0	0	0	0	0	0		IT	4		2025-04-01 07:06:23	06:15	06:17	1	Consumed about 80-85% of extra provided carbs for dinner on day 1 and lunch on day 2. Consumed 100% of extra provided carbs  for rest of the meals.	150	90	63	no	37	07:40	69	1372	107	107	1	08:02	08:03	1	0	537	721	720	32	Took meal as to-go	0	3	31.3725490196078	421.56862745098	600.980392156863	650	651	1340	1.25168596943375	2.72999630979397	3.64238914230634	4.18123727037026
Sample	12	117_2_A_BL	26041344	11762.4401633236	5819.55309377618	36144.3885386069	440692.423630581	0	0	0.059555182956047	0.108441397200483	12	2	26041344	117	LB117	Treatment A	LB_117	1	62	161	59.5	23	1	0	0	0	0	0	0	0		Ernährungsberaterin	6	College	2025-08-08 07:02:45	04:00	07:01	1		46	113	73	no	37	07:16	207	1550	111	109	1	08:01	08:01	1	0	371	937	677	524		0	2	166.666666666667	254.901960784314	556.862745098039	650	613	1026	0	0	0.992586382600783	1.80735662000804
Sample	12	117_2_A_0-3	26041346	96846.560507953	135572.701192487	33983.2147282223	448594.972507932	0.181141954666088	0.548321843902883	0.0548053520135042	0.111633396831033	12	2	26041346	117	LB117	Treatment A	LB_117	1	62	161	59.5	23	1	0	0	0	0	0	0	0		Ernährungsberaterin	6	College	2025-08-08 07:02:45	04:00	07:01	1		46	113	73	no	37	07:16	207	1550	111	109	1	08:01	08:01	1	0	371	937	677	524		0	2	166.666666666667	254.901960784314	556.862745098039	650	613	1026	4.61734394246892	13.9768313151715	1.39699916897167	2.84555717412436
Sample	12	117_2_A_3-6	26041347	26845.3470340995	141572.682141881	50003.3304111667	987049.474565321	0.0206469185129563	0.581349120602511	0.0900143855527473	0.329126081572436	12	2	26041347	117	LB117	Treatment A	LB_117	1	62	161	59.5	23	1	0	0	0	0	0	0	0		Ernährungsberaterin	6	College	2025-08-08 07:02:45	04:00	07:01	1		46	113	73	no	37	07:16	207	1550	111	109	1	08:01	08:01	1	0	371	937	677	524		0	2	166.666666666667	254.901960784314	556.862745098039	650	613	1026	1.14974997209404	32.3731667159045	5.01256578372162	18.3278053267788
Sample	12	117_2_A_AH	26041348	9431.51184345206	3601.51729792373	30463.9588655769	453836.958998601	0	0	0.047070726362019	0.113750741399381	12	2	26041348	117	LB117	Treatment A	LB_117	1	62	161	59.5	23	1	0	0	0	0	0	0	0		Ernährungsberaterin	6	College	2025-08-08 07:02:45	04:00	07:01	1		46	113	73	no	37	07:16	207	1550	111	109	1	08:01	08:01	1	0	371	937	677	524		0	2	166.666666666667	254.901960784314	556.862745098039	650	613	1026	NA	NA	NA	NA
Std	12	Std_0_1	26041303	0	0	0	0	0	0	0	0	12	1	26041303	NA	NA	NA	NA	NA	NA	NA	NA	NA	NA	NA	NA	NA	NA	NA	NA	NA	NA	NA	NA	NA	NA	NA	NA	NA	NA	NA	NA	NA	NA	NA	NA	NA	NA	NA	NA	NA	NA	NA	NA	NA	NA	NA	NA	NA	NA	NA	NA	NA	NA	NA	650	NA	NA	NA	NA	NA	NA
Std	12	Std_1_1	26041304	309878.542960689	199465.788943964	62074.2470784047	2766691.45389393	0.6372	0.856	0.11585	1.0385	12	1	26041304	NA	NA	NA	NA	NA	NA	NA	NA	NA	NA	NA	NA	NA	NA	NA	NA	NA	NA	NA	NA	NA	NA	NA	NA	NA	NA	NA	NA	NA	NA	NA	NA	NA	NA	NA	NA	NA	NA	NA	NA	NA	NA	NA	NA	NA	NA	NA	NA	NA	NA	NA	650	NA	NA	NA	NA	NA	NA
Std	12	Std_2_1	26041305	435345.9587359	294325.135874112	102400.687038255	4318238.50693554	0.8496	1.284	0.173775	1.55775	12	1	26041305	NA	NA	NA	NA	NA	NA	NA	NA	NA	NA	NA	NA	NA	NA	NA	NA	NA	NA	NA	NA	NA	NA	NA	NA	NA	NA	NA	NA	NA	NA	NA	NA	NA	NA	NA	NA	NA	NA	NA	NA	NA	NA	NA	NA	NA	NA	NA	NA	NA	NA	NA	650	NA	NA	NA	NA	NA	NA
Std	12	Std_3_1	26041306	531906.438674748	437930.213978365	127965.637622147	5709244.75260534	1.062	1.926	0.2317	2.077	12	1	26041306	NA	NA	NA	NA	NA	NA	NA	NA	NA	NA	NA	NA	NA	NA	NA	NA	NA	NA	NA	NA	NA	NA	NA	NA	NA	NA	NA	NA	NA	NA	NA	NA	NA	NA	NA	NA	NA	NA	NA	NA	NA	NA	NA	NA	NA	NA	NA	NA	NA	NA	NA	650	NA	NA	NA	NA	NA	NA
Std	12	Std_4_1	26041307	825342.819952432	545532.491592742	190422.416572396	8560900.08934037	1.6992	2.889	0.34755	3.1155	12	1	26041307	NA	NA	NA	NA	NA	NA	NA	NA	NA	NA	NA	NA	NA	NA	NA	NA	NA	NA	NA	NA	NA	NA	NA	NA	NA	NA	NA	NA	NA	NA	NA	NA	NA	NA	NA	NA	NA	NA	NA	NA	NA	NA	NA	NA	NA	NA	NA	NA	NA	NA	NA	650	NA	NA	NA	NA	NA	NA
Std	12	Std_5_1	26041308	1025025.10319412	617724.510771194	231763.60575106	10693884.7282836	2.3364	3.852	0.4634	4.154	12	1	26041308	NA	NA	NA	NA	NA	NA	NA	NA	NA	NA	NA	NA	NA	NA	NA	NA	NA	NA	NA	NA	NA	NA	NA	NA	NA	NA	NA	NA	NA	NA	NA	NA	NA	NA	NA	NA	NA	NA	NA	NA	NA	NA	NA	NA	NA	NA	NA	NA	NA	NA	NA	650	NA	NA	NA	NA	NA	NA
Std	12	Std_0_2	26041350	0	0	0	0	0	0	0	0	12	2	26041350	NA	NA	NA	NA	NA	NA	NA	NA	NA	NA	NA	NA	NA	NA	NA	NA	NA	NA	NA	NA	NA	NA	NA	NA	NA	NA	NA	NA	NA	NA	NA	NA	NA	NA	NA	NA	NA	NA	NA	NA	NA	NA	NA	NA	NA	NA	NA	NA	NA	NA	NA	650	NA	NA	NA	NA	NA	NA
Std	12	Std_1_2	26041351	285904.793720915	208457.732358491	58609.7534898101	2690273.82820182	0.6372	0.856	0.11585	1.0385	12	2	26041351	NA	NA	NA	NA	NA	NA	NA	NA	NA	NA	NA	NA	NA	NA	NA	NA	NA	NA	NA	NA	NA	NA	NA	NA	NA	NA	NA	NA	NA	NA	NA	NA	NA	NA	NA	NA	NA	NA	NA	NA	NA	NA	NA	NA	NA	NA	NA	NA	NA	NA	NA	650	NA	NA	NA	NA	NA	NA
Std	12	Std_2_2	26041352	409863.856342355	275231.497850687	99612.7926509906	4243947.79085184	0.8496	1.284	0.173775	1.55775	12	2	26041352	NA	NA	NA	NA	NA	NA	NA	NA	NA	NA	NA	NA	NA	NA	NA	NA	NA	NA	NA	NA	NA	NA	NA	NA	NA	NA	NA	NA	NA	NA	NA	NA	NA	NA	NA	NA	NA	NA	NA	NA	NA	NA	NA	NA	NA	NA	NA	NA	NA	NA	NA	650	NA	NA	NA	NA	NA	NA
Std	12	Std_3_2	26041353	494523.809822732	415053.011290225	124269.996908213	5513233.35990073	1.062	1.926	0.2317	2.077	12	2	26041353	NA	NA	NA	NA	NA	NA	NA	NA	NA	NA	NA	NA	NA	NA	NA	NA	NA	NA	NA	NA	NA	NA	NA	NA	NA	NA	NA	NA	NA	NA	NA	NA	NA	NA	NA	NA	NA	NA	NA	NA	NA	NA	NA	NA	NA	NA	NA	NA	NA	NA	NA	650	NA	NA	NA	NA	NA	NA
Std	12	Std_4_2	26041354	773603.703792322	577353.244536059	164470.210934964	7797558.91558511	1.6992	2.889	0.34755	3.1155	12	2	26041354	NA	NA	NA	NA	NA	NA	NA	NA	NA	NA	NA	NA	NA	NA	NA	NA	NA	NA	NA	NA	NA	NA	NA	NA	NA	NA	NA	NA	NA	NA	NA	NA	NA	NA	NA	NA	NA	NA	NA	NA	NA	NA	NA	NA	NA	NA	NA	NA	NA	NA	NA	650	NA	NA	NA	NA	NA	NA
Std	12	Std_5_2	26041355	1014983.52637857	702947.423269487	213503.202930024	10355404.8337076	2.3364	3.852	0.4634	4.154	12	2	26041355	NA	NA	NA	NA	NA	NA	NA	NA	NA	NA	NA	NA	NA	NA	NA	NA	NA	NA	NA	NA	NA	NA	NA	NA	NA	NA	NA	NA	NA	NA	NA	NA	NA	NA	NA	NA	NA	NA	NA	NA	NA	NA	NA	NA	NA	NA	NA	NA	NA	NA	NA	650	NA	NA	NA	NA	NA	NA
QC	13	QC13a	26041401	224683.908491355	267973.038505362	156739.070749132	2832474.28828815	0.499272648639757	1.46055764807101	0.331833294525104	1.17971604385614	13	1	26041401	NA	NA	NA	NA	NA	NA	NA	NA	NA	NA	NA	NA	NA	NA	NA	NA	NA	NA	NA	NA	NA	NA	NA	NA	NA	NA	NA	NA	NA	NA	NA	NA	NA	NA	NA	NA	NA	NA	NA	NA	NA	NA	NA	NA	NA	NA	NA	NA	NA	NA	NA	650	NA	NA	NA	NA	NA	NA
QC	13	QC13b	26041408	235418.777351591	291747.323852952	163891.88655491	2990713.87983556	0.52453981507375	1.6056216461057	0.346707019835719	1.24506742554747	13	1	26041408	NA	NA	NA	NA	NA	NA	NA	NA	NA	NA	NA	NA	NA	NA	NA	NA	NA	NA	NA	NA	NA	NA	NA	NA	NA	NA	NA	NA	NA	NA	NA	NA	NA	NA	NA	NA	NA	NA	NA	NA	NA	NA	NA	NA	NA	NA	NA	NA	NA	NA	NA	650	NA	NA	NA	NA	NA	NA
QC	13	QC13c	26041414	219219.192740484	256242.694380563	154190.679116307	2782468.50879181	0.486410089796287	1.38898238966945	0.326534111915106	1.15906415294388	13	1	26041414	NA	NA	NA	NA	NA	NA	NA	NA	NA	NA	NA	NA	NA	NA	NA	NA	NA	NA	NA	NA	NA	NA	NA	NA	NA	NA	NA	NA	NA	NA	NA	NA	NA	NA	NA	NA	NA	NA	NA	NA	NA	NA	NA	NA	NA	NA	NA	NA	NA	NA	NA	650	NA	NA	NA	NA	NA	NA
QC	13	QC13d	26041420	223871.95394387	262792.004772356	157882.500719418	2801948.41540836	0.497361512979391	1.4289444384088	0.334210968402324	1.16710916115049	13	1	26041420	NA	NA	NA	NA	NA	NA	NA	NA	NA	NA	NA	NA	NA	NA	NA	NA	NA	NA	NA	NA	NA	NA	NA	NA	NA	NA	NA	NA	NA	NA	NA	NA	NA	NA	NA	NA	NA	NA	NA	NA	NA	NA	NA	NA	NA	NA	NA	NA	NA	NA	NA	650	NA	NA	NA	NA	NA	NA
QC	13	QC13e	26041426	226173.05623807	287863.68370341	158504.927926726	2860690.584516	0.502777725828026	1.58192476694471	0.335505257470954	1.1913690943138	13	1	26041426	NA	NA	NA	NA	NA	NA	NA	NA	NA	NA	NA	NA	NA	NA	NA	NA	NA	NA	NA	NA	NA	NA	NA	NA	NA	NA	NA	NA	NA	NA	NA	NA	NA	NA	NA	NA	NA	NA	NA	NA	NA	NA	NA	NA	NA	NA	NA	NA	NA	NA	NA	650	NA	NA	NA	NA	NA	NA
QC	13	QC13f	26041432	211130.646021176	252591.56821806	151923.52834502	2721105.58627656	0.479252863116896	1.43037651986187	0.395691610597783	1.17932768830303	13	2	26041432	NA	NA	NA	NA	NA	NA	NA	NA	NA	NA	NA	NA	NA	NA	NA	NA	NA	NA	NA	NA	NA	NA	NA	NA	NA	NA	NA	NA	NA	NA	NA	NA	NA	NA	NA	NA	NA	NA	NA	NA	NA	NA	NA	NA	NA	NA	NA	NA	NA	NA	NA	650	NA	NA	NA	NA	NA	NA
QC	13	QC13g	26041438	213523.835381857	273137.063910687	155050.304836822	2762940.92533057	0.485471108969157	1.5596674854533	0.4044692822409	1.19784365327071	13	2	26041438	NA	NA	NA	NA	NA	NA	NA	NA	NA	NA	NA	NA	NA	NA	NA	NA	NA	NA	NA	NA	NA	NA	NA	NA	NA	NA	NA	NA	NA	NA	NA	NA	NA	NA	NA	NA	NA	NA	NA	NA	NA	NA	NA	NA	NA	NA	NA	NA	NA	NA	NA	650	NA	NA	NA	NA	NA	NA
QC	13	QC13h	26041444	192570.342720423	205327.859637446	143914.887603122	2469423.48740347	0.431027456923479	1.13295023182089	0.373209281296546	1.06793533363101	13	2	26041444	NA	NA	NA	NA	NA	NA	NA	NA	NA	NA	NA	NA	NA	NA	NA	NA	NA	NA	NA	NA	NA	NA	NA	NA	NA	NA	NA	NA	NA	NA	NA	NA	NA	NA	NA	NA	NA	NA	NA	NA	NA	NA	NA	NA	NA	NA	NA	NA	NA	NA	NA	650	NA	NA	NA	NA	NA	NA
QC	13	QC13i	26041455	218358.003540245	281183.346027185	155053.311029768	2833032.17042517	0.498031772405948	1.61030201867785	0.404477721403293	1.22886544174093	13	2	26041455	NA	NA	NA	NA	NA	NA	NA	NA	NA	NA	NA	NA	NA	NA	NA	NA	NA	NA	NA	NA	NA	NA	NA	NA	NA	NA	NA	NA	NA	NA	NA	NA	NA	NA	NA	NA	NA	NA	NA	NA	NA	NA	NA	NA	NA	NA	NA	NA	NA	NA	NA	650	NA	NA	NA	NA	NA	NA
Sample	13	024_1_A_0-3	26041410	2278907.66175825	208847.160180043	213670.660833553	6878456.6870269	5.33439584783607	1.09978817921912	0.450218117426329	2.85066664143243	13	1	26041410	024	LB024	Treatment A	LB_024	2	34	183	86.6	25.9	1	0	0	0	0	0	0	0		Consultant	4		2025-04-08 07:15:58	06:40	07:16	1	Coffee on the first morning	55	110	60	no	37	07:50	111	1548	106	106	1	08:09	08:10	0	Only 175 ml water consumd with capsule.  Schedule (all measurements and intervention starting with baseline) shifted by +10 min due to SESI issues	378	462	483	624	Deviation from Protocol: Intervention visit did not take place within six months of inclusion visit due to viral gastroenterocolitis. The baseline assessments and intervention visit were delayed by 3 months.	0	1	72.5490196078431	266.666666666667	369.607843137255	650	1086	924	142.250555942295	29.3276847791764	12.0058164647021	76.0177771048648
Sample	13	024_1_A_AH	26041411	61217.0165167394	16805.6715466515	160836.005174589	9054012.32975371	0.114512925931844	0	0.34035255168403	3.74914954200265	13	1	26041411	024	LB024	Treatment A	LB_024	2	34	183	86.6	25.9	1	0	0	0	0	0	0	0		Consultant	4		2025-04-08 07:15:58	06:40	07:16	1	Coffee on the first morning	55	110	60	no	37	07:50	111	1548	106	106	1	08:09	08:10	0	Only 175 ml water consumd with capsule.  Schedule (all measurements and intervention starting with baseline) shifted by +10 min due to SESI issues	378	462	483	624	Deviation from Protocol: Intervention visit did not take place within six months of inclusion visit due to viral gastroenterocolitis. The baseline assessments and intervention visit were delayed by 3 months.	0	1	72.5490196078431	266.666666666667	369.607843137255	650	1086	924	NA	NA	NA	NA
Sample	13	024_1_A_BL	26041412	49829.803519693	18754.2098115407	148335.235570111	11211871.7966395	0.087710306378522	0	0.314358171524251	4.64032409748329	13	1	26041412	024	LB024	Treatment A	LB_024	2	34	183	86.6	25.9	1	0	0	0	0	0	0	0		Consultant	4		2025-04-08 07:15:58	06:40	07:16	1	Coffee on the first morning	55	110	60	no	37	07:50	111	1548	106	106	1	08:09	08:10	0	Only 175 ml water consumd with capsule.  Schedule (all measurements and intervention starting with baseline) shifted by +10 min due to SESI issues	378	462	483	624	Deviation from Protocol: Intervention visit did not take place within six months of inclusion visit due to viral gastroenterocolitis. The baseline assessments and intervention visit were delayed by 3 months.	0	1	72.5490196078431	266.666666666667	369.607843137255	650	1086	924	0.636329673726532	0	2.28063771497986	33.6650963935062
Sample	13	024_1_A_3-6	26041413	23110.9611951286	65232.7248442314	326738.88845747	9600491.14622579	0.0248209087782284	0.223493314380234	0.685334721110928	3.97483987254671	13	1	26041413	024	LB024	Treatment A	LB_024	2	34	183	86.6	25.9	1	0	0	0	0	0	0	0		Consultant	4		2025-04-08 07:15:58	06:40	07:16	1	Coffee on the first morning	55	110	60	no	37	07:50	111	1548	106	106	1	08:09	08:10	0	Only 175 ml water consumd with capsule.  Schedule (all measurements and intervention starting with baseline) shifted by +10 min due to SESI issues	378	462	483	624	Deviation from Protocol: Intervention visit did not take place within six months of inclusion visit due to viral gastroenterocolitis. The baseline assessments and intervention visit were delayed by 3 months.	0	1	72.5490196078431	266.666666666667	369.607843137255	650	1086	924	0.917400255822754	8.26048818836749	25.3305088096882	146.913199210795
Sample	13	240_3_B_AH	26041415	62353.8222459709	25778.7953250489	177611.666415609	6974276.17698373	0.117188679118732	0	0.375236237211242	2.89023914032732	13	1	26041415	240	LB240	Treatment B	LB_240	2	30	168	70.8	25.1	1	0	0	0	0	0	1	0	Italian/Portugese	Biologist, looking for Job	4		2026-03-24 07:01:00	06:00	07:01	1		58	114	74	no	38	07:14	89	1536	108	108	1	08:00	08:01	1	0	1223	1053	336	532		0	3	50	1093.13725490196	223.529411764706	650	483	1004	NA	NA	NA	NA
Sample	13	240_3_B_3-6	26041416	18789.3343843943	11269.8357529522	68997.842232334	752756.075150993	0.0146488922110852	0	0.149382219758102	0.320813051071218	13	1	26041416	240	LB240	Treatment B	LB_240	2	30	168	70.8	25.1	1	0	0	0	0	0	1	0	Italian/Portugese	Biologist, looking for Job	4		2026-03-24 07:01:00	06:00	07:01	1		58	114	74	no	38	07:14	89	1536	108	108	1	08:00	08:01	1	0	1223	1053	336	532		0	3	50	1093.13725490196	223.529411764706	650	483	1004	0.327445825894846	0	3.33913197106346	7.17111525923898
Sample	13	240_3_B_0-3	26041417	3368.9171805382	1333.48131356154	14153.3227285548	209486.207067252	0	0	0.0353372981437591	0.0964479843811842	13	1	26041417	240	LB240	Treatment B	LB_240	2	30	168	70.8	25.1	1	0	0	0	0	0	1	0	Italian/Portugese	Biologist, looking for Job	4		2026-03-24 07:01:00	06:00	07:01	1		58	114	74	no	38	07:14	89	1536	108	108	1	08:00	08:01	1	0	1223	1053	336	532		0	3	50	1093.13725490196	223.529411764706	650	483	1004	0	0	3.8628517088521	10.5430884887275
Sample	13	240_3_B_BL	26041418	53340.7036638118	30649.0592256345	166878.616895187	3659871.64873697	0.0959740774063342	0.0124735201790565	0.352917693766713	1.52142294656189	13	1	26041418	240	LB240	Treatment B	LB_240	2	30	168	70.8	25.1	1	0	0	0	0	0	1	0	Italian/Portugese	Biologist, looking for Job	4		2026-03-24 07:01:00	06:00	07:01	1		58	114	74	no	38	07:14	89	1536	108	108	1	08:00	08:01	1	0	1223	1053	336	532		0	3	50	1093.13725490196	223.529411764706	650	483	1004	0.479870387031671	0.0623676008952822	1.76458846883357	7.60711473280946
Sample	13	212_3_B_3-6	26041419	3073.44026497977	1198.75541199456	14219.9233454449	491443.244873726	0	0	0.0354757889574525	0.212893444193475	13	1	26041419	212	LB212	Treatment B	LB_212	2	18	179	66.9	20.9	1	0	0	0	0	0	0	0		Student	3		2026-03-18 07:08:07	06:15	07:08	1	no breakfast on first day of Std. Diet	65	139	82	no	37	07:28	51	2186	108	108	1	08:00	08:01	1	0	836	1060	1259	736		0	3	13.7254901960784	713.725490196078	1128.43137254902	650	1126	1450	0	0	4.00319932255175	24.0235641437931
Sample	13	212_3_B_BL	26041421	148353.261754942	71575.8489261014	421154.812575663	34282814.5806445	0.319609610347094	0.262197272286564	0.881665307332274	14.1683946208743	13	1	26041421	212	LB212	Treatment B	LB_212	2	18	179	66.9	20.9	1	0	0	0	0	0	0	0		Student	3		2026-03-18 07:08:07	06:15	07:08	1	no breakfast on first day of Std. Diet	65	139	82	no	37	07:28	51	2186	108	108	1	08:00	08:01	1	0	836	1060	1259	736		0	3	13.7254901960784	713.725490196078	1128.43137254902	650	1126	1450	0.438679857339149	0.359878609020774	1.21012885320116	19.4468161462981
Sample	13	212_3_B_AH	26041422	248628.498347639	72521.6145817991	638269.371201977	38803148.2500381	0.555632157541959	0.267968068136514	1.33313818090106	16.0352475880232	13	1	26041422	212	LB212	Treatment B	LB_212	2	18	179	66.9	20.9	1	0	0	0	0	0	0	0		Student	3		2026-03-18 07:08:07	06:15	07:08	1	no breakfast on first day of Std. Diet	65	139	82	no	37	07:28	51	2186	108	108	1	08:00	08:01	1	0	836	1060	1259	736		0	3	13.7254901960784	713.725490196078	1128.43137254902	650	1126	1450	NA	NA	NA	NA
Sample	13	212_3_B_0-3	26041423	3344.27667111345	1940.20251954502	14742.4001762811	790400.98441379	0	0	0.0365622389757431	0.336360025187562	13	1	26041423	212	LB212	Treatment B	LB_212	2	18	179	66.9	20.9	1	0	0	0	0	0	0	0		Student	3		2026-03-18 07:08:07	06:15	07:08	1	no breakfast on first day of Std. Diet	65	139	82	no	37	07:28	51	2186	108	108	1	08:00	08:01	1	0	836	1060	1259	736		0	3	13.7254901960784	713.725490196078	1128.43137254902	650	1126	1450	0	0	2.60954019356284	24.0068723859358
Sample	13	149_2_A_AH	26041424	33202.7458784077	83837.4293223981	105206.629516193	1343048.52888251	0.0485744176965323	0.337013984902949	0.224675582611861	0.564597979205093	13	1	26041424	149	LB149	Treatment A	LB_149	1	30	161	63.5	24.5	0	0	0	0	0	0	1	0	Central Asia, Tadjik	Hebamme	4		2025-11-03 07:10:02	06:10	07:03	1	Accidentally ate 2 M-Classic Marie Croccant biscuits on day -2, containing gluten (main ingredient) and condensed milk (<9%)	65	130	95	no	38	07:22	71	1173	107	107	1	08:01	08:02	1	0	1012	NA	764	28		Forgot to measure weight of water bottle	2	32.3529411764706	887.254901960784	644.117647058824	650	NA	1145	NA	NA	NA	NA
Sample	13	149_2_A_BL	26041425	73491.8117480383	230579.704209283	191624.784670239	1916239.04956171	0.143404689593836	1.23239404636734	0.404375429009825	0.801319978626679	13	1	26041425	149	LB149	Treatment A	LB_149	1	30	161	63.5	24.5	0	0	0	0	0	0	1	0	Central Asia, Tadjik	Hebamme	4		2025-11-03 07:10:02	06:10	07:03	1	Accidentally ate 2 M-Classic Marie Croccant biscuits on day -2, containing gluten (main ingredient) and condensed milk (<9%)	65	130	95	no	38	07:22	71	1173	107	107	1	08:01	08:02	1	0	1012	NA	764	28		Forgot to measure weight of water bottle	2	32.3529411764706	887.254901960784	644.117647058824	650	NA	1145	0.463956348685939	3.98715720883551	1.30827344679649	2.59250581320396
Sample	13	149_2_A_3-6	26041427	7339.66032851398	112642.898189119	53316.723100689	897482.425918387	0	0.51277684876939	0.116774549595719	0.380583598361586	13	1	26041427	149	LB149	Treatment A	LB_149	1	30	161	63.5	24.5	0	0	0	0	0	0	1	0	Central Asia, Tadjik	Hebamme	4		2025-11-03 07:10:02	06:10	07:03	1	Accidentally ate 2 M-Classic Marie Croccant biscuits on day -2, containing gluten (main ingredient) and condensed milk (<9%)	65	130	95	no	38	07:22	71	1173	107	107	1	08:01	08:02	1	0	1012	NA	764	28		Forgot to measure weight of water bottle	2	32.3529411764706	887.254901960784	644.117647058824	650	NA	1145	0	33.0288617295578	7.52165481219483	24.5140611885845
Sample	13	149_2_A_0-3	26041428	37001.232423455	55864.1869730981	30572.569909848	396657.534023861	0.0575150943811363	0.166329133019731	0.0694798482964333	0.173747885815453	13	1	26041428	149	LB149	Treatment A	LB_149	1	30	161	63.5	24.5	0	0	0	0	0	0	1	0	Central Asia, Tadjik	Hebamme	4		2025-11-03 07:10:02	06:10	07:03	1	Accidentally ate 2 M-Classic Marie Croccant biscuits on day -2, containing gluten (main ingredient) and condensed milk (<9%)	65	130	95	no	38	07:22	71	1173	107	107	1	08:01	08:02	1	0	1012	NA	764	28		Forgot to measure weight of water bottle	2	32.3529411764706	887.254901960784	644.117647058824	650	NA	1145	5.10305494264004	14.7576338610643	6.16463359885021	15.4158663395084
Sample	13	230_3_B_AH	26041429	165965.128309594	72374.1231529084	336059.502349636	7827561.68056987	0.361898884451652	0.296284267356297	0.912608992360002	3.43940169006754	13	2	26041429	230	LB230	Treatment B	LB_230	1	26	163	51.6	19.4	0	0	0	1	0	0	0	0		Student	3		2026-03-16 07:03:00	06:35	07:03	1	Replaced Zucchini with fresh Zucchini since it went bad	83	112	68	no	38	07:20	44	1548	107	108	1	08:01	08:01	1	0	500	1213	466	730	REDCap system was offline until aprox. 09:00, all entries until then intially captured on paper and transferred later	0	3	5.88235294117647	385.294117647059	350.980392156863	650	335	818	NA	NA	NA	NA
Sample	13	230_3_B_0-3	26041430	4796.1230875847	2787.43268366123	14267.6839201619	168918.139004825	0	0	0.00925599382590392	0.0497512480679378	13	2	26041430	230	LB230	Treatment B	LB_230	1	26	163	51.6	19.4	0	0	0	1	0	0	0	0		Student	3		2026-03-16 07:03:00	06:35	07:03	1	Replaced Zucchini with fresh Zucchini since it went bad	83	112	68	no	38	07:20	44	1548	107	108	1	08:01	08:01	1	0	500	1213	466	730	REDCap system was offline until aprox. 09:00, all entries until then intially captured on paper and transferred later	0	3	5.88235294117647	385.294117647059	350.980392156863	650	335	818	0	0	0.356627997409827	1.9168863226176
Sample	13	230_3_B_3-6	26041431	6698.54240798035	3185.20721449337	18545.6484277975	186499.514810223	0	0	0.0212653484591449	0.0575326153487487	13	2	26041431	230	LB230	Treatment B	LB_230	1	26	163	51.6	19.4	0	0	0	1	0	0	0	0		Student	3		2026-03-16 07:03:00	06:35	07:03	1	Replaced Zucchini with fresh Zucchini since it went bad	83	112	68	no	38	07:20	44	1548	107	108	1	08:01	08:01	1	0	500	1213	466	730	REDCap system was offline until aprox. 09:00, all entries until then intially captured on paper and transferred later	0	3	5.88235294117647	385.294117647059	350.980392156863	650	335	818	0	0	0.746372034154301	2.01928198969138
Sample	13	230_3_B_BL	26041433	108778.593749398	63114.379825362	232155.635197564	3432863.8665176	0.213310587521859	0.238013531334243	0.62092391966545	1.49434584473271	13	2	26041433	230	LB230	Treatment B	LB_230	1	26	163	51.6	19.4	0	0	0	1	0	0	0	0		Student	3		2026-03-16 07:03:00	06:35	07:03	1	Replaced Zucchini with fresh Zucchini since it went bad	83	112	68	no	38	07:20	44	1548	107	108	1	08:01	08:01	1	0	500	1213	466	730	REDCap system was offline until aprox. 09:00, all entries until then intially captured on paper and transferred later	0	3	5.88235294117647	385.294117647059	350.980392156863	650	335	818	0.125476816189329	0.140007959608378	0.365249364509089	0.87902696748983
Sample	13	211_3_A_3-6	26041434	4109.96912586015	36700.4503618066	42601.0327803748	897986.025025479	0	0.0717930372415806	0.088795044185556	0.372430488678295	13	2	26041434	211	LB211	Treatment A	LB_211	2	23	172	68.4	23.1	1	0	0	0	0	0	0	0		Student	4		2026-03-06 07:13:33	06:15	07:13	1	left out all cheese	60	135	72	no	37	07:20	65	1550	108	109	1	08:01	08:02	1	0	529	1178	746	659		0	3	27.4509803921569	412.745098039216	624.509803921569	650	372	891	0	4.48354556106734	5.54533756335286	23.2586491458896
Sample	13	211_3_A_AH	26041435	76954.8120165231	31347.4603873692	299493.376313842	7063214.09951963	0.130622563742837	0.0381071504199422	0.809958403664411	3.10110795673382	13	2	26041435	211	LB211	Treatment A	LB_211	2	23	172	68.4	23.1	1	0	0	0	0	0	0	0		Student	4		2026-03-06 07:13:33	06:15	07:13	1	left out all cheese	60	135	72	no	37	07:20	65	1550	108	109	1	08:01	08:02	1	0	529	1178	746	659		0	3	27.4509803921569	412.745098039216	624.509803921569	650	372	891	NA	NA	NA	NA
Sample	13	211_3_A_BL	26041436	165537.77580413	67811.3269634204	586043.986009125	10808549.2757192	0.360788490519517	0.267570999301756	1.61438019960495	4.7587614258555	13	2	26041436	211	LB211	Treatment A	LB_211	2	23	172	68.4	23.1	1	0	0	0	0	0	0	0		Student	4		2026-03-06 07:13:33	06:15	07:13	1	left out all cheese	60	135	72	no	37	07:20	65	1550	108	109	1	08:01	08:02	1	0	529	1178	746	659		0	3	27.4509803921569	412.745098039216	624.509803921569	650	372	891	0.990399777896713	0.734508625534231	4.43163192048417	13.0632666592112
Sample	13	211_3_A_0-3	26041437	887099.333881819	474545.586426876	202004.928857669	3845419.21453106	2.23562850083549	2.82711329177703	0.536283076051107	1.67693933013957	13	2	26041437	211	LB211	Treatment A	LB_211	2	23	172	68.4	23.1	1	0	0	0	0	0	0	0		Student	4		2026-03-06 07:13:33	06:15	07:13	1	left out all cheese	60	135	72	no	37	07:20	65	1550	108	109	1	08:01	08:02	1	0	529	1178	746	659		0	3	27.4509803921569	412.745098039216	624.509803921569	650	372	891	92.2744704756608	116.687715278248	22.1348210801486	69.2148488224274
Sample	13	124_2_A_0-3	26041439	230733.995579565	218000.699693027	71090.8614427686	983126.065409373	0.530188425962277	1.21269928008357	0.168773373887984	0.41011274584993	13	2	26041439	124	LB124	Treatment A	LB_124	1	48	165	69.7	25.6	0	0	0	1	0	0	0	0		Checkin agent at airport	6	College	2025-09-09 07:03:22	05:45	07:03	1		66	132	78	No	38	07:38	59	1472	107	108	1	08:01	08:01	1	0	351	1070	317	492		0	2	20.5882352941176	239.21568627451	204.901960784314	650	402	980	12.6829388171368	29.0096690529795	4.03732384594784	9.81054019484146
Sample	13	124_2_A_3-6	26041441	13403.2499985192	207178.679127794	77226.3386886674	1589414.82646388	0	1.14459727322708	0.185997247989478	0.678450990832128	13	2	26041441	124	LB124	Treatment A	LB_124	1	48	165	69.7	25.6	0	0	0	1	0	0	0	0		Checkin agent at airport	6	College	2025-09-09 07:03:22	05:45	07:03	1		66	132	78	No	38	07:38	59	1472	107	108	1	08:01	08:01	1	0	351	1070	317	492		0	2	20.5882352941176	239.21568627451	204.901960784314	650	402	980	0	23.4530225592608	3.81112008135304	13.9015938317563
Sample	13	231_3_A_AH	26041443	69471.2240776942	51300.3723224443	174613.915987378	7949550.48547244	0.111177888605468	0.163669039460784	0.459389406939111	3.49339289676268	13	2	26041443	231	LB231	Treatment A	LB_231	1	34	165	70.7	26	0	1	0	0	0	0	1	0	Indigenous + Spanish	Student	4		2026-03-05 07:33:48	07:56		1	a bit of orange juice on tuesday (-2 days relative to intervention)	66	118	69	no	38	08:14	88	1173	107	108	1	08:15	08:16	1	Participant was not able to provide at-home sample. She drank very little theday before. First morning urine (very little) provided on-site.  Intervention (all measurements) shifted by +15min due to late arrival of participant.	171	491	143	682		0	3	49.0196078431373	62.7450980392157	34.3137254901961	650	682	491	NA	NA	NA	NA
Sample	13	231_3_A_BL	26041445	6066.69776005595	4304.84684778573	17964.1772413414	594124.304675103	0	0	0.0196330082013661	0.237943877687397	13	2	26041445	231	LB231	Treatment A	LB_231	1	34	165	70.7	26	0	1	0	0	0	0	1	0	Indigenous + Spanish	Student	4		2026-03-05 07:33:48	07:56		1	a bit of orange juice on tuesday (-2 days relative to intervention)	66	118	69	no	38	08:14	88	1173	107	108	1	08:15	08:16	1	Participant was not able to provide at-home sample. She drank very little theday before. First morning urine (very little) provided on-site.  Intervention (all measurements) shifted by +15min due to late arrival of participant.	171	491	143	682		0	3	49.0196078431373	62.7450980392157	34.3137254901961	650	682	491	0	0	0.0962402362812063	1.16639155729116
Sample	13	231_3_A_3-6	26041446	71202.4744462475	392418.308370189	117081.236279753	2667140.7107282	0.115676212307031	2.31029368127935	0.297880270438253	1.15544329372816	13	2	26041446	231	LB231	Treatment A	LB_231	1	34	165	70.7	26	0	1	0	0	0	0	1	0	Indigenous + Spanish	Student	4		2026-03-05 07:33:48	07:56		1	a bit of orange juice on tuesday (-2 days relative to intervention)	66	118	69	no	38	08:14	88	1173	107	108	1	08:15	08:16	1	Participant was not able to provide at-home sample. She drank very little theday before. First morning urine (very little) provided on-site.  Intervention (all measurements) shifted by +15min due to late arrival of participant.	171	491	143	682		0	3	49.0196078431373	62.7450980392157	34.3137254901961	650	682	491	0.396928179484912	7.92747831811541	1.02213818287636	3.96475640004762
Sample	13	231_3_A_0-3	26041447	88073.3189671506	40502.0817628835	15111.2365286215	324152.30343788	0.159511882266882	0.0957163634061735	0.0116240645307226	0.118456567910571	13	2	26041447	231	LB231	Treatment A	LB_231	1	34	165	70.7	26	0	1	0	0	0	0	1	0	Indigenous + Spanish	Student	4		2026-03-05 07:33:48	07:56		1	a bit of orange juice on tuesday (-2 days relative to intervention)	66	118	69	no	38	08:14	88	1173	107	108	1	08:15	08:16	1	Participant was not able to provide at-home sample. She drank very little theday before. First morning urine (very little) provided on-site.  Intervention (all measurements) shifted by +15min due to late arrival of participant.	171	491	143	682		0	3	49.0196078431373	62.7450980392157	34.3137254901961	650	682	491	1.00085886912553	0.600573260587755	0.0729353068594358	0.743256896693778
Std	13	Std_0_1	26041402	0	0	0	0	0	0	0	0	13	1	26041402	NA	NA	NA	NA	NA	NA	NA	NA	NA	NA	NA	NA	NA	NA	NA	NA	NA	NA	NA	NA	NA	NA	NA	NA	NA	NA	NA	NA	NA	NA	NA	NA	NA	NA	NA	NA	NA	NA	NA	NA	NA	NA	NA	NA	NA	NA	NA	NA	NA	NA	NA	650	NA	NA	NA	NA	NA	NA
Std	13	Std_1_1	26041403	268359.72733135	147953.905026186	47128.7899854312	2263096.25838034	0.6372	0.856	0.11585	1.0385	13	1	26041403	NA	NA	NA	NA	NA	NA	NA	NA	NA	NA	NA	NA	NA	NA	NA	NA	NA	NA	NA	NA	NA	NA	NA	NA	NA	NA	NA	NA	NA	NA	NA	NA	NA	NA	NA	NA	NA	NA	NA	NA	NA	NA	NA	NA	NA	NA	NA	NA	NA	NA	NA	650	NA	NA	NA	NA	NA	NA
Std	13	Std_2_1	26041404	392823.797172338	272256.951785298	85044.4852733225	3848858.71742878	0.8496	1.284	0.173775	1.55775	13	1	26041404	NA	NA	NA	NA	NA	NA	NA	NA	NA	NA	NA	NA	NA	NA	NA	NA	NA	NA	NA	NA	NA	NA	NA	NA	NA	NA	NA	NA	NA	NA	NA	NA	NA	NA	NA	NA	NA	NA	NA	NA	NA	NA	NA	NA	NA	NA	NA	NA	NA	NA	NA	650	NA	NA	NA	NA	NA	NA
Std	13	Std_3_1	26041405	491103.016003128	403532.52347655	116772.362982751	5304213.03526986	1.062	1.926	0.2317	2.077	13	1	26041405	NA	NA	NA	NA	NA	NA	NA	NA	NA	NA	NA	NA	NA	NA	NA	NA	NA	NA	NA	NA	NA	NA	NA	NA	NA	NA	NA	NA	NA	NA	NA	NA	NA	NA	NA	NA	NA	NA	NA	NA	NA	NA	NA	NA	NA	NA	NA	NA	NA	NA	NA	650	NA	NA	NA	NA	NA	NA
Std	13	Std_4_1	26041406	720626.751512919	474497.832347042	142999.732193269	7255106.27068974	1.6992	2.889	0.34755	3.1155	13	1	26041406	NA	NA	NA	NA	NA	NA	NA	NA	NA	NA	NA	NA	NA	NA	NA	NA	NA	NA	NA	NA	NA	NA	NA	NA	NA	NA	NA	NA	NA	NA	NA	NA	NA	NA	NA	NA	NA	NA	NA	NA	NA	NA	NA	NA	NA	NA	NA	NA	NA	NA	NA	650	NA	NA	NA	NA	NA	NA
Std	13	Std_5_1	26041407	999892.668490582	644527.922402071	231706.484277696	10102192.6874961	2.3364	3.852	0.4634	4.154	13	1	26041407	NA	NA	NA	NA	NA	NA	NA	NA	NA	NA	NA	NA	NA	NA	NA	NA	NA	NA	NA	NA	NA	NA	NA	NA	NA	NA	NA	NA	NA	NA	NA	NA	NA	NA	NA	NA	NA	NA	NA	NA	NA	NA	NA	NA	NA	NA	NA	NA	NA	NA	NA	650	NA	NA	NA	NA	NA	NA
Std	13	Std_0_2	26041449	0	0	0	0	0	0	0	0	13	2	26041449	NA	NA	NA	NA	NA	NA	NA	NA	NA	NA	NA	NA	NA	NA	NA	NA	NA	NA	NA	NA	NA	NA	NA	NA	NA	NA	NA	NA	NA	NA	NA	NA	NA	NA	NA	NA	NA	NA	NA	NA	NA	NA	NA	NA	NA	NA	NA	NA	NA	NA	NA	650	NA	NA	NA	NA	NA	NA
Std	13	Std_1_2	26041450	256298.046357392	142944.731354584	43532.3158763116	2139317.78505098	0.6372	0.856	0.11585	1.0385	13	2	26041450	NA	NA	NA	NA	NA	NA	NA	NA	NA	NA	NA	NA	NA	NA	NA	NA	NA	NA	NA	NA	NA	NA	NA	NA	NA	NA	NA	NA	NA	NA	NA	NA	NA	NA	NA	NA	NA	NA	NA	NA	NA	NA	NA	NA	NA	NA	NA	NA	NA	NA	NA	650	NA	NA	NA	NA	NA	NA
Std	13	Std_2_2	26041451	407937.875937443	273269.457591142	97660.1830243015	4007537.56578942	0.8496	1.284	0.173775	1.55775	13	2	26041451	NA	NA	NA	NA	NA	NA	NA	NA	NA	NA	NA	NA	NA	NA	NA	NA	NA	NA	NA	NA	NA	NA	NA	NA	NA	NA	NA	NA	NA	NA	NA	NA	NA	NA	NA	NA	NA	NA	NA	NA	NA	NA	NA	NA	NA	NA	NA	NA	NA	NA	NA	650	NA	NA	NA	NA	NA	NA
Std	13	Std_3_2	26041452	435049.10499689	329214.136852966	93313.0273570104	4582007.49899984	1.062	1.926	0.2317	2.077	13	2	26041452	NA	NA	NA	NA	NA	NA	NA	NA	NA	NA	NA	NA	NA	NA	NA	NA	NA	NA	NA	NA	NA	NA	NA	NA	NA	NA	NA	NA	NA	NA	NA	NA	NA	NA	NA	NA	NA	NA	NA	NA	NA	NA	NA	NA	NA	NA	NA	NA	NA	NA	NA	650	NA	NA	NA	NA	NA	NA
Std	13	Std_4_2	26041453	694223.007987772	529812.479757034	142806.167466207	7368656.01725064	1.6992	2.889	0.34755	3.1155	13	2	26041453	NA	NA	NA	NA	NA	NA	NA	NA	NA	NA	NA	NA	NA	NA	NA	NA	NA	NA	NA	NA	NA	NA	NA	NA	NA	NA	NA	NA	NA	NA	NA	NA	NA	NA	NA	NA	NA	NA	NA	NA	NA	NA	NA	NA	NA	NA	NA	NA	NA	NA	NA	650	NA	NA	NA	NA	NA	NA
Std	13	Std_5_2	26041454	900697.515517698	593839.911800251	162900.044388726	9225222.80193682	2.3364	3.852	0.4634	4.154	13	2	26041454	NA	NA	NA	NA	NA	NA	NA	NA	NA	NA	NA	NA	NA	NA	NA	NA	NA	NA	NA	NA	NA	NA	NA	NA	NA	NA	NA	NA	NA	NA	NA	NA	NA	NA	NA	NA	NA	NA	NA	NA	NA	NA	NA	NA	NA	NA	NA	NA	NA	NA	NA	650	NA	NA	NA	NA	NA	NA
QC	14	QC14a	26042002	212503.567780657	268611.130540723	152935.7705585	2793354.51288396	0.452318522925262	1.15304858663056	0.304994396202448	1.06796747982037	14	1	26042002	NA	NA	NA	NA	NA	NA	NA	NA	NA	NA	NA	NA	NA	NA	NA	NA	NA	NA	NA	NA	NA	NA	NA	NA	NA	NA	NA	NA	NA	NA	NA	NA	NA	NA	NA	NA	NA	NA	NA	NA	NA	NA	NA	NA	NA	NA	NA	NA	NA	NA	NA	650	NA	NA	NA	NA	NA	NA
QC	14	QC14b	26042009	196504.416361293	251107.346230259	145261.652623014	2594926.35571624	0.415874489343089	1.06040645013737	0.289906748592149	0.991944817368809	14	1	26042009	NA	NA	NA	NA	NA	NA	NA	NA	NA	NA	NA	NA	NA	NA	NA	NA	NA	NA	NA	NA	NA	NA	NA	NA	NA	NA	NA	NA	NA	NA	NA	NA	NA	NA	NA	NA	NA	NA	NA	NA	NA	NA	NA	NA	NA	NA	NA	NA	NA	NA	NA	650	NA	NA	NA	NA	NA	NA
QC	14	QC14c	26042015	204472.948782067	237274.833103203	144777.958721171	2644374.60370354	0.43402579346737	0.987195220700855	0.288955785471224	1.01088964616336	14	1	26042015	NA	NA	NA	NA	NA	NA	NA	NA	NA	NA	NA	NA	NA	NA	NA	NA	NA	NA	NA	NA	NA	NA	NA	NA	NA	NA	NA	NA	NA	NA	NA	NA	NA	NA	NA	NA	NA	NA	NA	NA	NA	NA	NA	NA	NA	NA	NA	NA	NA	NA	NA	650	NA	NA	NA	NA	NA	NA
QC	14	QC14d	26042021	192747.65563172	208866.022832757	142579.670391576	2584985.9237016	0.407317065852301	0.836836142229428	0.284633855584092	0.988136395628377	14	1	26042021	NA	NA	NA	NA	NA	NA	NA	NA	NA	NA	NA	NA	NA	NA	NA	NA	NA	NA	NA	NA	NA	NA	NA	NA	NA	NA	NA	NA	NA	NA	NA	NA	NA	NA	NA	NA	NA	NA	NA	NA	NA	NA	NA	NA	NA	NA	NA	NA	NA	NA	NA	650	NA	NA	NA	NA	NA	NA
QC	14	QC14e	26042027	199836.238781475	252390.562710207	146727.8548653	2659495.56384756	0.423463957370998	1.06719811953737	0.292789365583835	1.01668285447301	14	1	26042027	NA	NA	NA	NA	NA	NA	NA	NA	NA	NA	NA	NA	NA	NA	NA	NA	NA	NA	NA	NA	NA	NA	NA	NA	NA	NA	NA	NA	NA	NA	NA	NA	NA	NA	NA	NA	NA	NA	NA	NA	NA	NA	NA	NA	NA	NA	NA	NA	NA	NA	NA	650	NA	NA	NA	NA	NA	NA
QC	14	QC14f	26042033	189900.873400927	178711.129213442	137963.528844491	2424334.7086599	0.467281488644852	0.943986659609833	0.302361281035078	1.01851313305025	14	2	26042033	NA	NA	NA	NA	NA	NA	NA	NA	NA	NA	NA	NA	NA	NA	NA	NA	NA	NA	NA	NA	NA	NA	NA	NA	NA	NA	NA	NA	NA	NA	NA	NA	NA	NA	NA	NA	NA	NA	NA	NA	NA	NA	NA	NA	NA	NA	NA	NA	NA	NA	NA	650	NA	NA	NA	NA	NA	NA
QC	14	QC14g	26042039	202834.562226866	234562.969013232	145935.367762223	2628318.55150255	0.497734643006554	1.26229003145175	0.319457017949735	1.10319162491611	14	2	26042039	NA	NA	NA	NA	NA	NA	NA	NA	NA	NA	NA	NA	NA	NA	NA	NA	NA	NA	NA	NA	NA	NA	NA	NA	NA	NA	NA	NA	NA	NA	NA	NA	NA	NA	NA	NA	NA	NA	NA	NA	NA	NA	NA	NA	NA	NA	NA	NA	NA	NA	NA	650	NA	NA	NA	NA	NA	NA
QC	14	QC14h	26042045	206258.915827477	245502.382060189	148027.400447694	2676594.26520491	0.505797491138426	1.32463447831867	0.323943415727806	1.12323200935587	14	2	26042045	NA	NA	NA	NA	NA	NA	NA	NA	NA	NA	NA	NA	NA	NA	NA	NA	NA	NA	NA	NA	NA	NA	NA	NA	NA	NA	NA	NA	NA	NA	NA	NA	NA	NA	NA	NA	NA	NA	NA	NA	NA	NA	NA	NA	NA	NA	NA	NA	NA	NA	NA	650	NA	NA	NA	NA	NA	NA
QC	14	QC14i	26042056	189991.089525824	202087.355373581	138031.586541148	2464357.97091401	0.467493907979689	1.07720933650613	0.302507231861364	1.03512773075564	14	2	26042056	NA	NA	NA	NA	NA	NA	NA	NA	NA	NA	NA	NA	NA	NA	NA	NA	NA	NA	NA	NA	NA	NA	NA	NA	NA	NA	NA	NA	NA	NA	NA	NA	NA	NA	NA	NA	NA	NA	NA	NA	NA	NA	NA	NA	NA	NA	NA	NA	NA	NA	NA	650	NA	NA	NA	NA	NA	NA
Sample	14	223_1_A_0-3	26042011	684416.496310347	22694.2588866472	78677.4280371021	929624.991032945	1.5272761981418	0	0.158999284646103	0.353927283292566	14	1	26042011	223	LB223	Treatment A	LB_223	2	20	170	66.8	23.1	1	0	0	0	0	0	1	0	German	Student	3		2026-02-09 07:03:14	06:00	07:03	1		43	126	68	no	37	07:21	147	1651	107	107	1	08:01	08:01	1	0	1490	1122	860	377		0	1	107.843137254902	1355.88235294118	738.235294117647	650	529	1274	207.080684512756	0	21.5584324181922	47.9883757640802
Sample	14	223_1_A_3-6	26042012	14144.1270670604	20462.448088654	142575.409876834	2783267.39935629	0.00048092671639624	0	0.284625479227928	1.06410286081785	14	1	26042012	223	LB223	Treatment A	LB_223	2	20	170	66.8	23.1	1	0	0	0	0	0	1	0	German	Student	3		2026-02-09 07:03:14	06:00	07:03	1		43	126	68	no	37	07:21	147	1651	107	107	1	08:01	08:01	1	0	1490	1122	860	377		0	1	107.843137254902	1355.88235294118	738.235294117647	650	529	1274	0.0355037075927812	0	21.0120574371205	78.5558288427298
Sample	14	223_1_A_BL	26042013	82846.6189163775	27924.9647966107	288078.675220935	4101805.29719717	0.156976471667924	0	0.570691188944023	1.56926686056423	14	1	26042013	223	LB223	Treatment A	LB_223	2	20	170	66.8	23.1	1	0	0	0	0	0	1	0	German	Student	3		2026-02-09 07:03:14	06:00	07:03	1		43	126	68	no	37	07:21	147	1651	107	107	1	08:01	08:01	1	0	1490	1122	860	377		0	1	107.843137254902	1355.88235294118	738.235294117647	650	529	1274	1.69288351798741	0	6.15451282194535	16.9234661433398
Sample	14	223_1_A_AH	26042014	73013.4099737978	23984.7103007991	283817.992780832	8681281.27762759	0.134577671410921	0	0.562314503079134	3.3237757046444	14	1	26042014	223	LB223	Treatment A	LB_223	2	20	170	66.8	23.1	1	0	0	0	0	0	1	0	German	Student	3		2026-02-09 07:03:14	06:00	07:03	1		43	126	68	no	37	07:21	147	1651	107	107	1	08:01	08:01	1	0	1490	1122	860	377		0	1	107.843137254902	1355.88235294118	738.235294117647	650	529	1274	NA	NA	NA	NA
Sample	14	238_3_A_3-6	26042016	31678.3919376634	599156.69976562	132993.726129371	2443548.64554968	0.0404217536410999	2.90252442558086	0.265787474767953	0.93394832772266	14	1	26042016	238	LB238	Treatment A	LB_238	1	18	172	58.6	19.8	1	0	0	1	0	0	0	0		3/4 Swiss, 1/4 Sri Lanka	1		2026-03-20 07:01:30	07:08		1	forgot to eat orange for breakfast on day -1	72	112	71	no	38	07:23	203	1004	108	108	1	08:00	08:01	1	Participant urinated at-home but forgot to collect sample, "at-home" sample collected upon arrival but it is not really a first morning sample. 	1195	945	710	424	Participant forgot to collect first urine sample at home. Instead 2 urine samples were collected on-site but at-home sample was not the first urine in this case. (copied to this field by AV, initial entry by KM)	0	3	161.764705882353	1065.6862745098	590.196078431372	650	59	580	2.38567604822962	171.305853352909	15.6866725304223	55.1212640479452
Sample	14	238_3_A_BL	26042017	735.976557986998	295.686372041967	4507.91658142055	36209.5360933321	0	0	0.0131788188050892	0.0116380511123095	14	1	26042017	238	LB238	Treatment A	LB_238	1	18	172	58.6	19.8	1	0	0	1	0	0	0	0		3/4 Swiss, 1/4 Sri Lanka	1		2026-03-20 07:01:30	07:08		1	forgot to eat orange for breakfast on day -1	72	112	71	no	38	07:23	203	1004	108	108	1	08:00	08:01	1	Participant urinated at-home but forgot to collect sample, "at-home" sample collected upon arrival but it is not really a first morning sample. 	1195	945	710	424	Participant forgot to collect first urine sample at home. Instead 2 urine samples were collected on-site but at-home sample was not the first urine in this case. (copied to this field by AV, initial entry by KM)	0	3	161.764705882353	1065.6862745098	590.196078431372	650	59	580	0	0	0.213186774788207	0.188262591522654
Sample	14	238_3_A_0-3	26042018	65058.7642556865	18011.5119193703	11293.7128929499	126546.00292226	0.116457999430427	0	0.0265199877008922	0.0462481529387224	14	1	26042018	238	LB238	Treatment A	LB_238	1	18	172	58.6	19.8	1	0	0	1	0	0	0	0		3/4 Swiss, 1/4 Sri Lanka	1		2026-03-20 07:01:30	07:08		1	forgot to eat orange for breakfast on day -1	72	112	71	no	38	07:23	203	1004	108	108	1	08:00	08:01	1	Participant urinated at-home but forgot to collect sample, "at-home" sample collected upon arrival but it is not really a first morning sample. 	1195	945	710	424	Participant forgot to collect first urine sample at home. Instead 2 urine samples were collected on-site but at-home sample was not the first urine in this case. (copied to this field by AV, initial entry by KM)	0	3	161.764705882353	1065.6862745098	590.196078431372	650	59	580	12.4107691549877	0	2.82619868930097	4.92860218082267
Sample	14	238_3_A_AH	26042019	3825.34732039049	887.361078832717	16790.6494899111	127197.79046452	0	0	0.0373272026809499	0.0464978686293917	14	1	26042019	238	LB238	Treatment A	LB_238	1	18	172	58.6	19.8	1	0	0	1	0	0	0	0		3/4 Swiss, 1/4 Sri Lanka	1		2026-03-20 07:01:30	07:08		1	forgot to eat orange for breakfast on day -1	72	112	71	no	38	07:23	203	1004	108	108	1	08:00	08:01	1	Participant urinated at-home but forgot to collect sample, "at-home" sample collected upon arrival but it is not really a first morning sample. 	1195	945	710	424	Participant forgot to collect first urine sample at home. Instead 2 urine samples were collected on-site but at-home sample was not the first urine in this case. (copied to this field by AV, initial entry by KM)	0	3	161.764705882353	1065.6862745098	590.196078431372	650	59	580	NA	NA	NA	NA
Sample	14	242_3_A_3-6	26042020	110678.810872676	253031.657571436	309611.98832981	4794964.98848447	0.220374667718067	1.07059123708188	0.613026613392825	1.83483322971225	14	1	26042020	242	LB242	Treatment A	LB_242	2	35	177	81.1	25.9	1	0	0	0	0	0	0	0		Physiotherapist	4		2026-03-27 07:02:59	06:10	07:02	1	Night of day -2 to day -1 took one ibuprofen 400mg	59	128	84	no	38	07:24	155	946	108	108	1	08:00	08:01	1	0	1277	704	508	599		0	3	114.705882352941	1146.07843137255	392.156862745098	650	242	347	8.64214383208107	41.9839700816423	24.0402593487382	71.954244302441
Sample	14	242_3_A_AH	26042022	10014.8840529393	7519.5229757733	41385.9438682715	686075.691516197	0	0	0.08568261467382	0.260617611662516	14	1	26042022	242	LB242	Treatment A	LB_242	2	35	177	81.1	25.9	1	0	0	0	0	0	0	0		Physiotherapist	4		2026-03-27 07:02:59	06:10	07:02	1	Night of day -2 to day -1 took one ibuprofen 400mg	59	128	84	no	38	07:24	155	946	108	108	1	08:00	08:01	1	0	1277	704	508	599		0	3	114.705882352941	1146.07843137255	392.156862745098	650	242	347	NA	NA	NA	NA
Sample	14	242_3_A_BL	26042023	3151.10697921991	1935.28226461248	15545.2395065891	221134.246557946	0	0	0.0348786728151494	0.0824872140701712	14	1	26042023	242	LB242	Treatment A	LB_242	2	35	177	81.1	25.9	1	0	0	0	0	0	0	0		Physiotherapist	4		2026-03-27 07:02:59	06:10	07:02	1	Night of day -2 to day -1 took one ibuprofen 400mg	59	128	84	no	38	07:24	155	946	108	108	1	08:00	08:01	1	0	1277	704	508	599		0	3	114.705882352941	1146.07843137255	392.156862745098	650	242	347	0	0	0.400078894056126	0.946176867275493
Sample	14	242_3_A_0-3	26042024	282312.974374836	44945.5712309474	71786.7773499668	873724.391367467	0.611335478986474	0	0.145451967515045	0.332510401334546	14	1	26042024	242	LB242	Treatment A	LB_242	2	35	177	81.1	25.9	1	0	0	0	0	0	0	0		Physiotherapist	4		2026-03-27 07:02:59	06:10	07:02	1	Night of day -2 to day -1 took one ibuprofen 400mg	59	128	84	no	38	07:24	155	946	108	108	1	08:00	08:01	1	0	1277	704	508	599		0	3	114.705882352941	1146.07843137255	392.156862745098	650	242	347	70.0638406799204	0	16.6699362769694	38.1082999176553
Sample	14	164_2_A_0-3	26042025	1057011.86792573	640147.773020921	95736.802960118	1535131.89136034	2.37600110109371	3.11947754475578	0.192538753214898	0.585911732237339	14	1	26042025	164	LB164	Treatment A	LB_164	2	33	177	74.8	23.9	0	0	0	1	0	0	0	0		IT Consultant	4		2025-12-10 07:07:20	06:15	07:08	1		51	131	72	no	37	07:12	86	1555	108	109	1	08:01	08:01	1	0	474	1511	339	1397		0	2	48.0392156862745	358.823529411765	225.490196078431	650	44	158	85.2565100980684	111.934194253001	6.90874349771104	21.0238915685163
Sample	14	164_2_A_AH	26042026	59080.0764148775	27311.3558298472	171479.981158799	4525212.92881475	0.102839308367597	0	0.34145311590165	1.73148464213981	14	1	26042026	164	LB164	Treatment A	LB_164	2	33	177	74.8	23.9	0	0	0	1	0	0	0	0		IT Consultant	4		2025-12-10 07:07:20	06:15	07:08	1		51	131	72	no	37	07:12	86	1555	108	109	1	08:01	08:01	1	0	474	1511	339	1397		0	2	48.0392156862745	358.823529411765	225.490196078431	650	44	158	NA	NA	NA	NA
Sample	14	164_2_A_BL	26042028	71743.82332024	33750.2202272963	198203.962734755	4269584.20524364	0.13168571436739	0	0.393993618947314	1.63354704879441	14	1	26042028	164	LB164	Treatment A	LB_164	2	33	177	74.8	23.9	0	0	0	1	0	0	0	0		IT Consultant	4		2025-12-10 07:07:20	06:15	07:08	1		51	131	72	no	37	07:12	86	1555	108	109	1	08:01	08:01	1	0	474	1511	339	1397		0	2	48.0392156862745	358.823529411765	225.490196078431	650	44	158	0.632607843529621	0	1.89271444396259	7.84743190107118
Sample	14	164_2_A_3-6	26042029	679270.685469795	1119159.83903378	539562.303533374	10181989.3646326	1.51555469503423	5.65474080065194	1.06511887374576	3.89873354311426	14	1	26042029	164	LB164	Treatment A	LB_164	2	33	177	74.8	23.9	0	0	0	1	0	0	0	0		IT Consultant	4		2025-12-10 07:07:20	06:15	07:08	1		51	131	72	no	37	07:12	86	1555	108	109	1	08:01	08:01	1	0	474	1511	339	1397		0	2	48.0392156862745	358.823529411765	225.490196078431	650	44	158	34.1742725350855	127.508861191171	24.0173863687768	87.9126191094392
Sample	14	235_3_A_0-3	26042030	389922.681105851	96466.3015953505	92824.9260084528	1709390.04592655	0.938244959911314	0.475267884342306	0.205560820470882	0.721722784539598	14	2	26042030	235	LB235	Treatment A	LB_235	2	25	173	69.1	23.1	1	0	0	0	0	0	0	0		Student	4		2026-03-02 07:01:08	06:05	07:01	1	skipped cucumber	57	124	71	no	38	07:10	77	1554	108	108	1	08:01	08:01	1	0	442	1068	901	552		0	3	38.2352941176471	327.450980392157	777.450980392157	650	486	1002	30.722923197096	15.5626934676794	6.73110921934064	23.6328833368849
Sample	14	235_3_A_BL	26042031	78332.3440365493	39310.2626497137	245007.838413675	6432833.56086132	0.204586623137705	0.149531794309467	0.531919526440064	2.68253530618047	14	2	26042031	235	LB235	Treatment A	LB_235	2	25	173	69.1	23.1	1	0	0	0	0	0	0	0		Student	4		2026-03-02 07:01:08	06:05	07:01	1	skipped cucumber	57	124	71	no	38	07:10	77	1554	108	108	1	08:01	08:01	1	0	442	1068	901	552		0	3	38.2352941176471	327.450980392157	777.450980392157	650	486	1002	0.782242970820638	0.571739213536197	2.03380995403554	10.2567526412783
Sample	14	235_3_A_3-6	26042032	43142.8250612009	57321.3571537436	71487.0767824394	1615727.41883381	0.121730767573816	0.252178226938132	0.159801459242306	0.68284122462837	14	2	26042032	235	LB235	Treatment A	LB_235	2	25	173	69.1	23.1	1	0	0	0	0	0	0	0		Student	4		2026-03-02 07:01:08	06:05	07:01	1	skipped cucumber	57	124	71	no	38	07:10	77	1554	108	108	1	08:01	08:01	1	0	442	1068	901	552		0	3	38.2352941176471	327.450980392157	777.450980392157	650	486	1002	9.46397045941534	19.6056209766606	12.4237801156028	53.0875579539508
Sample	14	235_3_A_AH	26042034	63407.1548850784	22658.914499633	175484.634943957	7062883.00193207	0.169444360537744	0.0546346471271417	0.382825897197423	2.94408365102638	14	2	26042034	235	LB235	Treatment A	LB_235	2	25	173	69.1	23.1	1	0	0	0	0	0	0	0		Student	4		2026-03-02 07:01:08	06:05	07:01	1	skipped cucumber	57	124	71	no	38	07:10	77	1554	108	108	1	08:01	08:01	1	0	442	1068	901	552		0	3	38.2352941176471	327.450980392157	777.450980392157	650	486	1002	NA	NA	NA	NA
Sample	14	095_1_A_AH	26042035	53206.3753308341	31866.9873637066	204962.818304941	1229890.62005874	0.145426006721154	0.107112070454774	0.446042336046987	0.52267129268023	14	2	26042035	095	LB095	Treatment A	LB_095	2	22	167	57.3	20.5	1	0	0	0	0	0	0	0		Student	3		2025-05-05 07:06:02	06:30	07:03	1		72	136	84	Fatigue (no medication taken) maybe because standardized diet contained less sugar than usually consumed; Paracetamol taken on Friday for headache	38	07:30	81	1162	107	107	1	08:00	08:02	1	EBC cooled with water/ice/NaCl as shop was closed on Friday and no dry ice available till 9 am	1025	903	462	397		0	1	42.156862745098	900	348.039215686275	650	259	765	NA	NA	NA	NA
Sample	14	095_1_A_0-3	26042036	482472.632940053	31006.7081932683	77810.0848568503	987113.955584535	1.15615943174571	0.102209281904612	0.173361251865427	0.421888987957402	14	2	26042036	095	LB095	Treatment A	LB_095	2	22	167	57.3	20.5	1	0	0	0	0	0	0	0		Student	3		2025-05-05 07:06:02	06:30	07:03	1		72	136	84	Fatigue (no medication taken) maybe because standardized diet contained less sugar than usually consumed; Paracetamol taken on Friday for headache	38	07:30	81	1162	107	107	1	08:00	08:02	1	EBC cooled with water/ice/NaCl as shop was closed on Friday and no dry ice available till 9 am	1025	903	462	397		0	1	42.156862745098	900	348.039215686275	650	259	765	104.054348857114	9.19883537141508	15.6025126678885	37.9700089161662
Sample	14	095_1_A_BL	26042037	42038.7439687556	30233.7780573066	194883.111238679	989401.901009876	0.119131141713896	0.0978043013461068	0.424426241948757	0.422838767927175	14	2	26042037	095	LB095	Treatment A	LB_095	2	22	167	57.3	20.5	1	0	0	0	0	0	0	0		Student	3		2025-05-05 07:06:02	06:30	07:03	1		72	136	84	Fatigue (no medication taken) maybe because standardized diet contained less sugar than usually consumed; Paracetamol taken on Friday for headache	38	07:30	81	1162	107	107	1	08:00	08:02	1	EBC cooled with water/ice/NaCl as shop was closed on Friday and no dry ice available till 9 am	1025	903	462	397		0	1	42.156862745098	900	348.039215686275	650	259	765	0.502219518989955	0.412312250772803	1.78924788272515	1.78255559028123
Sample	14	095_1_A_3-6	26042038	30162.7641213083	82817.2335617349	496440.825287279	11341258.0520914	0.091168427258803	0.397480932414253	1.0711216151446	4.72013778274265	14	2	26042038	095	LB095	Treatment A	LB_095	2	22	167	57.3	20.5	1	0	0	0	0	0	0	0		Student	3		2025-05-05 07:06:02	06:30	07:03	1		72	136	84	Fatigue (no medication taken) maybe because standardized diet contained less sugar than usually consumed; Paracetamol taken on Friday for headache	38	07:30	81	1162	107	107	1	08:00	08:02	1	EBC cooled with water/ice/NaCl as shop was closed on Friday and no dry ice available till 9 am	1025	903	462	397		0	1	42.156862745098	900	348.039215686275	650	259	765	3.1730187918505	13.8338951967706	37.2792326839542	164.27930518369
Sample	14	244_3_A_BL	26042040	43955.4262910711	21452.1327418259	138253.06995045	6307771.8032828	0.123644086428227	0.0477571171484647	0.302982206598744	2.63061922854282	14	2	26042040	244	LB244	Treatment A	LB_244	1	22	160	56.6	22.1	1	0	0	0	0	0	1	0	Italian	Student	4		2026-03-19 07:06:57	06:30	07:07	1		75	116	74	no	37	07:18	93	1553	107	108	1	08:00	08:01	1	0	641	1298	797	513		0	3	54.9019607843137	523.529411764706	675.490196078431	650	255	1040	0.67883027842948	0.262195937285689	1.66343172250291	14.442615372392
Sample	14	244_3_A_AH	26042041	134556.031319669	44141.0396915586	333155.114669305	11208538.2450756	0.336968703042318	0.177062715878886	0.720952779640625	4.66504266862865	14	2	26042041	244	LB244	Treatment A	LB_244	1	22	160	56.6	22.1	1	0	0	0	0	0	1	0	Italian	Student	4		2026-03-19 07:06:57	06:30	07:07	1		75	116	74	no	37	07:18	93	1553	107	108	1	08:00	08:01	1	0	641	1298	797	513		0	3	54.9019607843137	523.529411764706	675.490196078431	650	255	1040	NA	NA	NA	NA
Sample	14	244_3_A_0-3	26042042	97235.0401320305	289177.638801009	49974.6383694974	1489044.25563774	0.249094166947908	1.57354268862111	0.11366768869128	0.630252063375458	14	2	26042042	244	LB244	Treatment A	LB_244	1	22	160	56.6	22.1	1	0	0	0	0	0	1	0	Italian	Student	4		2026-03-19 07:06:57	06:30	07:07	1		75	116	74	no	37	07:18	93	1553	107	108	1	08:00	08:01	1	0	641	1298	797	513		0	3	54.9019607843137	523.529411764706	675.490196078431	650	255	1040	13.0408122696258	82.3795878160466	5.95083781971996	32.9955492002446
Sample	14	244_3_A_3-6	26042043	15244.4486716754	156858.844440717	64054.2215801783	1844835.9767833	0.0560423492064935	0.819449026641216	0.143861581583722	0.777949576791794	14	2	26042043	244	LB244	Treatment A	LB_244	1	22	160	56.6	22.1	1	0	0	0	0	0	1	0	Italian	Student	4		2026-03-19 07:06:57	06:30	07:07	1		75	116	74	no	37	07:18	93	1553	107	108	1	08:00	08:01	1	0	641	1298	797	513		0	3	54.9019607843137	523.529411764706	675.490196078431	650	255	1040	3.78560574541902	55.3529783682155	9.71770879521419	52.5497312166222
Sample	14	229_3_B_AH	26042044	24772.1996554939	12786.6726856753	92332.7006782765	1058228.15204808	0.0784760164560229	0	0.204505235324937	0.45141016386461	14	2	26042044	229	LB229	Treatment B	LB_229	1	25	168	60.4	21.4	1	0	0	0	0	0	0	0		Student	3		2026-02-26 07:02:48	05:50	07:02	1		87	124	85	no	38	07:12	116	1555	108	108	1	08:00	08:01	1	0	1188	583	937	28		0	3	76.4705882352941	1058.82352941176	812.745098039216	650	972	1527	NA	NA	NA	NA
Sample	14	229_3_B_0-3	26042046	3128.31108852995	1729.81730176719	12255.453577632	108779.608089555	0.0275141688046936	0	0.0327782895837941	0.057271737574298	14	2	26042046	229	LB229	Treatment B	LB_229	1	25	168	60.4	21.4	1	0	0	0	0	0	0	0		Student	3		2026-02-26 07:02:48	05:50	07:02	1		87	124	85	no	38	07:12	116	1555	108	108	1	08:00	08:01	1	0	1188	583	937	28		0	3	76.4705882352941	1058.82352941176	812.745098039216	650	972	1527	2.91326493226168	0	3.47064242651937	6.06406633139625
Sample	14	229_3_B_BL	26042047	10516.3164269357	6506.63666295367	43726.7219867995	452267.080580407	0.0449096752238924	0	0.100268931410098	0.199861467917699	14	2	26042047	229	LB229	Treatment B	LB_229	1	25	168	60.4	21.4	1	0	0	0	0	0	0	0		Student	3		2026-02-26 07:02:48	05:50	07:02	1		87	124	85	no	38	07:12	116	1555	108	108	1	08:00	08:01	1	0	1188	583	937	28		0	3	76.4705882352941	1058.82352941176	812.745098039216	650	972	1527	0.343426928182706	0	0.766762416665458	1.52835240172358
Sample	14	229_3_B_3-6	26042048	3012.53613329575	1074.35777271246	11951.4136036075	96499.6441107373	0.0272415696544887	0	0.0321262709641128	0.0521740356416227	14	2	26042048	229	LB229	Treatment B	LB_229	1	25	168	60.4	21.4	1	0	0	0	0	0	0	0		Student	3		2026-02-26 07:02:48	05:50	07:02	1		87	124	85	no	38	07:12	116	1555	108	108	1	08:00	08:01	1	0	1188	583	937	28		0	3	76.4705882352941	1058.82352941176	812.745098039216	650	972	1527	2.21404521995795	0	2.61104692443622	4.24041917126522
Std	14	Std_0_1	26042003	0	0	0	0	0	0	0	0	14	1	26042003	NA	NA	NA	NA	NA	NA	NA	NA	NA	NA	NA	NA	NA	NA	NA	NA	NA	NA	NA	NA	NA	NA	NA	NA	NA	NA	NA	NA	NA	NA	NA	NA	NA	NA	NA	NA	NA	NA	NA	NA	NA	NA	NA	NA	NA	NA	NA	NA	NA	NA	NA	650	NA	NA	NA	NA	NA	NA
Std	14	Std_1_1	26042004	263795.962615878	207752.576462044	42604.945990653	2494186.85400302	0.6372	0.856	0.11585	1.0385	14	1	26042004	NA	NA	NA	NA	NA	NA	NA	NA	NA	NA	NA	NA	NA	NA	NA	NA	NA	NA	NA	NA	NA	NA	NA	NA	NA	NA	NA	NA	NA	NA	NA	NA	NA	NA	NA	NA	NA	NA	NA	NA	NA	NA	NA	NA	NA	NA	NA	NA	NA	NA	NA	650	NA	NA	NA	NA	NA	NA
Std	14	Std_2_1	26042005	386798.998330023	330244.245568793	87657.3271616461	4014141.0555202	0.8496	1.284	0.173775	1.55775	14	1	26042005	NA	NA	NA	NA	NA	NA	NA	NA	NA	NA	NA	NA	NA	NA	NA	NA	NA	NA	NA	NA	NA	NA	NA	NA	NA	NA	NA	NA	NA	NA	NA	NA	NA	NA	NA	NA	NA	NA	NA	NA	NA	NA	NA	NA	NA	NA	NA	NA	NA	NA	NA	650	NA	NA	NA	NA	NA	NA
Std	14	Std_3_1	26042006	545069.402523233	496222.03170073	132740.052193592	6030328.087415	1.062	1.926	0.2317	2.077	14	1	26042006	NA	NA	NA	NA	NA	NA	NA	NA	NA	NA	NA	NA	NA	NA	NA	NA	NA	NA	NA	NA	NA	NA	NA	NA	NA	NA	NA	NA	NA	NA	NA	NA	NA	NA	NA	NA	NA	NA	NA	NA	NA	NA	NA	NA	NA	NA	NA	NA	NA	NA	NA	650	NA	NA	NA	NA	NA	NA
Std	14	Std_4_1	26042007	761078.577262189	552832.012348549	170345.519711226	7765201.92906316	1.6992	2.889	0.34755	3.1155	14	1	26042007	NA	NA	NA	NA	NA	NA	NA	NA	NA	NA	NA	NA	NA	NA	NA	NA	NA	NA	NA	NA	NA	NA	NA	NA	NA	NA	NA	NA	NA	NA	NA	NA	NA	NA	NA	NA	NA	NA	NA	NA	NA	NA	NA	NA	NA	NA	NA	NA	NA	NA	NA	650	NA	NA	NA	NA	NA	NA
Std	14	Std_5_1	26042008	1017446.51324495	759347.617668379	231123.119131766	10903131.7707182	2.3364	3.852	0.4634	4.154	14	1	26042008	NA	NA	NA	NA	NA	NA	NA	NA	NA	NA	NA	NA	NA	NA	NA	NA	NA	NA	NA	NA	NA	NA	NA	NA	NA	NA	NA	NA	NA	NA	NA	NA	NA	NA	NA	NA	NA	NA	NA	NA	NA	NA	NA	NA	NA	NA	NA	NA	NA	NA	NA	650	NA	NA	NA	NA	NA	NA
Std	14	Std_0_2	26042050	0	0	0	0	0	0	0	0	14	2	26042050	NA	NA	NA	NA	NA	NA	NA	NA	NA	NA	NA	NA	NA	NA	NA	NA	NA	NA	NA	NA	NA	NA	NA	NA	NA	NA	NA	NA	NA	NA	NA	NA	NA	NA	NA	NA	NA	NA	NA	NA	NA	NA	NA	NA	NA	NA	NA	NA	NA	NA	NA	650	NA	NA	NA	NA	NA	NA
Std	14	Std_1_2	26042051	249177.504953628	186184.804160649	41047.204742574	2539278.87443641	0.6372	0.856	0.11585	1.0385	14	2	26042051	NA	NA	NA	NA	NA	NA	NA	NA	NA	NA	NA	NA	NA	NA	NA	NA	NA	NA	NA	NA	NA	NA	NA	NA	NA	NA	NA	NA	NA	NA	NA	NA	NA	NA	NA	NA	NA	NA	NA	NA	NA	NA	NA	NA	NA	NA	NA	NA	NA	NA	NA	650	NA	NA	NA	NA	NA	NA
Std	14	Std_2_2	26042052	329789.785694461	189482.90422869	77379.2046443529	3475271.91094283	0.8496	1.284	0.173775	1.55775	14	2	26042052	NA	NA	NA	NA	NA	NA	NA	NA	NA	NA	NA	NA	NA	NA	NA	NA	NA	NA	NA	NA	NA	NA	NA	NA	NA	NA	NA	NA	NA	NA	NA	NA	NA	NA	NA	NA	NA	NA	NA	NA	NA	NA	NA	NA	NA	NA	NA	NA	NA	NA	NA	650	NA	NA	NA	NA	NA	NA
Std	14	Std_3_2	26042053	442368.764373031	384250.373466249	109233.278430218	4917976.71467204	1.062	1.926	0.2317	2.077	14	2	26042053	NA	NA	NA	NA	NA	NA	NA	NA	NA	NA	NA	NA	NA	NA	NA	NA	NA	NA	NA	NA	NA	NA	NA	NA	NA	NA	NA	NA	NA	NA	NA	NA	NA	NA	NA	NA	NA	NA	NA	NA	NA	NA	NA	NA	NA	NA	NA	NA	NA	NA	NA	650	NA	NA	NA	NA	NA	NA
Std	14	Std_4_2	26042054	768792.266327573	564919.372494977	169873.987075385	7891130.22782329	1.6992	2.889	0.34755	3.1155	14	2	26042054	NA	NA	NA	NA	NA	NA	NA	NA	NA	NA	NA	NA	NA	NA	NA	NA	NA	NA	NA	NA	NA	NA	NA	NA	NA	NA	NA	NA	NA	NA	NA	NA	NA	NA	NA	NA	NA	NA	NA	NA	NA	NA	NA	NA	NA	NA	NA	NA	NA	NA	NA	650	NA	NA	NA	NA	NA	NA
Std	14	Std_5_2	26042055	954973.981344947	649871.795667642	205538.210164155	9770388.8831237	2.3364	3.852	0.4634	4.154	14	2	26042055	NA	NA	NA	NA	NA	NA	NA	NA	NA	NA	NA	NA	NA	NA	NA	NA	NA	NA	NA	NA	NA	NA	NA	NA	NA	NA	NA	NA	NA	NA	NA	NA	NA	NA	NA	NA	NA	NA	NA	NA	NA	NA	NA	NA	NA	NA	NA	NA	NA	NA	NA	650	NA	NA	NA	NA	NA	NA
QC	15	QC15a	26042101	175253.377750124	194635.617797842	127107.628679829	2188610.43713051	0.36953917802185	0.818573288727504	0.232359303210119	0.834936371592358	15	1	26042101	NA	NA	NA	NA	NA	NA	NA	NA	NA	NA	NA	NA	NA	NA	NA	NA	NA	NA	NA	NA	NA	NA	NA	NA	NA	NA	NA	NA	NA	NA	NA	NA	NA	NA	NA	NA	NA	NA	NA	NA	NA	NA	NA	NA	NA	NA	NA	NA	NA	NA	NA	650	NA	NA	NA	NA	NA	NA
QC	15	QC15b	26042108	173360.425203591	192471.78929219	127108.338049494	2195465.49400296	0.365256740886373	0.808173390466791	0.232360626373332	0.837633152736735	15	1	26042108	NA	NA	NA	NA	NA	NA	NA	NA	NA	NA	NA	NA	NA	NA	NA	NA	NA	NA	NA	NA	NA	NA	NA	NA	NA	NA	NA	NA	NA	NA	NA	NA	NA	NA	NA	NA	NA	NA	NA	NA	NA	NA	NA	NA	NA	NA	NA	NA	NA	NA	NA	650	NA	NA	NA	NA	NA	NA
QC	15	QC15c	26042114	159458.070469303	149418.866892865	124113.633488396	2130494.92093457	0.333805365999182	0.601250331818748	0.226774705376256	0.812073712508821	15	1	26042114	NA	NA	NA	NA	NA	NA	NA	NA	NA	NA	NA	NA	NA	NA	NA	NA	NA	NA	NA	NA	NA	NA	NA	NA	NA	NA	NA	NA	NA	NA	NA	NA	NA	NA	NA	NA	NA	NA	NA	NA	NA	NA	NA	NA	NA	NA	NA	NA	NA	NA	NA	650	NA	NA	NA	NA	NA	NA
QC	15	QC15d	26042120	159347.002763433	137781.524805063	123814.704918971	2129636.72653621	0.333554096906863	0.545318369825396	0.226217124039429	0.81173609861082	15	1	26042120	NA	NA	NA	NA	NA	NA	NA	NA	NA	NA	NA	NA	NA	NA	NA	NA	NA	NA	NA	NA	NA	NA	NA	NA	NA	NA	NA	NA	NA	NA	NA	NA	NA	NA	NA	NA	NA	NA	NA	NA	NA	NA	NA	NA	NA	NA	NA	NA	NA	NA	NA	650	NA	NA	NA	NA	NA	NA
QC	15	QC15e	26042126	160293.752196458	135916.298752702	124297.898252889	2102646.54963474	0.335695933445452	0.53635362926157	0.227118408201025	0.80111815604584	15	1	26042126	NA	NA	NA	NA	NA	NA	NA	NA	NA	NA	NA	NA	NA	NA	NA	NA	NA	NA	NA	NA	NA	NA	NA	NA	NA	NA	NA	NA	NA	NA	NA	NA	NA	NA	NA	NA	NA	NA	NA	NA	NA	NA	NA	NA	NA	NA	NA	NA	NA	NA	NA	650	NA	NA	NA	NA	NA	NA
QC	15	QC15f	26042132	160471.581052022	120676.392553275	122524.166955418	2123935.66975497	0.34301604949732	0.685847318384547	0.244554856053	0.795446296760127	15	2	26042132	NA	NA	NA	NA	NA	NA	NA	NA	NA	NA	NA	NA	NA	NA	NA	NA	NA	NA	NA	NA	NA	NA	NA	NA	NA	NA	NA	NA	NA	NA	NA	NA	NA	NA	NA	NA	NA	NA	NA	NA	NA	NA	NA	NA	NA	NA	NA	NA	NA	NA	NA	650	NA	NA	NA	NA	NA	NA
QC	15	QC15g	26042138	136072.574173042	61736.036525008	113226.083251426	1859916.01510622	0.28044318943023	0.261475663737937	0.223644805121679	0.675701532471847	15	2	26042138	NA	NA	NA	NA	NA	NA	NA	NA	NA	NA	NA	NA	NA	NA	NA	NA	NA	NA	NA	NA	NA	NA	NA	NA	NA	NA	NA	NA	NA	NA	NA	NA	NA	NA	NA	NA	NA	NA	NA	NA	NA	NA	NA	NA	NA	NA	NA	NA	NA	NA	NA	650	NA	NA	NA	NA	NA	NA
QC	15	QC15h	26042144	149689.869969845	106036.090092335	115527.102176948	1981738.42618727	0.315365641340335	0.580436869609916	0.228819465240725	0.73095346407269	15	2	26042144	NA	NA	NA	NA	NA	NA	NA	NA	NA	NA	NA	NA	NA	NA	NA	NA	NA	NA	NA	NA	NA	NA	NA	NA	NA	NA	NA	NA	NA	NA	NA	NA	NA	NA	NA	NA	NA	NA	NA	NA	NA	NA	NA	NA	NA	NA	NA	NA	NA	NA	NA	650	NA	NA	NA	NA	NA	NA
QC	15	QC15i	26042155	152935.005467551	114293.70028652	115515.989002538	1975159.50144193	0.323688005049805	0.639891815892434	0.228794473312246	0.7279696263961	15	2	26042155	NA	NA	NA	NA	NA	NA	NA	NA	NA	NA	NA	NA	NA	NA	NA	NA	NA	NA	NA	NA	NA	NA	NA	NA	NA	NA	NA	NA	NA	NA	NA	NA	NA	NA	NA	NA	NA	NA	NA	NA	NA	NA	NA	NA	NA	NA	NA	NA	NA	NA	NA	650	NA	NA	NA	NA	NA	NA
Std	15	Std_0_1	26042102	0	0	0	0	0	0	0	0	15	1	26042102	NA	NA	NA	NA	NA	NA	NA	NA	NA	NA	NA	NA	NA	NA	NA	NA	NA	NA	NA	NA	NA	NA	NA	NA	NA	NA	NA	NA	NA	NA	NA	NA	NA	NA	NA	NA	NA	NA	NA	NA	NA	NA	NA	NA	NA	NA	NA	NA	NA	NA	NA	650	NA	NA	NA	NA	NA	NA
Std	15	Std_1_1	26042103	256625.264177975	192943.131815099	52600.8502232612	2537594.42727213	0.6372	0.856	0.11585	1.0385	15	1	26042103	NA	NA	NA	NA	NA	NA	NA	NA	NA	NA	NA	NA	NA	NA	NA	NA	NA	NA	NA	NA	NA	NA	NA	NA	NA	NA	NA	NA	NA	NA	NA	NA	NA	NA	NA	NA	NA	NA	NA	NA	NA	NA	NA	NA	NA	NA	NA	NA	NA	NA	NA	650	NA	NA	NA	NA	NA	NA
Std	15	Std_2_1	26042104	423402.497730555	325894.742894059	108598.570251242	4215506.13419886	0.8496	1.284	0.173775	1.55775	15	1	26042104	NA	NA	NA	NA	NA	NA	NA	NA	NA	NA	NA	NA	NA	NA	NA	NA	NA	NA	NA	NA	NA	NA	NA	NA	NA	NA	NA	NA	NA	NA	NA	NA	NA	NA	NA	NA	NA	NA	NA	NA	NA	NA	NA	NA	NA	NA	NA	NA	NA	NA	NA	650	NA	NA	NA	NA	NA	NA
Std	15	Std_3_1	26042105	502964.570443596	442665.689874624	132734.643803904	5406817.23756363	1.062	1.926	0.2317	2.077	15	1	26042105	NA	NA	NA	NA	NA	NA	NA	NA	NA	NA	NA	NA	NA	NA	NA	NA	NA	NA	NA	NA	NA	NA	NA	NA	NA	NA	NA	NA	NA	NA	NA	NA	NA	NA	NA	NA	NA	NA	NA	NA	NA	NA	NA	NA	NA	NA	NA	NA	NA	NA	NA	650	NA	NA	NA	NA	NA	NA
Std	15	Std_4_1	26042106	778037.645169431	625168.298965911	190931.43258344	8160286.29371814	1.6992	2.889	0.34755	3.1155	15	1	26042106	NA	NA	NA	NA	NA	NA	NA	NA	NA	NA	NA	NA	NA	NA	NA	NA	NA	NA	NA	NA	NA	NA	NA	NA	NA	NA	NA	NA	NA	NA	NA	NA	NA	NA	NA	NA	NA	NA	NA	NA	NA	NA	NA	NA	NA	NA	NA	NA	NA	NA	NA	650	NA	NA	NA	NA	NA	NA
Std	15	Std_5_1	26042107	1020894.80336848	807786.666493902	244604.945350923	10435066.0999862	2.3364	3.852	0.4634	4.154	15	1	26042107	NA	NA	NA	NA	NA	NA	NA	NA	NA	NA	NA	NA	NA	NA	NA	NA	NA	NA	NA	NA	NA	NA	NA	NA	NA	NA	NA	NA	NA	NA	NA	NA	NA	NA	NA	NA	NA	NA	NA	NA	NA	NA	NA	NA	NA	NA	NA	NA	NA	NA	NA	650	NA	NA	NA	NA	NA	NA
Std	15	Std_0_2	26042149	0	0	0	0	0	0	0	0	15	2	26042149	NA	NA	NA	NA	NA	NA	NA	NA	NA	NA	NA	NA	NA	NA	NA	NA	NA	NA	NA	NA	NA	NA	NA	NA	NA	NA	NA	NA	NA	NA	NA	NA	NA	NA	NA	NA	NA	NA	NA	NA	NA	NA	NA	NA	NA	NA	NA	NA	NA	NA	NA	650	NA	NA	NA	NA	NA	NA
Std	15	Std_1_2	26042150	259332.256848756	128133.78650551	60030.8734590741	2639474.17570201	0.6372	0.856	0.11585	1.0385	15	2	26042150	NA	NA	NA	NA	NA	NA	NA	NA	NA	NA	NA	NA	NA	NA	NA	NA	NA	NA	NA	NA	NA	NA	NA	NA	NA	NA	NA	NA	NA	NA	NA	NA	NA	NA	NA	NA	NA	NA	NA	NA	NA	NA	NA	NA	NA	NA	NA	NA	NA	NA	NA	650	NA	NA	NA	NA	NA	NA
Std	15	Std_2_2	26042151	387605.789378544	258721.571956994	103963.192686656	4162159.82480299	0.8496	1.284	0.173775	1.55775	15	2	26042151	NA	NA	NA	NA	NA	NA	NA	NA	NA	NA	NA	NA	NA	NA	NA	NA	NA	NA	NA	NA	NA	NA	NA	NA	NA	NA	NA	NA	NA	NA	NA	NA	NA	NA	NA	NA	NA	NA	NA	NA	NA	NA	NA	NA	NA	NA	NA	NA	NA	NA	NA	650	NA	NA	NA	NA	NA	NA
Std	15	Std_3_2	26042152	489699.482977916	252480.467585099	141339.705609555	5411899.22289195	1.062	1.926	0.2317	2.077	15	2	26042152	NA	NA	NA	NA	NA	NA	NA	NA	NA	NA	NA	NA	NA	NA	NA	NA	NA	NA	NA	NA	NA	NA	NA	NA	NA	NA	NA	NA	NA	NA	NA	NA	NA	NA	NA	NA	NA	NA	NA	NA	NA	NA	NA	NA	NA	NA	NA	NA	NA	NA	NA	650	NA	NA	NA	NA	NA	NA
Std	15	Std_4_2	26042153	662705.462216812	432088.071284416	157875.198635807	6962473.10051774	1.6992	2.889	0.34755	3.1155	15	2	26042153	NA	NA	NA	NA	NA	NA	NA	NA	NA	NA	NA	NA	NA	NA	NA	NA	NA	NA	NA	NA	NA	NA	NA	NA	NA	NA	NA	NA	NA	NA	NA	NA	NA	NA	NA	NA	NA	NA	NA	NA	NA	NA	NA	NA	NA	NA	NA	NA	NA	NA	NA	650	NA	NA	NA	NA	NA	NA
Std	15	Std_5_2	26042154	928426.040051311	541625.948191039	211881.435196259	9376566.04393803	2.3364	3.852	0.4634	4.154	15	2	26042154	NA	NA	NA	NA	NA	NA	NA	NA	NA	NA	NA	NA	NA	NA	NA	NA	NA	NA	NA	NA	NA	NA	NA	NA	NA	NA	NA	NA	NA	NA	NA	NA	NA	NA	NA	NA	NA	NA	NA	NA	NA	NA	NA	NA	NA	NA	NA	NA	NA	NA	NA	650	NA	NA	NA	NA	NA	NA
QC	16	QC16a	26051902	199975.58102097	128247.321474934	198689.417993974	3493293.62125492	0.5489050307352	0.92521219303534	0.441604629762909	1.49732809874848	16	1	26051902	NA	NA	NA	NA	NA	NA	NA	NA	NA	NA	NA	NA	NA	NA	NA	NA	NA	NA	NA	NA	NA	NA	NA	NA	NA	NA	NA	NA	NA	NA	NA	NA	NA	NA	NA	NA	NA	NA	NA	NA	NA	NA	NA	NA	NA	NA	NA	NA	NA	NA	NA	650	NA	NA	NA	NA	NA	NA
QC	16	QC13k	26051903	198489.78844361	205687.140918905	144434.80150375	2627942.17764931	0.545195744742089	1.41450934207494	0.330281399196092	1.16625260348878	16	1	26051903	NA	NA	NA	NA	NA	NA	NA	NA	NA	NA	NA	NA	NA	NA	NA	NA	NA	NA	NA	NA	NA	NA	NA	NA	NA	NA	NA	NA	NA	NA	NA	NA	NA	NA	NA	NA	NA	NA	NA	NA	NA	NA	NA	NA	NA	NA	NA	NA	NA	NA	NA	650	NA	NA	NA	NA	NA	NA
QC	16	QC16b	26051913	197502.547715386	163137.495310163	185575.472464004	3351987.60481275	0.542731095058929	1.14566289539558	0.414696564121407	1.44326571782514	16	1	26051913	NA	NA	NA	NA	NA	NA	NA	NA	NA	NA	NA	NA	NA	NA	NA	NA	NA	NA	NA	NA	NA	NA	NA	NA	NA	NA	NA	NA	NA	NA	NA	NA	NA	NA	NA	NA	NA	NA	NA	NA	NA	NA	NA	NA	NA	NA	NA	NA	NA	NA	NA	650	NA	NA	NA	NA	NA	NA
QC	16	QC13l	26051914	207020.419472738	247552.016823522	143146.064249223	2636968.60081614	0.56649249280161	1.67902912753036	0.327637082383871	1.1697060298885	16	1	26051914	NA	NA	NA	NA	NA	NA	NA	NA	NA	NA	NA	NA	NA	NA	NA	NA	NA	NA	NA	NA	NA	NA	NA	NA	NA	NA	NA	NA	NA	NA	NA	NA	NA	NA	NA	NA	NA	NA	NA	NA	NA	NA	NA	NA	NA	NA	NA	NA	NA	NA	NA	650	NA	NA	NA	NA	NA	NA
QC	16	QC16c	26051920	188712.083822377	95339.191035469	180908.411077498	3116755.02225832	0.520785673411165	0.71728486934235	0.405120377164244	1.35326789746452	16	1	26051920	NA	NA	NA	NA	NA	NA	NA	NA	NA	NA	NA	NA	NA	NA	NA	NA	NA	NA	NA	NA	NA	NA	NA	NA	NA	NA	NA	NA	NA	NA	NA	NA	NA	NA	NA	NA	NA	NA	NA	NA	NA	NA	NA	NA	NA	NA	NA	NA	NA	NA	NA	650	NA	NA	NA	NA	NA	NA
QC	16	QC13m	26051921	185381.890296392	165162.356609713	129722.503746241	2348987.26652801	0.512471834461831	1.1584568154768	0.300093728148379	1.05952702275848	16	1	26051921	NA	NA	NA	NA	NA	NA	NA	NA	NA	NA	NA	NA	NA	NA	NA	NA	NA	NA	NA	NA	NA	NA	NA	NA	NA	NA	NA	NA	NA	NA	NA	NA	NA	NA	NA	NA	NA	NA	NA	NA	NA	NA	NA	NA	NA	NA	NA	NA	NA	NA	NA	650	NA	NA	NA	NA	NA	NA
QC	16	QC16d	26051927	179017.493344518	77421.1640966671	177259.605708203	3066053.46489106	0.496583096809007	0.604071285419756	0.397633515626984	1.33386994841175	16	1	26051927	NA	NA	NA	NA	NA	NA	NA	NA	NA	NA	NA	NA	NA	NA	NA	NA	NA	NA	NA	NA	NA	NA	NA	NA	NA	NA	NA	NA	NA	NA	NA	NA	NA	NA	NA	NA	NA	NA	NA	NA	NA	NA	NA	NA	NA	NA	NA	NA	NA	NA	NA	650	NA	NA	NA	NA	NA	NA
QC	16	QC14k	26051928	182392.713583648	206533.377101662	127562.042082749	2340392.44481145	0.50500934509389	1.41985621600376	0.295660749215811	1.05623872309999	16	1	26051928	NA	NA	NA	NA	NA	NA	NA	NA	NA	NA	NA	NA	NA	NA	NA	NA	NA	NA	NA	NA	NA	NA	NA	NA	NA	NA	NA	NA	NA	NA	NA	NA	NA	NA	NA	NA	NA	NA	NA	NA	NA	NA	NA	NA	NA	NA	NA	NA	NA	NA	NA	650	NA	NA	NA	NA	NA	NA
QC	16	QC14l	26051935	228793.292877112	297687.952784709	156059.180634796	2978779.7417195	0.49007668453512	1.31228454539939	0.317183273417632	1.09162974588742	16	2	26051935	NA	NA	NA	NA	NA	NA	NA	NA	NA	NA	NA	NA	NA	NA	NA	NA	NA	NA	NA	NA	NA	NA	NA	NA	NA	NA	NA	NA	NA	NA	NA	NA	NA	NA	NA	NA	NA	NA	NA	NA	NA	NA	NA	NA	NA	NA	NA	NA	NA	NA	NA	650	NA	NA	NA	NA	NA	NA
QC	16	QC16f	26051941	221736.95518871	156454.265879865	201004.54227143	3702511.67170935	0.474326704926595	0.597857532558185	0.416298226073892	1.36032401788507	16	2	26051941	NA	NA	NA	NA	NA	NA	NA	NA	NA	NA	NA	NA	NA	NA	NA	NA	NA	NA	NA	NA	NA	NA	NA	NA	NA	NA	NA	NA	NA	NA	NA	NA	NA	NA	NA	NA	NA	NA	NA	NA	NA	NA	NA	NA	NA	NA	NA	NA	NA	NA	NA	650	NA	NA	NA	NA	NA	NA
QC	16	QC15k	26051942	184650.361571914	241190.011384271	127691.193245483	2344143.70942638	0.391548198708809	1.02649114588567	0.254625278005858	0.856013408381247	16	2	26051942	NA	NA	NA	NA	NA	NA	NA	NA	NA	NA	NA	NA	NA	NA	NA	NA	NA	NA	NA	NA	NA	NA	NA	NA	NA	NA	NA	NA	NA	NA	NA	NA	NA	NA	NA	NA	NA	NA	NA	NA	NA	NA	NA	NA	NA	NA	NA	NA	NA	NA	NA	650	NA	NA	NA	NA	NA	NA
QC	16	QC16g	26051948	190999.75616489	138648.610696241	181410.580461572	3313637.88000882	0.405720257896142	0.507788078709773	0.373088993209477	1.21594989808991	16	2	26051948	NA	NA	NA	NA	NA	NA	NA	NA	NA	NA	NA	NA	NA	NA	NA	NA	NA	NA	NA	NA	NA	NA	NA	NA	NA	NA	NA	NA	NA	NA	NA	NA	NA	NA	NA	NA	NA	NA	NA	NA	NA	NA	NA	NA	NA	NA	NA	NA	NA	NA	NA	650	NA	NA	NA	NA	NA	NA
QC	16	QC15l	26051949	168361.359007478	218863.624447238	118796.664418228	2154848.00865349	0.355190605072842	0.913553685450271	0.235010777832505	0.785735079619147	16	2	26051949	NA	NA	NA	NA	NA	NA	NA	NA	NA	NA	NA	NA	NA	NA	NA	NA	NA	NA	NA	NA	NA	NA	NA	NA	NA	NA	NA	NA	NA	NA	NA	NA	NA	NA	NA	NA	NA	NA	NA	NA	NA	NA	NA	NA	NA	NA	NA	NA	NA	NA	NA	650	NA	NA	NA	NA	NA	NA
QC	16	QC16i	26051962	201777.528927643	159489.189708342	177050.223428487	3412257.79230516	0.429776603940591	0.613209617549357	0.363473394065063	1.25256373871361	16	2	26051962	NA	NA	NA	NA	NA	NA	NA	NA	NA	NA	NA	NA	NA	NA	NA	NA	NA	NA	NA	NA	NA	NA	NA	NA	NA	NA	NA	NA	NA	NA	NA	NA	NA	NA	NA	NA	NA	NA	NA	NA	NA	NA	NA	NA	NA	NA	NA	NA	NA	NA	NA	650	NA	NA	NA	NA	NA	NA
QC	16	QC15m	26051963	160728.243093396	191770.980675059	110178.980259472	2006739.0286063	0.338153237346819	0.776506236047	0.216006784399165	0.730747821324969	16	2	26051963	NA	NA	NA	NA	NA	NA	NA	NA	NA	NA	NA	NA	NA	NA	NA	NA	NA	NA	NA	NA	NA	NA	NA	NA	NA	NA	NA	NA	NA	NA	NA	NA	NA	NA	NA	NA	NA	NA	NA	NA	NA	NA	NA	NA	NA	NA	NA	NA	NA	NA	NA	650	NA	NA	NA	NA	NA	NA
Sample	16	150_3_A_BL	26051924	359204.522298541	187319.859625653	691787.961685565	11860024.8347407	0.946420599582791	1.29845718135292	1.45337701749016	4.69836243072802	16	1	26051924	150	LB150	Treatment A	LB_150	1	26	169	65.5	22.9	0	0	0	1	0	0	0	0		Masters Student	4		2025-10-17 07:00:00	06:00	07:01	1		81	113	83	no	38	07:24	48	1535	108	105	1	08:01	08:02	1	0	347	1233	462	865		0	3	9.80392156862745	234.313725490196	350	650	302	670	0.927863332924305	1.27299723662051	1.42487942891192	4.60623767718433
Sample	16	077_2_A_BL	26051925	239863.69019785	163953.893563529	845899.00707574	9521725.99849275	0.648485824794878	1.15082124081427	1.76959231028382	3.80375082408373	16	1	26051925	077	LB077	Treatment A	LB_077	1	20	155	54.3	22.6	0	0	0	1	0	0	0	0		Student 	3		2025-03-04 07:43:37	07:10	07:45	1	Only drank a few sips of water, not 300 ml.	72	112	80	no	38	08:25	57	1382	107	107	1	08:18	08:18	1	Baseline urine sample collected immediately after intervention to avoid >15 minutes delay of all procedures.  Shifted everything by 15 min, participant overslept.  	572	1313	297	1051		0	2	18.6274509803922	455.882352941176	186.274509803922	650	69	331	1.20796379128458	2.14368662504619	3.29629940150907	7.0854182017246
Sample	16	193_3_A_AH	26051926	45176.0246768341	11626.1161349605	158415.255518202	3081251.0833733	0.162447435754243	0.188350670111774	0.358967424577179	1.33968441732256	16	1	26051926	193	LB193	Treatment A	LB_193	2	25	177	72.3	23.1	1	0	0	0	0	0	0	0		Ph.D. Student	4		2026-01-22 07:05:39	06:50	07:05	1		64	130	77	no	38	07:39	73	3521	108	108	1	08:01	08:02	1	0	1097	2076	1971	405		0	3	34.3137254901961	969.607843137255	1826.47058823529	650	1445	3116	NA	NA	NA	NA
Sample	16	177_3_A_AH	26051929	1034062.56812492	71222.4033487618	420553.646407792	4410948.55825416	2.63120590196321	0.564904923936656	0.896840409720744	1.84841442903604	16	1	26051929	177	LB177	Treatment A	LB_177	1	37	157	55.4	22.5	0	0	0	1	0	0	0	0		Student	4		2025-11-20 07:00:25	06:00	07:01	1		74	100	62	no	38	07:17	104	1002	107	108	1	08:02	08:04	1	0	321	724	938	30		0	3	64.7058823529412	209.803921568627	813.725490196078	650	278	972	NA	NA	NA	NA
Sample	16	144_3_A_AH	26051930	76827.0005058588	25267.525652765	212159.233449164	7516037.26840237	0.241464199668558	0.274542797545292	0.469242892985741	3.0363927818013	16	1	26051930	144	LB144	Treatment A	LB_144	1	25	162	57.9	22.1	0	0	0	1	0	0	0	0		Student	4		2025-10-06 07:31:08	06:30	07:32	0	Chewing gum upon arrival  Intervention continued with rinsing with double the amount of water  Removal of suspected flavourings to be done during data analysis	54	104	68	no	38	07:48	79	1539	109	109	1	08:31	08:32	1	All measurements shifted by +30 mins (late arrival and gum discussion)	339	1463	233	1173		0	3	40.1960784313725	225.490196078431	121.56862745098	650	76	366	NA	NA	NA	NA
Sample	16	124_2_A_AH	26051931	67467.4496823816	22254.2245368354	150774.224677607	2290666.13301526	0.218098050651297	0.255503501537003	0.343289049296635	1.03721389402388	16	1	26051931	124	LB124	Treatment A	LB_124	1	48	165	69.7	25.6	0	0	0	1	0	0	0	0		Checkin agent at airport	6	College	2025-09-09 07:03:22	05:45	07:03	1		66	132	78	No	38	07:38	59	1472	107	108	1	08:01	08:01	1	0	351	1070	317	492		0	2	20.5882352941176	239.21568627451	204.901960784314	650	402	980	NA	NA	NA	NA
Sample	16	124_2_A_BL	26051932	128514.6567917	51234.0745448801	303654.31601031	3306742.78535649	0.37050260139383	0.438610307445697	0.656978588684921	1.42595546645837	16	1	26051932	124	LB124	Treatment A	LB_124	1	48	165	69.7	25.6	0	0	0	1	0	0	0	0		Checkin agent at airport	6	College	2025-09-09 07:03:22	05:45	07:03	1		66	132	78	No	38	07:38	59	1472	107	108	1	08:01	08:01	1	0	351	1070	317	492		0	2	20.5882352941176	239.21568627451	204.901960784314	650	402	980	0.762799473457884	0.903021221211729	1.35260297670425	2.93579066623782
Sample	16	007_1_A_0-3	26051933	683520.962263493	62275.2847972911	49807.1837336119	600607.990302539	1.75607764487179	0.50837328903891	0.136118159411479	0.3906132085441	16	1	26051933	007	LB007	Treatment A	LB_007	1	19	171	61.7	21.1	1	0	0	0	0	0	1	0	Deutsch, Russisch	Student	3		2024-11-08 07:01:10	06:15	07:03	1	none	64	118	64	Slight cold	38	08:00	342	767	106	106	1	08:07	08:08	1	0	935	579	850	183		0	1	298.039215686275	812.745098039216	729.411764705882	650	188	584	142.72434976458	41.3177898640448	11.06293668158	31.7468970473587
Sample	16	007_1_A_AH	26051936	32115.1413443194	11129.3828861444	90301.5498546554	1676958.57828257	0.0510845312577501	0	0.172172437499714	0.608312822471133	16	2	26051936	007	LB007	Treatment A	LB_007	1	19	171	61.7	21.1	1	0	0	0	0	0	1	0	Deutsch, Russisch	Student	3		2024-11-08 07:01:10	06:15	07:03	1	none	64	118	64	Slight cold	38	08:00	342	767	106	106	1	08:07	08:08	1	0	935	579	850	183		0	1	298.039215686275	812.745098039216	729.411764705882	650	188	584	NA	NA	NA	NA
Sample	16	007_1_A_BL	26051937	5983.31768401853	2090.13106844092	21715.06905051	281832.279473991	0	0	0.0209233308016503	0.090355233936367	16	2	26051937	007	LB007	Treatment A	LB_007	1	19	171	61.7	21.1	1	0	0	0	0	0	1	0	Deutsch, Russisch	Student	3		2024-11-08 07:01:10	06:15	07:03	1	none	64	118	64	Slight cold	38	08:00	342	767	106	106	1	08:07	08:08	1	0	935	579	850	183		0	1	298.039215686275	812.745098039216	729.411764705882	650	188	584	0	0	0.623597310166831	2.69294030555447
Sample	16	007_1_A_3-6	26051938	33325.5323857275	113798.986629914	140651.525008389	2965349.31586765	0.0537861641815617	0.382086887435946	0.283205817183071	1.08664353711681	16	2	26051938	007	LB007	Treatment A	LB_007	1	19	171	61.7	21.1	1	0	0	0	0	0	1	0	Deutsch, Russisch	Student	3		2024-11-08 07:01:10	06:15	07:03	1	none	64	118	64	Slight cold	38	08:00	342	767	106	106	1	08:07	08:08	1	0	935	579	850	183		0	1	298.039215686275	812.745098039216	729.411764705882	650	188	584	3.92322609324332	27.8698670835631	20.6573654886476	79.2610580014617
Sample	16	209_3_A_AH	26051939	158246.164375344	62455.2048206296	601233.298152207	6840769.17304238	0.332613155377623	0.122365673114807	1.29889551189624	2.52544024354847	16	2	26051939	209	LB209	Treatment A	LB_209	1	19	177	62.3	19.9	1	0	0	0	0	0	0	0		Student	3		2026-01-15 06:43:13	06:20	06:59	1		45	112	63	no	38	07:06	66	1547	107	107	1	08:01	08:01	1	0	474	1302	411	918		0	3	27.4509803921569	359.803921568627	298.039215686275	650	245	629	NA	NA	NA	NA
Sample	16	209_3_A_0-3	26051940	152386.200093051	71424.8013787967	51524.3021491679	619930.565266808	0.319533520866297	0.167738149157011	0.0866596074652848	0.215878330265736	16	2	26051940	209	LB209	Treatment A	LB_209	1	19	177	62.3	19.9	1	0	0	0	0	0	0	0		Student	3		2026-01-15 06:43:13	06:20	06:59	1		45	112	63	no	38	07:06	66	1547	107	107	1	08:01	08:01	1	0	474	1302	411	918		0	3	27.4509803921569	359.803921568627	298.039215686275	650	245	629	11.4969413880325	6.03528438633558	3.11804666076074	7.7673869811299
Sample	16	209_3_A_BL	26051943	102401.282087703	50267.1385280763	324712.621317419	3305921.84748185	0.305310476666366	0.432500801512924	0.700187420093251	1.42564138318569	16	1	26051943	209	LB209	Treatment A	LB_209	1	19	177	62.3	19.9	1	0	0	0	0	0	0	0		Student	3		2026-01-15 06:43:13	06:20	06:59	1		45	112	63	no	38	07:06	66	1547	107	107	1	08:01	08:01	1	0	474	1302	411	918		0	3	27.4509803921569	359.803921568627	298.039215686275	650	245	629	0.838107190848847	1.18725710219234	1.92208311398147	3.91352536560777
Sample	16	209_3_A_3-6	26051944	58637.9845535272	294623.76972184	158788.471006305	3020970.67304565	0.110284396421761	1.29678445331528	0.32320199205971	1.10729364174143	16	2	26051944	209	LB209	Treatment A	LB_209	1	19	177	62.3	19.9	1	0	0	0	0	0	0	0		Student	3		2026-01-15 06:43:13	06:20	06:59	1		45	112	63	no	38	07:06	66	1547	107	107	1	08:01	08:01	1	0	474	1302	411	918		0	3	27.4509803921569	359.803921568627	298.039215686275	650	245	629	3.28690750119758	38.6492621380241	9.63268682217175	33.0016928519014
Sample	16	027_1_A_0-3	26051945	1921114.84204479	421011.149336635	89040.0110230465	968963.37325535	4.26739447564189	1.93611179835487	0.169390451616948	0.345461000809363	16	2	26051945	027	LB027	Treatment A	LB_027	1	18	160	45.7	17.9	1	0	0	0	0	0	1	0	Deutsch	Schülerin	1		2025-03-11 07:04:38	05:30	07:05	1	First morning 2 eggs additionally  Second day cereal bar not consumed	69	113	63	No	39	07:13	66	1557	107	107	1	08:00	08:01	0	Only 100 ml consumed with capsule.  SESI No signal, attempt to fix it by changing capillaries. No measurements performed.	150	1167	169	903	SESI Data probably heavily compromised. Discussion needed after analysis if useable.	0	1	26.4705882352941	42.156862745098	60.7843137254902	650	390	654	17.9899963188825	8.16203993424111	0.714097001914583	1.45635519949045
Sample	16	027_1_A_AH	26051946	81769.8497768518	57556.2152935644	206418.848167178	2975063.83502952	0.161915486324576	0.0975842592010024	0.428238027045172	1.09025017038231	16	2	26051946	027	LB027	Treatment A	LB_027	1	18	160	45.7	17.9	1	0	0	0	0	0	1	0	Deutsch	Schülerin	1		2025-03-11 07:04:38	05:30	07:05	1	First morning 2 eggs additionally  Second day cereal bar not consumed	69	113	63	No	39	07:13	66	1557	107	107	1	08:00	08:01	0	Only 100 ml consumed with capsule.  SESI No signal, attempt to fix it by changing capillaries. No measurements performed.	150	1167	169	903	SESI Data probably heavily compromised. Discussion needed after analysis if useable.	0	1	26.4705882352941	42.156862745098	60.7843137254902	650	390	654	NA	NA	NA	NA
Sample	16	027_1_A_3-6	26051947	256277.627988069	301100.8814164	363738.485739275	6846682.9913394	0.55142263149326	1.32954875807284	0.775164336280806	2.52763582044123	16	2	26051947	027	LB027	Treatment A	LB_027	1	18	160	45.7	17.9	1	0	0	0	0	0	1	0	Deutsch	Schülerin	1		2025-03-11 07:04:38	05:30	07:05	1	First morning 2 eggs additionally  Second day cereal bar not consumed	69	113	63	No	39	07:13	66	1557	107	107	1	08:00	08:01	0	Only 100 ml consumed with capsule.  SESI No signal, attempt to fix it by changing capillaries. No measurements performed.	150	1167	169	903	SESI Data probably heavily compromised. Discussion needed after analysis if useable.	0	1	26.4705882352941	42.156862745098	60.7843137254902	650	390	654	3.35178462280217	8.08157088240352	4.71178322053039	15.3640608693487
Sample	16	027_1_A_BL	26051950	40282.6765844026	33094.5985021407	120810.205187417	1447695.19338437	0.150231176354884	0.323997515518849	0.281806881212079	0.714700973533476	16	1	26051950	027	LB027	Treatment A	LB_027	1	18	160	45.7	17.9	1	0	0	0	0	0	1	0	Deutsch	Schülerin	1		2025-03-11 07:04:38	05:30	07:05	1	First morning 2 eggs additionally  Second day cereal bar not consumed	69	113	63	No	39	07:13	66	1557	107	107	1	08:00	08:01	0	Only 100 ml consumed with capsule.  SESI No signal, attempt to fix it by changing capillaries. No measurements performed.	150	1167	169	903	SESI Data probably heavily compromised. Discussion needed after analysis if useable.	0	1	26.4705882352941	42.156862745098	60.7843137254902	650	390	654	0.397670760939398	0.857640482255777	0.745959391443739	1.89185551817685
Std	16	Std_0_1	26051904	0	0	0	0	0	0	0	0	16	1	26051904	NA	NA	NA	NA	NA	NA	NA	NA	NA	NA	NA	NA	NA	NA	NA	NA	NA	NA	NA	NA	NA	NA	NA	NA	NA	NA	NA	NA	NA	NA	NA	NA	NA	NA	NA	NA	NA	NA	NA	NA	NA	NA	NA	NA	NA	NA	NA	NA	NA	NA	NA	650	NA	NA	NA	NA	NA	NA
Std	16	Std_1_1	26051905	199097.527189433	76899.8261125633	20956.4947092358	1741665.0734955	0.6372	0.856	0.11585	1.0385	16	1	26051905	NA	NA	NA	NA	NA	NA	NA	NA	NA	NA	NA	NA	NA	NA	NA	NA	NA	NA	NA	NA	NA	NA	NA	NA	NA	NA	NA	NA	NA	NA	NA	NA	NA	NA	NA	NA	NA	NA	NA	NA	NA	NA	NA	NA	NA	NA	NA	NA	NA	NA	NA	650	NA	NA	NA	NA	NA	NA
Std	16	Std_2_1	26051906	325623.303219681	189451.81885723	68752.3134270809	3614650.44891013	0.8496	1.284	0.173775	1.55775	16	1	26051906	NA	NA	NA	NA	NA	NA	NA	NA	NA	NA	NA	NA	NA	NA	NA	NA	NA	NA	NA	NA	NA	NA	NA	NA	NA	NA	NA	NA	NA	NA	NA	NA	NA	NA	NA	NA	NA	NA	NA	NA	NA	NA	NA	NA	NA	NA	NA	NA	NA	NA	NA	650	NA	NA	NA	NA	NA	NA
Std	16	Std_3_1	26051907	408584.704534616	332243.521182236	92526.288308622	5066713.42820745	1.062	1.926	0.2317	2.077	16	1	26051907	NA	NA	NA	NA	NA	NA	NA	NA	NA	NA	NA	NA	NA	NA	NA	NA	NA	NA	NA	NA	NA	NA	NA	NA	NA	NA	NA	NA	NA	NA	NA	NA	NA	NA	NA	NA	NA	NA	NA	NA	NA	NA	NA	NA	NA	NA	NA	NA	NA	NA	NA	650	NA	NA	NA	NA	NA	NA
Std	16	Std_4_1	26051908	666144.578709096	388989.975368884	149889.021553363	7673283.55993989	1.6992	2.889	0.34755	3.1155	16	1	26051908	NA	NA	NA	NA	NA	NA	NA	NA	NA	NA	NA	NA	NA	NA	NA	NA	NA	NA	NA	NA	NA	NA	NA	NA	NA	NA	NA	NA	NA	NA	NA	NA	NA	NA	NA	NA	NA	NA	NA	NA	NA	NA	NA	NA	NA	NA	NA	NA	NA	NA	NA	650	NA	NA	NA	NA	NA	NA
Std	16	Std_5_1	26051909	918635.111249387	613709.35167341	217985.838812294	10596989.7506636	2.3364	3.852	0.4634	4.154	16	1	26051909	NA	NA	NA	NA	NA	NA	NA	NA	NA	NA	NA	NA	NA	NA	NA	NA	NA	NA	NA	NA	NA	NA	NA	NA	NA	NA	NA	NA	NA	NA	NA	NA	NA	NA	NA	NA	NA	NA	NA	NA	NA	NA	NA	NA	NA	NA	NA	NA	NA	NA	NA	650	NA	NA	NA	NA	NA	NA
Std	16	Std_0_2	26051953	0	0	0	0	0	0	0	0	16	1	26051953	NA	NA	NA	NA	NA	NA	NA	NA	NA	NA	NA	NA	NA	NA	NA	NA	NA	NA	NA	NA	NA	NA	NA	NA	NA	NA	NA	NA	NA	NA	NA	NA	NA	NA	NA	NA	NA	NA	NA	NA	NA	NA	NA	NA	NA	NA	NA	NA	NA	NA	NA	650	NA	NA	NA	NA	NA	NA
Std	16	Std_1_2	26051954	283291.393925866	187852.847634105	59691.0349108547	2682079.80773331	0.6372	0.856	0.11585	1.0385	16	2	26051954	NA	NA	NA	NA	NA	NA	NA	NA	NA	NA	NA	NA	NA	NA	NA	NA	NA	NA	NA	NA	NA	NA	NA	NA	NA	NA	NA	NA	NA	NA	NA	NA	NA	NA	NA	NA	NA	NA	NA	NA	NA	NA	NA	NA	NA	NA	NA	NA	NA	NA	NA	650	NA	NA	NA	NA	NA	NA
Std	16	Std_2_2	26051955	371718.696819621	313847.342282309	99695.978842089	4029811.28940513	0.8496	1.284	0.173775	1.55775	16	2	26051955	NA	NA	NA	NA	NA	NA	NA	NA	NA	NA	NA	NA	NA	NA	NA	NA	NA	NA	NA	NA	NA	NA	NA	NA	NA	NA	NA	NA	NA	NA	NA	NA	NA	NA	NA	NA	NA	NA	NA	NA	NA	NA	NA	NA	NA	NA	NA	NA	NA	NA	NA	650	NA	NA	NA	NA	NA	NA
Std	16	Std_3_2	26051956	503862.586767193	460768.46020092	131854.146653247	5901348.13410612	1.062	1.926	0.2317	2.077	16	2	26051956	NA	NA	NA	NA	NA	NA	NA	NA	NA	NA	NA	NA	NA	NA	NA	NA	NA	NA	NA	NA	NA	NA	NA	NA	NA	NA	NA	NA	NA	NA	NA	NA	NA	NA	NA	NA	NA	NA	NA	NA	NA	NA	NA	NA	NA	NA	NA	NA	NA	NA	NA	650	NA	NA	NA	NA	NA	NA
Std	16	Std_4_2	26051957	839464.85185694	682011.411980332	183161.125503831	9018979.63428397	1.6992	2.889	0.34755	3.1155	16	2	26051957	NA	NA	NA	NA	NA	NA	NA	NA	NA	NA	NA	NA	NA	NA	NA	NA	NA	NA	NA	NA	NA	NA	NA	NA	NA	NA	NA	NA	NA	NA	NA	NA	NA	NA	NA	NA	NA	NA	NA	NA	NA	NA	NA	NA	NA	NA	NA	NA	NA	NA	NA	650	NA	NA	NA	NA	NA	NA
Std	16	Std_5_2	26051958	1006987.54155499	721524.589894814	203102.65257697	10766506.831407	2.3364	3.852	0.4634	4.154	16	2	26051958	NA	NA	NA	NA	NA	NA	NA	NA	NA	NA	NA	NA	NA	NA	NA	NA	NA	NA	NA	NA	NA	NA	NA	NA	NA	NA	NA	NA	NA	NA	NA	NA	NA	NA	NA	NA	NA	NA	NA	NA	NA	NA	NA	NA	NA	NA	NA	NA	NA	NA	NA	650	NA	NA	NA	NA	NA	NA
QC	17	QC17a	26062402	210727.520055149	84185.0831811258	194688.056799685	3464857.02797997	0.448238556226247	0.581049096180868	0.368684342615436	1.3831622084251	17	1	26062402	NA	NA	NA	NA	NA	NA	NA	NA	NA	NA	NA	NA	NA	NA	NA	NA	NA	NA	NA	NA	NA	NA	NA	NA	NA	NA	NA	NA	NA	NA	NA	NA	NA	NA	NA	NA	NA	NA	NA	NA	NA	NA	NA	NA	NA	NA	NA	NA	NA	NA	NA	650	NA	NA	NA	NA	NA	NA
QC	17	QC10k	26062403	181356.984991654	114684.265912657	129231.31401264	2352414.74390176	0.375881660475101	0.758765225866474	0.247940567042177	0.914934759893605	17	1	26062403	NA	NA	NA	NA	NA	NA	NA	NA	NA	NA	NA	NA	NA	NA	NA	NA	NA	NA	NA	NA	NA	NA	NA	NA	NA	NA	NA	NA	NA	NA	NA	NA	NA	NA	NA	NA	NA	NA	NA	NA	NA	NA	NA	NA	NA	NA	NA	NA	NA	NA	NA	650	NA	NA	NA	NA	NA	NA
QC	17	QC17b	26062410	198956.332773989	98103.2963803057	176989.803804632	3105429.21660308	0.419239201290126	0.662149334297746	0.336037531963311	1.23187888392282	17	1	26062410	NA	NA	NA	NA	NA	NA	NA	NA	NA	NA	NA	NA	NA	NA	NA	NA	NA	NA	NA	NA	NA	NA	NA	NA	NA	NA	NA	NA	NA	NA	NA	NA	NA	NA	NA	NA	NA	NA	NA	NA	NA	NA	NA	NA	NA	NA	NA	NA	NA	NA	NA	650	NA	NA	NA	NA	NA	NA
QC	17	QC10l	26062411	173191.144273806	161083.213107978	119876.514590444	2153224.71937145	0.355764393824547	1.02912792343851	0.230684379919617	0.83109559062287	17	1	26062411	NA	NA	NA	NA	NA	NA	NA	NA	NA	NA	NA	NA	NA	NA	NA	NA	NA	NA	NA	NA	NA	NA	NA	NA	NA	NA	NA	NA	NA	NA	NA	NA	NA	NA	NA	NA	NA	NA	NA	NA	NA	NA	NA	NA	NA	NA	NA	NA	NA	NA	NA	650	NA	NA	NA	NA	NA	NA
QC	17	QC17c	26062419	170156.294596495	63735.3550446852	149038.279746679	2640636.97942945	0.348287774782814	0.461890279057094	0.284477182271546	1.03624762608243	17	1	26062419	NA	NA	NA	NA	NA	NA	NA	NA	NA	NA	NA	NA	NA	NA	NA	NA	NA	NA	NA	NA	NA	NA	NA	NA	NA	NA	NA	NA	NA	NA	NA	NA	NA	NA	NA	NA	NA	NA	NA	NA	NA	NA	NA	NA	NA	NA	NA	NA	NA	NA	NA	650	NA	NA	NA	NA	NA	NA
QC	17	QC10m	26062420	157806.056223984	365140.923074361	172146.522816608	2490678.63637972	0.317861876565787	2.21815474972924	0.327103448051456	0.973130093283535	17	1	26062420	NA	NA	NA	NA	NA	NA	NA	NA	NA	NA	NA	NA	NA	NA	NA	NA	NA	NA	NA	NA	NA	NA	NA	NA	NA	NA	NA	NA	NA	NA	NA	NA	NA	NA	NA	NA	NA	NA	NA	NA	NA	NA	NA	NA	NA	NA	NA	NA	NA	NA	NA	650	NA	NA	NA	NA	NA	NA
QC	17	QC17d	26062426	235317.283058963	184551.139348643	309795.825797107	4214095.82490367	0.604117110620608	0.693058479618763	0.380130886618863	1.65298694116483	17	2	26062426	NA	NA	NA	NA	NA	NA	NA	NA	NA	NA	NA	NA	NA	NA	NA	NA	NA	NA	NA	NA	NA	NA	NA	NA	NA	NA	NA	NA	NA	NA	NA	NA	NA	NA	NA	NA	NA	NA	NA	NA	NA	NA	NA	NA	NA	NA	NA	NA	NA	NA	NA	650	NA	NA	NA	NA	NA	NA
QC	17	QC11k	26062427	247452.139497061	309687.619266464	234189.967430091	3663560.45320324	0.633645227533885	1.35051958661104	0.293459496938565	1.44319601727883	17	2	26062427	NA	NA	NA	NA	NA	NA	NA	NA	NA	NA	NA	NA	NA	NA	NA	NA	NA	NA	NA	NA	NA	NA	NA	NA	NA	NA	NA	NA	NA	NA	NA	NA	NA	NA	NA	NA	NA	NA	NA	NA	NA	NA	NA	NA	NA	NA	NA	NA	NA	NA	NA	650	NA	NA	NA	NA	NA	NA
QC	17	QC17e	26062433	237827.729968781	192029.23148839	292486.276477258	4107544.51742462	0.610225857785095	0.73234801964432	0.360287944197546	1.61238374219462	17	2	26062433	NA	NA	NA	NA	NA	NA	NA	NA	NA	NA	NA	NA	NA	NA	NA	NA	NA	NA	NA	NA	NA	NA	NA	NA	NA	NA	NA	NA	NA	NA	NA	NA	NA	NA	NA	NA	NA	NA	NA	NA	NA	NA	NA	NA	NA	NA	NA	NA	NA	NA	NA	650	NA	NA	NA	NA	NA	NA
QC	17	QC11l	26062434	245801.998208537	303444.463372587	221330.014014645	3520632.0680908	0.62962988832163	1.31771834281859	0.278717384914257	1.38873071040916	17	2	26062434	NA	NA	NA	NA	NA	NA	NA	NA	NA	NA	NA	NA	NA	NA	NA	NA	NA	NA	NA	NA	NA	NA	NA	NA	NA	NA	NA	NA	NA	NA	NA	NA	NA	NA	NA	NA	NA	NA	NA	NA	NA	NA	NA	NA	NA	NA	NA	NA	NA	NA	NA	650	NA	NA	NA	NA	NA	NA
QC	17	QC17f	26062440	238301.335608276	188070.152373178	286996.527217688	4014023.18388918	0.611378296857211	0.711547206488421	0.353994725555499	1.57674583775834	17	2	26062440	NA	NA	NA	NA	NA	NA	NA	NA	NA	NA	NA	NA	NA	NA	NA	NA	NA	NA	NA	NA	NA	NA	NA	NA	NA	NA	NA	NA	NA	NA	NA	NA	NA	NA	NA	NA	NA	NA	NA	NA	NA	NA	NA	NA	NA	NA	NA	NA	NA	NA	NA	650	NA	NA	NA	NA	NA	NA
QC	17	QC11m	26062441	255090.835967792	279915.69710934	225481.50825673	3546175.99686102	0.65223270103251	1.19409932521672	0.283476484049995	1.39846466156262	17	2	26062441	NA	NA	NA	NA	NA	NA	NA	NA	NA	NA	NA	NA	NA	NA	NA	NA	NA	NA	NA	NA	NA	NA	NA	NA	NA	NA	NA	NA	NA	NA	NA	NA	NA	NA	NA	NA	NA	NA	NA	NA	NA	NA	NA	NA	NA	NA	NA	NA	NA	NA	NA	650	NA	NA	NA	NA	NA	NA
QC	17	QC17g	26062454	246286.961024042	191077.641773925	283504.152524053	4017837.90864375	0.630809963157115	0.727348412595394	0.349991213466366	1.57819950390183	17	2	26062454	NA	NA	NA	NA	NA	NA	NA	NA	NA	NA	NA	NA	NA	NA	NA	NA	NA	NA	NA	NA	NA	NA	NA	NA	NA	NA	NA	NA	NA	NA	NA	NA	NA	NA	NA	NA	NA	NA	NA	NA	NA	NA	NA	NA	NA	NA	NA	NA	NA	NA	NA	650	NA	NA	NA	NA	NA	NA
QC	17	QC12k	26062455	251462.026795764	268436.218458312	222889.552177652	3427308.5518125	0.64340260880734	1.13378669099083	0.280505174151317	1.35316818762367	17	2	26062455	NA	NA	NA	NA	NA	NA	NA	NA	NA	NA	NA	NA	NA	NA	NA	NA	NA	NA	NA	NA	NA	NA	NA	NA	NA	NA	NA	NA	NA	NA	NA	NA	NA	NA	NA	NA	NA	NA	NA	NA	NA	NA	NA	NA	NA	NA	NA	NA	NA	NA	NA	650	NA	NA	NA	NA	NA	NA
Sample	17	116_3_B_AH	26062415	13929.249343079	1630.39759627387	51173.6047627558	890035.17052005	0	0.100010002815776	0.103952612155792	0.299418551790754	17	1	26062415	116	LB116	Treatment B	LB_116	1	20	170	54	18.7	0	0	0	1	0	0	0	0		Student	3		2025-07-11 07:00:00	06:15	15:15	0	Participant substituted provided soy sauce with glutenfree soy sauce 2 tsp bc she was out and forgot to take it with her	72	110	73	No	37	07:07	80	1552	107	107	1	08:02	08:03	1	0	803	1010	792	397		0	3	42.156862745098	682.352941176471	671.56862745098	650	542	1155	NA	NA	NA	NA
Sample	17	116_3_B_BL	26062416	38930.7888211695	5621.49419412677	117590.615438081	1979534.5719141	0.0250022023290102	0.123265781398936	0.226467731145418	0.757989330870798	17	1	26062416	116	LB116	Treatment B	LB_116	1	20	170	54	18.7	0	0	0	1	0	0	0	0		Student	3		2025-07-11 07:00:00	06:15	15:15	0	Participant substituted provided soy sauce with glutenfree soy sauce 2 tsp bc she was out and forgot to take it with her	72	110	73	No	37	07:07	80	1552	107	107	1	08:02	08:03	1	0	803	1010	792	397		0	3	42.156862745098	682.352941176471	671.56862745098	650	542	1155	0.105401441190925	0.519649862760219	0.954716905809115	3.19544521837689
Sample	17	116_3_B_3-6	26062417	3570.00828280654	768.307030213376	9760.37117457036	138750.858440153	0	0.0949866748076997	0.0275603266672993	0	17	1	26062417	116	LB116	Treatment B	LB_116	1	20	170	54	18.7	0	0	0	1	0	0	0	0		Student	3		2025-07-11 07:00:00	06:15	15:15	0	Participant substituted provided soy sauce with glutenfree soy sauce 2 tsp bc she was out and forgot to take it with her	72	110	73	No	37	07:07	80	1552	107	107	1	08:02	08:03	1	0	803	1010	792	397		0	3	42.156862745098	682.352941176471	671.56862745098	650	542	1155	0	6.37900708267395	1.85086507520588	0
Sample	17	116_3_B_0-3	26062418	625.108262628545	0	5235.07982699704	99875.306716114	0	0.0905098154432485	0.0192128174633561	0	17	1	26062418	116	LB116	Treatment B	LB_116	1	20	170	54	18.7	0	0	0	1	0	0	0	0		Student	3		2025-07-11 07:00:00	06:15	15:15	0	Participant substituted provided soy sauce with glutenfree soy sauce 2 tsp bc she was out and forgot to take it with her	72	110	73	No	37	07:07	80	1552	107	107	1	08:02	08:03	1	0	803	1010	792	397		0	3	42.156862745098	682.352941176471	671.56862745098	650	542	1155	0	6.17596387730402	1.31099225044077	0
Sample	17	154_3_B_3-6	26062422	7570.51294753585	4083.05519790731	36504.122388991	223382.619708831	0.049933936820727	0	0.0668407232099022	0.132257387138189	17	2	26062422	154	LB154	Treatment B	LB_154	2	32	176	70.9	22.9	0	0	0	1	0	0	0	0		Post Doc	4		2025-10-27 07:03:56	06:00	07:04	1		57	125	75	no	37	07:18	150	1551	106	106	1	08:01	08:01	1	0	1035	637	1006	29		0	3	110.78431372549	910.78431372549	882.352941176471	650	914	1522	4.40593560182885	0	5.89771087146196	11.6697694533696
Sample	17	154_3_B_AH	26062423	64135.2601676449	48133.1105713147	224200.060721237	2507608.54618607	0.187574664389733	0	0.282007486261961	1.00270076301046	17	2	26062423	154	LB154	Treatment B	LB_154	2	32	176	70.9	22.9	0	0	0	1	0	0	0	0		Post Doc	4		2025-10-27 07:03:56	06:00	07:04	1		57	125	75	no	37	07:18	150	1551	106	106	1	08:01	08:01	1	0	1035	637	1006	29		0	3	110.78431372549	910.78431372549	882.352941176471	650	914	1522	NA	NA	NA	NA
Sample	17	154_3_B_BL	26062424	35548.0005576706	29871.6696047132	143020.607178221	1034708.94512225	0.118012412186791	0	0.188946760492463	0.441427166467341	17	2	26062424	154	LB154	Treatment B	LB_154	2	32	176	70.9	22.9	0	0	0	1	0	0	0	0		Post Doc	4		2025-10-27 07:03:56	06:00	07:04	1		57	125	75	no	37	07:18	150	1551	106	106	1	08:01	08:01	1	0	1035	637	1006	29		0	3	110.78431372549	910.78431372549	882.352941176471	650	914	1522	1.30739240952033	0	2.09323371918121	4.89032056968721
Sample	17	154_3_B_0-3	26062425	8579.49300134302	6394.99305302825	36024.9787413489	269287.162080897	0.0523891188118747	0	0.0662914529986438	0.14975009850577	17	2	26062425	154	LB154	Treatment B	LB_154	2	32	176	70.9	22.9	0	0	0	1	0	0	0	0		Post Doc	4		2025-10-27 07:03:56	06:00	07:04	1		57	125	75	no	37	07:18	150	1551	106	106	1	08:01	08:01	1	0	1035	637	1006	29		0	3	110.78431372549	910.78431372549	882.352941176471	650	914	1522	4.77151876237565	0	6.03772155252353	13.6390040697902
Sample	17	102_2_B_BL	26062429	51259.5357565685	56916.7962100511	207309.90442414	2338462.85957747	0.156243770802914	0.0224737182027579	0.262645318437868	0.938244904787674	17	2	26062429	102	LB102	Treatment B	LB_102	2	61	187	80.2	22.9	1	0	0	0	0	0	0	0		HR	4		2025-05-16 07:06:50	02:00	07:07	1		45	119	68	No	39	07:57	221	1200	107	107	1	08:06	08:07	1	0	725	1014	575	337		0	2	178.43137254902	605.882352941176	458.823529411765	650	186	863	2.78787904765984	0.401001638519797	4.68641646624431	16.7412326148389
Sample	17	102_2_B_0-3	26062430	9387.0235677964	9179.77709443885	44259.3369273052	419062.862456272	0.0543541076107876	0	0.0757309763704665	0.206824692024387	17	2	26062430	102	LB102	Treatment B	LB_102	2	61	187	80.2	22.9	1	0	0	0	0	0	0	0		HR	4		2025-05-16 07:06:50	02:00	07:07	1		45	119	68	No	39	07:57	221	1200	107	107	1	08:06	08:07	1	0	725	1014	575	337		0	2	178.43137254902	605.882352941176	458.823529411765	650	186	863	3.29321946112419	0	4.58840621538709	12.531143105007
Sample	17	102_2_B_AH	26062431	54912.0341951623	55965.9434026577	213456.971277333	2928271.44424456	0.16513150684417	0.0174779828284997	0.269692058440972	1.16300155849917	17	2	26062431	102	LB102	Treatment B	LB_102	2	61	187	80.2	22.9	1	0	0	0	0	0	0	0		HR	4		2025-05-16 07:06:50	02:00	07:07	1		45	119	68	No	39	07:57	221	1200	107	107	1	08:06	08:07	1	0	725	1014	575	337		0	2	178.43137254902	605.882352941176	458.823529411765	650	186	863	NA	NA	NA	NA
Sample	17	102_2_B_3-6	26062432	15925.7173323194	15450.389592944	71618.0552516273	614885.634057093	0.0702649109172668	0	0.107093865282198	0.281446309969052	17	2	26062432	102	LB102	Treatment B	LB_102	2	61	187	80.2	22.9	1	0	0	0	0	0	0	0		HR	4		2025-05-16 07:06:50	02:00	07:07	1		45	119	68	No	39	07:57	221	1200	107	107	1	08:06	08:07	1	0	725	1014	575	337		0	2	178.43137254902	605.882352941176	458.823529411765	650	186	863	3.22391944208636	0	4.91371852471262	12.9134189279918
Sample	17	145_3_B_0-3	26062436	8719.694422266	7810.41586613364	38130.1337607839	308460.097728778	0.052730275212821	0	0.0687047145496359	0.164677615943047	17	2	26062436	145	LB145	Treatment B	LB_145	1	23	161	47.4	18.3	1	0	0	0	0	0	1	0	Ukrainian	Student	3		2025-10-14 07:01:19	06:00	07:02	1		65	100	70	Took ibuprofen and Buscopan for menstrual cramps on day -1 at 4 am.     No health changes.	38	07:25	130	1545	108	108	1	08:19	08:20	1	All time points (including baseline) shifted by +20min due to SESI issues.	520	1545	527	932	All time points (including baseline) shifted by +20min due to SESI issues.	0	3	90.1960784313725	403.921568627451	410.78431372549	650	0	613	2.12988954781198	0	2.77513160729902	6.65168409495443
Sample	17	145_3_B_3-6	26062437	11745.3065156462	12489.3317812805	56575.1279124514	409308.45308999	0.0600925895577242	0	0.0898492833740464	0.20310760742255	17	2	26062437	145	LB145	Treatment B	LB_145	1	23	161	47.4	18.3	1	0	0	0	0	0	1	0	Ukrainian	Student	3		2025-10-14 07:01:19	06:00	07:02	1		65	100	70	Took ibuprofen and Buscopan for menstrual cramps on day -1 at 4 am.     No health changes.	38	07:25	130	1545	108	108	1	08:19	08:20	1	All time points (including baseline) shifted by +20min due to SESI issues.	520	1545	527	932	All time points (including baseline) shifted by +20min due to SESI issues.	0	3	90.1960784313725	403.921568627451	410.78431372549	650	0	613	2.46850931614573	0	3.69086762095347	8.34334191274983
Sample	17	145_3_B_BL	26062438	33008.1587595914	36991.9255506213	143416.34328899	1113275.2128815	0.11183213754263	0	0.189400415796533	0.471366187185625	17	2	26062438	145	LB145	Treatment B	LB_145	1	23	161	47.4	18.3	1	0	0	0	0	0	1	0	Ukrainian	Student	3		2025-10-14 07:01:19	06:00	07:02	1		65	100	70	Took ibuprofen and Buscopan for menstrual cramps on day -1 at 4 am.     No health changes.	38	07:25	130	1545	108	108	1	08:19	08:20	1	All time points (including baseline) shifted by +20min due to SESI issues.	520	1545	527	932	All time points (including baseline) shifted by +20min due to SESI issues.	0	3	90.1960784313725	403.921568627451	410.78431372549	650	0	613	1.00868202489431	0	1.70831747581187	4.25153815892917
Sample	17	145_3_B_AH	26062439	205652.212211857	140473.70328875	763948.956198353	10247012.6600752	0.531932187405214	0.461477729350342	0.900753015508095	3.95193313361172	17	2	26062439	145	LB145	Treatment B	LB_145	1	23	161	47.4	18.3	1	0	0	0	0	0	1	0	Ukrainian	Student	3		2025-10-14 07:01:19	06:00	07:02	1		65	100	70	Took ibuprofen and Buscopan for menstrual cramps on day -1 at 4 am.     No health changes.	38	07:25	130	1545	108	108	1	08:19	08:20	1	All time points (including baseline) shifted by +20min due to SESI issues.	520	1545	527	932	All time points (including baseline) shifted by +20min due to SESI issues.	0	3	90.1960784313725	403.921568627451	410.78431372549	650	0	613	NA	NA	NA	NA
Sample	17	035_2_B_0-3	26062443	8406.89397419338	6719.37610851985	33316.8641330138	302851.756206828	0.0519691283258899	0	0.0631869838267109	0.162540461438834	17	2	26062443	035	LB035	Treatment B	LB_035	2	23	188	72.9	20.6	0	0	0	1	0	0	1	0	Indian	MSc Student	4		2024-11-29 07:01:53	05:45	07:02	1		55	137	71	No	38	07:17	77	1550	107	107	1	08:00	08:01	1	0	1413	567	646	30	Post-intervention meal did not include ham, because wrong product was purchased	0	2	38.2352941176471	1280.39215686274	528.43137254902	650	983	1520	6.6540864307463	0	8.09041185075338	20.8115531999134
Sample	17	035_2_B_AH	26062444	78158.9520187978	60612.9974757957	305452.203997981	5421868.85704456	0.221698942221033	0.0418933836547394	0.37515154049798	2.11322952190006	17	2	26062444	035	LB035	Treatment B	LB_035	2	23	188	72.9	20.6	0	0	0	1	0	0	1	0	Indian	MSc Student	4		2024-11-29 07:01:53	05:45	07:02	1		55	137	71	No	38	07:17	77	1550	107	107	1	08:00	08:01	1	0	1413	567	646	30	Post-intervention meal did not include ham, because wrong product was purchased	0	2	38.2352941176471	1280.39215686274	528.43137254902	650	983	1520	NA	NA	NA	NA
Sample	17	035_2_B_3-6	26062445	12691.7063061264	12160.1489719579	58969.2459244151	446319.668698986	0.0623954930821748	0	0.0925937999979863	0.217211364448683	17	2	26062445	035	LB035	Treatment B	LB_035	2	23	188	72.9	20.6	0	0	0	1	0	0	1	0	Indian	MSc Student	4		2024-11-29 07:01:53	05:45	07:02	1		55	137	71	No	38	07:17	77	1550	107	107	1	08:00	08:01	1	0	1413	567	646	30	Post-intervention meal did not include ham, because wrong product was purchased	0	2	38.2352941176471	1280.39215686274	528.43137254902	650	983	1520	3.29717360502865	0	4.89294688224653	11.4781299448863
Sample	17	035_2_B_BL	26062446	94076.6864641566	95497.0020028527	365342.513771054	3665051.50995454	0.260432051763341	0.225172282403882	0.443807283432846	1.44376420996817	17	2	26062446	035	LB035	Treatment B	LB_035	2	23	188	72.9	20.6	0	0	0	1	0	0	1	0	Indian	MSc Student	4		2024-11-29 07:01:53	05:45	07:02	1		55	137	71	No	38	07:17	77	1550	107	107	1	08:00	08:01	1	0	1413	567	646	30	Post-intervention meal did not include ham, because wrong product was purchased	0	2	38.2352941176471	1280.39215686274	528.43137254902	650	983	1520	0.995769609683361	0.860952844485433	1.69691020136088	5.52027492046653
Std	17	Std_0_1	26062404	0	0	0	0	0	0	0	0	17	1	26062404	NA	NA	NA	NA	NA	NA	NA	NA	NA	NA	NA	NA	NA	NA	NA	NA	NA	NA	NA	NA	NA	NA	NA	NA	NA	NA	NA	NA	NA	NA	NA	NA	NA	NA	NA	NA	NA	NA	NA	NA	NA	NA	NA	NA	NA	NA	NA	NA	NA	NA	NA	650	NA	NA	NA	NA	NA	NA
Std	17	Std_1_1	26062405	242309.163338725	99941.7072362537	38637.2058600232	2122707.25987403	0.6372	0.856	0.11585	1.0385	17	1	26062405	NA	NA	NA	NA	NA	NA	NA	NA	NA	NA	NA	NA	NA	NA	NA	NA	NA	NA	NA	NA	NA	NA	NA	NA	NA	NA	NA	NA	NA	NA	NA	NA	NA	NA	NA	NA	NA	NA	NA	NA	NA	NA	NA	NA	NA	NA	NA	NA	NA	NA	NA	650	NA	NA	NA	NA	NA	NA
Std	17	Std_2_1	26062406	408280.204751105	204437.759850338	101705.26448711	4193193.56699669	0.8496	1.284	0.173775	1.55775	17	1	26062406	NA	NA	NA	NA	NA	NA	NA	NA	NA	NA	NA	NA	NA	NA	NA	NA	NA	NA	NA	NA	NA	NA	NA	NA	NA	NA	NA	NA	NA	NA	NA	NA	NA	NA	NA	NA	NA	NA	NA	NA	NA	NA	NA	NA	NA	NA	NA	NA	NA	NA	NA	650	NA	NA	NA	NA	NA	NA
Std	17	Std_3_1	26062407	502793.698173295	335397.803880641	123837.965794837	5530296.37264507	1.062	1.926	0.2317	2.077	17	1	26062407	NA	NA	NA	NA	NA	NA	NA	NA	NA	NA	NA	NA	NA	NA	NA	NA	NA	NA	NA	NA	NA	NA	NA	NA	NA	NA	NA	NA	NA	NA	NA	NA	NA	NA	NA	NA	NA	NA	NA	NA	NA	NA	NA	NA	NA	NA	NA	NA	NA	NA	NA	650	NA	NA	NA	NA	NA	NA
Std	17	Std_4_1	26062408	777680.78673706	476156.545775445	180945.628518918	8247316.97871027	1.6992	2.889	0.34755	3.1155	17	1	26062408	NA	NA	NA	NA	NA	NA	NA	NA	NA	NA	NA	NA	NA	NA	NA	NA	NA	NA	NA	NA	NA	NA	NA	NA	NA	NA	NA	NA	NA	NA	NA	NA	NA	NA	NA	NA	NA	NA	NA	NA	NA	NA	NA	NA	NA	NA	NA	NA	NA	NA	NA	650	NA	NA	NA	NA	NA	NA
Std	17	Std_5_1	26062409	914315.93759516	461334.309596903	108182.745228149	9352726.89007398	2.3364	3.852	0.4634	4.154	17	1	26062409	NA	NA	NA	NA	NA	NA	NA	NA	NA	NA	NA	NA	NA	NA	NA	NA	NA	NA	NA	NA	NA	NA	NA	NA	NA	NA	NA	NA	NA	NA	NA	NA	NA	NA	NA	NA	NA	NA	NA	NA	NA	NA	NA	NA	NA	NA	NA	NA	NA	NA	NA	650	NA	NA	NA	NA	NA	NA
Std	17	Std_0_2	26062448	0	0	0	0	0	0	0	0	17	2	26062448	NA	NA	NA	NA	NA	NA	NA	NA	NA	NA	NA	NA	NA	NA	NA	NA	NA	NA	NA	NA	NA	NA	NA	NA	NA	NA	NA	NA	NA	NA	NA	NA	NA	NA	NA	NA	NA	NA	NA	NA	NA	NA	NA	NA	NA	NA	NA	NA	NA	NA	NA	650	NA	NA	NA	NA	NA	NA
Std	17	Std_1_2	26062449	269202.281652859	177441.155548359	77923.0900291686	3050329.21906968	0.6372	0.856	0.11585	1.0385	17	2	26062449	NA	NA	NA	NA	NA	NA	NA	NA	NA	NA	NA	NA	NA	NA	NA	NA	NA	NA	NA	NA	NA	NA	NA	NA	NA	NA	NA	NA	NA	NA	NA	NA	NA	NA	NA	NA	NA	NA	NA	NA	NA	NA	NA	NA	NA	NA	NA	NA	NA	NA	NA	650	NA	NA	NA	NA	NA	NA
Std	17	Std_2_2	26062450	304471.932998361	173941.466267975	70947.8277770644	3446671.95938441	0.8496	1.284	0.173775	1.55775	17	2	26062450	NA	NA	NA	NA	NA	NA	NA	NA	NA	NA	NA	NA	NA	NA	NA	NA	NA	NA	NA	NA	NA	NA	NA	NA	NA	NA	NA	NA	NA	NA	NA	NA	NA	NA	NA	NA	NA	NA	NA	NA	NA	NA	NA	NA	NA	NA	NA	NA	NA	NA	NA	650	NA	NA	NA	NA	NA	NA
Std	17	Std_3_2	26062451	411421.170988429	583801.717420537	135149.005817771	5112618.66236896	1.062	1.926	0.2317	2.077	17	2	26062451	NA	NA	NA	NA	NA	NA	NA	NA	NA	NA	NA	NA	NA	NA	NA	NA	NA	NA	NA	NA	NA	NA	NA	NA	NA	NA	NA	NA	NA	NA	NA	NA	NA	NA	NA	NA	NA	NA	NA	NA	NA	NA	NA	NA	NA	NA	NA	NA	NA	NA	NA	650	NA	NA	NA	NA	NA	NA
Std	17	Std_4_2	26062452	681931.396868637	483809.838553167	288495.463782008	7933062.92803315	1.6992	2.889	0.34755	3.1155	17	2	26062452	NA	NA	NA	NA	NA	NA	NA	NA	NA	NA	NA	NA	NA	NA	NA	NA	NA	NA	NA	NA	NA	NA	NA	NA	NA	NA	NA	NA	NA	NA	NA	NA	NA	NA	NA	NA	NA	NA	NA	NA	NA	NA	NA	NA	NA	NA	NA	NA	NA	NA	NA	650	NA	NA	NA	NA	NA	NA
Std	17	Std_5_2	26062453	961192.27999211	711982.826465254	400009.662430233	11055466.3300377	2.3364	3.852	0.4634	4.154	17	2	26062453	NA	NA	NA	NA	NA	NA	NA	NA	NA	NA	NA	NA	NA	NA	NA	NA	NA	NA	NA	NA	NA	NA	NA	NA	NA	NA	NA	NA	NA	NA	NA	NA	NA	NA	NA	NA	NA	NA	NA	NA	NA	NA	NA	NA	NA	NA	NA	NA	NA	NA	NA	650	NA	NA	NA	NA	NA	NA
